DateTime;Open;High;Low;Close;TickVolume;Spread
2024.07.18 14:00;1.09329;1.09332;1.09314;1.09323;253;1
2024.07.18 14:10;1.09324;1.09330;1.09305;1.09308;264;1
2024.07.18 14:20;1.09308;1.09329;1.09304;1.09307;216;1
2024.07.18 14:30;1.09308;1.09309;1.09285;1.09308;253;1
2024.07.18 14:40;1.09308;1.09310;1.09287;1.09290;247;0
2024.07.18 14:50;1.09288;1.09301;1.09260;1.09275;330;1
2024.07.18 15:00;1.09275;1.09307;1.09271;1.09298;301;1
2024.07.18 15:10;1.09298;1.09336;1.09265;1.09314;358;1
2024.07.18 15:20;1.09315;1.09341;1.09292;1.09308;394;1
2024.07.18 15:30;1.09330;1.09370;1.09315;1.09351;663;0
2024.07.18 15:40;1.09351;1.09353;1.09274;1.09280;579;1
2024.07.18 15:50;1.09280;1.09290;1.09238;1.09285;460;1
2024.07.18 16:00;1.09285;1.09291;1.09209;1.09246;606;1
2024.07.18 16:10;1.09245;1.09250;1.09183;1.09198;576;1
2024.07.18 16:20;1.09203;1.09203;1.09149;1.09152;492;1
2024.07.18 16:30;1.09142;1.09170;1.09127;1.09165;504;1
2024.07.18 16:40;1.09166;1.09189;1.09130;1.09133;544;1
2024.07.18 16:50;1.09133;1.09135;1.09072;1.09114;510;1
2024.07.18 17:00;1.09112;1.09119;1.09065;1.09098;537;0
2024.07.18 17:10;1.09097;1.09097;1.09064;1.09067;381;0
2024.07.18 17:20;1.09067;1.09107;1.09050;1.09101;370;1
2024.07.18 17:30;1.09100;1.09131;1.09092;1.09117;453;1
2024.07.18 17:40;1.09116;1.09126;1.09075;1.09111;584;1
2024.07.18 17:50;1.09112;1.09165;1.09091;1.09147;522;1
2024.07.18 18:00;1.09148;1.09164;1.09115;1.09118;430;1
2024.07.18 18:10;1.09118;1.09118;1.09064;1.09085;375;1
2024.07.18 18:20;1.09086;1.09098;1.09065;1.09065;385;0
2024.07.18 18:30;1.09063;1.09079;1.09049;1.09065;360;1
2024.07.18 18:40;1.09065;1.09182;1.09062;1.09122;597;1
2024.07.18 18:50;1.09122;1.09151;1.09107;1.09122;411;0
2024.07.18 19:00;1.09120;1.09137;1.09110;1.09136;402;1
2024.07.18 19:10;1.09136;1.09136;1.09116;1.09126;387;1
2024.07.18 19:20;1.09126;1.09157;1.09120;1.09157;326;1
2024.07.18 19:30;1.09157;1.09161;1.09141;1.09152;334;1
2024.07.18 19:40;1.09151;1.09152;1.09125;1.09137;347;0
2024.07.18 19:50;1.09137;1.09163;1.09121;1.09160;296;0
2024.07.18 20:00;1.09159;1.09164;1.09121;1.09133;309;1
2024.07.18 20:10;1.09132;1.09160;1.09130;1.09147;315;1
2024.07.18 20:20;1.09146;1.09153;1.09112;1.09115;277;1
2024.07.18 20:30;1.09116;1.09117;1.09094;1.09106;182;0
2024.07.18 20:40;1.09106;1.09125;1.09100;1.09116;183;1
2024.07.18 20:50;1.09115;1.09115;1.09066;1.09069;203;1
2024.07.18 21:00;1.09069;1.09074;1.09049;1.09055;277;1
2024.07.18 21:10;1.09054;1.09056;1.09003;1.09006;319;1
2024.07.18 21:20;1.09006;1.09016;1.08989;1.08992;330;1
2024.07.18 21:30;1.08992;1.09009;1.08980;1.08988;250;1
2024.07.18 21:40;1.08987;1.08989;1.08956;1.08968;285;1
2024.07.18 21:50;1.08967;1.08990;1.08955;1.08989;296;1
2024.07.18 22:00;1.08988;1.08999;1.08968;1.08968;318;1
2024.07.18 22:10;1.08968;1.08973;1.08948;1.08952;373;1
2024.07.18 22:20;1.08953;1.08962;1.08936;1.08954;350;1
2024.07.18 22:30;1.08954;1.08986;1.08953;1.08982;353;1
2024.07.18 22:40;1.08982;1.08993;1.08972;1.08993;311;1
2024.07.18 22:50;1.08991;1.08996;1.08951;1.08969;322;1
2024.07.18 23:00;1.08970;1.08987;1.08964;1.08980;168;1
2024.07.18 23:10;1.08980;1.08984;1.08976;1.08983;99;1
2024.07.18 23:20;1.08983;1.08984;1.08973;1.08977;99;1
2024.07.18 23:30;1.08977;1.08979;1.08955;1.08979;124;0
2024.07.18 23:40;1.08979;1.08980;1.08959;1.08959;89;1
2024.07.18 23:50;1.08960;1.08962;1.08944;1.08959;71;1
2024.07.19 00:00;1.08955;1.08967;1.08920;1.08952;58;15
2024.07.19 00:10;1.08952;1.08979;1.08952;1.08968;49;7
2024.07.19 00:20;1.08968;1.08971;1.08951;1.08959;59;2
2024.07.19 00:30;1.08959;1.08972;1.08957;1.08960;42;2
2024.07.19 00:40;1.08961;1.08976;1.08959;1.08970;46;6
2024.07.19 00:50;1.08970;1.08973;1.08962;1.08965;55;4
2024.07.19 01:00;1.08968;1.08978;1.08957;1.08974;107;1
2024.07.19 01:10;1.08977;1.08989;1.08972;1.08985;58;1
2024.07.19 01:20;1.08985;1.09001;1.08984;1.08998;92;1
2024.07.19 01:30;1.08998;1.08998;1.08974;1.08985;133;0
2024.07.19 01:40;1.08983;1.08986;1.08980;1.08984;60;1
2024.07.19 01:50;1.08984;1.08995;1.08969;1.08974;91;1
2024.07.19 02:00;1.08975;1.08992;1.08966;1.08992;123;1
2024.07.19 02:10;1.08992;1.08999;1.08985;1.08988;62;1
2024.07.19 02:20;1.08988;1.09000;1.08985;1.09000;42;1
2024.07.19 02:30;1.09000;1.09001;1.08989;1.09001;86;1
2024.07.19 02:40;1.09001;1.09017;1.08995;1.09014;122;0
2024.07.19 02:50;1.09014;1.09017;1.09002;1.09003;142;1
2024.07.19 03:00;1.09003;1.09003;1.08955;1.08960;332;1
2024.07.19 03:10;1.08960;1.08968;1.08932;1.08932;261;1
2024.07.19 03:20;1.08932;1.08962;1.08932;1.08953;228;1
2024.07.19 03:30;1.08954;1.08971;1.08948;1.08948;158;1
2024.07.19 03:40;1.08948;1.08956;1.08942;1.08943;184;1
2024.07.19 03:50;1.08943;1.08944;1.08908;1.08920;302;1
2024.07.19 04:00;1.08920;1.08947;1.08901;1.08917;259;1
2024.07.19 04:10;1.08916;1.08925;1.08901;1.08911;209;1
2024.07.19 04:20;1.08911;1.08923;1.08901;1.08903;205;1
2024.07.19 04:30;1.08903;1.08914;1.08890;1.08899;209;0
2024.07.19 04:40;1.08899;1.08900;1.08863;1.08874;233;1
2024.07.19 04:50;1.08874;1.08890;1.08869;1.08876;227;0
2024.07.19 05:00;1.08877;1.08906;1.08873;1.08898;189;1
2024.07.19 05:10;1.08898;1.08903;1.08877;1.08882;219;1
2024.07.19 05:20;1.08882;1.08897;1.08882;1.08889;245;1
2024.07.19 05:30;1.08889;1.08911;1.08887;1.08902;180;1
2024.07.19 05:40;1.08902;1.08912;1.08894;1.08907;192;1
2024.07.19 05:50;1.08907;1.08923;1.08905;1.08917;157;1
2024.07.19 06:00;1.08920;1.08922;1.08890;1.08892;168;1
2024.07.19 06:10;1.08892;1.08895;1.08879;1.08895;121;1
2024.07.19 06:20;1.08895;1.08897;1.08888;1.08891;87;1
2024.07.19 06:30;1.08891;1.08897;1.08886;1.08894;134;1
2024.07.19 06:40;1.08894;1.08896;1.08878;1.08880;118;1
2024.07.19 06:50;1.08881;1.08896;1.08879;1.08884;154;1
2024.07.19 07:00;1.08884;1.08887;1.08878;1.08881;111;1
2024.07.19 07:10;1.08881;1.08882;1.08866;1.08870;94;1
2024.07.19 07:20;1.08870;1.08873;1.08866;1.08870;89;1
2024.07.19 07:30;1.08870;1.08896;1.08869;1.08892;138;1
2024.07.19 07:40;1.08891;1.08893;1.08885;1.08886;98;1
2024.07.19 07:50;1.08886;1.08888;1.08861;1.08870;145;1
2024.07.19 08:00;1.08870;1.08874;1.08846;1.08856;216;1
2024.07.19 08:10;1.08857;1.08885;1.08856;1.08874;149;1
2024.07.19 08:20;1.08875;1.08885;1.08873;1.08884;130;1
2024.07.19 08:30;1.08884;1.08895;1.08879;1.08891;157;1
2024.07.19 08:40;1.08891;1.08892;1.08875;1.08882;201;1
2024.07.19 08:50;1.08882;1.08904;1.08871;1.08890;207;1
2024.07.19 09:00;1.08890;1.08891;1.08846;1.08863;328;0
2024.07.19 09:10;1.08863;1.08881;1.08842;1.08876;275;1
2024.07.19 09:20;1.08876;1.08894;1.08864;1.08864;256;1
2024.07.19 09:30;1.08864;1.08889;1.08859;1.08876;338;1
2024.07.19 09:40;1.08876;1.08886;1.08846;1.08848;272;1
2024.07.19 09:50;1.08848;1.08896;1.08833;1.08850;409;1
2024.07.19 10:00;1.08850;1.08904;1.08842;1.08862;548;0
2024.07.19 10:10;1.08861;1.08862;1.08818;1.08841;483;1
2024.07.19 10:20;1.08841;1.08901;1.08834;1.08895;446;0
2024.07.19 10:30;1.08895;1.08901;1.08862;1.08871;483;0
2024.07.19 10:40;1.08871;1.08884;1.08848;1.08876;445;1
2024.07.19 10:50;1.08875;1.08894;1.08848;1.08878;383;1
2024.07.19 11:00;1.08878;1.08878;1.08796;1.08822;493;0
2024.07.19 11:10;1.08822;1.08830;1.08787;1.08795;419;1
2024.07.19 11:20;1.08795;1.08852;1.08792;1.08808;446;1
2024.07.19 11:30;1.08808;1.08835;1.08782;1.08811;400;1
2024.07.19 11:40;1.08810;1.08823;1.08800;1.08801;310;1
2024.07.19 11:50;1.08801;1.08817;1.08762;1.08791;371;1
2024.07.19 12:00;1.08789;1.08810;1.08775;1.08798;354;0
2024.07.19 12:10;1.08798;1.08814;1.08781;1.08794;267;0
2024.07.19 12:20;1.08797;1.08809;1.08780;1.08798;293;0
2024.07.19 12:30;1.08798;1.08811;1.08790;1.08798;245;1
2024.07.19 12:40;1.08798;1.08844;1.08790;1.08843;284;0
2024.07.19 12:50;1.08843;1.08846;1.08797;1.08805;336;1
2024.07.19 13:00;1.08802;1.08802;1.08774;1.08785;316;1
2024.07.19 13:10;1.08784;1.08834;1.08777;1.08832;338;0
2024.07.19 13:20;1.08833;1.08859;1.08826;1.08854;281;1
2024.07.19 13:30;1.08853;1.08862;1.08839;1.08856;298;0
2024.07.19 13:40;1.08856;1.08863;1.08839;1.08859;293;1
2024.07.19 13:50;1.08859;1.08863;1.08833;1.08841;312;1
2024.07.19 14:00;1.08841;1.08854;1.08830;1.08853;287;1
2024.07.19 14:10;1.08851;1.08904;1.08851;1.08889;285;1
2024.07.19 14:20;1.08889;1.08908;1.08875;1.08907;300;1
2024.07.19 14:30;1.08906;1.08912;1.08867;1.08892;269;1
2024.07.19 14:40;1.08890;1.08913;1.08882;1.08887;253;1
2024.07.19 14:50;1.08887;1.08934;1.08879;1.08931;371;1
2024.07.19 15:00;1.08930;1.08941;1.08889;1.08895;413;1
2024.07.19 15:10;1.08895;1.08907;1.08882;1.08901;371;1
2024.07.19 15:20;1.08899;1.08913;1.08864;1.08889;367;1
2024.07.19 15:30;1.08889;1.08919;1.08861;1.08919;404;1
2024.07.19 15:40;1.08919;1.08922;1.08845;1.08895;409;1
2024.07.19 15:50;1.08896;1.08897;1.08875;1.08890;340;1
2024.07.19 16:00;1.08890;1.08897;1.08862;1.08884;421;1
2024.07.19 16:10;1.08884;1.08889;1.08850;1.08857;386;1
2024.07.19 16:20;1.08857;1.08897;1.08841;1.08879;498;1
2024.07.19 16:30;1.08880;1.08897;1.08853;1.08876;538;1
2024.07.19 16:40;1.08876;1.08883;1.08829;1.08859;524;0
2024.07.19 16:50;1.08858;1.08868;1.08814;1.08815;458;1
2024.07.19 17:00;1.08816;1.08873;1.08794;1.08868;488;1
2024.07.19 17:10;1.08867;1.08888;1.08856;1.08880;399;0
2024.07.19 17:20;1.08879;1.08891;1.08861;1.08861;418;0
2024.07.19 17:30;1.08863;1.08894;1.08850;1.08860;476;1
2024.07.19 17:40;1.08856;1.08885;1.08837;1.08872;432;1
2024.07.19 17:50;1.08872;1.08901;1.08866;1.08896;533;1
2024.07.19 18:00;1.08897;1.08900;1.08886;1.08891;331;1
2024.07.19 18:10;1.08892;1.08896;1.08876;1.08891;312;1
2024.07.19 18:20;1.08891;1.08893;1.08854;1.08856;289;1
2024.07.19 18:30;1.08856;1.08874;1.08835;1.08867;357;1
2024.07.19 18:40;1.08867;1.08881;1.08852;1.08881;311;1
2024.07.19 18:50;1.08881;1.08890;1.08874;1.08880;270;1
2024.07.19 19:00;1.08880;1.08893;1.08870;1.08891;290;1
2024.07.19 19:10;1.08890;1.08911;1.08890;1.08896;338;1
2024.07.19 19:20;1.08897;1.08897;1.08870;1.08885;299;1
2024.07.19 19:30;1.08885;1.08893;1.08867;1.08876;306;1
2024.07.19 19:40;1.08876;1.08884;1.08865;1.08870;277;1
2024.07.19 19:50;1.08870;1.08871;1.08840;1.08849;286;0
2024.07.19 20:00;1.08850;1.08854;1.08814;1.08820;277;1
2024.07.19 20:10;1.08821;1.08839;1.08814;1.08825;279;1
2024.07.19 20:20;1.08823;1.08829;1.08809;1.08817;304;1
2024.07.19 20:30;1.08819;1.08853;1.08808;1.08846;287;1
2024.07.19 20:40;1.08846;1.08851;1.08831;1.08844;257;1
2024.07.19 20:50;1.08845;1.08845;1.08830;1.08839;275;1
2024.07.19 21:00;1.08838;1.08846;1.08828;1.08836;289;1
2024.07.19 21:10;1.08832;1.08832;1.08808;1.08813;277;1
2024.07.19 21:20;1.08812;1.08814;1.08797;1.08802;218;1
2024.07.19 21:30;1.08802;1.08807;1.08778;1.08784;292;1
2024.07.19 21:40;1.08784;1.08788;1.08754;1.08767;248;1
2024.07.19 21:50;1.08767;1.08788;1.08767;1.08787;248;1
2024.07.19 22:00;1.08787;1.08823;1.08787;1.08801;291;1
2024.07.19 22:10;1.08800;1.08811;1.08793;1.08807;234;1
2024.07.19 22:20;1.08806;1.08812;1.08791;1.08794;243;1
2024.07.19 22:30;1.08793;1.08798;1.08781;1.08787;317;1
2024.07.19 22:40;1.08787;1.08797;1.08781;1.08788;244;1
2024.07.19 22:50;1.08786;1.08794;1.08767;1.08793;217;1
2024.07.19 23:00;1.08789;1.08804;1.08789;1.08802;142;0
2024.07.19 23:10;1.08802;1.08804;1.08793;1.08801;78;1
2024.07.19 23:20;1.08801;1.08828;1.08801;1.08824;151;0
2024.07.19 23:30;1.08824;1.08826;1.08815;1.08822;93;1
2024.07.19 23:40;1.08822;1.08830;1.08809;1.08810;120;1
2024.07.19 23:50;1.08810;1.08839;1.08787;1.08839;212;1
2024.07.22 00:00;1.08880;1.08880;1.08796;1.08812;33;20
2024.07.22 00:10;1.08812;1.08840;1.08812;1.08839;54;21
2024.07.22 00:20;1.08839;1.08839;1.08827;1.08837;32;21
2024.07.22 00:30;1.08837;1.08857;1.08827;1.08851;117;0
2024.07.22 00:40;1.08850;1.08853;1.08825;1.08846;62;0
2024.07.22 00:50;1.08832;1.08849;1.08826;1.08837;141;7
2024.07.22 01:00;1.08839;1.08890;1.08839;1.08881;153;1
2024.07.22 01:10;1.08881;1.08901;1.08873;1.08901;78;0
2024.07.22 01:20;1.08902;1.08935;1.08902;1.08935;108;1
2024.07.22 01:30;1.08936;1.08980;1.08936;1.08980;106;1
2024.07.22 01:40;1.08984;1.09000;1.08982;1.08996;105;1
2024.07.22 01:50;1.08999;1.09001;1.08994;1.08998;138;1
2024.07.22 02:00;1.08998;1.08999;1.08984;1.08993;232;1
2024.07.22 02:10;1.08993;1.09000;1.08992;1.08998;196;1
2024.07.22 02:20;1.08998;1.09023;1.08997;1.09020;196;1
2024.07.22 02:30;1.09019;1.09025;1.08998;1.08999;142;1
2024.07.22 02:40;1.08999;1.09025;1.08988;1.08998;218;1
2024.07.22 02:50;1.08998;1.09016;1.08987;1.08989;180;1
2024.07.22 03:00;1.08989;1.08997;1.08929;1.08941;202;0
2024.07.22 03:10;1.08941;1.08968;1.08939;1.08958;221;1
2024.07.22 03:20;1.08959;1.08961;1.08935;1.08941;183;1
2024.07.22 03:30;1.08939;1.08948;1.08924;1.08944;168;1
2024.07.22 03:40;1.08945;1.08950;1.08926;1.08943;131;1
2024.07.22 03:50;1.08940;1.08953;1.08924;1.08939;139;0
2024.07.22 04:00;1.08939;1.08950;1.08900;1.08902;196;1
2024.07.22 04:10;1.08902;1.08921;1.08895;1.08916;181;1
2024.07.22 04:20;1.08915;1.08932;1.08911;1.08926;137;1
2024.07.22 04:30;1.08926;1.08937;1.08925;1.08930;189;1
2024.07.22 04:40;1.08931;1.08936;1.08906;1.08906;150;1
2024.07.22 04:50;1.08906;1.08906;1.08847;1.08865;255;1
2024.07.22 05:00;1.08862;1.08876;1.08846;1.08876;247;1
2024.07.22 05:10;1.08876;1.08879;1.08860;1.08865;251;1
2024.07.22 05:20;1.08865;1.08897;1.08859;1.08895;197;0
2024.07.22 05:30;1.08895;1.08908;1.08886;1.08903;189;1
2024.07.22 05:40;1.08903;1.08928;1.08900;1.08923;181;1
2024.07.22 05:50;1.08923;1.08952;1.08921;1.08927;178;1
2024.07.22 06:00;1.08927;1.08937;1.08915;1.08933;183;0
2024.07.22 06:10;1.08933;1.08935;1.08921;1.08931;126;0
2024.07.22 06:20;1.08931;1.08932;1.08921;1.08926;79;1
2024.07.22 06:30;1.08926;1.08937;1.08917;1.08922;83;1
2024.07.22 06:40;1.08922;1.08932;1.08912;1.08921;97;1
2024.07.22 06:50;1.08921;1.08925;1.08907;1.08915;120;1
2024.07.22 07:00;1.08915;1.08926;1.08893;1.08897;157;1
2024.07.22 07:10;1.08896;1.08915;1.08893;1.08910;134;1
2024.07.22 07:20;1.08909;1.08917;1.08903;1.08913;115;1
2024.07.22 07:30;1.08913;1.08913;1.08895;1.08896;89;1
2024.07.22 07:40;1.08896;1.08900;1.08886;1.08891;83;1
2024.07.22 07:50;1.08891;1.08894;1.08870;1.08874;110;1
2024.07.22 08:00;1.08875;1.08876;1.08857;1.08859;107;1
2024.07.22 08:10;1.08860;1.08861;1.08844;1.08845;134;1
2024.07.22 08:20;1.08845;1.08853;1.08837;1.08849;154;2
2024.07.22 08:30;1.08849;1.08860;1.08840;1.08842;141;1
2024.07.22 08:40;1.08844;1.08846;1.08829;1.08840;169;1
2024.07.22 08:50;1.08840;1.08851;1.08824;1.08846;186;1
2024.07.22 09:00;1.08842;1.08873;1.08830;1.08873;369;0
2024.07.22 09:10;1.08873;1.08891;1.08826;1.08828;358;1
2024.07.22 09:20;1.08828;1.08852;1.08807;1.08833;393;1
2024.07.22 09:30;1.08832;1.08903;1.08819;1.08858;387;1
2024.07.22 09:40;1.08857;1.08884;1.08833;1.08845;450;1
2024.07.22 09:50;1.08846;1.08847;1.08788;1.08808;413;1
2024.07.22 10:00;1.08809;1.08858;1.08804;1.08850;483;0
2024.07.22 10:10;1.08851;1.08861;1.08812;1.08817;488;1
2024.07.22 10:20;1.08816;1.08879;1.08816;1.08871;480;1
2024.07.22 10:30;1.08871;1.08878;1.08834;1.08859;385;1
2024.07.22 10:40;1.08859;1.08877;1.08838;1.08859;375;0
2024.07.22 10:50;1.08859;1.08880;1.08845;1.08872;309;1
2024.07.22 11:00;1.08873;1.08898;1.08858;1.08877;336;1
2024.07.22 11:10;1.08874;1.08918;1.08869;1.08894;331;1
2024.07.22 11:20;1.08894;1.08898;1.08872;1.08898;276;1
2024.07.22 11:30;1.08897;1.08925;1.08880;1.08881;278;1
2024.07.22 11:40;1.08881;1.08881;1.08847;1.08859;293;1
2024.07.22 11:50;1.08859;1.08904;1.08855;1.08880;367;1
2024.07.22 12:00;1.08881;1.08918;1.08869;1.08910;356;1
2024.07.22 12:10;1.08909;1.08919;1.08898;1.08908;197;0
2024.07.22 12:20;1.08908;1.08930;1.08904;1.08928;220;1
2024.07.22 12:30;1.08928;1.08937;1.08909;1.08928;239;1
2024.07.22 12:40;1.08927;1.08943;1.08918;1.08934;233;1
2024.07.22 12:50;1.08933;1.08954;1.08917;1.08919;263;1
2024.07.22 13:00;1.08918;1.08919;1.08854;1.08863;254;0
2024.07.22 13:10;1.08862;1.08892;1.08859;1.08887;284;1
2024.07.22 13:20;1.08887;1.08927;1.08887;1.08894;284;1
2024.07.22 13:30;1.08894;1.08908;1.08873;1.08898;310;1
2024.07.22 13:40;1.08898;1.08924;1.08889;1.08921;316;0
2024.07.22 13:50;1.08921;1.08921;1.08888;1.08894;266;1
2024.07.22 14:00;1.08893;1.08910;1.08863;1.08873;282;1
2024.07.22 14:10;1.08873;1.08881;1.08843;1.08852;263;1
2024.07.22 14:20;1.08852;1.08864;1.08846;1.08854;245;1
2024.07.22 14:30;1.08854;1.08879;1.08853;1.08862;207;1
2024.07.22 14:40;1.08862;1.08876;1.08857;1.08876;228;1
2024.07.22 14:50;1.08876;1.08877;1.08839;1.08856;360;1
2024.07.22 15:00;1.08856;1.08884;1.08841;1.08875;392;1
2024.07.22 15:10;1.08876;1.08877;1.08834;1.08853;368;1
2024.07.22 15:20;1.08848;1.08887;1.08848;1.08858;343;0
2024.07.22 15:30;1.08858;1.08861;1.08820;1.08828;361;1
2024.07.22 15:40;1.08827;1.08835;1.08750;1.08775;430;0
2024.07.22 15:50;1.08774;1.08791;1.08755;1.08781;400;1
2024.07.22 16:00;1.08783;1.08785;1.08754;1.08775;335;1
2024.07.22 16:10;1.08771;1.08802;1.08761;1.08800;371;1
2024.07.22 16:20;1.08800;1.08822;1.08788;1.08801;368;0
2024.07.22 16:30;1.08797;1.08845;1.08797;1.08840;414;0
2024.07.22 16:40;1.08841;1.08862;1.08820;1.08828;400;1
2024.07.22 16:50;1.08829;1.08831;1.08791;1.08804;382;0
2024.07.22 17:00;1.08804;1.08823;1.08777;1.08780;434;1
2024.07.22 17:10;1.08780;1.08794;1.08731;1.08751;377;1
2024.07.22 17:20;1.08750;1.08792;1.08747;1.08787;416;1
2024.07.22 17:30;1.08789;1.08817;1.08781;1.08810;359;1
2024.07.22 17:40;1.08810;1.08828;1.08801;1.08805;385;0
2024.07.22 17:50;1.08805;1.08856;1.08803;1.08845;395;1
2024.07.22 18:00;1.08846;1.08863;1.08831;1.08837;359;1
2024.07.22 18:10;1.08837;1.08857;1.08822;1.08838;377;1
2024.07.22 18:20;1.08840;1.08841;1.08816;1.08822;334;1
2024.07.22 18:30;1.08820;1.08828;1.08795;1.08798;354;0
2024.07.22 18:40;1.08797;1.08810;1.08778;1.08791;374;1
2024.07.22 18:50;1.08792;1.08806;1.08766;1.08798;444;1
2024.07.22 19:00;1.08797;1.08825;1.08790;1.08817;342;0
2024.07.22 19:10;1.08818;1.08846;1.08811;1.08837;291;1
2024.07.22 19:20;1.08841;1.08848;1.08826;1.08832;259;1
2024.07.22 19:30;1.08831;1.08864;1.08822;1.08860;280;1
2024.07.22 19:40;1.08860;1.08862;1.08839;1.08841;189;0
2024.07.22 19:50;1.08841;1.08868;1.08840;1.08863;243;1
2024.07.22 20:00;1.08866;1.08891;1.08864;1.08881;287;1
2024.07.22 20:10;1.08881;1.08917;1.08880;1.08892;250;1
2024.07.22 20:20;1.08891;1.08902;1.08880;1.08890;264;1
2024.07.22 20:30;1.08891;1.08903;1.08876;1.08890;221;1
2024.07.22 20:40;1.08890;1.08912;1.08882;1.08905;196;1
2024.07.22 20:50;1.08906;1.08910;1.08892;1.08901;199;1
2024.07.22 21:00;1.08902;1.08903;1.08881;1.08888;225;1
2024.07.22 21:10;1.08888;1.08893;1.08877;1.08889;210;1
2024.07.22 21:20;1.08889;1.08902;1.08886;1.08886;196;1
2024.07.22 21:30;1.08882;1.08897;1.08881;1.08888;152;2
2024.07.22 21:40;1.08888;1.08897;1.08879;1.08889;182;1
2024.07.22 21:50;1.08889;1.08905;1.08889;1.08896;179;1
2024.07.22 22:00;1.08896;1.08896;1.08870;1.08884;184;1
2024.07.22 22:10;1.08883;1.08892;1.08874;1.08875;195;1
2024.07.22 22:20;1.08875;1.08881;1.08870;1.08870;184;1
2024.07.22 22:30;1.08870;1.08880;1.08866;1.08879;161;1
2024.07.22 22:40;1.08880;1.08883;1.08864;1.08864;123;1
2024.07.22 22:50;1.08864;1.08874;1.08855;1.08871;151;1
2024.07.22 23:00;1.08871;1.08879;1.08863;1.08871;114;1
2024.07.22 23:10;1.08872;1.08879;1.08871;1.08873;136;1
2024.07.22 23:20;1.08874;1.08874;1.08862;1.08866;110;1
2024.07.22 23:30;1.08865;1.08870;1.08861;1.08869;288;1
2024.07.22 23:40;1.08869;1.08874;1.08865;1.08867;291;1
2024.07.22 23:50;1.08866;1.08907;1.08866;1.08902;148;0
2024.07.23 00:00;1.08887;1.08929;1.08823;1.08871;73;12
2024.07.23 00:10;1.08871;1.08885;1.08861;1.08885;75;16
2024.07.23 00:20;1.08885;1.08891;1.08859;1.08873;104;18
2024.07.23 00:30;1.08876;1.08895;1.08876;1.08892;54;10
2024.07.23 00:40;1.08894;1.08903;1.08883;1.08897;115;5
2024.07.23 00:50;1.08897;1.08904;1.08887;1.08893;54;5
2024.07.23 01:00;1.08902;1.08921;1.08902;1.08919;107;1
2024.07.23 01:10;1.08918;1.08921;1.08915;1.08918;44;1
2024.07.23 01:20;1.08918;1.08918;1.08911;1.08918;37;1
2024.07.23 01:30;1.08920;1.08920;1.08916;1.08920;188;1
2024.07.23 01:40;1.08920;1.08920;1.08910;1.08912;35;2
2024.07.23 01:50;1.08911;1.08914;1.08908;1.08909;38;2
2024.07.23 02:00;1.08909;1.08910;1.08902;1.08903;102;1
2024.07.23 02:10;1.08903;1.08912;1.08901;1.08912;62;1
2024.07.23 02:20;1.08911;1.08913;1.08908;1.08910;61;1
2024.07.23 02:30;1.08910;1.08911;1.08899;1.08900;68;1
2024.07.23 02:40;1.08901;1.08910;1.08899;1.08900;73;1
2024.07.23 02:50;1.08900;1.08900;1.08889;1.08889;103;1
2024.07.23 03:00;1.08889;1.08925;1.08889;1.08918;245;1
2024.07.23 03:10;1.08918;1.08924;1.08906;1.08912;177;1
2024.07.23 03:20;1.08912;1.08918;1.08890;1.08897;175;1
2024.07.23 03:30;1.08898;1.08909;1.08890;1.08899;149;1
2024.07.23 03:40;1.08899;1.08902;1.08871;1.08880;186;1
2024.07.23 03:50;1.08880;1.08913;1.08871;1.08897;288;1
2024.07.23 04:00;1.08897;1.08910;1.08891;1.08905;245;0
2024.07.23 04:10;1.08905;1.08934;1.08905;1.08933;202;1
2024.07.23 04:20;1.08933;1.08940;1.08917;1.08923;218;1
2024.07.23 04:30;1.08922;1.08925;1.08907;1.08913;175;1
2024.07.23 04:40;1.08912;1.08913;1.08891;1.08893;193;1
2024.07.23 04:50;1.08893;1.08893;1.08874;1.08887;184;0
2024.07.23 05:00;1.08887;1.08912;1.08883;1.08907;156;1
2024.07.23 05:10;1.08907;1.08907;1.08888;1.08897;153;1
2024.07.23 05:20;1.08897;1.08912;1.08893;1.08903;140;1
2024.07.23 05:30;1.08903;1.08927;1.08903;1.08926;132;1
2024.07.23 05:40;1.08927;1.08937;1.08917;1.08922;200;1
2024.07.23 05:50;1.08922;1.08928;1.08911;1.08919;151;1
2024.07.23 06:00;1.08921;1.08934;1.08918;1.08932;142;1
2024.07.23 06:10;1.08932;1.08937;1.08921;1.08937;124;1
2024.07.23 06:20;1.08938;1.08967;1.08927;1.08957;201;1
2024.07.23 06:30;1.08957;1.08958;1.08946;1.08948;148;1
2024.07.23 06:40;1.08947;1.08948;1.08936;1.08936;118;1
2024.07.23 06:50;1.08936;1.08954;1.08936;1.08943;169;1
2024.07.23 07:00;1.08943;1.08947;1.08935;1.08942;101;1
2024.07.23 07:10;1.08941;1.08948;1.08934;1.08941;100;0
2024.07.23 07:20;1.08942;1.08945;1.08937;1.08940;83;1
2024.07.23 07:30;1.08940;1.08940;1.08924;1.08924;113;1
2024.07.23 07:40;1.08926;1.08937;1.08924;1.08926;117;1
2024.07.23 07:50;1.08925;1.08926;1.08906;1.08908;158;1
2024.07.23 08:00;1.08908;1.08912;1.08890;1.08892;151;1
2024.07.23 08:10;1.08891;1.08894;1.08885;1.08886;100;1
2024.07.23 08:20;1.08886;1.08894;1.08884;1.08886;101;1
2024.07.23 08:30;1.08886;1.08894;1.08880;1.08883;127;1
2024.07.23 08:40;1.08883;1.08892;1.08882;1.08891;112;1
2024.07.23 08:50;1.08890;1.08905;1.08884;1.08899;146;1
2024.07.23 09:00;1.08899;1.08902;1.08861;1.08870;223;0
2024.07.23 09:10;1.08870;1.08870;1.08841;1.08854;283;1
2024.07.23 09:20;1.08854;1.08859;1.08837;1.08838;227;1
2024.07.23 09:30;1.08838;1.08838;1.08791;1.08825;257;0
2024.07.23 09:40;1.08825;1.08845;1.08819;1.08820;271;1
2024.07.23 09:50;1.08819;1.08848;1.08809;1.08848;317;1
2024.07.23 10:00;1.08849;1.08884;1.08844;1.08881;451;0
2024.07.23 10:10;1.08881;1.08887;1.08811;1.08815;418;1
2024.07.23 10:20;1.08814;1.08823;1.08770;1.08770;435;1
2024.07.23 10:30;1.08766;1.08787;1.08760;1.08765;386;1
2024.07.23 10:40;1.08762;1.08773;1.08740;1.08770;384;1
2024.07.23 10:50;1.08770;1.08783;1.08746;1.08761;354;1
2024.07.23 11:00;1.08761;1.08773;1.08680;1.08712;430;1
2024.07.23 11:10;1.08712;1.08752;1.08710;1.08746;416;1
2024.07.23 11:20;1.08746;1.08765;1.08743;1.08755;380;0
2024.07.23 11:30;1.08754;1.08786;1.08751;1.08781;352;1
2024.07.23 11:40;1.08780;1.08823;1.08767;1.08770;334;1
2024.07.23 11:50;1.08769;1.08788;1.08757;1.08778;317;1
2024.07.23 12:00;1.08778;1.08781;1.08720;1.08729;367;1
2024.07.23 12:10;1.08730;1.08737;1.08700;1.08709;300;1
2024.07.23 12:20;1.08710;1.08750;1.08709;1.08738;276;1
2024.07.23 12:30;1.08739;1.08745;1.08698;1.08705;285;0
2024.07.23 12:40;1.08706;1.08731;1.08698;1.08712;266;1
2024.07.23 12:50;1.08713;1.08719;1.08660;1.08672;323;0
2024.07.23 13:00;1.08671;1.08689;1.08617;1.08617;353;0
2024.07.23 13:10;1.08617;1.08629;1.08590;1.08613;340;1
2024.07.23 13:20;1.08614;1.08619;1.08565;1.08574;397;1
2024.07.23 13:30;1.08574;1.08613;1.08569;1.08608;324;1
2024.07.23 13:40;1.08609;1.08610;1.08564;1.08579;359;1
2024.07.23 13:50;1.08579;1.08622;1.08564;1.08614;386;1
2024.07.23 14:00;1.08612;1.08650;1.08611;1.08648;298;0
2024.07.23 14:10;1.08648;1.08673;1.08639;1.08673;301;1
2024.07.23 14:20;1.08673;1.08684;1.08658;1.08662;266;1
2024.07.23 14:30;1.08662;1.08665;1.08612;1.08612;243;1
2024.07.23 14:40;1.08612;1.08615;1.08586;1.08615;270;1
2024.07.23 14:50;1.08615;1.08627;1.08560;1.08571;419;1
2024.07.23 15:00;1.08567;1.08634;1.08560;1.08597;432;1
2024.07.23 15:10;1.08597;1.08630;1.08589;1.08598;345;1
2024.07.23 15:20;1.08597;1.08623;1.08594;1.08611;347;0
2024.07.23 15:30;1.08612;1.08613;1.08567;1.08582;358;1
2024.07.23 15:40;1.08578;1.08608;1.08576;1.08586;331;1
2024.07.23 15:50;1.08585;1.08588;1.08548;1.08559;314;1
2024.07.23 16:00;1.08558;1.08561;1.08526;1.08526;298;1
2024.07.23 16:10;1.08526;1.08536;1.08512;1.08526;323;1
2024.07.23 16:20;1.08526;1.08553;1.08500;1.08506;345;0
2024.07.23 16:30;1.08507;1.08528;1.08467;1.08499;428;1
2024.07.23 16:40;1.08497;1.08515;1.08467;1.08477;435;1
2024.07.23 16:50;1.08472;1.08492;1.08458;1.08491;428;1
2024.07.23 17:00;1.08491;1.08546;1.08491;1.08546;477;1
2024.07.23 17:10;1.08547;1.08552;1.08520;1.08531;386;1
2024.07.23 17:20;1.08532;1.08532;1.08496;1.08522;392;0
2024.07.23 17:30;1.08520;1.08522;1.08456;1.08467;338;1
2024.07.23 17:40;1.08465;1.08491;1.08445;1.08483;377;1
2024.07.23 17:50;1.08482;1.08483;1.08437;1.08447;466;1
2024.07.23 18:00;1.08446;1.08492;1.08446;1.08487;417;1
2024.07.23 18:10;1.08488;1.08524;1.08487;1.08524;300;1
2024.07.23 18:20;1.08527;1.08550;1.08522;1.08538;280;1
2024.07.23 18:30;1.08537;1.08567;1.08534;1.08562;301;1
2024.07.23 18:40;1.08563;1.08576;1.08551;1.08569;280;1
2024.07.23 18:50;1.08568;1.08569;1.08521;1.08542;311;1
2024.07.23 19:00;1.08544;1.08551;1.08520;1.08536;225;1
2024.07.23 19:10;1.08538;1.08579;1.08536;1.08550;249;1
2024.07.23 19:20;1.08550;1.08554;1.08522;1.08536;307;1
2024.07.23 19:30;1.08535;1.08542;1.08518;1.08532;302;1
2024.07.23 19:40;1.08532;1.08564;1.08522;1.08530;316;1
2024.07.23 19:50;1.08530;1.08541;1.08521;1.08533;242;1
2024.07.23 20:00;1.08536;1.08559;1.08531;1.08551;373;1
2024.07.23 20:10;1.08549;1.08555;1.08539;1.08552;289;1
2024.07.23 20:20;1.08551;1.08565;1.08533;1.08539;253;1
2024.07.23 20:30;1.08538;1.08541;1.08523;1.08529;237;1
2024.07.23 20:40;1.08529;1.08530;1.08506;1.08521;244;1
2024.07.23 20:50;1.08522;1.08542;1.08507;1.08531;262;0
2024.07.23 21:00;1.08530;1.08547;1.08522;1.08527;209;1
2024.07.23 21:10;1.08526;1.08555;1.08522;1.08540;236;0
2024.07.23 21:20;1.08540;1.08543;1.08525;1.08530;221;1
2024.07.23 21:30;1.08531;1.08532;1.08520;1.08523;164;1
2024.07.23 21:40;1.08520;1.08548;1.08519;1.08529;172;1
2024.07.23 21:50;1.08527;1.08530;1.08513;1.08522;185;1
2024.07.23 22:00;1.08521;1.08524;1.08507;1.08508;122;2
2024.07.23 22:10;1.08508;1.08513;1.08501;1.08509;96;1
2024.07.23 22:20;1.08509;1.08515;1.08506;1.08507;111;1
2024.07.23 22:30;1.08508;1.08508;1.08492;1.08502;192;1
2024.07.23 22:40;1.08502;1.08514;1.08492;1.08510;188;1
2024.07.23 22:50;1.08509;1.08510;1.08494;1.08507;216;1
2024.07.23 23:00;1.08508;1.08521;1.08494;1.08513;192;0
2024.07.23 23:10;1.08513;1.08519;1.08506;1.08518;55;1
2024.07.23 23:20;1.08518;1.08523;1.08511;1.08523;58;1
2024.07.23 23:30;1.08522;1.08524;1.08519;1.08522;76;1
2024.07.23 23:40;1.08521;1.08543;1.08518;1.08541;86;1
2024.07.23 23:50;1.08541;1.08562;1.08517;1.08530;147;0
2024.07.24 00:00;1.08514;1.08538;1.08510;1.08521;32;5
2024.07.24 00:10;1.08521;1.08536;1.08521;1.08529;18;6
2024.07.24 00:20;1.08529;1.08532;1.08529;1.08531;20;15
2024.07.24 00:30;1.08533;1.08536;1.08533;1.08534;19;13
2024.07.24 00:40;1.08534;1.08543;1.08533;1.08535;37;8
2024.07.24 00:50;1.08535;1.08540;1.08528;1.08536;39;13
2024.07.24 01:00;1.08537;1.08537;1.08489;1.08509;136;6
2024.07.24 01:10;1.08509;1.08518;1.08492;1.08502;108;1
2024.07.24 01:20;1.08502;1.08504;1.08496;1.08502;122;1
2024.07.24 01:30;1.08502;1.08513;1.08499;1.08509;66;1
2024.07.24 01:40;1.08508;1.08513;1.08506;1.08512;69;1
2024.07.24 01:50;1.08512;1.08515;1.08509;1.08509;55;1
2024.07.24 02:00;1.08510;1.08510;1.08496;1.08498;77;1
2024.07.24 02:10;1.08499;1.08514;1.08496;1.08513;76;1
2024.07.24 02:20;1.08512;1.08515;1.08512;1.08512;51;1
2024.07.24 02:30;1.08512;1.08517;1.08510;1.08513;44;1
2024.07.24 02:40;1.08513;1.08522;1.08512;1.08518;77;1
2024.07.24 02:50;1.08519;1.08519;1.08486;1.08497;142;1
2024.07.24 03:00;1.08497;1.08503;1.08479;1.08482;179;1
2024.07.24 03:10;1.08483;1.08485;1.08472;1.08478;147;1
2024.07.24 03:20;1.08478;1.08483;1.08465;1.08482;146;1
2024.07.24 03:30;1.08480;1.08482;1.08457;1.08465;160;1
2024.07.24 03:40;1.08466;1.08482;1.08464;1.08471;135;1
2024.07.24 03:50;1.08472;1.08472;1.08457;1.08468;182;1
2024.07.24 04:00;1.08468;1.08492;1.08459;1.08477;162;1
2024.07.24 04:10;1.08477;1.08494;1.08469;1.08482;258;1
2024.07.24 04:20;1.08481;1.08488;1.08466;1.08471;195;2
2024.07.24 04:30;1.08470;1.08482;1.08467;1.08479;193;2
2024.07.24 04:40;1.08478;1.08488;1.08461;1.08487;216;2
2024.07.24 04:50;1.08487;1.08503;1.08480;1.08483;210;2
2024.07.24 05:00;1.08483;1.08483;1.08468;1.08482;161;1
2024.07.24 05:10;1.08482;1.08483;1.08449;1.08450;153;1
2024.07.24 05:20;1.08450;1.08452;1.08429;1.08435;134;1
2024.07.24 05:30;1.08436;1.08445;1.08432;1.08435;101;1
2024.07.24 05:40;1.08436;1.08436;1.08422;1.08422;121;1
2024.07.24 05:50;1.08422;1.08442;1.08417;1.08430;211;1
2024.07.24 06:00;1.08430;1.08443;1.08427;1.08435;215;1
2024.07.24 06:10;1.08435;1.08457;1.08433;1.08447;148;1
2024.07.24 06:20;1.08447;1.08451;1.08431;1.08447;186;1
2024.07.24 06:30;1.08446;1.08452;1.08438;1.08446;156;1
2024.07.24 06:40;1.08447;1.08449;1.08438;1.08442;145;1
2024.07.24 06:50;1.08442;1.08451;1.08438;1.08451;120;1
2024.07.24 07:00;1.08451;1.08469;1.08451;1.08460;153;1
2024.07.24 07:10;1.08459;1.08469;1.08452;1.08454;194;1
2024.07.24 07:20;1.08454;1.08460;1.08434;1.08454;198;1
2024.07.24 07:30;1.08454;1.08460;1.08442;1.08450;184;1
2024.07.24 07:40;1.08451;1.08476;1.08449;1.08475;186;1
2024.07.24 07:50;1.08475;1.08475;1.08458;1.08466;185;1
2024.07.24 08:00;1.08467;1.08496;1.08467;1.08482;258;0
2024.07.24 08:10;1.08480;1.08481;1.08465;1.08472;211;1
2024.07.24 08:20;1.08472;1.08494;1.08470;1.08494;194;1
2024.07.24 08:30;1.08494;1.08512;1.08488;1.08510;184;1
2024.07.24 08:40;1.08510;1.08528;1.08508;1.08524;133;1
2024.07.24 08:50;1.08523;1.08532;1.08513;1.08527;196;1
2024.07.24 09:00;1.08520;1.08522;1.08496;1.08498;258;1
2024.07.24 09:10;1.08498;1.08519;1.08488;1.08507;349;1
2024.07.24 09:20;1.08507;1.08508;1.08456;1.08463;297;1
2024.07.24 09:30;1.08463;1.08463;1.08426;1.08442;299;1
2024.07.24 09:40;1.08442;1.08464;1.08435;1.08462;298;1
2024.07.24 09:50;1.08460;1.08460;1.08426;1.08433;363;1
2024.07.24 10:00;1.08433;1.08458;1.08425;1.08430;388;1
2024.07.24 10:10;1.08431;1.08537;1.08429;1.08493;515;0
2024.07.24 10:20;1.08493;1.08519;1.08468;1.08468;373;1
2024.07.24 10:30;1.08341;1.08394;1.08326;1.08342;579;0
2024.07.24 10:40;1.08342;1.08342;1.08308;1.08312;407;1
2024.07.24 10:50;1.08312;1.08317;1.08257;1.08292;392;0
2024.07.24 11:00;1.08288;1.08323;1.08258;1.08300;424;0
2024.07.24 11:10;1.08300;1.08345;1.08297;1.08305;392;0
2024.07.24 11:20;1.08304;1.08320;1.08281;1.08309;414;1
2024.07.24 11:30;1.08310;1.08350;1.08307;1.08336;378;1
2024.07.24 11:40;1.08337;1.08370;1.08329;1.08355;347;0
2024.07.24 11:50;1.08359;1.08375;1.08338;1.08350;365;0
2024.07.24 12:00;1.08350;1.08370;1.08338;1.08367;311;1
2024.07.24 12:10;1.08367;1.08370;1.08329;1.08337;332;1
2024.07.24 12:20;1.08334;1.08376;1.08324;1.08352;314;1
2024.07.24 12:30;1.08347;1.08381;1.08336;1.08379;320;1
2024.07.24 12:40;1.08376;1.08412;1.08356;1.08396;349;1
2024.07.24 12:50;1.08398;1.08413;1.08391;1.08407;287;0
2024.07.24 13:00;1.08406;1.08434;1.08402;1.08417;322;1
2024.07.24 13:10;1.08417;1.08433;1.08411;1.08433;228;1
2024.07.24 13:20;1.08432;1.08453;1.08421;1.08449;278;1
2024.07.24 13:30;1.08449;1.08462;1.08431;1.08439;297;1
2024.07.24 13:40;1.08439;1.08461;1.08438;1.08439;264;1
2024.07.24 13:50;1.08438;1.08442;1.08413;1.08425;288;1
2024.07.24 14:00;1.08426;1.08427;1.08388;1.08396;281;1
2024.07.24 14:10;1.08396;1.08415;1.08386;1.08402;259;1
2024.07.24 14:20;1.08401;1.08412;1.08394;1.08406;222;1
2024.07.24 14:30;1.08407;1.08408;1.08388;1.08397;245;1
2024.07.24 14:40;1.08398;1.08468;1.08398;1.08463;315;1
2024.07.24 14:50;1.08463;1.08489;1.08442;1.08462;395;1
2024.07.24 15:00;1.08462;1.08492;1.08456;1.08482;355;1
2024.07.24 15:10;1.08482;1.08497;1.08469;1.08494;377;0
2024.07.24 15:20;1.08494;1.08500;1.08462;1.08471;349;0
2024.07.24 15:30;1.08469;1.08488;1.08462;1.08476;290;1
2024.07.24 15:40;1.08476;1.08540;1.08468;1.08522;397;0
2024.07.24 15:50;1.08521;1.08592;1.08513;1.08581;448;1
2024.07.24 16:00;1.08584;1.08606;1.08568;1.08604;410;1
2024.07.24 16:10;1.08604;1.08614;1.08526;1.08538;428;1
2024.07.24 16:20;1.08538;1.08554;1.08517;1.08554;337;1
2024.07.24 16:30;1.08555;1.08590;1.08527;1.08585;559;0
2024.07.24 16:40;1.08585;1.08629;1.08556;1.08613;645;0
2024.07.24 16:50;1.08612;1.08612;1.08524;1.08543;602;1
2024.07.24 17:00;1.08542;1.08625;1.08542;1.08614;559;1
2024.07.24 17:10;1.08614;1.08665;1.08600;1.08652;583;0
2024.07.24 17:20;1.08653;1.08660;1.08608;1.08644;482;1
2024.07.24 17:30;1.08643;1.08658;1.08586;1.08589;500;0
2024.07.24 17:40;1.08589;1.08601;1.08535;1.08557;445;1
2024.07.24 17:50;1.08557;1.08568;1.08504;1.08536;643;1
2024.07.24 18:00;1.08539;1.08573;1.08537;1.08566;472;1
2024.07.24 18:10;1.08566;1.08572;1.08540;1.08561;376;1
2024.07.24 18:20;1.08561;1.08571;1.08536;1.08563;329;1
2024.07.24 18:30;1.08562;1.08576;1.08555;1.08572;386;1
2024.07.24 18:40;1.08570;1.08572;1.08522;1.08523;322;0
2024.07.24 18:50;1.08523;1.08536;1.08515;1.08527;287;1
2024.07.24 19:00;1.08528;1.08529;1.08477;1.08488;319;1
2024.07.24 19:10;1.08488;1.08522;1.08476;1.08515;322;1
2024.07.24 19:20;1.08515;1.08527;1.08477;1.08483;298;0
2024.07.24 19:30;1.08485;1.08505;1.08475;1.08488;335;1
2024.07.24 19:40;1.08488;1.08499;1.08480;1.08498;303;0
2024.07.24 19:50;1.08499;1.08513;1.08492;1.08510;254;0
2024.07.24 20:00;1.08510;1.08541;1.08508;1.08532;313;0
2024.07.24 20:10;1.08532;1.08547;1.08530;1.08545;236;0
2024.07.24 20:20;1.08544;1.08549;1.08496;1.08502;238;0
2024.07.24 20:30;1.08502;1.08525;1.08494;1.08511;241;1
2024.07.24 20:40;1.08511;1.08513;1.08492;1.08497;229;1
2024.07.24 20:50;1.08497;1.08498;1.08459;1.08462;279;1
2024.07.24 21:00;1.08462;1.08462;1.08418;1.08439;354;1
2024.07.24 21:10;1.08438;1.08451;1.08421;1.08433;326;1
2024.07.24 21:20;1.08432;1.08434;1.08406;1.08412;270;1
2024.07.24 21:30;1.08412;1.08430;1.08397;1.08404;260;0
2024.07.24 21:40;1.08402;1.08402;1.08373;1.08377;290;0
2024.07.24 21:50;1.08376;1.08389;1.08366;1.08375;263;1
2024.07.24 22:00;1.08374;1.08384;1.08357;1.08368;253;1
2024.07.24 22:10;1.08369;1.08394;1.08365;1.08388;231;1
2024.07.24 22:20;1.08389;1.08409;1.08388;1.08399;244;1
2024.07.24 22:30;1.08399;1.08426;1.08389;1.08417;282;1
2024.07.24 22:40;1.08416;1.08423;1.08396;1.08402;252;1
2024.07.24 22:50;1.08401;1.08408;1.08371;1.08388;305;0
2024.07.24 23:00;1.08385;1.08399;1.08382;1.08397;138;0
2024.07.24 23:10;1.08398;1.08402;1.08388;1.08392;140;1
2024.07.24 23:20;1.08392;1.08397;1.08386;1.08387;85;1
2024.07.24 23:30;1.08389;1.08400;1.08382;1.08390;323;1
2024.07.24 23:40;1.08392;1.08398;1.08379;1.08389;99;1
2024.07.24 23:50;1.08389;1.08394;1.08380;1.08393;124;1
2024.07.25 00:00;1.08392;1.08397;1.08347;1.08397;55;12
2024.07.25 00:10;1.08398;1.08398;1.08379;1.08391;30;8
2024.07.25 00:20;1.08391;1.08391;1.08379;1.08389;24;6
2024.07.25 00:30;1.08389;1.08397;1.08383;1.08397;35;1
2024.07.25 00:40;1.08395;1.08403;1.08380;1.08394;41;1
2024.07.25 00:50;1.08394;1.08406;1.08384;1.08397;20;1
2024.07.25 01:00;1.08395;1.08419;1.08395;1.08416;134;0
2024.07.25 01:10;1.08416;1.08421;1.08411;1.08414;88;1
2024.07.25 01:20;1.08415;1.08420;1.08410;1.08419;71;1
2024.07.25 01:30;1.08416;1.08419;1.08377;1.08394;126;1
2024.07.25 01:40;1.08393;1.08398;1.08391;1.08393;94;1
2024.07.25 01:50;1.08393;1.08396;1.08387;1.08393;82;1
2024.07.25 02:00;1.08394;1.08395;1.08382;1.08394;83;0
2024.07.25 02:10;1.08394;1.08394;1.08382;1.08392;72;1
2024.07.25 02:20;1.08392;1.08400;1.08392;1.08393;98;1
2024.07.25 02:30;1.08393;1.08394;1.08378;1.08383;89;1
2024.07.25 02:40;1.08382;1.08386;1.08374;1.08385;131;1
2024.07.25 02:50;1.08385;1.08395;1.08375;1.08379;159;1
2024.07.25 03:00;1.08379;1.08385;1.08363;1.08372;224;1
2024.07.25 03:10;1.08372;1.08384;1.08366;1.08382;201;1
2024.07.25 03:20;1.08383;1.08388;1.08365;1.08369;192;1
2024.07.25 03:30;1.08368;1.08380;1.08349;1.08373;364;1
2024.07.25 03:40;1.08373;1.08413;1.08373;1.08408;288;1
2024.07.25 03:50;1.08408;1.08412;1.08390;1.08395;242;1
2024.07.25 04:00;1.08395;1.08415;1.08390;1.08405;191;1
2024.07.25 04:10;1.08405;1.08414;1.08396;1.08405;223;1
2024.07.25 04:20;1.08405;1.08411;1.08382;1.08386;276;1
2024.07.25 04:30;1.08387;1.08421;1.08381;1.08397;252;0
2024.07.25 04:40;1.08396;1.08427;1.08393;1.08412;258;1
2024.07.25 04:50;1.08412;1.08417;1.08372;1.08378;216;1
2024.07.25 05:00;1.08378;1.08387;1.08362;1.08376;185;1
2024.07.25 05:10;1.08377;1.08416;1.08376;1.08405;245;1
2024.07.25 05:20;1.08405;1.08414;1.08397;1.08403;178;1
2024.07.25 05:30;1.08403;1.08412;1.08363;1.08373;213;1
2024.07.25 05:40;1.08374;1.08387;1.08373;1.08385;241;1
2024.07.25 05:50;1.08387;1.08402;1.08384;1.08395;217;1
2024.07.25 06:00;1.08395;1.08416;1.08388;1.08410;191;1
2024.07.25 06:10;1.08409;1.08422;1.08403;1.08413;284;1
2024.07.25 06:20;1.08413;1.08435;1.08410;1.08431;215;1
2024.07.25 06:30;1.08432;1.08439;1.08423;1.08429;178;1
2024.07.25 06:40;1.08429;1.08433;1.08417;1.08429;194;0
2024.07.25 06:50;1.08430;1.08430;1.08415;1.08427;177;1
2024.07.25 07:00;1.08427;1.08433;1.08418;1.08432;137;1
2024.07.25 07:10;1.08432;1.08433;1.08409;1.08419;184;1
2024.07.25 07:20;1.08419;1.08427;1.08412;1.08419;155;1
2024.07.25 07:30;1.08419;1.08419;1.08401;1.08412;184;1
2024.07.25 07:40;1.08412;1.08412;1.08391;1.08392;135;1
2024.07.25 07:50;1.08392;1.08402;1.08377;1.08399;158;1
2024.07.25 08:00;1.08400;1.08407;1.08392;1.08393;203;1
2024.07.25 08:10;1.08392;1.08398;1.08382;1.08396;157;1
2024.07.25 08:20;1.08395;1.08404;1.08386;1.08398;166;1
2024.07.25 08:30;1.08396;1.08424;1.08388;1.08421;239;0
2024.07.25 08:40;1.08421;1.08438;1.08417;1.08424;248;1
2024.07.25 08:50;1.08425;1.08454;1.08412;1.08450;281;1
2024.07.25 09:00;1.08444;1.08450;1.08414;1.08422;338;1
2024.07.25 09:10;1.08422;1.08422;1.08392;1.08397;362;0
2024.07.25 09:20;1.08397;1.08405;1.08373;1.08378;317;1
2024.07.25 09:30;1.08377;1.08377;1.08338;1.08341;308;1
2024.07.25 09:40;1.08342;1.08374;1.08341;1.08371;266;1
2024.07.25 09:50;1.08371;1.08375;1.08333;1.08348;334;1
2024.07.25 10:00;1.08342;1.08351;1.08292;1.08294;504;0
2024.07.25 10:10;1.08292;1.08354;1.08282;1.08324;490;0
2024.07.25 10:20;1.08323;1.08368;1.08309;1.08352;560;1
2024.07.25 10:30;1.08351;1.08411;1.08336;1.08411;507;1
2024.07.25 10:40;1.08405;1.08420;1.08369;1.08416;544;1
2024.07.25 10:50;1.08416;1.08530;1.08415;1.08489;497;1
2024.07.25 11:00;1.08493;1.08567;1.08463;1.08555;608;0
2024.07.25 11:10;1.08555;1.08577;1.08498;1.08501;564;1
2024.07.25 11:20;1.08500;1.08501;1.08441;1.08442;486;1
2024.07.25 11:30;1.08442;1.08481;1.08432;1.08477;382;0
2024.07.25 11:40;1.08476;1.08481;1.08441;1.08449;460;1
2024.07.25 11:50;1.08450;1.08493;1.08447;1.08461;488;0
2024.07.25 12:00;1.08456;1.08477;1.08451;1.08468;389;1
2024.07.25 12:10;1.08467;1.08489;1.08439;1.08485;375;1
2024.07.25 12:20;1.08488;1.08519;1.08464;1.08514;417;1
2024.07.25 12:30;1.08514;1.08547;1.08512;1.08547;382;1
2024.07.25 12:40;1.08547;1.08559;1.08520;1.08537;413;1
2024.07.25 12:50;1.08537;1.08547;1.08507;1.08515;284;1
2024.07.25 13:00;1.08516;1.08548;1.08513;1.08542;309;1
2024.07.25 13:10;1.08542;1.08577;1.08539;1.08568;375;1
2024.07.25 13:20;1.08567;1.08587;1.08524;1.08525;344;0
2024.07.25 13:30;1.08525;1.08525;1.08482;1.08492;320;1
2024.07.25 13:40;1.08491;1.08509;1.08480;1.08499;376;1
2024.07.25 13:50;1.08498;1.08529;1.08487;1.08513;332;1
2024.07.25 14:00;1.08517;1.08538;1.08510;1.08515;278;1
2024.07.25 14:10;1.08514;1.08533;1.08483;1.08509;381;1
2024.07.25 14:20;1.08508;1.08525;1.08494;1.08508;327;1
2024.07.25 14:30;1.08508;1.08508;1.08463;1.08478;317;1
2024.07.25 14:40;1.08477;1.08481;1.08438;1.08454;328;1
2024.07.25 14:50;1.08454;1.08480;1.08444;1.08456;356;0
2024.07.25 15:00;1.08456;1.08514;1.08456;1.08508;402;0
2024.07.25 15:10;1.08508;1.08540;1.08492;1.08531;390;1
2024.07.25 15:20;1.08533;1.08549;1.08506;1.08543;428;0
2024.07.25 15:30;1.08531;1.08547;1.08364;1.08456;934;0
2024.07.25 15:40;1.08454;1.08485;1.08402;1.08482;671;0
2024.07.25 15:50;1.08483;1.08547;1.08453;1.08498;649;1
2024.07.25 16:00;1.08499;1.08507;1.08450;1.08453;633;0
2024.07.25 16:10;1.08453;1.08487;1.08433;1.08448;641;1
2024.07.25 16:20;1.08449;1.08485;1.08401;1.08402;582;0
2024.07.25 16:30;1.08402;1.08419;1.08302;1.08320;658;1
2024.07.25 16:40;1.08321;1.08438;1.08310;1.08432;613;0
2024.07.25 16:50;1.08431;1.08452;1.08376;1.08392;511;1
2024.07.25 17:00;1.08389;1.08420;1.08362;1.08391;619;0
2024.07.25 17:10;1.08392;1.08455;1.08379;1.08451;597;0
2024.07.25 17:20;1.08448;1.08500;1.08440;1.08497;592;1
2024.07.25 17:30;1.08497;1.08534;1.08496;1.08522;558;0
2024.07.25 17:40;1.08522;1.08552;1.08495;1.08546;566;1
2024.07.25 17:50;1.08547;1.08569;1.08532;1.08547;498;1
2024.07.25 18:00;1.08542;1.08583;1.08542;1.08583;381;1
2024.07.25 18:10;1.08583;1.08646;1.08572;1.08617;508;1
2024.07.25 18:20;1.08616;1.08616;1.08577;1.08579;438;0
2024.07.25 18:30;1.08579;1.08600;1.08558;1.08592;410;0
2024.07.25 18:40;1.08592;1.08613;1.08591;1.08601;396;1
2024.07.25 18:50;1.08602;1.08617;1.08590;1.08597;355;1
2024.07.25 19:00;1.08597;1.08633;1.08565;1.08589;364;0
2024.07.25 19:10;1.08591;1.08618;1.08567;1.08618;435;1
2024.07.25 19:20;1.08616;1.08634;1.08596;1.08612;371;0
2024.07.25 19:30;1.08612;1.08616;1.08586;1.08607;372;0
2024.07.25 19:40;1.08607;1.08625;1.08591;1.08611;356;1
2024.07.25 19:50;1.08610;1.08634;1.08609;1.08620;303;1
2024.07.25 20:00;1.08620;1.08688;1.08620;1.08681;371;1
2024.07.25 20:10;1.08682;1.08699;1.08624;1.08628;383;0
2024.07.25 20:20;1.08628;1.08635;1.08587;1.08587;360;1
2024.07.25 20:30;1.08587;1.08601;1.08565;1.08579;348;1
2024.07.25 20:40;1.08579;1.08591;1.08556;1.08562;323;1
2024.07.25 20:50;1.08562;1.08562;1.08538;1.08543;311;1
2024.07.25 21:00;1.08543;1.08547;1.08510;1.08512;243;1
2024.07.25 21:10;1.08512;1.08527;1.08506;1.08509;273;0
2024.07.25 21:20;1.08509;1.08511;1.08488;1.08498;288;0
2024.07.25 21:30;1.08500;1.08522;1.08499;1.08511;259;1
2024.07.25 21:40;1.08510;1.08515;1.08489;1.08491;339;1
2024.07.25 21:50;1.08492;1.08501;1.08477;1.08477;365;1
2024.07.25 22:00;1.08477;1.08486;1.08460;1.08472;267;1
2024.07.25 22:10;1.08471;1.08488;1.08464;1.08487;273;1
2024.07.25 22:20;1.08487;1.08537;1.08486;1.08521;294;1
2024.07.25 22:30;1.08521;1.08533;1.08497;1.08505;349;1
2024.07.25 22:40;1.08505;1.08512;1.08471;1.08496;318;1
2024.07.25 22:50;1.08493;1.08497;1.08451;1.08456;310;1
2024.07.25 23:00;1.08460;1.08461;1.08445;1.08454;115;0
2024.07.25 23:10;1.08455;1.08463;1.08452;1.08456;153;1
2024.07.25 23:20;1.08453;1.08455;1.08437;1.08444;125;1
2024.07.25 23:30;1.08444;1.08454;1.08434;1.08442;307;0
2024.07.25 23:40;1.08441;1.08461;1.08439;1.08456;173;1
2024.07.25 23:50;1.08456;1.08459;1.08443;1.08446;137;0
2024.07.26 00:00;1.08448;1.08454;1.08436;1.08450;30;16
2024.07.26 00:10;1.08449;1.08454;1.08442;1.08443;41;1
2024.07.26 00:20;1.08443;1.08461;1.08440;1.08454;43;1
2024.07.26 00:30;1.08455;1.08460;1.08450;1.08459;33;1
2024.07.26 00:40;1.08459;1.08462;1.08456;1.08457;36;1
2024.07.26 00:50;1.08459;1.08461;1.08447;1.08448;59;1
2024.07.26 01:00;1.08449;1.08463;1.08433;1.08460;100;0
2024.07.26 01:10;1.08460;1.08476;1.08460;1.08472;86;1
2024.07.26 01:20;1.08477;1.08478;1.08468;1.08471;87;1
2024.07.26 01:30;1.08471;1.08476;1.08465;1.08468;89;1
2024.07.26 01:40;1.08468;1.08484;1.08465;1.08480;62;1
2024.07.26 01:50;1.08480;1.08481;1.08470;1.08470;70;1
2024.07.26 02:00;1.08471;1.08491;1.08469;1.08488;188;1
2024.07.26 02:10;1.08488;1.08495;1.08484;1.08494;164;1
2024.07.26 02:20;1.08494;1.08509;1.08490;1.08507;119;1
2024.07.26 02:30;1.08508;1.08509;1.08489;1.08508;121;1
2024.07.26 02:40;1.08508;1.08508;1.08493;1.08495;93;1
2024.07.26 02:50;1.08496;1.08514;1.08496;1.08513;119;1
2024.07.26 03:00;1.08512;1.08545;1.08512;1.08542;259;0
2024.07.26 03:10;1.08539;1.08553;1.08535;1.08544;184;1
2024.07.26 03:20;1.08539;1.08547;1.08529;1.08546;192;1
2024.07.26 03:30;1.08545;1.08554;1.08531;1.08544;152;1
2024.07.26 03:40;1.08544;1.08544;1.08526;1.08531;200;1
2024.07.26 03:50;1.08530;1.08547;1.08526;1.08539;226;1
2024.07.26 04:00;1.08539;1.08541;1.08520;1.08531;194;1
2024.07.26 04:10;1.08532;1.08543;1.08522;1.08538;228;1
2024.07.26 04:20;1.08539;1.08539;1.08522;1.08528;124;1
2024.07.26 04:30;1.08529;1.08564;1.08527;1.08558;213;0
2024.07.26 04:40;1.08559;1.08589;1.08554;1.08587;232;1
2024.07.26 04:50;1.08587;1.08595;1.08573;1.08580;198;1
2024.07.26 05:00;1.08580;1.08580;1.08553;1.08565;142;1
2024.07.26 05:10;1.08564;1.08598;1.08562;1.08597;150;1
2024.07.26 05:20;1.08598;1.08604;1.08593;1.08593;135;1
2024.07.26 05:30;1.08594;1.08594;1.08552;1.08556;174;1
2024.07.26 05:40;1.08556;1.08558;1.08546;1.08549;162;1
2024.07.26 05:50;1.08550;1.08562;1.08549;1.08551;153;2
2024.07.26 06:00;1.08551;1.08564;1.08550;1.08551;107;1
2024.07.26 06:10;1.08551;1.08567;1.08541;1.08563;127;1
2024.07.26 06:20;1.08562;1.08568;1.08557;1.08563;122;1
2024.07.26 06:30;1.08564;1.08565;1.08548;1.08557;119;1
2024.07.26 06:40;1.08558;1.08565;1.08540;1.08564;126;1
2024.07.26 06:50;1.08564;1.08585;1.08564;1.08584;74;0
2024.07.26 07:00;1.08585;1.08597;1.08579;1.08596;96;1
2024.07.26 07:10;1.08594;1.08597;1.08577;1.08581;123;1
2024.07.26 07:20;1.08581;1.08585;1.08576;1.08582;100;1
2024.07.26 07:30;1.08582;1.08584;1.08573;1.08579;114;1
2024.07.26 07:40;1.08579;1.08583;1.08567;1.08578;146;1
2024.07.26 07:50;1.08578;1.08588;1.08576;1.08583;126;1
2024.07.26 08:00;1.08583;1.08586;1.08569;1.08582;163;1
2024.07.26 08:10;1.08582;1.08584;1.08570;1.08579;118;1
2024.07.26 08:20;1.08579;1.08602;1.08577;1.08597;147;1
2024.07.26 08:30;1.08596;1.08607;1.08591;1.08594;119;1
2024.07.26 08:40;1.08594;1.08594;1.08570;1.08571;123;1
2024.07.26 08:50;1.08571;1.08585;1.08565;1.08573;91;1
2024.07.26 09:00;1.08564;1.08567;1.08530;1.08547;315;1
2024.07.26 09:10;1.08545;1.08545;1.08511;1.08512;294;1
2024.07.26 09:20;1.08511;1.08528;1.08505;1.08522;289;1
2024.07.26 09:30;1.08522;1.08522;1.08505;1.08508;281;1
2024.07.26 09:40;1.08508;1.08524;1.08506;1.08517;253;1
2024.07.26 09:50;1.08517;1.08531;1.08511;1.08523;255;1
2024.07.26 10:00;1.08522;1.08550;1.08513;1.08539;298;1
2024.07.26 10:10;1.08538;1.08538;1.08478;1.08483;388;1
2024.07.26 10:20;1.08482;1.08543;1.08475;1.08529;381;1
2024.07.26 10:30;1.08531;1.08554;1.08520;1.08525;408;1
2024.07.26 10:40;1.08526;1.08527;1.08491;1.08496;320;1
2024.07.26 10:50;1.08494;1.08496;1.08449;1.08493;309;1
2024.07.26 11:00;1.08493;1.08529;1.08481;1.08528;381;1
2024.07.26 11:10;1.08529;1.08530;1.08488;1.08492;279;1
2024.07.26 11:20;1.08492;1.08496;1.08447;1.08476;322;1
2024.07.26 11:30;1.08476;1.08482;1.08421;1.08433;345;1
2024.07.26 11:40;1.08429;1.08482;1.08425;1.08482;279;1
2024.07.26 11:50;1.08484;1.08530;1.08483;1.08515;387;1
2024.07.26 12:00;1.08515;1.08535;1.08500;1.08518;333;1
2024.07.26 12:10;1.08518;1.08539;1.08513;1.08531;284;1
2024.07.26 12:20;1.08531;1.08547;1.08526;1.08536;254;0
2024.07.26 12:30;1.08536;1.08552;1.08516;1.08523;281;1
2024.07.26 12:40;1.08522;1.08565;1.08521;1.08551;271;1
2024.07.26 12:50;1.08551;1.08565;1.08536;1.08539;236;1
2024.07.26 13:00;1.08540;1.08563;1.08524;1.08538;261;0
2024.07.26 13:10;1.08537;1.08547;1.08508;1.08531;267;1
2024.07.26 13:20;1.08529;1.08566;1.08524;1.08562;249;0
2024.07.26 13:30;1.08562;1.08572;1.08543;1.08568;222;1
2024.07.26 13:40;1.08568;1.08586;1.08553;1.08559;297;1
2024.07.26 13:50;1.08559;1.08569;1.08542;1.08563;291;1
2024.07.26 14:00;1.08562;1.08566;1.08521;1.08559;230;0
2024.07.26 14:10;1.08559;1.08577;1.08554;1.08564;290;1
2024.07.26 14:20;1.08565;1.08568;1.08546;1.08562;283;1
2024.07.26 14:30;1.08564;1.08580;1.08542;1.08580;251;0
2024.07.26 14:40;1.08580;1.08598;1.08577;1.08595;229;1
2024.07.26 14:50;1.08597;1.08614;1.08587;1.08610;261;1
2024.07.26 15:00;1.08610;1.08628;1.08596;1.08597;315;1
2024.07.26 15:10;1.08596;1.08604;1.08586;1.08595;299;1
2024.07.26 15:20;1.08595;1.08595;1.08537;1.08538;355;1
2024.07.26 15:30;1.08540;1.08630;1.08472;1.08618;765;0
2024.07.26 15:40;1.08618;1.08654;1.08581;1.08600;506;1
2024.07.26 15:50;1.08600;1.08606;1.08567;1.08605;411;1
2024.07.26 16:00;1.08605;1.08632;1.08599;1.08606;449;0
2024.07.26 16:10;1.08606;1.08615;1.08589;1.08615;455;1
2024.07.26 16:20;1.08615;1.08639;1.08613;1.08633;368;1
2024.07.26 16:30;1.08632;1.08638;1.08596;1.08632;471;1
2024.07.26 16:40;1.08632;1.08647;1.08603;1.08624;487;1
2024.07.26 16:50;1.08622;1.08671;1.08622;1.08649;417;1
2024.07.26 17:00;1.08632;1.08665;1.08608;1.08622;503;1
2024.07.26 17:10;1.08622;1.08682;1.08619;1.08636;560;0
2024.07.26 17:20;1.08635;1.08639;1.08557;1.08593;534;1
2024.07.26 17:30;1.08597;1.08604;1.08516;1.08531;533;1
2024.07.26 17:40;1.08532;1.08582;1.08528;1.08552;476;1
2024.07.26 17:50;1.08548;1.08567;1.08535;1.08558;498;1
2024.07.26 18:00;1.08557;1.08573;1.08543;1.08563;429;0
2024.07.26 18:10;1.08563;1.08583;1.08553;1.08576;406;1
2024.07.26 18:20;1.08577;1.08586;1.08533;1.08538;321;0
2024.07.26 18:30;1.08537;1.08566;1.08525;1.08549;332;1
2024.07.26 18:40;1.08550;1.08593;1.08546;1.08576;322;1
2024.07.26 18:50;1.08576;1.08601;1.08573;1.08578;316;1
2024.07.26 19:00;1.08580;1.08614;1.08562;1.08607;238;0
2024.07.26 19:10;1.08607;1.08641;1.08598;1.08638;305;1
2024.07.26 19:20;1.08637;1.08646;1.08627;1.08640;256;1
2024.07.26 19:30;1.08640;1.08643;1.08623;1.08635;195;1
2024.07.26 19:40;1.08634;1.08665;1.08633;1.08662;232;1
2024.07.26 19:50;1.08662;1.08670;1.08647;1.08654;213;1
2024.07.26 20:00;1.08653;1.08654;1.08622;1.08626;200;1
2024.07.26 20:10;1.08627;1.08636;1.08621;1.08627;208;1
2024.07.26 20:20;1.08627;1.08627;1.08605;1.08615;147;1
2024.07.26 20:30;1.08616;1.08620;1.08582;1.08586;247;1
2024.07.26 20:40;1.08586;1.08612;1.08578;1.08603;266;1
2024.07.26 20:50;1.08603;1.08612;1.08600;1.08606;222;1
2024.07.26 21:00;1.08606;1.08617;1.08603;1.08612;132;1
2024.07.26 21:10;1.08612;1.08633;1.08612;1.08612;175;1
2024.07.26 21:20;1.08613;1.08616;1.08587;1.08592;246;0
2024.07.26 21:30;1.08593;1.08603;1.08586;1.08602;181;1
2024.07.26 21:40;1.08602;1.08603;1.08568;1.08578;311;1
2024.07.26 21:50;1.08577;1.08577;1.08562;1.08567;232;1
2024.07.26 22:00;1.08567;1.08578;1.08552;1.08578;205;0
2024.07.26 22:10;1.08579;1.08590;1.08576;1.08590;264;1
2024.07.26 22:20;1.08590;1.08590;1.08581;1.08587;213;1
2024.07.26 22:30;1.08587;1.08587;1.08561;1.08573;321;1
2024.07.26 22:40;1.08571;1.08575;1.08561;1.08572;194;1
2024.07.26 22:50;1.08571;1.08585;1.08569;1.08577;277;1
2024.07.26 23:00;1.08574;1.08574;1.08561;1.08570;124;1
2024.07.26 23:10;1.08570;1.08571;1.08562;1.08566;145;0
2024.07.26 23:20;1.08565;1.08575;1.08556;1.08567;256;1
2024.07.26 23:30;1.08570;1.08581;1.08565;1.08576;366;1
2024.07.26 23:40;1.08576;1.08576;1.08558;1.08563;110;0
2024.07.26 23:50;1.08563;1.08566;1.08541;1.08552;278;1
2024.07.29 00:00;1.08570;1.08580;1.08549;1.08568;25;16
2024.07.29 00:10;1.08558;1.08574;1.08557;1.08573;30;21
2024.07.29 00:20;1.08571;1.08587;1.08564;1.08570;40;16
2024.07.29 00:30;1.08588;1.08588;1.08573;1.08576;33;17
2024.07.29 00:40;1.08576;1.08594;1.08563;1.08567;138;4
2024.07.29 00:50;1.08567;1.08582;1.08564;1.08566;131;6
2024.07.29 01:00;1.08556;1.08590;1.08555;1.08579;132;0
2024.07.29 01:10;1.08579;1.08599;1.08579;1.08598;153;1
2024.07.29 01:20;1.08597;1.08599;1.08592;1.08593;114;1
2024.07.29 01:30;1.08593;1.08593;1.08572;1.08580;161;1
2024.07.29 01:40;1.08581;1.08586;1.08566;1.08568;152;1
2024.07.29 01:50;1.08568;1.08569;1.08557;1.08561;140;2
2024.07.29 02:00;1.08561;1.08569;1.08545;1.08546;124;1
2024.07.29 02:10;1.08546;1.08547;1.08535;1.08542;130;1
2024.07.29 02:20;1.08542;1.08556;1.08538;1.08543;80;0
2024.07.29 02:30;1.08543;1.08543;1.08533;1.08538;72;1
2024.07.29 02:40;1.08538;1.08551;1.08538;1.08543;92;1
2024.07.29 02:50;1.08539;1.08549;1.08528;1.08528;125;2
2024.07.29 03:00;1.08528;1.08545;1.08509;1.08538;198;1
2024.07.29 03:10;1.08538;1.08554;1.08533;1.08549;181;1
2024.07.29 03:20;1.08550;1.08584;1.08549;1.08566;198;1
2024.07.29 03:30;1.08566;1.08583;1.08566;1.08581;191;0
2024.07.29 03:40;1.08581;1.08609;1.08581;1.08604;147;1
2024.07.29 03:50;1.08604;1.08664;1.08604;1.08634;324;1
2024.07.29 04:00;1.08635;1.08649;1.08620;1.08620;228;1
2024.07.29 04:10;1.08620;1.08644;1.08608;1.08644;212;0
2024.07.29 04:20;1.08644;1.08660;1.08638;1.08655;213;1
2024.07.29 04:30;1.08656;1.08680;1.08653;1.08668;277;1
2024.07.29 04:40;1.08667;1.08674;1.08654;1.08667;280;1
2024.07.29 04:50;1.08664;1.08670;1.08646;1.08658;212;1
2024.07.29 05:00;1.08658;1.08681;1.08658;1.08679;177;1
2024.07.29 05:10;1.08680;1.08687;1.08673;1.08685;197;1
2024.07.29 05:20;1.08685;1.08698;1.08684;1.08694;176;1
2024.07.29 05:30;1.08694;1.08695;1.08672;1.08674;165;1
2024.07.29 05:40;1.08674;1.08678;1.08667;1.08672;138;1
2024.07.29 05:50;1.08672;1.08674;1.08643;1.08644;149;1
2024.07.29 06:00;1.08643;1.08652;1.08641;1.08650;125;1
2024.07.29 06:10;1.08651;1.08658;1.08638;1.08643;160;1
2024.07.29 06:20;1.08642;1.08646;1.08638;1.08644;108;1
2024.07.29 06:30;1.08643;1.08647;1.08634;1.08647;100;1
2024.07.29 06:40;1.08646;1.08649;1.08629;1.08629;81;0
2024.07.29 06:50;1.08629;1.08630;1.08616;1.08623;142;1
2024.07.29 07:00;1.08623;1.08633;1.08613;1.08632;126;1
2024.07.29 07:10;1.08633;1.08639;1.08625;1.08629;173;1
2024.07.29 07:20;1.08629;1.08629;1.08598;1.08600;142;1
2024.07.29 07:30;1.08601;1.08609;1.08582;1.08609;132;1
2024.07.29 07:40;1.08609;1.08612;1.08589;1.08593;140;1
2024.07.29 07:50;1.08594;1.08597;1.08582;1.08590;135;1
2024.07.29 08:00;1.08590;1.08602;1.08588;1.08601;158;1
2024.07.29 08:10;1.08600;1.08608;1.08595;1.08604;142;1
2024.07.29 08:20;1.08600;1.08621;1.08599;1.08621;136;1
2024.07.29 08:30;1.08621;1.08630;1.08614;1.08615;134;1
2024.07.29 08:40;1.08617;1.08617;1.08574;1.08584;171;1
2024.07.29 08:50;1.08584;1.08594;1.08575;1.08590;205;0
2024.07.29 09:00;1.08590;1.08594;1.08569;1.08588;284;1
2024.07.29 09:10;1.08588;1.08622;1.08583;1.08619;296;0
2024.07.29 09:20;1.08621;1.08621;1.08595;1.08601;213;1
2024.07.29 09:30;1.08600;1.08603;1.08562;1.08562;230;1
2024.07.29 09:40;1.08562;1.08575;1.08550;1.08569;232;1
2024.07.29 09:50;1.08569;1.08586;1.08562;1.08580;298;1
2024.07.29 10:00;1.08579;1.08597;1.08562;1.08572;389;1
2024.07.29 10:10;1.08572;1.08574;1.08500;1.08505;379;1
2024.07.29 10:20;1.08504;1.08514;1.08475;1.08509;453;1
2024.07.29 10:30;1.08509;1.08561;1.08507;1.08557;522;0
2024.07.29 10:40;1.08557;1.08560;1.08474;1.08477;395;1
2024.07.29 10:50;1.08477;1.08480;1.08431;1.08447;431;1
2024.07.29 11:00;1.08446;1.08446;1.08395;1.08397;452;1
2024.07.29 11:10;1.08398;1.08411;1.08377;1.08408;487;1
2024.07.29 11:20;1.08409;1.08411;1.08384;1.08385;325;1
2024.07.29 11:30;1.08384;1.08384;1.08344;1.08352;347;1
2024.07.29 11:40;1.08352;1.08366;1.08330;1.08350;283;1
2024.07.29 11:50;1.08350;1.08350;1.08317;1.08321;268;1
2024.07.29 12:00;1.08322;1.08322;1.08289;1.08289;223;1
2024.07.29 12:10;1.08289;1.08313;1.08277;1.08289;301;1
2024.07.29 12:20;1.08288;1.08288;1.08265;1.08283;255;1
2024.07.29 12:30;1.08283;1.08346;1.08269;1.08336;311;0
2024.07.29 12:40;1.08335;1.08386;1.08330;1.08382;333;0
2024.07.29 12:50;1.08382;1.08410;1.08357;1.08372;356;1
2024.07.29 13:00;1.08372;1.08372;1.08332;1.08337;353;1
2024.07.29 13:10;1.08337;1.08367;1.08327;1.08364;330;1
2024.07.29 13:20;1.08364;1.08392;1.08355;1.08367;298;1
2024.07.29 13:30;1.08367;1.08410;1.08363;1.08410;285;0
2024.07.29 13:40;1.08409;1.08420;1.08383;1.08383;257;0
2024.07.29 13:50;1.08382;1.08385;1.08341;1.08358;313;1
2024.07.29 14:00;1.08357;1.08358;1.08327;1.08336;280;1
2024.07.29 14:10;1.08332;1.08334;1.08317;1.08324;246;1
2024.07.29 14:20;1.08324;1.08324;1.08284;1.08295;220;1
2024.07.29 14:30;1.08295;1.08310;1.08272;1.08274;217;1
2024.07.29 14:40;1.08275;1.08283;1.08233;1.08235;237;1
2024.07.29 14:50;1.08236;1.08237;1.08167;1.08177;290;1
2024.07.29 15:00;1.08177;1.08182;1.08150;1.08167;373;1
2024.07.29 15:10;1.08167;1.08195;1.08157;1.08193;267;0
2024.07.29 15:20;1.08194;1.08215;1.08183;1.08190;353;1
2024.07.29 15:30;1.08190;1.08192;1.08163;1.08169;281;1
2024.07.29 15:40;1.08169;1.08182;1.08150;1.08154;224;1
2024.07.29 15:50;1.08156;1.08176;1.08154;1.08161;273;0
2024.07.29 16:00;1.08161;1.08170;1.08117;1.08130;304;1
2024.07.29 16:10;1.08129;1.08136;1.08118;1.08130;293;0
2024.07.29 16:20;1.08129;1.08154;1.08114;1.08153;285;1
2024.07.29 16:30;1.08153;1.08174;1.08150;1.08155;350;0
2024.07.29 16:40;1.08155;1.08161;1.08123;1.08125;366;1
2024.07.29 16:50;1.08125;1.08125;1.08109;1.08117;335;1
2024.07.29 17:00;1.08117;1.08141;1.08108;1.08130;356;1
2024.07.29 17:10;1.08130;1.08131;1.08100;1.08106;350;1
2024.07.29 17:20;1.08106;1.08119;1.08075;1.08084;376;1
2024.07.29 17:30;1.08084;1.08085;1.08034;1.08034;391;1
2024.07.29 17:40;1.08034;1.08055;1.08026;1.08026;382;1
2024.07.29 17:50;1.08029;1.08160;1.08029;1.08153;580;1
2024.07.29 18:00;1.08154;1.08229;1.08153;1.08223;485;0
2024.07.29 18:10;1.08225;1.08232;1.08206;1.08226;326;1
2024.07.29 18:20;1.08225;1.08238;1.08211;1.08223;276;1
2024.07.29 18:30;1.08223;1.08223;1.08191;1.08197;285;1
2024.07.29 18:40;1.08197;1.08209;1.08183;1.08194;299;0
2024.07.29 18:50;1.08193;1.08203;1.08179;1.08189;270;1
2024.07.29 19:00;1.08189;1.08195;1.08157;1.08157;213;1
2024.07.29 19:10;1.08157;1.08175;1.08150;1.08167;238;1
2024.07.29 19:20;1.08168;1.08173;1.08152;1.08173;195;1
2024.07.29 19:30;1.08173;1.08207;1.08171;1.08199;231;1
2024.07.29 19:40;1.08199;1.08224;1.08192;1.08220;242;1
2024.07.29 19:50;1.08220;1.08236;1.08212;1.08214;233;0
2024.07.29 20:00;1.08215;1.08217;1.08194;1.08214;193;1
2024.07.29 20:10;1.08214;1.08249;1.08214;1.08246;234;1
2024.07.29 20:20;1.08246;1.08248;1.08223;1.08223;238;1
2024.07.29 20:30;1.08223;1.08244;1.08222;1.08244;195;1
2024.07.29 20:40;1.08244;1.08257;1.08244;1.08254;179;0
2024.07.29 20:50;1.08254;1.08258;1.08240;1.08250;197;1
2024.07.29 21:00;1.08251;1.08251;1.08234;1.08235;115;0
2024.07.29 21:10;1.08235;1.08241;1.08229;1.08231;165;1
2024.07.29 21:20;1.08231;1.08241;1.08220;1.08221;118;1
2024.07.29 21:30;1.08220;1.08221;1.08198;1.08199;121;0
2024.07.29 21:40;1.08200;1.08216;1.08194;1.08215;204;1
2024.07.29 21:50;1.08216;1.08226;1.08199;1.08220;213;0
2024.07.29 22:00;1.08220;1.08247;1.08214;1.08234;208;0
2024.07.29 22:10;1.08235;1.08246;1.08234;1.08240;225;1
2024.07.29 22:20;1.08240;1.08252;1.08231;1.08245;207;1
2024.07.29 22:30;1.08245;1.08256;1.08239;1.08251;223;1
2024.07.29 22:40;1.08251;1.08255;1.08235;1.08236;174;1
2024.07.29 22:50;1.08236;1.08241;1.08223;1.08237;241;1
2024.07.29 23:00;1.08237;1.08237;1.08223;1.08224;83;1
2024.07.29 23:10;1.08224;1.08226;1.08220;1.08226;71;1
2024.07.29 23:20;1.08225;1.08226;1.08206;1.08211;149;1
2024.07.29 23:30;1.08210;1.08216;1.08194;1.08206;206;1
2024.07.29 23:40;1.08205;1.08212;1.08203;1.08210;107;3
2024.07.29 23:50;1.08209;1.08219;1.08204;1.08206;182;0
2024.07.30 00:00;1.08198;1.08233;1.08191;1.08233;91;12
2024.07.30 00:10;1.08233;1.08233;1.08203;1.08218;74;10
2024.07.30 00:20;1.08218;1.08223;1.08211;1.08215;38;16
2024.07.30 00:30;1.08215;1.08222;1.08214;1.08216;52;9
2024.07.30 00:40;1.08216;1.08222;1.08208;1.08222;63;12
2024.07.30 00:50;1.08214;1.08223;1.08214;1.08221;47;8
2024.07.30 01:00;1.08223;1.08230;1.08210;1.08218;144;6
2024.07.30 01:10;1.08218;1.08227;1.08214;1.08219;67;1
2024.07.30 01:20;1.08219;1.08224;1.08218;1.08224;32;1
2024.07.30 01:30;1.08221;1.08235;1.08220;1.08231;62;1
2024.07.30 01:40;1.08231;1.08234;1.08226;1.08230;37;2
2024.07.30 01:50;1.08233;1.08235;1.08219;1.08219;94;1
2024.07.30 02:00;1.08221;1.08221;1.08200;1.08200;175;1
2024.07.30 02:10;1.08200;1.08220;1.08200;1.08219;82;2
2024.07.30 02:20;1.08219;1.08220;1.08208;1.08213;66;2
2024.07.30 02:30;1.08213;1.08220;1.08208;1.08214;67;1
2024.07.30 02:40;1.08214;1.08218;1.08204;1.08213;105;2
2024.07.30 02:50;1.08213;1.08215;1.08181;1.08191;132;0
2024.07.30 03:00;1.08190;1.08200;1.08170;1.08178;209;1
2024.07.30 03:10;1.08179;1.08182;1.08160;1.08164;182;1
2024.07.30 03:20;1.08164;1.08176;1.08158;1.08168;177;1
2024.07.30 03:30;1.08168;1.08181;1.08153;1.08161;153;1
2024.07.30 03:40;1.08161;1.08173;1.08161;1.08171;120;1
2024.07.30 03:50;1.08171;1.08180;1.08157;1.08171;143;1
2024.07.30 04:00;1.08170;1.08188;1.08167;1.08187;158;0
2024.07.30 04:10;1.08187;1.08200;1.08158;1.08173;187;1
2024.07.30 04:20;1.08172;1.08172;1.08151;1.08155;197;1
2024.07.30 04:30;1.08154;1.08167;1.08148;1.08158;208;1
2024.07.30 04:40;1.08158;1.08166;1.08142;1.08155;240;0
2024.07.30 04:50;1.08155;1.08180;1.08146;1.08175;200;1
2024.07.30 05:00;1.08174;1.08186;1.08156;1.08174;171;0
2024.07.30 05:10;1.08174;1.08179;1.08170;1.08173;128;1
2024.07.30 05:20;1.08173;1.08173;1.08154;1.08156;93;1
2024.07.30 05:30;1.08157;1.08164;1.08147;1.08152;122;1
2024.07.30 05:40;1.08152;1.08175;1.08152;1.08169;169;1
2024.07.30 05:50;1.08170;1.08181;1.08169;1.08179;134;1
2024.07.30 06:00;1.08179;1.08191;1.08173;1.08187;114;1
2024.07.30 06:10;1.08187;1.08194;1.08180;1.08193;135;1
2024.07.30 06:20;1.08192;1.08198;1.08189;1.08190;98;1
2024.07.30 06:30;1.08190;1.08195;1.08177;1.08192;98;1
2024.07.30 06:40;1.08192;1.08212;1.08188;1.08211;112;1
2024.07.30 06:50;1.08212;1.08224;1.08211;1.08221;117;2
2024.07.30 07:00;1.08219;1.08239;1.08219;1.08232;88;1
2024.07.30 07:10;1.08232;1.08249;1.08231;1.08247;64;1
2024.07.30 07:20;1.08247;1.08249;1.08242;1.08247;77;1
2024.07.30 07:30;1.08247;1.08252;1.08229;1.08231;104;1
2024.07.30 07:40;1.08231;1.08234;1.08220;1.08232;133;1
2024.07.30 07:50;1.08231;1.08244;1.08225;1.08241;139;1
2024.07.30 08:00;1.08238;1.08248;1.08236;1.08245;158;1
2024.07.30 08:10;1.08245;1.08247;1.08225;1.08228;125;1
2024.07.30 08:20;1.08226;1.08230;1.08217;1.08230;106;1
2024.07.30 08:30;1.08231;1.08231;1.08216;1.08220;134;1
2024.07.30 08:40;1.08221;1.08235;1.08202;1.08206;179;1
2024.07.30 08:50;1.08207;1.08215;1.08191;1.08205;227;0
2024.07.30 09:00;1.08199;1.08207;1.08177;1.08207;267;1
2024.07.30 09:10;1.08207;1.08222;1.08196;1.08208;248;1
2024.07.30 09:20;1.08208;1.08236;1.08186;1.08232;278;1
2024.07.30 09:30;1.08237;1.08245;1.08217;1.08217;345;1
2024.07.30 09:40;1.08220;1.08233;1.08188;1.08200;486;1
2024.07.30 09:50;1.08200;1.08226;1.08197;1.08222;311;1
2024.07.30 10:00;1.08222;1.08247;1.08180;1.08244;450;1
2024.07.30 10:10;1.08244;1.08266;1.08230;1.08240;386;1
2024.07.30 10:20;1.08240;1.08256;1.08236;1.08239;345;0
2024.07.30 10:30;1.08240;1.08257;1.08217;1.08252;304;1
2024.07.30 10:40;1.08251;1.08257;1.08228;1.08229;335;1
2024.07.30 10:50;1.08229;1.08229;1.08165;1.08177;312;1
2024.07.30 11:00;1.08179;1.08273;1.08158;1.08255;508;0
2024.07.30 11:10;1.08258;1.08265;1.08228;1.08263;405;1
2024.07.30 11:20;1.08262;1.08307;1.08262;1.08302;409;1
2024.07.30 11:30;1.08303;1.08341;1.08301;1.08341;336;1
2024.07.30 11:40;1.08343;1.08346;1.08306;1.08321;328;1
2024.07.30 11:50;1.08321;1.08327;1.08264;1.08288;280;1
2024.07.30 12:00;1.08287;1.08319;1.08278;1.08318;388;1
2024.07.30 12:10;1.08317;1.08331;1.08303;1.08320;347;1
2024.07.30 12:20;1.08320;1.08338;1.08316;1.08328;266;1
2024.07.30 12:30;1.08327;1.08336;1.08318;1.08328;225;1
2024.07.30 12:40;1.08328;1.08351;1.08325;1.08347;224;1
2024.07.30 12:50;1.08347;1.08351;1.08314;1.08318;240;1
2024.07.30 13:00;1.08318;1.08356;1.08317;1.08351;261;1
2024.07.30 13:10;1.08351;1.08355;1.08321;1.08325;228;1
2024.07.30 13:20;1.08325;1.08354;1.08324;1.08349;224;1
2024.07.30 13:30;1.08350;1.08356;1.08330;1.08343;253;1
2024.07.30 13:40;1.08343;1.08344;1.08320;1.08326;146;1
2024.07.30 13:50;1.08325;1.08351;1.08325;1.08333;184;1
2024.07.30 14:00;1.08333;1.08335;1.08294;1.08301;197;1
2024.07.30 14:10;1.08301;1.08315;1.08292;1.08298;227;0
2024.07.30 14:20;1.08298;1.08310;1.08284;1.08290;212;1
2024.07.30 14:30;1.08290;1.08296;1.08284;1.08292;196;1
2024.07.30 14:40;1.08291;1.08291;1.08260;1.08268;204;1
2024.07.30 14:50;1.08269;1.08278;1.08239;1.08243;264;1
2024.07.30 15:00;1.08240;1.08260;1.08230;1.08236;310;1
2024.07.30 15:10;1.08236;1.08236;1.08199;1.08201;250;1
2024.07.30 15:20;1.08202;1.08203;1.08146;1.08157;330;1
2024.07.30 15:30;1.08155;1.08162;1.08056;1.08085;421;0
2024.07.30 15:40;1.08085;1.08126;1.08078;1.08116;432;1
2024.07.30 15:50;1.08117;1.08117;1.08016;1.08018;496;1
2024.07.30 16:00;1.08018;1.08078;1.08015;1.08047;423;1
2024.07.30 16:10;1.08047;1.08133;1.08047;1.08115;460;0
2024.07.30 16:20;1.08115;1.08149;1.08111;1.08137;351;1
2024.07.30 16:30;1.08137;1.08152;1.08115;1.08125;449;1
2024.07.30 16:40;1.08124;1.08132;1.08075;1.08075;448;1
2024.07.30 16:50;1.08075;1.08108;1.08073;1.08102;434;1
2024.07.30 17:00;1.08101;1.08101;1.07998;1.08000;635;0
2024.07.30 17:10;1.07999;1.08036;1.07992;1.08013;546;0
2024.07.30 17:20;1.08018;1.08071;1.08018;1.08028;516;1
2024.07.30 17:30;1.08027;1.08068;1.08020;1.08044;509;0
2024.07.30 17:40;1.08044;1.08046;1.07984;1.08012;483;0
2024.07.30 17:50;1.08011;1.08062;1.08011;1.08051;521;1
2024.07.30 18:00;1.08051;1.08060;1.08021;1.08032;566;1
2024.07.30 18:10;1.08030;1.08056;1.08021;1.08030;495;1
2024.07.30 18:20;1.08030;1.08041;1.07990;1.08036;414;1
2024.07.30 18:30;1.08035;1.08089;1.08027;1.08071;398;1
2024.07.30 18:40;1.08072;1.08110;1.08061;1.08086;354;0
2024.07.30 18:50;1.08086;1.08092;1.08079;1.08087;311;1
2024.07.30 19:00;1.08088;1.08117;1.08068;1.08114;258;1
2024.07.30 19:10;1.08114;1.08127;1.08091;1.08116;248;1
2024.07.30 19:20;1.08117;1.08137;1.08099;1.08133;327;1
2024.07.30 19:30;1.08134;1.08146;1.08109;1.08137;363;1
2024.07.30 19:40;1.08138;1.08166;1.08133;1.08157;335;1
2024.07.30 19:50;1.08157;1.08161;1.08127;1.08136;414;1
2024.07.30 20:00;1.08137;1.08153;1.08098;1.08109;415;0
2024.07.30 20:10;1.08109;1.08150;1.08109;1.08147;360;1
2024.07.30 20:20;1.08148;1.08175;1.08132;1.08137;342;1
2024.07.30 20:30;1.08136;1.08169;1.08133;1.08167;332;1
2024.07.30 20:40;1.08167;1.08167;1.08148;1.08161;316;1
2024.07.30 20:50;1.08161;1.08170;1.08131;1.08142;268;1
2024.07.30 21:00;1.08143;1.08144;1.08119;1.08140;270;1
2024.07.30 21:10;1.08141;1.08161;1.08140;1.08156;294;1
2024.07.30 21:20;1.08156;1.08157;1.08124;1.08130;258;1
2024.07.30 21:30;1.08129;1.08137;1.08110;1.08122;203;1
2024.07.30 21:40;1.08123;1.08130;1.08108;1.08110;197;1
2024.07.30 21:50;1.08111;1.08119;1.08101;1.08111;155;1
2024.07.30 22:00;1.08110;1.08120;1.08104;1.08116;154;1
2024.07.30 22:10;1.08115;1.08133;1.08115;1.08130;161;1
2024.07.30 22:20;1.08130;1.08132;1.08119;1.08131;187;1
2024.07.30 22:30;1.08130;1.08136;1.08104;1.08107;215;1
2024.07.30 22:40;1.08107;1.08123;1.08093;1.08119;246;1
2024.07.30 22:50;1.08119;1.08120;1.08095;1.08106;214;1
2024.07.30 23:00;1.08107;1.08115;1.08084;1.08097;207;1
2024.07.30 23:10;1.08097;1.08118;1.08091;1.08116;117;1
2024.07.30 23:20;1.08116;1.08121;1.08107;1.08120;44;1
2024.07.30 23:30;1.08120;1.08123;1.08111;1.08122;146;1
2024.07.30 23:40;1.08122;1.08142;1.08115;1.08142;70;1
2024.07.30 23:50;1.08143;1.08150;1.08136;1.08141;139;0
2024.07.31 00:00;1.08140;1.08140;1.08117;1.08135;26;14
2024.07.31 00:10;1.08137;1.08142;1.08132;1.08139;28;2
2024.07.31 00:20;1.08139;1.08143;1.08137;1.08137;22;1
2024.07.31 00:30;1.08137;1.08140;1.08133;1.08133;28;1
2024.07.31 00:40;1.08133;1.08134;1.08125;1.08133;37;4
2024.07.31 00:50;1.08134;1.08134;1.08129;1.08134;17;1
2024.07.31 01:00;1.08134;1.08162;1.08133;1.08158;182;1
2024.07.31 01:10;1.08154;1.08161;1.08145;1.08155;148;0
2024.07.31 01:20;1.08155;1.08161;1.08146;1.08158;149;0
2024.07.31 01:30;1.08156;1.08161;1.08144;1.08149;94;1
2024.07.31 01:40;1.08149;1.08153;1.08143;1.08149;98;1
2024.07.31 01:50;1.08149;1.08153;1.08122;1.08145;149;0
2024.07.31 02:00;1.08145;1.08155;1.08140;1.08151;111;1
2024.07.31 02:10;1.08151;1.08166;1.08151;1.08155;111;1
2024.07.31 02:20;1.08155;1.08171;1.08153;1.08171;103;1
2024.07.31 02:30;1.08170;1.08174;1.08163;1.08170;99;1
2024.07.31 02:40;1.08170;1.08178;1.08167;1.08171;121;1
2024.07.31 02:50;1.08171;1.08174;1.08147;1.08156;131;1
2024.07.31 03:00;1.08156;1.08170;1.08132;1.08139;201;1
2024.07.31 03:10;1.08139;1.08160;1.08127;1.08155;174;1
2024.07.31 03:20;1.08156;1.08176;1.08154;1.08175;234;1
2024.07.31 03:30;1.08175;1.08190;1.08174;1.08184;195;0
2024.07.31 03:40;1.08185;1.08192;1.08180;1.08190;122;1
2024.07.31 03:50;1.08191;1.08200;1.08185;1.08199;288;0
2024.07.31 04:00;1.08200;1.08213;1.08196;1.08210;165;1
2024.07.31 04:10;1.08210;1.08235;1.08210;1.08212;250;1
2024.07.31 04:20;1.08211;1.08219;1.08196;1.08200;170;1
2024.07.31 04:30;1.08200;1.08233;1.08166;1.08232;547;1
2024.07.31 04:40;1.08233;1.08242;1.08212;1.08240;341;1
2024.07.31 04:50;1.08241;1.08242;1.08211;1.08221;258;1
2024.07.31 05:00;1.08221;1.08252;1.08201;1.08238;209;0
2024.07.31 05:10;1.08237;1.08247;1.08207;1.08231;280;1
2024.07.31 05:20;1.08231;1.08262;1.08230;1.08257;231;1
2024.07.31 05:30;1.08257;1.08275;1.08253;1.08262;197;1
2024.07.31 05:40;1.08261;1.08282;1.08261;1.08271;156;0
2024.07.31 05:50;1.08271;1.08277;1.08265;1.08265;125;1
2024.07.31 06:00;1.08263;1.08271;1.08255;1.08255;126;0
2024.07.31 06:10;1.08254;1.08296;1.08254;1.08289;187;1
2024.07.31 06:20;1.08289;1.08295;1.08276;1.08293;150;2
2024.07.31 06:30;1.08293;1.08301;1.08266;1.08274;147;1
2024.07.31 06:40;1.08274;1.08275;1.08253;1.08256;191;1
2024.07.31 06:50;1.08256;1.08282;1.08218;1.08220;333;1
2024.07.31 07:00;1.08220;1.08259;1.08215;1.08244;356;0
2024.07.31 07:10;1.08244;1.08245;1.08217;1.08232;269;1
2024.07.31 07:20;1.08232;1.08250;1.08231;1.08246;209;1
2024.07.31 07:30;1.08245;1.08248;1.08230;1.08248;151;1
2024.07.31 07:40;1.08248;1.08252;1.08241;1.08247;177;1
2024.07.31 07:50;1.08247;1.08259;1.08232;1.08254;191;1
2024.07.31 08:00;1.08256;1.08266;1.08242;1.08252;166;0
2024.07.31 08:10;1.08252;1.08252;1.08235;1.08250;103;1
2024.07.31 08:20;1.08250;1.08250;1.08225;1.08235;153;1
2024.07.31 08:30;1.08236;1.08236;1.08205;1.08210;194;1
2024.07.31 08:40;1.08210;1.08234;1.08202;1.08226;237;1
2024.07.31 08:50;1.08226;1.08268;1.08219;1.08248;253;1
2024.07.31 09:00;1.08246;1.08246;1.08181;1.08202;428;0
2024.07.31 09:10;1.08202;1.08245;1.08202;1.08206;377;1
2024.07.31 09:20;1.08206;1.08221;1.08171;1.08202;358;1
2024.07.31 09:30;1.08202;1.08204;1.08164;1.08173;371;1
2024.07.31 09:40;1.08173;1.08224;1.08158;1.08193;472;0
2024.07.31 09:50;1.08192;1.08254;1.08169;1.08254;442;1
2024.07.31 10:00;1.08252;1.08252;1.08142;1.08181;559;1
2024.07.31 10:10;1.08183;1.08206;1.08116;1.08158;513;1
2024.07.31 10:20;1.08157;1.08205;1.08150;1.08204;496;1
2024.07.31 10:30;1.08203;1.08214;1.08152;1.08172;458;1
2024.07.31 10:40;1.08172;1.08241;1.08140;1.08228;501;1
2024.07.31 10:50;1.08228;1.08242;1.08180;1.08180;430;0
2024.07.31 11:00;1.08181;1.08183;1.08097;1.08117;542;1
2024.07.31 11:10;1.08114;1.08131;1.08065;1.08131;535;1
2024.07.31 11:20;1.08132;1.08172;1.08129;1.08162;434;1
2024.07.31 11:30;1.08161;1.08161;1.08108;1.08153;431;1
2024.07.31 11:40;1.08153;1.08198;1.08150;1.08188;412;1
2024.07.31 11:50;1.08187;1.08277;1.08177;1.08221;392;1
2024.07.31 12:00;1.08222;1.08256;1.08220;1.08244;407;0
2024.07.31 12:10;1.08244;1.08267;1.08226;1.08252;349;1
2024.07.31 12:20;1.08251;1.08268;1.08234;1.08263;402;1
2024.07.31 12:30;1.08263;1.08268;1.08247;1.08256;331;1
2024.07.31 12:40;1.08256;1.08267;1.08250;1.08260;286;1
2024.07.31 12:50;1.08260;1.08276;1.08246;1.08259;308;1
2024.07.31 13:00;1.08258;1.08332;1.08250;1.08312;331;0
2024.07.31 13:10;1.08311;1.08322;1.08265;1.08276;314;0
2024.07.31 13:20;1.08274;1.08321;1.08271;1.08310;296;1
2024.07.31 13:30;1.08310;1.08335;1.08304;1.08326;285;1
2024.07.31 13:40;1.08327;1.08353;1.08297;1.08297;247;1
2024.07.31 13:50;1.08297;1.08331;1.08296;1.08330;235;0
2024.07.31 14:00;1.08330;1.08353;1.08326;1.08336;211;1
2024.07.31 14:10;1.08335;1.08377;1.08332;1.08372;285;1
2024.07.31 14:20;1.08375;1.08390;1.08351;1.08359;277;0
2024.07.31 14:30;1.08364;1.08397;1.08357;1.08390;294;0
2024.07.31 14:40;1.08389;1.08402;1.08323;1.08332;297;0
2024.07.31 14:50;1.08334;1.08337;1.08268;1.08282;304;0
2024.07.31 15:00;1.08279;1.08292;1.08250;1.08280;425;1
2024.07.31 15:10;1.08280;1.08343;1.08275;1.08340;400;1
2024.07.31 15:20;1.08341;1.08439;1.08341;1.08412;481;0
2024.07.31 15:30;1.08402;1.08481;1.08385;1.08385;677;0
2024.07.31 15:40;1.08382;1.08434;1.08368;1.08426;459;0
2024.07.31 15:50;1.08425;1.08435;1.08368;1.08409;448;1
2024.07.31 16:00;1.08408;1.08440;1.08386;1.08436;440;0
2024.07.31 16:10;1.08436;1.08456;1.08425;1.08454;433;1
2024.07.31 16:20;1.08454;1.08464;1.08412;1.08460;403;1
2024.07.31 16:30;1.08460;1.08493;1.08448;1.08462;488;1
2024.07.31 16:40;1.08461;1.08461;1.08415;1.08432;386;1
2024.07.31 16:50;1.08431;1.08440;1.08399;1.08429;507;0
2024.07.31 17:00;1.08430;1.08466;1.08405;1.08407;513;1
2024.07.31 17:10;1.08408;1.08436;1.08368;1.08370;541;1
2024.07.31 17:20;1.08374;1.08398;1.08369;1.08397;507;0
2024.07.31 17:30;1.08396;1.08420;1.08356;1.08359;446;1
2024.07.31 17:40;1.08359;1.08360;1.08222;1.08263;534;1
2024.07.31 17:50;1.08263;1.08264;1.08173;1.08213;719;0
2024.07.31 18:00;1.08214;1.08252;1.08202;1.08242;584;1
2024.07.31 18:10;1.08242;1.08252;1.08201;1.08204;492;0
2024.07.31 18:20;1.08207;1.08232;1.08190;1.08204;387;1
2024.07.31 18:30;1.08205;1.08278;1.08205;1.08270;432;1
2024.07.31 18:40;1.08270;1.08271;1.08225;1.08229;346;1
2024.07.31 18:50;1.08230;1.08239;1.08201;1.08231;359;1
2024.07.31 19:00;1.08227;1.08232;1.08161;1.08162;346;0
2024.07.31 19:10;1.08162;1.08169;1.08115;1.08118;270;1
2024.07.31 19:20;1.08118;1.08139;1.08071;1.08078;339;0
2024.07.31 19:30;1.08077;1.08100;1.08056;1.08068;345;0
2024.07.31 19:40;1.08068;1.08092;1.08044;1.08080;326;1
2024.07.31 19:50;1.08081;1.08097;1.08070;1.08092;279;1
2024.07.31 20:00;1.08092;1.08116;1.08086;1.08106;234;0
2024.07.31 20:10;1.08106;1.08112;1.08077;1.08088;212;1
2024.07.31 20:20;1.08088;1.08102;1.08077;1.08089;252;1
2024.07.31 20:30;1.08089;1.08089;1.08057;1.08087;335;1
2024.07.31 20:40;1.08088;1.08133;1.08088;1.08133;324;1
2024.07.31 20:50;1.08133;1.08166;1.08132;1.08152;352;1
2024.07.31 21:00;1.08147;1.08159;1.08018;1.08083;816;0
2024.07.31 21:10;1.08087;1.08117;1.08046;1.08103;530;0
2024.07.31 21:20;1.08098;1.08133;1.08080;1.08131;482;1
2024.07.31 21:30;1.08129;1.08222;1.08118;1.08210;651;0
2024.07.31 21:40;1.08212;1.08291;1.08206;1.08278;714;0
2024.07.31 21:50;1.08278;1.08290;1.08214;1.08267;704;1
2024.07.31 22:00;1.08261;1.08313;1.08260;1.08282;528;0
2024.07.31 22:10;1.08282;1.08328;1.08276;1.08303;548;1
2024.07.31 22:20;1.08304;1.08307;1.08221;1.08225;607;1
2024.07.31 22:30;1.08222;1.08281;1.08193;1.08244;601;1
2024.07.31 22:40;1.08244;1.08314;1.08244;1.08285;534;0
2024.07.31 22:50;1.08284;1.08312;1.08222;1.08228;500;0
2024.07.31 23:00;1.08225;1.08239;1.08170;1.08239;265;0
2024.07.31 23:10;1.08238;1.08260;1.08237;1.08238;173;1
2024.07.31 23:20;1.08238;1.08258;1.08231;1.08243;146;1
2024.07.31 23:30;1.08244;1.08279;1.08241;1.08274;280;0
2024.07.31 23:40;1.08274;1.08279;1.08235;1.08251;173;1
2024.07.31 23:50;1.08251;1.08265;1.08246;1.08247;215;0
2024.08.01 00:00;1.08238;1.08245;1.08220;1.08245;49;4
2024.08.01 00:10;1.08245;1.08272;1.08233;1.08262;49;1
2024.08.01 00:20;1.08262;1.08274;1.08257;1.08264;20;1
2024.08.01 00:30;1.08264;1.08267;1.08257;1.08264;35;5
2024.08.01 00:40;1.08264;1.08266;1.08260;1.08265;35;4
2024.08.01 00:50;1.08265;1.08265;1.08258;1.08261;21;1
2024.08.01 01:00;1.08264;1.08308;1.08262;1.08301;90;0
2024.08.01 01:10;1.08301;1.08303;1.08272;1.08273;119;1
2024.08.01 01:20;1.08273;1.08277;1.08268;1.08268;54;1
2024.08.01 01:30;1.08268;1.08269;1.08256;1.08257;75;1
2024.08.01 01:40;1.08255;1.08260;1.08250;1.08253;56;1
2024.08.01 01:50;1.08253;1.08254;1.08241;1.08243;80;1
2024.08.01 02:00;1.08245;1.08248;1.08232;1.08233;110;1
2024.08.01 02:10;1.08234;1.08252;1.08233;1.08250;69;1
2024.08.01 02:20;1.08252;1.08255;1.08231;1.08245;108;1
2024.08.01 02:30;1.08245;1.08248;1.08240;1.08241;53;1
2024.08.01 02:40;1.08241;1.08248;1.08217;1.08220;49;1
2024.08.01 02:50;1.08221;1.08251;1.08219;1.08238;150;1
2024.08.01 03:00;1.08236;1.08267;1.08233;1.08259;269;1
2024.08.01 03:10;1.08258;1.08298;1.08250;1.08298;280;1
2024.08.01 03:20;1.08298;1.08301;1.08276;1.08291;204;1
2024.08.01 03:30;1.08291;1.08291;1.08259;1.08260;263;1
2024.08.01 03:40;1.08261;1.08284;1.08249;1.08267;243;1
2024.08.01 03:50;1.08267;1.08290;1.08250;1.08277;318;1
2024.08.01 04:00;1.08276;1.08309;1.08276;1.08286;314;1
2024.08.01 04:10;1.08281;1.08294;1.08269;1.08289;266;1
2024.08.01 04:20;1.08288;1.08316;1.08287;1.08311;268;0
2024.08.01 04:30;1.08311;1.08332;1.08309;1.08330;354;0
2024.08.01 04:40;1.08331;1.08336;1.08306;1.08320;228;1
2024.08.01 04:50;1.08321;1.08324;1.08274;1.08276;295;1
2024.08.01 05:00;1.08274;1.08277;1.08242;1.08255;266;0
2024.08.01 05:10;1.08256;1.08268;1.08245;1.08265;234;1
2024.08.01 05:20;1.08265;1.08306;1.08264;1.08286;256;1
2024.08.01 05:30;1.08286;1.08295;1.08268;1.08290;220;1
2024.08.01 05:40;1.08291;1.08306;1.08285;1.08292;264;1
2024.08.01 05:50;1.08291;1.08305;1.08254;1.08262;283;1
2024.08.01 06:00;1.08261;1.08294;1.08257;1.08292;213;1
2024.08.01 06:10;1.08292;1.08306;1.08291;1.08299;158;1
2024.08.01 06:20;1.08300;1.08322;1.08300;1.08321;125;1
2024.08.01 06:30;1.08321;1.08345;1.08312;1.08335;177;1
2024.08.01 06:40;1.08335;1.08336;1.08309;1.08323;180;1
2024.08.01 06:50;1.08323;1.08334;1.08323;1.08328;144;1
2024.08.01 07:00;1.08328;1.08345;1.08316;1.08336;126;1
2024.08.01 07:10;1.08336;1.08352;1.08334;1.08348;143;1
2024.08.01 07:20;1.08348;1.08349;1.08320;1.08325;148;1
2024.08.01 07:30;1.08325;1.08333;1.08309;1.08321;163;1
2024.08.01 07:40;1.08321;1.08323;1.08309;1.08316;138;2
2024.08.01 07:50;1.08316;1.08316;1.08262;1.08266;151;1
2024.08.01 08:00;1.08267;1.08272;1.08252;1.08272;148;1
2024.08.01 08:10;1.08271;1.08277;1.08264;1.08275;209;1
2024.08.01 08:20;1.08277;1.08291;1.08263;1.08277;221;1
2024.08.01 08:30;1.08277;1.08296;1.08270;1.08286;219;1
2024.08.01 08:40;1.08284;1.08290;1.08265;1.08266;192;0
2024.08.01 08:50;1.08266;1.08285;1.08259;1.08272;258;1
2024.08.01 09:00;1.08267;1.08277;1.08226;1.08230;401;1
2024.08.01 09:10;1.08229;1.08237;1.08207;1.08230;348;1
2024.08.01 09:20;1.08231;1.08241;1.08172;1.08176;353;1
2024.08.01 09:30;1.08175;1.08178;1.08119;1.08136;431;1
2024.08.01 09:40;1.08134;1.08153;1.08115;1.08130;412;1
2024.08.01 09:50;1.08130;1.08163;1.08110;1.08161;380;1
2024.08.01 10:00;1.08162;1.08199;1.08126;1.08141;533;1
2024.08.01 10:10;1.08140;1.08143;1.08075;1.08117;432;1
2024.08.01 10:20;1.08117;1.08117;1.08072;1.08088;438;1
2024.08.01 10:30;1.08088;1.08093;1.08041;1.08046;353;1
2024.08.01 10:40;1.08046;1.08079;1.08029;1.08036;430;0
2024.08.01 10:50;1.08032;1.08042;1.07990;1.08010;396;1
2024.08.01 11:00;1.08010;1.08021;1.07916;1.07919;478;1
2024.08.01 11:10;1.07919;1.07919;1.07813;1.07833;528;0
2024.08.01 11:20;1.07832;1.07868;1.07819;1.07842;374;0
2024.08.01 11:30;1.07842;1.07881;1.07839;1.07864;430;1
2024.08.01 11:40;1.07864;1.07908;1.07864;1.07882;419;1
2024.08.01 11:50;1.07882;1.07883;1.07843;1.07843;393;1
2024.08.01 12:00;1.07843;1.07843;1.07785;1.07802;407;1
2024.08.01 12:10;1.07806;1.07858;1.07796;1.07821;349;1
2024.08.01 12:20;1.07822;1.07829;1.07801;1.07822;342;1
2024.08.01 12:30;1.07822;1.07855;1.07816;1.07852;325;1
2024.08.01 12:40;1.07852;1.07862;1.07802;1.07813;286;1
2024.08.01 12:50;1.07813;1.07832;1.07773;1.07778;373;1
2024.08.01 13:00;1.07782;1.07823;1.07780;1.07816;313;1
2024.08.01 13:10;1.07816;1.07871;1.07816;1.07862;309;1
2024.08.01 13:20;1.07862;1.07892;1.07859;1.07872;244;0
2024.08.01 13:30;1.07872;1.07887;1.07870;1.07886;215;1
2024.08.01 13:40;1.07886;1.07896;1.07835;1.07837;210;1
2024.08.01 13:50;1.07837;1.07849;1.07806;1.07843;323;0
2024.08.01 14:00;1.07843;1.07928;1.07807;1.07923;546;0
2024.08.01 14:10;1.07923;1.07955;1.07912;1.07929;419;0
2024.08.01 14:20;1.07929;1.07936;1.07893;1.07911;375;1
2024.08.01 14:30;1.07910;1.07932;1.07883;1.07883;356;1
2024.08.01 14:40;1.07884;1.07928;1.07859;1.07902;329;1
2024.08.01 14:50;1.07901;1.07949;1.07901;1.07918;377;1
2024.08.01 15:00;1.07919;1.07921;1.07870;1.07890;528;1
2024.08.01 15:10;1.07889;1.07929;1.07870;1.07905;448;1
2024.08.01 15:20;1.07906;1.07954;1.07900;1.07905;434;1
2024.08.01 15:30;1.07900;1.08082;1.07900;1.07994;746;0
2024.08.01 15:40;1.07992;1.08010;1.07953;1.07965;550;0
2024.08.01 15:50;1.07968;1.07996;1.07951;1.07964;487;0
2024.08.01 16:00;1.07964;1.07965;1.07882;1.07882;531;0
2024.08.01 16:10;1.07882;1.07921;1.07872;1.07902;519;0
2024.08.01 16:20;1.07903;1.07942;1.07881;1.07920;461;1
2024.08.01 16:30;1.07917;1.07999;1.07914;1.07998;550;1
2024.08.01 16:40;1.07998;1.08058;1.07993;1.08042;425;1
2024.08.01 16:50;1.08042;1.08060;1.08024;1.08024;463;1
2024.08.01 17:00;1.08022;1.08181;1.08022;1.08131;750;0
2024.08.01 17:10;1.08131;1.08147;1.08033;1.08037;644;1
2024.08.01 17:20;1.08038;1.08045;1.07960;1.08004;675;0
2024.08.01 17:30;1.08006;1.08042;1.07985;1.07998;598;1
2024.08.01 17:40;1.07999;1.08000;1.07873;1.07897;628;1
2024.08.01 17:50;1.07897;1.07944;1.07885;1.07921;647;1
2024.08.01 18:00;1.07921;1.07946;1.07871;1.07884;561;1
2024.08.01 18:10;1.07884;1.07895;1.07858;1.07879;509;1
2024.08.01 18:20;1.07880;1.07891;1.07836;1.07848;534;1
2024.08.01 18:30;1.07849;1.07887;1.07842;1.07872;502;1
2024.08.01 18:40;1.07872;1.07897;1.07851;1.07894;415;1
2024.08.01 18:50;1.07894;1.07927;1.07886;1.07886;435;1
2024.08.01 19:00;1.07888;1.07946;1.07880;1.07930;436;1
2024.08.01 19:10;1.07929;1.07960;1.07906;1.07958;416;1
2024.08.01 19:20;1.07957;1.07967;1.07889;1.07909;439;1
2024.08.01 19:30;1.07910;1.07911;1.07869;1.07869;443;1
2024.08.01 19:40;1.07867;1.07874;1.07833;1.07839;463;1
2024.08.01 19:50;1.07838;1.07863;1.07801;1.07863;418;1
2024.08.01 20:00;1.07862;1.07888;1.07849;1.07866;377;1
2024.08.01 20:10;1.07866;1.07902;1.07858;1.07898;382;1
2024.08.01 20:20;1.07898;1.07906;1.07880;1.07892;310;1
2024.08.01 20:30;1.07892;1.07902;1.07872;1.07882;317;1
2024.08.01 20:40;1.07882;1.07900;1.07874;1.07892;337;1
2024.08.01 20:50;1.07891;1.07919;1.07887;1.07915;367;1
2024.08.01 21:00;1.07915;1.07918;1.07898;1.07905;315;1
2024.08.01 21:10;1.07905;1.07905;1.07857;1.07858;287;1
2024.08.01 21:20;1.07859;1.07880;1.07834;1.07850;325;1
2024.08.01 21:30;1.07850;1.07879;1.07843;1.07879;323;0
2024.08.01 21:40;1.07879;1.07885;1.07842;1.07843;308;1
2024.08.01 21:50;1.07841;1.07863;1.07828;1.07836;356;1
2024.08.01 22:00;1.07838;1.07873;1.07826;1.07872;361;1
2024.08.01 22:10;1.07872;1.07892;1.07863;1.07873;367;1
2024.08.01 22:20;1.07874;1.07915;1.07872;1.07915;358;1
2024.08.01 22:30;1.07914;1.07944;1.07911;1.07942;298;1
2024.08.01 22:40;1.07942;1.07942;1.07912;1.07937;297;1
2024.08.01 22:50;1.07937;1.07955;1.07892;1.07897;445;1
2024.08.01 23:00;1.07896;1.07897;1.07870;1.07875;226;0
2024.08.01 23:10;1.07875;1.07896;1.07871;1.07876;163;1
2024.08.01 23:20;1.07876;1.07877;1.07863;1.07866;94;1
2024.08.01 23:30;1.07865;1.07883;1.07864;1.07876;229;1
2024.08.01 23:40;1.07876;1.07887;1.07866;1.07885;158;1
2024.08.01 23:50;1.07886;1.07912;1.07886;1.07909;276;0
2024.08.02 00:00;1.07905;1.07910;1.07854;1.07906;108;13
2024.08.02 00:10;1.07907;1.07916;1.07876;1.07916;109;1
2024.08.02 00:20;1.07916;1.07916;1.07900;1.07914;114;1
2024.08.02 00:30;1.07914;1.07915;1.07903;1.07915;25;0
2024.08.02 00:40;1.07915;1.07915;1.07903;1.07915;14;5
2024.08.02 00:50;1.07915;1.07915;1.07901;1.07914;19;1
2024.08.02 01:00;1.07906;1.07929;1.07903;1.07909;98;0
2024.08.02 01:10;1.07909;1.07919;1.07899;1.07899;137;0
2024.08.02 01:20;1.07899;1.07911;1.07892;1.07910;167;1
2024.08.02 01:30;1.07910;1.07916;1.07888;1.07893;206;1
2024.08.02 01:40;1.07893;1.07893;1.07874;1.07889;126;1
2024.08.02 01:50;1.07889;1.07895;1.07883;1.07884;133;1
2024.08.02 02:00;1.07885;1.07896;1.07880;1.07890;164;1
2024.08.02 02:10;1.07891;1.07906;1.07884;1.07889;169;1
2024.08.02 02:20;1.07889;1.07905;1.07889;1.07900;179;1
2024.08.02 02:30;1.07899;1.07918;1.07894;1.07914;152;1
2024.08.02 02:40;1.07912;1.07917;1.07885;1.07890;171;1
2024.08.02 02:50;1.07889;1.07890;1.07860;1.07864;189;1
2024.08.02 03:00;1.07862;1.07862;1.07816;1.07840;259;1
2024.08.02 03:10;1.07840;1.07852;1.07834;1.07840;276;1
2024.08.02 03:20;1.07841;1.07890;1.07837;1.07890;278;1
2024.08.02 03:30;1.07890;1.07907;1.07874;1.07891;340;1
2024.08.02 03:40;1.07890;1.07918;1.07885;1.07901;274;0
2024.08.02 03:50;1.07901;1.07926;1.07898;1.07910;285;1
2024.08.02 04:00;1.07910;1.07919;1.07886;1.07919;235;1
2024.08.02 04:10;1.07918;1.07922;1.07901;1.07905;234;1
2024.08.02 04:20;1.07906;1.07906;1.07885;1.07900;182;1
2024.08.02 04:30;1.07901;1.07910;1.07876;1.07907;222;0
2024.08.02 04:40;1.07908;1.07936;1.07908;1.07910;233;0
2024.08.02 04:50;1.07908;1.07921;1.07898;1.07906;249;2
2024.08.02 05:00;1.07907;1.07911;1.07870;1.07887;194;2
2024.08.02 05:10;1.07886;1.07894;1.07870;1.07875;261;2
2024.08.02 05:20;1.07875;1.07881;1.07846;1.07875;374;1
2024.08.02 05:30;1.07875;1.07897;1.07870;1.07884;277;1
2024.08.02 05:40;1.07882;1.07889;1.07871;1.07876;218;1
2024.08.02 05:50;1.07877;1.07917;1.07875;1.07902;173;1
2024.08.02 06:00;1.07902;1.07923;1.07902;1.07921;135;1
2024.08.02 06:10;1.07921;1.07935;1.07916;1.07933;165;1
2024.08.02 06:20;1.07933;1.07950;1.07930;1.07935;144;1
2024.08.02 06:30;1.07934;1.07951;1.07928;1.07930;180;1
2024.08.02 06:40;1.07930;1.07932;1.07916;1.07928;154;1
2024.08.02 06:50;1.07928;1.07934;1.07924;1.07930;161;1
2024.08.02 07:00;1.07931;1.07943;1.07923;1.07937;121;1
2024.08.02 07:10;1.07936;1.07967;1.07929;1.07964;173;1
2024.08.02 07:20;1.07964;1.07972;1.07961;1.07969;126;1
2024.08.02 07:30;1.07968;1.07985;1.07952;1.07957;200;1
2024.08.02 07:40;1.07957;1.07960;1.07948;1.07954;187;1
2024.08.02 07:50;1.07954;1.07977;1.07950;1.07975;169;1
2024.08.02 08:00;1.07976;1.07991;1.07970;1.07985;202;1
2024.08.02 08:10;1.07983;1.08002;1.07974;1.07990;214;1
2024.08.02 08:20;1.07991;1.07992;1.07971;1.07981;207;1
2024.08.02 08:30;1.07980;1.07982;1.07955;1.07963;173;1
2024.08.02 08:40;1.07963;1.08002;1.07963;1.07995;226;1
2024.08.02 08:50;1.07995;1.08041;1.07992;1.08041;354;1
2024.08.02 09:00;1.08038;1.08042;1.08014;1.08039;480;0
2024.08.02 09:10;1.08039;1.08087;1.08034;1.08037;415;1
2024.08.02 09:20;1.08037;1.08063;1.08024;1.08040;354;1
2024.08.02 09:30;1.08038;1.08053;1.07993;1.08003;385;1
2024.08.02 09:40;1.08003;1.08020;1.07972;1.07987;461;0
2024.08.02 09:50;1.07985;1.07997;1.07930;1.07962;520;0
2024.08.02 10:00;1.07962;1.07962;1.07861;1.07924;631;1
2024.08.02 10:10;1.07924;1.07970;1.07900;1.07926;605;1
2024.08.02 10:20;1.07926;1.07963;1.07911;1.07954;595;0
2024.08.02 10:30;1.07956;1.07975;1.07915;1.07947;525;1
2024.08.02 10:40;1.07946;1.08004;1.07941;1.07990;517;0
2024.08.02 10:50;1.07989;1.08040;1.07989;1.08038;526;1
2024.08.02 11:00;1.08038;1.08107;1.08036;1.08087;521;1
2024.08.02 11:10;1.08087;1.08092;1.08032;1.08037;442;1
2024.08.02 11:20;1.08037;1.08116;1.08032;1.08102;438;1
2024.08.02 11:30;1.08101;1.08136;1.08089;1.08099;413;1
2024.08.02 11:40;1.08099;1.08125;1.08079;1.08119;403;1
2024.08.02 11:50;1.08119;1.08152;1.08109;1.08145;379;1
2024.08.02 12:00;1.08144;1.08201;1.08144;1.08196;400;1
2024.08.02 12:10;1.08196;1.08246;1.08172;1.08237;418;1
2024.08.02 12:20;1.08237;1.08247;1.08207;1.08217;384;1
2024.08.02 12:30;1.08213;1.08241;1.08200;1.08232;359;1
2024.08.02 12:40;1.08232;1.08242;1.08173;1.08189;387;1
2024.08.02 12:50;1.08189;1.08210;1.08172;1.08203;409;1
2024.08.02 13:00;1.08203;1.08225;1.08164;1.08179;409;1
2024.08.02 13:10;1.08179;1.08215;1.08154;1.08193;349;0
2024.08.02 13:20;1.08192;1.08218;1.08173;1.08179;372;1
2024.08.02 13:30;1.08182;1.08201;1.08164;1.08178;369;1
2024.08.02 13:40;1.08178;1.08224;1.08167;1.08223;361;1
2024.08.02 13:50;1.08224;1.08245;1.08209;1.08230;356;1
2024.08.02 14:00;1.08229;1.08273;1.08229;1.08273;352;1
2024.08.02 14:10;1.08272;1.08312;1.08270;1.08288;399;1
2024.08.02 14:20;1.08287;1.08362;1.08287;1.08362;403;0
2024.08.02 14:30;1.08364;1.08373;1.08327;1.08331;428;1
2024.08.02 14:40;1.08330;1.08339;1.08301;1.08307;372;1
2024.08.02 14:50;1.08307;1.08318;1.08288;1.08312;403;0
2024.08.02 15:00;1.08312;1.08357;1.08311;1.08347;452;1
2024.08.02 15:10;1.08346;1.08353;1.08314;1.08324;432;1
2024.08.02 15:20;1.08325;1.08347;1.08293;1.08309;484;1
2024.08.02 15:30;1.08311;1.08733;1.08311;1.08497;1053;0
2024.08.02 15:40;1.08499;1.08801;1.08499;1.08800;893;0
2024.08.02 15:50;1.08803;1.08970;1.08799;1.08912;777;0
2024.08.02 16:00;1.08904;1.08931;1.08846;1.08918;752;0
2024.08.02 16:10;1.08924;1.08999;1.08901;1.08963;743;0
2024.08.02 16:20;1.08960;1.09000;1.08930;1.08944;660;0
2024.08.02 16:30;1.08943;1.08959;1.08852;1.08877;691;1
2024.08.02 16:40;1.08872;1.09011;1.08861;1.09007;664;1
2024.08.02 16:50;1.09008;1.09067;1.08992;1.09053;565;0
2024.08.02 17:00;1.09053;1.09084;1.09013;1.09057;750;0
2024.08.02 17:10;1.09057;1.09128;1.09001;1.09121;799;0
2024.08.02 17:20;1.09119;1.09177;1.09090;1.09157;709;1
2024.08.02 17:30;1.09162;1.09175;1.09094;1.09154;776;1
2024.08.02 17:40;1.09155;1.09180;1.09111;1.09162;699;0
2024.08.02 17:50;1.09164;1.09265;1.09152;1.09222;755;0
2024.08.02 18:00;1.09223;1.09243;1.09141;1.09159;670;0
2024.08.02 18:10;1.09160;1.09210;1.09157;1.09200;569;0
2024.08.02 18:20;1.09197;1.09222;1.09161;1.09212;602;1
2024.08.02 18:30;1.09216;1.09247;1.09171;1.09230;568;0
2024.08.02 18:40;1.09229;1.09243;1.09181;1.09185;609;1
2024.08.02 18:50;1.09184;1.09185;1.09121;1.09132;555;0
2024.08.02 19:00;1.09132;1.09132;1.09033;1.09071;662;0
2024.08.02 19:10;1.09071;1.09125;1.09046;1.09124;544;0
2024.08.02 19:20;1.09123;1.09146;1.09113;1.09128;498;1
2024.08.02 19:30;1.09127;1.09144;1.09107;1.09117;442;1
2024.08.02 19:40;1.09117;1.09129;1.09092;1.09113;470;1
2024.08.02 19:50;1.09117;1.09149;1.09111;1.09120;440;1
2024.08.02 20:00;1.09120;1.09154;1.09119;1.09143;409;1
2024.08.02 20:10;1.09144;1.09145;1.09077;1.09114;468;1
2024.08.02 20:20;1.09115;1.09126;1.09071;1.09099;442;1
2024.08.02 20:30;1.09099;1.09125;1.09082;1.09125;435;1
2024.08.02 20:40;1.09126;1.09137;1.09106;1.09115;439;1
2024.08.02 20:50;1.09115;1.09126;1.09097;1.09113;355;1
2024.08.02 21:00;1.09113;1.09123;1.09101;1.09107;290;0
2024.08.02 21:10;1.09107;1.09126;1.09102;1.09117;276;0
2024.08.02 21:20;1.09117;1.09154;1.09114;1.09154;341;1
2024.08.02 21:30;1.09153;1.09166;1.09100;1.09114;345;1
2024.08.02 21:40;1.09114;1.09135;1.09108;1.09128;424;0
2024.08.02 21:50;1.09129;1.09155;1.09116;1.09128;391;1
2024.08.02 22:00;1.09129;1.09129;1.09099;1.09117;425;1
2024.08.02 22:10;1.09116;1.09128;1.09099;1.09122;301;1
2024.08.02 22:20;1.09122;1.09165;1.09122;1.09154;305;1
2024.08.02 22:30;1.09153;1.09159;1.09106;1.09106;317;0
2024.08.02 22:40;1.09107;1.09136;1.09098;1.09108;363;1
2024.08.02 22:50;1.09102;1.09144;1.09097;1.09128;455;1
2024.08.02 23:00;1.09129;1.09139;1.09117;1.09138;183;1
2024.08.02 23:10;1.09138;1.09149;1.09112;1.09122;192;1
2024.08.02 23:20;1.09122;1.09124;1.09079;1.09082;219;1
2024.08.02 23:30;1.09082;1.09099;1.09080;1.09094;338;0
2024.08.02 23:40;1.09094;1.09109;1.09088;1.09104;185;1
2024.08.02 23:50;1.09104;1.09122;1.09091;1.09102;258;1
2024.08.05 00:00;1.09221;1.09232;1.09179;1.09183;102;29
2024.08.05 00:10;1.09183;1.09227;1.09183;1.09193;78;12
2024.08.05 00:20;1.09193;1.09195;1.09182;1.09191;43;0
2024.08.05 00:30;1.09186;1.09206;1.09183;1.09202;67;0
2024.08.05 00:40;1.09202;1.09206;1.09178;1.09188;76;0
2024.08.05 00:50;1.09188;1.09200;1.09187;1.09190;55;0
2024.08.05 01:00;1.09198;1.09206;1.09092;1.09114;315;0
2024.08.05 01:10;1.09109;1.09121;1.09085;1.09089;221;0
2024.08.05 01:20;1.09087;1.09093;1.09059;1.09066;282;1
2024.08.05 01:30;1.09063;1.09069;1.09039;1.09044;226;1
2024.08.05 01:40;1.09045;1.09061;1.09041;1.09043;206;0
2024.08.05 01:50;1.09044;1.09063;1.09029;1.09062;243;1
2024.08.05 02:00;1.09062;1.09090;1.09059;1.09072;306;1
2024.08.05 02:10;1.09072;1.09099;1.09067;1.09093;264;2
2024.08.05 02:20;1.09093;1.09100;1.09054;1.09073;315;2
2024.08.05 02:30;1.09073;1.09109;1.09062;1.09093;391;1
2024.08.05 02:40;1.09093;1.09094;1.09045;1.09061;329;1
2024.08.05 02:50;1.09061;1.09115;1.09044;1.09104;387;1
2024.08.05 03:00;1.09105;1.09118;1.09068;1.09085;386;1
2024.08.05 03:10;1.09085;1.09166;1.09077;1.09163;531;1
2024.08.05 03:20;1.09162;1.09224;1.09155;1.09216;508;0
2024.08.05 03:30;1.09218;1.09218;1.09142;1.09157;524;1
2024.08.05 03:40;1.09155;1.09220;1.09142;1.09205;509;1
2024.08.05 03:50;1.09207;1.09221;1.09160;1.09168;556;0
2024.08.05 04:00;1.09167;1.09174;1.09119;1.09154;516;0
2024.08.05 04:10;1.09154;1.09206;1.09148;1.09206;542;1
2024.08.05 04:20;1.09206;1.09214;1.09165;1.09185;511;1
2024.08.05 04:30;1.09183;1.09193;1.09133;1.09167;537;1
2024.08.05 04:40;1.09168;1.09198;1.09153;1.09185;438;1
2024.08.05 04:50;1.09177;1.09200;1.09139;1.09189;429;1
2024.08.05 05:00;1.09189;1.09205;1.09139;1.09142;421;0
2024.08.05 05:10;1.09144;1.09169;1.09130;1.09131;364;1
2024.08.05 05:20;1.09131;1.09216;1.09130;1.09184;405;1
2024.08.05 05:30;1.09184;1.09195;1.09160;1.09174;325;1
2024.08.05 05:40;1.09174;1.09208;1.09167;1.09199;396;1
2024.08.05 05:50;1.09199;1.09239;1.09196;1.09217;329;1
2024.08.05 06:00;1.09217;1.09240;1.09208;1.09235;272;0
2024.08.05 06:10;1.09239;1.09255;1.09209;1.09213;334;1
2024.08.05 06:20;1.09213;1.09241;1.09210;1.09212;268;1
2024.08.05 06:30;1.09215;1.09254;1.09215;1.09253;312;1
2024.08.05 06:40;1.09250;1.09258;1.09229;1.09247;313;1
2024.08.05 06:50;1.09248;1.09312;1.09235;1.09306;390;1
2024.08.05 07:00;1.09306;1.09341;1.09276;1.09303;365;1
2024.08.05 07:10;1.09306;1.09334;1.09300;1.09323;416;1
2024.08.05 07:20;1.09324;1.09395;1.09317;1.09389;447;1
2024.08.05 07:30;1.09388;1.09395;1.09340;1.09367;538;1
2024.08.05 07:40;1.09366;1.09392;1.09324;1.09329;482;1
2024.08.05 07:50;1.09331;1.09338;1.09316;1.09325;412;1
2024.08.05 08:00;1.09325;1.09349;1.09299;1.09324;445;1
2024.08.05 08:10;1.09323;1.09344;1.09292;1.09339;444;1
2024.08.05 08:20;1.09340;1.09349;1.09288;1.09311;486;1
2024.08.05 08:30;1.09305;1.09370;1.09270;1.09368;603;1
2024.08.05 08:40;1.09368;1.09386;1.09260;1.09266;756;0
2024.08.05 08:50;1.09265;1.09269;1.09120;1.09124;653;1
2024.08.05 09:00;1.09128;1.09178;1.08965;1.09007;932;0
2024.08.05 09:10;1.09006;1.09087;1.08925;1.09078;949;0
2024.08.05 09:20;1.09078;1.09109;1.08987;1.09013;912;1
2024.08.05 09:30;1.09012;1.09131;1.09004;1.09110;925;0
2024.08.05 09:40;1.09112;1.09161;1.09095;1.09118;802;0
2024.08.05 09:50;1.09116;1.09120;1.09037;1.09059;728;0
2024.08.05 10:00;1.09055;1.09269;1.09030;1.09234;850;0
2024.08.05 10:10;1.09233;1.09387;1.09209;1.09333;860;1
2024.08.05 10:20;1.09336;1.09458;1.09315;1.09425;831;1
2024.08.05 10:30;1.09425;1.09669;1.09422;1.09576;830;0
2024.08.05 10:40;1.09573;1.09625;1.09543;1.09590;779;0
2024.08.05 10:50;1.09585;1.09588;1.09375;1.09488;808;0
2024.08.05 11:00;1.09489;1.09721;1.09466;1.09716;763;0
2024.08.05 11:10;1.09716;1.09749;1.09639;1.09683;712;0
2024.08.05 11:20;1.09682;1.09705;1.09600;1.09631;646;1
2024.08.05 11:30;1.09629;1.09745;1.09618;1.09724;685;0
2024.08.05 11:40;1.09722;1.09725;1.09600;1.09623;631;1
2024.08.05 11:50;1.09624;1.09625;1.09476;1.09510;660;1
2024.08.05 12:00;1.09509;1.09567;1.09475;1.09480;622;0
2024.08.05 12:10;1.09480;1.09573;1.09456;1.09565;616;0
2024.08.05 12:20;1.09565;1.09588;1.09482;1.09549;676;1
2024.08.05 12:30;1.09547;1.09608;1.09449;1.09478;680;1
2024.08.05 12:40;1.09478;1.09569;1.09459;1.09545;628;1
2024.08.05 12:50;1.09544;1.09583;1.09503;1.09514;599;1
2024.08.05 13:00;1.09514;1.09514;1.09330;1.09346;656;0
2024.08.05 13:10;1.09348;1.09461;1.09330;1.09458;586;1
2024.08.05 13:20;1.09457;1.09488;1.09439;1.09479;455;1
2024.08.05 13:30;1.09482;1.09504;1.09394;1.09407;587;1
2024.08.05 13:40;1.09407;1.09502;1.09388;1.09438;624;1
2024.08.05 13:50;1.09437;1.09513;1.09420;1.09482;549;1
2024.08.05 14:00;1.09483;1.09500;1.09434;1.09474;564;1
2024.08.05 14:10;1.09474;1.09580;1.09474;1.09531;637;1
2024.08.05 14:20;1.09531;1.09537;1.09475;1.09486;551;1
2024.08.05 14:30;1.09492;1.09522;1.09446;1.09520;539;1
2024.08.05 14:40;1.09520;1.09530;1.09484;1.09512;561;1
2024.08.05 14:50;1.09510;1.09645;1.09482;1.09628;671;1
2024.08.05 15:00;1.09629;1.09694;1.09619;1.09655;627;1
2024.08.05 15:10;1.09655;1.09747;1.09655;1.09695;630;0
2024.08.05 15:20;1.09693;1.09747;1.09660;1.09693;760;0
2024.08.05 15:30;1.09695;1.09812;1.09671;1.09797;720;1
2024.08.05 15:40;1.09802;1.10084;1.09797;1.10031;787;0
2024.08.05 15:50;1.10024;1.10024;1.09834;1.09911;832;0
2024.08.05 16:00;1.09911;1.09945;1.09847;1.09862;894;1
2024.08.05 16:10;1.09864;1.09928;1.09850;1.09916;849;1
2024.08.05 16:20;1.09923;1.09989;1.09911;1.09967;782;1
2024.08.05 16:30;1.09963;1.10031;1.09899;1.09936;905;1
2024.08.05 16:40;1.09938;1.10000;1.09874;1.09879;843;0
2024.08.05 16:50;1.09880;1.09880;1.09759;1.09777;807;0
2024.08.05 17:00;1.09771;1.09787;1.09591;1.09735;1033;0
2024.08.05 17:10;1.09740;1.09743;1.09625;1.09702;862;0
2024.08.05 17:20;1.09701;1.09731;1.09626;1.09678;786;1
2024.08.05 17:30;1.09676;1.09677;1.09566;1.09641;837;0
2024.08.05 17:40;1.09638;1.09697;1.09619;1.09696;721;0
2024.08.05 17:50;1.09694;1.09799;1.09636;1.09790;738;1
2024.08.05 18:00;1.09783;1.09862;1.09777;1.09783;719;0
2024.08.05 18:10;1.09785;1.09803;1.09618;1.09641;682;1
2024.08.05 18:20;1.09641;1.09735;1.09639;1.09683;698;0
2024.08.05 18:30;1.09683;1.09732;1.09652;1.09668;796;1
2024.08.05 18:40;1.09667;1.09667;1.09602;1.09618;729;1
2024.08.05 18:50;1.09621;1.09658;1.09560;1.09562;721;1
2024.08.05 19:00;1.09561;1.09607;1.09515;1.09518;716;0
2024.08.05 19:10;1.09520;1.09572;1.09478;1.09555;735;1
2024.08.05 19:20;1.09555;1.09601;1.09543;1.09568;705;1
2024.08.05 19:30;1.09569;1.09589;1.09544;1.09579;609;0
2024.08.05 19:40;1.09581;1.09604;1.09570;1.09598;572;1
2024.08.05 19:50;1.09597;1.09609;1.09570;1.09599;624;1
2024.08.05 20:00;1.09595;1.09643;1.09588;1.09598;566;1
2024.08.05 20:10;1.09597;1.09610;1.09542;1.09545;556;1
2024.08.05 20:20;1.09539;1.09572;1.09516;1.09531;599;1
2024.08.05 20:30;1.09532;1.09542;1.09473;1.09496;596;0
2024.08.05 20:40;1.09496;1.09546;1.09495;1.09542;538;1
2024.08.05 20:50;1.09542;1.09556;1.09515;1.09532;473;1
2024.08.05 21:00;1.09531;1.09547;1.09504;1.09546;464;1
2024.08.05 21:10;1.09546;1.09568;1.09541;1.09563;479;1
2024.08.05 21:20;1.09562;1.09574;1.09544;1.09548;466;1
2024.08.05 21:30;1.09547;1.09567;1.09542;1.09552;435;1
2024.08.05 21:40;1.09551;1.09555;1.09519;1.09523;475;1
2024.08.05 21:50;1.09523;1.09533;1.09490;1.09510;440;1
2024.08.05 22:00;1.09510;1.09541;1.09510;1.09541;386;1
2024.08.05 22:10;1.09540;1.09557;1.09532;1.09540;427;1
2024.08.05 22:20;1.09540;1.09540;1.09495;1.09537;402;1
2024.08.05 22:30;1.09537;1.09543;1.09522;1.09526;355;1
2024.08.05 22:40;1.09526;1.09558;1.09517;1.09553;276;1
2024.08.05 22:50;1.09551;1.09588;1.09549;1.09588;353;1
2024.08.05 23:00;1.09586;1.09602;1.09575;1.09596;276;1
2024.08.05 23:10;1.09597;1.09601;1.09581;1.09582;191;1
2024.08.05 23:20;1.09582;1.09585;1.09554;1.09567;162;1
2024.08.05 23:30;1.09567;1.09570;1.09551;1.09560;260;1
2024.08.05 23:40;1.09562;1.09562;1.09524;1.09531;145;3
2024.08.05 23:50;1.09529;1.09531;1.09488;1.09504;344;1
2024.08.06 00:00;1.09512;1.09512;1.09395;1.09503;39;8
2024.08.06 00:10;1.09503;1.09506;1.09488;1.09494;38;9
2024.08.06 00:20;1.09494;1.09501;1.09488;1.09501;33;12
2024.08.06 00:30;1.09499;1.09513;1.09498;1.09511;33;11
2024.08.06 00:40;1.09511;1.09530;1.09505;1.09530;40;12
2024.08.06 00:50;1.09525;1.09534;1.09511;1.09525;37;16
2024.08.06 01:00;1.09525;1.09602;1.09524;1.09598;182;0
2024.08.06 01:10;1.09598;1.09621;1.09591;1.09620;221;0
2024.08.06 01:20;1.09620;1.09620;1.09585;1.09585;252;1
2024.08.06 01:30;1.09585;1.09589;1.09571;1.09582;264;0
2024.08.06 01:40;1.09580;1.09580;1.09540;1.09545;230;1
2024.08.06 01:50;1.09546;1.09556;1.09541;1.09549;239;1
2024.08.06 02:00;1.09550;1.09566;1.09523;1.09555;381;1
2024.08.06 02:10;1.09555;1.09578;1.09540;1.09573;323;1
2024.08.06 02:20;1.09573;1.09576;1.09528;1.09529;229;1
2024.08.06 02:30;1.09529;1.09563;1.09526;1.09528;328;1
2024.08.06 02:40;1.09527;1.09535;1.09505;1.09510;300;1
2024.08.06 02:50;1.09513;1.09529;1.09494;1.09505;313;1
2024.08.06 03:00;1.09507;1.09525;1.09443;1.09474;581;1
2024.08.06 03:10;1.09473;1.09500;1.09437;1.09480;546;1
2024.08.06 03:20;1.09481;1.09523;1.09477;1.09523;506;1
2024.08.06 03:30;1.09523;1.09548;1.09512;1.09547;427;1
2024.08.06 03:40;1.09548;1.09584;1.09528;1.09578;441;1
2024.08.06 03:50;1.09578;1.09630;1.09559;1.09627;467;1
2024.08.06 04:00;1.09628;1.09630;1.09558;1.09592;362;1
2024.08.06 04:10;1.09592;1.09614;1.09551;1.09559;418;1
2024.08.06 04:20;1.09558;1.09588;1.09545;1.09564;439;0
2024.08.06 04:30;1.09562;1.09562;1.09501;1.09523;486;1
2024.08.06 04:40;1.09523;1.09562;1.09510;1.09559;532;0
2024.08.06 04:50;1.09558;1.09573;1.09535;1.09549;437;1
2024.08.06 05:00;1.09544;1.09576;1.09533;1.09538;409;1
2024.08.06 05:10;1.09538;1.09567;1.09527;1.09538;443;1
2024.08.06 05:20;1.09538;1.09573;1.09538;1.09547;375;1
2024.08.06 05:30;1.09547;1.09552;1.09520;1.09536;340;1
2024.08.06 05:40;1.09527;1.09552;1.09523;1.09542;259;1
2024.08.06 05:50;1.09542;1.09547;1.09518;1.09519;292;1
2024.08.06 06:00;1.09519;1.09544;1.09514;1.09544;266;1
2024.08.06 06:10;1.09544;1.09545;1.09522;1.09531;297;1
2024.08.06 06:20;1.09531;1.09552;1.09523;1.09540;236;1
2024.08.06 06:30;1.09540;1.09547;1.09518;1.09543;321;1
2024.08.06 06:40;1.09542;1.09561;1.09523;1.09524;239;1
2024.08.06 06:50;1.09524;1.09543;1.09524;1.09541;228;1
2024.08.06 07:00;1.09541;1.09541;1.09519;1.09522;198;1
2024.08.06 07:10;1.09522;1.09534;1.09507;1.09526;268;1
2024.08.06 07:20;1.09526;1.09558;1.09521;1.09548;282;1
2024.08.06 07:30;1.09548;1.09552;1.09497;1.09516;390;1
2024.08.06 07:40;1.09517;1.09532;1.09505;1.09526;312;1
2024.08.06 07:50;1.09525;1.09530;1.09508;1.09520;260;0
2024.08.06 08:00;1.09520;1.09546;1.09501;1.09538;408;1
2024.08.06 08:10;1.09538;1.09547;1.09518;1.09535;392;0
2024.08.06 08:20;1.09535;1.09548;1.09525;1.09534;400;1
2024.08.06 08:30;1.09534;1.09538;1.09499;1.09505;459;2
2024.08.06 08:40;1.09504;1.09504;1.09453;1.09459;482;0
2024.08.06 08:50;1.09459;1.09481;1.09449;1.09466;453;0
2024.08.06 09:00;1.09463;1.09486;1.09439;1.09475;625;1
2024.08.06 09:10;1.09477;1.09481;1.09421;1.09436;608;1
2024.08.06 09:20;1.09435;1.09483;1.09420;1.09448;576;1
2024.08.06 09:30;1.09448;1.09471;1.09420;1.09427;528;0
2024.08.06 09:40;1.09428;1.09428;1.09365;1.09376;556;1
2024.08.06 09:50;1.09378;1.09396;1.09345;1.09391;555;1
2024.08.06 10:00;1.09384;1.09388;1.09315;1.09362;770;1
2024.08.06 10:10;1.09362;1.09409;1.09313;1.09384;667;1
2024.08.06 10:20;1.09386;1.09398;1.09322;1.09369;627;1
2024.08.06 10:30;1.09367;1.09389;1.09259;1.09261;599;1
2024.08.06 10:40;1.09258;1.09304;1.09219;1.09228;588;0
2024.08.06 10:50;1.09227;1.09269;1.09221;1.09268;546;1
2024.08.06 11:00;1.09268;1.09291;1.09188;1.09265;652;0
2024.08.06 11:10;1.09264;1.09286;1.09231;1.09268;693;1
2024.08.06 11:20;1.09268;1.09315;1.09264;1.09315;492;0
2024.08.06 11:30;1.09319;1.09345;1.09273;1.09297;453;1
2024.08.06 11:40;1.09297;1.09310;1.09264;1.09295;500;1
2024.08.06 11:50;1.09291;1.09349;1.09264;1.09278;527;0
2024.08.06 12:00;1.09263;1.09268;1.09184;1.09208;669;1
2024.08.06 12:10;1.09208;1.09218;1.09139;1.09149;557;1
2024.08.06 12:20;1.09148;1.09192;1.09134;1.09148;502;0
2024.08.06 12:30;1.09150;1.09158;1.09098;1.09108;522;1
2024.08.06 12:40;1.09109;1.09140;1.09075;1.09126;499;1
2024.08.06 12:50;1.09127;1.09169;1.09112;1.09118;527;1
2024.08.06 13:00;1.09116;1.09124;1.09082;1.09107;504;1
2024.08.06 13:10;1.09108;1.09143;1.09100;1.09118;498;1
2024.08.06 13:20;1.09118;1.09118;1.09079;1.09100;357;1
2024.08.06 13:30;1.09100;1.09116;1.09059;1.09079;484;1
2024.08.06 13:40;1.09079;1.09106;1.09059;1.09090;455;1
2024.08.06 13:50;1.09094;1.09108;1.09045;1.09083;437;0
2024.08.06 14:00;1.09083;1.09121;1.09079;1.09079;484;1
2024.08.06 14:10;1.09080;1.09092;1.09040;1.09041;439;0
2024.08.06 14:20;1.09041;1.09095;1.09036;1.09077;444;1
2024.08.06 14:30;1.09074;1.09114;1.09039;1.09087;499;1
2024.08.06 14:40;1.09089;1.09115;1.09065;1.09106;470;1
2024.08.06 14:50;1.09106;1.09174;1.09097;1.09167;412;0
2024.08.06 15:00;1.09166;1.09177;1.09127;1.09152;517;0
2024.08.06 15:10;1.09151;1.09151;1.09101;1.09105;432;1
2024.08.06 15:20;1.09104;1.09139;1.09103;1.09134;492;1
2024.08.06 15:30;1.09134;1.09156;1.09101;1.09103;553;0
2024.08.06 15:40;1.09104;1.09139;1.09084;1.09134;576;0
2024.08.06 15:50;1.09132;1.09149;1.09045;1.09051;450;1
2024.08.06 16:00;1.09051;1.09159;1.09051;1.09153;592;1
2024.08.06 16:10;1.09154;1.09176;1.09128;1.09158;551;1
2024.08.06 16:20;1.09157;1.09196;1.09145;1.09186;561;1
2024.08.06 16:30;1.09185;1.09218;1.09154;1.09185;740;1
2024.08.06 16:40;1.09185;1.09245;1.09185;1.09216;706;0
2024.08.06 16:50;1.09214;1.09235;1.09164;1.09183;644;0
2024.08.06 17:00;1.09182;1.09244;1.09151;1.09229;672;1
2024.08.06 17:10;1.09225;1.09265;1.09206;1.09252;660;1
2024.08.06 17:20;1.09252;1.09280;1.09242;1.09260;641;1
2024.08.06 17:30;1.09262;1.09269;1.09209;1.09237;675;1
2024.08.06 17:40;1.09238;1.09298;1.09236;1.09297;606;0
2024.08.06 17:50;1.09297;1.09348;1.09280;1.09336;677;0
2024.08.06 18:00;1.09336;1.09340;1.09269;1.09312;552;0
2024.08.06 18:10;1.09312;1.09321;1.09267;1.09300;542;0
2024.08.06 18:20;1.09301;1.09325;1.09269;1.09283;492;1
2024.08.06 18:30;1.09285;1.09300;1.09248;1.09265;618;1
2024.08.06 18:40;1.09264;1.09304;1.09247;1.09252;564;0
2024.08.06 18:50;1.09252;1.09274;1.09221;1.09251;470;1
2024.08.06 19:00;1.09252;1.09268;1.09218;1.09218;515;1
2024.08.06 19:10;1.09217;1.09253;1.09207;1.09252;403;1
2024.08.06 19:20;1.09253;1.09300;1.09242;1.09290;414;0
2024.08.06 19:30;1.09289;1.09320;1.09274;1.09295;384;1
2024.08.06 19:40;1.09296;1.09301;1.09240;1.09254;419;1
2024.08.06 19:50;1.09255;1.09290;1.09245;1.09278;396;1
2024.08.06 20:00;1.09275;1.09309;1.09243;1.09246;391;1
2024.08.06 20:10;1.09246;1.09270;1.09224;1.09270;406;1
2024.08.06 20:20;1.09270;1.09275;1.09235;1.09254;421;0
2024.08.06 20:30;1.09254;1.09288;1.09243;1.09269;330;1
2024.08.06 20:40;1.09266;1.09269;1.09227;1.09239;360;0
2024.08.06 20:50;1.09240;1.09261;1.09228;1.09257;305;0
2024.08.06 21:00;1.09258;1.09276;1.09248;1.09269;329;1
2024.08.06 21:10;1.09268;1.09302;1.09268;1.09295;369;1
2024.08.06 21:20;1.09295;1.09310;1.09284;1.09309;347;1
2024.08.06 21:30;1.09307;1.09331;1.09298;1.09330;243;1
2024.08.06 21:40;1.09331;1.09335;1.09305;1.09309;257;1
2024.08.06 21:50;1.09305;1.09321;1.09273;1.09284;317;1
2024.08.06 22:00;1.09285;1.09286;1.09226;1.09250;427;1
2024.08.06 22:10;1.09250;1.09266;1.09232;1.09241;477;1
2024.08.06 22:20;1.09243;1.09275;1.09242;1.09258;445;1
2024.08.06 22:30;1.09258;1.09300;1.09245;1.09278;428;1
2024.08.06 22:40;1.09278;1.09296;1.09272;1.09280;387;0
2024.08.06 22:50;1.09279;1.09305;1.09257;1.09298;449;1
2024.08.06 23:00;1.09298;1.09318;1.09287;1.09308;186;1
2024.08.06 23:10;1.09308;1.09310;1.09289;1.09310;213;1
2024.08.06 23:20;1.09309;1.09309;1.09291;1.09293;232;1
2024.08.06 23:30;1.09293;1.09303;1.09282;1.09285;189;1
2024.08.06 23:40;1.09284;1.09294;1.09278;1.09284;254;1
2024.08.06 23:50;1.09283;1.09316;1.09274;1.09284;273;1
2024.08.07 00:00;1.09303;1.09303;1.09223;1.09266;41;16
2024.08.07 00:10;1.09266;1.09290;1.09261;1.09289;48;14
2024.08.07 00:20;1.09289;1.09304;1.09288;1.09299;111;12
2024.08.07 00:30;1.09302;1.09309;1.09294;1.09300;87;6
2024.08.07 00:40;1.09299;1.09299;1.09270;1.09276;48;11
2024.08.07 00:50;1.09274;1.09285;1.09270;1.09283;90;14
2024.08.07 01:00;1.09285;1.09318;1.09271;1.09300;159;0
2024.08.07 01:10;1.09300;1.09311;1.09274;1.09293;221;0
2024.08.07 01:20;1.09293;1.09309;1.09292;1.09306;206;1
2024.08.07 01:30;1.09306;1.09306;1.09283;1.09288;154;1
2024.08.07 01:40;1.09289;1.09306;1.09281;1.09296;225;1
2024.08.07 01:50;1.09295;1.09315;1.09292;1.09294;203;1
2024.08.07 02:00;1.09295;1.09304;1.09271;1.09288;213;1
2024.08.07 02:10;1.09288;1.09288;1.09265;1.09269;165;1
2024.08.07 02:20;1.09269;1.09284;1.09261;1.09269;165;1
2024.08.07 02:30;1.09269;1.09275;1.09252;1.09274;170;1
2024.08.07 02:40;1.09273;1.09279;1.09263;1.09267;182;1
2024.08.07 02:50;1.09267;1.09268;1.09238;1.09259;184;1
2024.08.07 03:00;1.09258;1.09287;1.09244;1.09264;370;1
2024.08.07 03:10;1.09266;1.09275;1.09233;1.09261;335;1
2024.08.07 03:20;1.09262;1.09281;1.09253;1.09256;348;0
2024.08.07 03:30;1.09257;1.09274;1.09238;1.09255;283;1
2024.08.07 03:40;1.09256;1.09279;1.09244;1.09267;238;1
2024.08.07 03:50;1.09268;1.09303;1.09267;1.09296;300;1
2024.08.07 04:00;1.09296;1.09303;1.09279;1.09283;292;1
2024.08.07 04:10;1.09283;1.09287;1.09249;1.09250;245;1
2024.08.07 04:20;1.09249;1.09259;1.09240;1.09248;302;0
2024.08.07 04:30;1.09249;1.09250;1.09191;1.09197;487;1
2024.08.07 04:40;1.09197;1.09202;1.09110;1.09129;612;0
2024.08.07 04:50;1.09128;1.09191;1.09124;1.09183;457;1
2024.08.07 05:00;1.09181;1.09192;1.09147;1.09156;461;1
2024.08.07 05:10;1.09157;1.09167;1.09123;1.09131;402;1
2024.08.07 05:20;1.09132;1.09174;1.09132;1.09169;395;1
2024.08.07 05:30;1.09169;1.09191;1.09156;1.09156;336;1
2024.08.07 05:40;1.09157;1.09170;1.09145;1.09153;277;1
2024.08.07 05:50;1.09153;1.09168;1.09143;1.09162;270;1
2024.08.07 06:00;1.09163;1.09174;1.09154;1.09155;204;1
2024.08.07 06:10;1.09156;1.09156;1.09117;1.09123;293;0
2024.08.07 06:20;1.09119;1.09153;1.09119;1.09152;206;0
2024.08.07 06:30;1.09150;1.09167;1.09143;1.09152;248;1
2024.08.07 06:40;1.09152;1.09155;1.09136;1.09142;219;0
2024.08.07 06:50;1.09140;1.09159;1.09136;1.09159;218;1
2024.08.07 07:00;1.09159;1.09169;1.09152;1.09164;190;0
2024.08.07 07:10;1.09164;1.09167;1.09146;1.09148;198;1
2024.08.07 07:20;1.09148;1.09164;1.09139;1.09160;263;0
2024.08.07 07:30;1.09160;1.09160;1.09138;1.09148;228;1
2024.08.07 07:40;1.09148;1.09155;1.09115;1.09120;225;1
2024.08.07 07:50;1.09120;1.09144;1.09115;1.09116;195;1
2024.08.07 08:00;1.09114;1.09130;1.09090;1.09105;251;1
2024.08.07 08:10;1.09104;1.09120;1.09098;1.09103;225;1
2024.08.07 08:20;1.09102;1.09120;1.09087;1.09089;280;1
2024.08.07 08:30;1.09088;1.09097;1.09068;1.09075;327;1
2024.08.07 08:40;1.09075;1.09117;1.09072;1.09101;393;1
2024.08.07 08:50;1.09100;1.09105;1.09070;1.09102;316;1
2024.08.07 09:00;1.09099;1.09121;1.09054;1.09116;488;1
2024.08.07 09:10;1.09117;1.09129;1.09096;1.09128;487;0
2024.08.07 09:20;1.09130;1.09135;1.09092;1.09134;414;0
2024.08.07 09:30;1.09135;1.09146;1.09120;1.09132;375;1
2024.08.07 09:40;1.09131;1.09148;1.09088;1.09112;405;1
2024.08.07 09:50;1.09113;1.09153;1.09101;1.09151;476;1
2024.08.07 10:00;1.09151;1.09197;1.09128;1.09141;572;0
2024.08.07 10:10;1.09141;1.09195;1.09141;1.09194;591;0
2024.08.07 10:20;1.09195;1.09226;1.09178;1.09214;588;1
2024.08.07 10:30;1.09213;1.09250;1.09204;1.09224;575;1
2024.08.07 10:40;1.09224;1.09268;1.09223;1.09268;421;1
2024.08.07 10:50;1.09268;1.09278;1.09201;1.09223;509;1
2024.08.07 11:00;1.09222;1.09222;1.09185;1.09195;508;1
2024.08.07 11:10;1.09194;1.09275;1.09191;1.09255;460;1
2024.08.07 11:20;1.09255;1.09278;1.09241;1.09269;435;1
2024.08.07 11:30;1.09268;1.09268;1.09230;1.09250;439;1
2024.08.07 11:40;1.09249;1.09268;1.09209;1.09262;447;1
2024.08.07 11:50;1.09261;1.09261;1.09185;1.09188;444;1
2024.08.07 12:00;1.09188;1.09189;1.09132;1.09132;357;1
2024.08.07 12:10;1.09131;1.09143;1.09097;1.09117;433;0
2024.08.07 12:20;1.09116;1.09195;1.09109;1.09164;417;1
2024.08.07 12:30;1.09164;1.09186;1.09135;1.09169;405;1
2024.08.07 12:40;1.09169;1.09170;1.09107;1.09127;451;1
2024.08.07 12:50;1.09128;1.09137;1.09085;1.09135;425;1
2024.08.07 13:00;1.09138;1.09145;1.09100;1.09100;382;1
2024.08.07 13:10;1.09101;1.09150;1.09095;1.09128;413;0
2024.08.07 13:20;1.09127;1.09180;1.09118;1.09149;373;1
2024.08.07 13:30;1.09151;1.09201;1.09151;1.09199;364;1
2024.08.07 13:40;1.09199;1.09231;1.09189;1.09211;376;1
2024.08.07 13:50;1.09211;1.09227;1.09162;1.09180;318;1
2024.08.07 14:00;1.09180;1.09211;1.09178;1.09205;352;0
2024.08.07 14:10;1.09204;1.09206;1.09181;1.09193;325;1
2024.08.07 14:20;1.09193;1.09219;1.09181;1.09217;324;1
2024.08.07 14:30;1.09218;1.09249;1.09203;1.09249;386;1
2024.08.07 14:40;1.09249;1.09266;1.09214;1.09219;382;0
2024.08.07 14:50;1.09222;1.09245;1.09199;1.09232;416;1
2024.08.07 15:00;1.09233;1.09257;1.09211;1.09224;458;0
2024.08.07 15:10;1.09222;1.09230;1.09160;1.09165;368;1
2024.08.07 15:20;1.09164;1.09185;1.09144;1.09144;431;1
2024.08.07 15:30;1.09144;1.09166;1.09134;1.09156;424;0
2024.08.07 15:40;1.09156;1.09197;1.09150;1.09175;425;1
2024.08.07 15:50;1.09176;1.09222;1.09159;1.09218;402;1
2024.08.07 16:00;1.09216;1.09226;1.09165;1.09179;384;1
2024.08.07 16:10;1.09179;1.09215;1.09164;1.09206;359;1
2024.08.07 16:20;1.09205;1.09229;1.09194;1.09221;405;1
2024.08.07 16:30;1.09220;1.09265;1.09210;1.09210;515;1
2024.08.07 16:40;1.09211;1.09216;1.09127;1.09146;482;1
2024.08.07 16:50;1.09146;1.09188;1.09125;1.09187;466;0
2024.08.07 17:00;1.09187;1.09228;1.09186;1.09217;496;1
2024.08.07 17:10;1.09216;1.09237;1.09186;1.09233;528;0
2024.08.07 17:20;1.09233;1.09247;1.09196;1.09245;486;1
2024.08.07 17:30;1.09246;1.09282;1.09240;1.09277;456;0
2024.08.07 17:40;1.09276;1.09341;1.09276;1.09317;508;1
2024.08.07 17:50;1.09316;1.09328;1.09284;1.09317;492;1
2024.08.07 18:00;1.09317;1.09356;1.09304;1.09327;496;0
2024.08.07 18:10;1.09327;1.09355;1.09311;1.09355;453;0
2024.08.07 18:20;1.09354;1.09366;1.09306;1.09323;426;1
2024.08.07 18:30;1.09324;1.09333;1.09286;1.09299;399;1
2024.08.07 18:40;1.09299;1.09299;1.09250;1.09263;340;1
2024.08.07 18:50;1.09263;1.09268;1.09239;1.09246;339;1
2024.08.07 19:00;1.09246;1.09247;1.09217;1.09234;435;0
2024.08.07 19:10;1.09233;1.09270;1.09232;1.09238;384;1
2024.08.07 19:20;1.09238;1.09269;1.09237;1.09246;311;1
2024.08.07 19:30;1.09246;1.09260;1.09223;1.09223;302;1
2024.08.07 19:40;1.09224;1.09239;1.09213;1.09222;286;1
2024.08.07 19:50;1.09222;1.09234;1.09211;1.09220;368;1
2024.08.07 20:00;1.09221;1.09237;1.09178;1.09183;490;1
2024.08.07 20:10;1.09183;1.09222;1.09176;1.09220;506;1
2024.08.07 20:20;1.09221;1.09264;1.09221;1.09230;448;1
2024.08.07 20:30;1.09231;1.09270;1.09230;1.09250;389;1
2024.08.07 20:40;1.09247;1.09249;1.09215;1.09227;429;0
2024.08.07 20:50;1.09227;1.09238;1.09209;1.09222;382;1
2024.08.07 21:00;1.09222;1.09229;1.09195;1.09203;353;1
2024.08.07 21:10;1.09203;1.09231;1.09194;1.09213;386;1
2024.08.07 21:20;1.09213;1.09238;1.09199;1.09215;411;0
2024.08.07 21:30;1.09213;1.09213;1.09173;1.09205;414;1
2024.08.07 21:40;1.09204;1.09220;1.09186;1.09198;393;1
2024.08.07 21:50;1.09198;1.09224;1.09188;1.09220;334;1
2024.08.07 22:00;1.09221;1.09242;1.09213;1.09241;421;1
2024.08.07 22:10;1.09242;1.09264;1.09230;1.09256;407;1
2024.08.07 22:20;1.09256;1.09264;1.09240;1.09255;338;1
2024.08.07 22:30;1.09253;1.09266;1.09242;1.09253;379;0
2024.08.07 22:40;1.09249;1.09251;1.09232;1.09241;364;1
2024.08.07 22:50;1.09242;1.09245;1.09221;1.09232;392;1
2024.08.07 23:00;1.09232;1.09234;1.09216;1.09224;170;1
2024.08.07 23:10;1.09225;1.09230;1.09218;1.09219;160;0
2024.08.07 23:20;1.09218;1.09223;1.09212;1.09212;153;1
2024.08.07 23:30;1.09212;1.09221;1.09209;1.09215;301;1
2024.08.07 23:40;1.09215;1.09215;1.09200;1.09210;196;0
2024.08.07 23:50;1.09210;1.09230;1.09203;1.09203;215;0
2024.08.08 00:00;1.09203;1.09224;1.09148;1.09180;49;20
2024.08.08 00:10;1.09180;1.09211;1.09180;1.09209;38;7
2024.08.08 00:20;1.09209;1.09223;1.09192;1.09201;67;2
2024.08.08 00:30;1.09200;1.09223;1.09199;1.09219;41;11
2024.08.08 00:40;1.09221;1.09235;1.09219;1.09233;56;8
2024.08.08 00:50;1.09233;1.09235;1.09232;1.09232;17;7
2024.08.08 01:00;1.09232;1.09255;1.09225;1.09236;113;0
2024.08.08 01:10;1.09233;1.09241;1.09223;1.09238;143;0
2024.08.08 01:20;1.09238;1.09256;1.09234;1.09256;138;1
2024.08.08 01:30;1.09255;1.09265;1.09250;1.09256;150;1
2024.08.08 01:40;1.09257;1.09270;1.09255;1.09265;155;1
2024.08.08 01:50;1.09265;1.09269;1.09258;1.09269;123;1
2024.08.08 02:00;1.09269;1.09296;1.09265;1.09291;123;1
2024.08.08 02:10;1.09291;1.09313;1.09285;1.09313;193;1
2024.08.08 02:20;1.09313;1.09313;1.09285;1.09304;245;1
2024.08.08 02:30;1.09305;1.09336;1.09299;1.09331;264;1
2024.08.08 02:40;1.09328;1.09338;1.09306;1.09311;305;1
2024.08.08 02:50;1.09312;1.09322;1.09268;1.09272;323;1
2024.08.08 03:00;1.09272;1.09291;1.09263;1.09279;404;1
2024.08.08 03:10;1.09281;1.09325;1.09270;1.09295;365;0
2024.08.08 03:20;1.09295;1.09310;1.09269;1.09288;366;1
2024.08.08 03:30;1.09288;1.09325;1.09280;1.09314;285;1
2024.08.08 03:40;1.09315;1.09315;1.09277;1.09289;344;1
2024.08.08 03:50;1.09288;1.09316;1.09259;1.09282;356;1
2024.08.08 04:00;1.09281;1.09309;1.09269;1.09273;383;0
2024.08.08 04:10;1.09274;1.09290;1.09252;1.09260;343;0
2024.08.08 04:20;1.09260;1.09264;1.09244;1.09250;287;1
2024.08.08 04:30;1.09253;1.09266;1.09235;1.09254;311;1
2024.08.08 04:40;1.09254;1.09271;1.09244;1.09258;298;1
2024.08.08 04:50;1.09258;1.09289;1.09250;1.09276;265;1
2024.08.08 05:00;1.09276;1.09318;1.09276;1.09318;251;1
2024.08.08 05:10;1.09318;1.09325;1.09266;1.09267;253;1
2024.08.08 05:20;1.09266;1.09295;1.09266;1.09295;254;1
2024.08.08 05:30;1.09296;1.09347;1.09293;1.09333;263;1
2024.08.08 05:40;1.09333;1.09343;1.09309;1.09316;301;0
2024.08.08 05:50;1.09315;1.09350;1.09313;1.09337;225;1
2024.08.08 06:00;1.09337;1.09340;1.09319;1.09321;212;1
2024.08.08 06:10;1.09321;1.09328;1.09299;1.09305;190;1
2024.08.08 06:20;1.09304;1.09320;1.09300;1.09313;185;1
2024.08.08 06:30;1.09314;1.09320;1.09302;1.09308;177;1
2024.08.08 06:40;1.09309;1.09341;1.09308;1.09326;217;0
2024.08.08 06:50;1.09326;1.09354;1.09325;1.09350;245;1
2024.08.08 07:00;1.09350;1.09376;1.09349;1.09369;299;1
2024.08.08 07:10;1.09368;1.09377;1.09359;1.09360;245;1
2024.08.08 07:20;1.09359;1.09373;1.09354;1.09360;204;1
2024.08.08 07:30;1.09361;1.09371;1.09334;1.09339;253;1
2024.08.08 07:40;1.09339;1.09343;1.09324;1.09329;234;1
2024.08.08 07:50;1.09329;1.09330;1.09309;1.09317;186;1
2024.08.08 08:00;1.09316;1.09328;1.09302;1.09317;217;0
2024.08.08 08:10;1.09317;1.09331;1.09310;1.09311;245;1
2024.08.08 08:20;1.09311;1.09327;1.09305;1.09320;279;1
2024.08.08 08:30;1.09321;1.09324;1.09298;1.09309;270;1
2024.08.08 08:40;1.09309;1.09321;1.09300;1.09306;325;1
2024.08.08 08:50;1.09306;1.09358;1.09305;1.09357;300;1
2024.08.08 09:00;1.09357;1.09374;1.09348;1.09368;415;1
2024.08.08 09:10;1.09367;1.09423;1.09361;1.09412;439;1
2024.08.08 09:20;1.09410;1.09427;1.09339;1.09344;403;0
2024.08.08 09:30;1.09340;1.09384;1.09336;1.09384;405;1
2024.08.08 09:40;1.09380;1.09423;1.09361;1.09420;376;1
2024.08.08 09:50;1.09422;1.09446;1.09386;1.09427;400;1
2024.08.08 10:00;1.09431;1.09450;1.09404;1.09406;521;1
2024.08.08 10:10;1.09405;1.09420;1.09364;1.09415;517;1
2024.08.08 10:20;1.09417;1.09420;1.09360;1.09375;508;0
2024.08.08 10:30;1.09374;1.09407;1.09351;1.09367;489;1
2024.08.08 10:40;1.09366;1.09376;1.09339;1.09358;418;1
2024.08.08 10:50;1.09360;1.09402;1.09347;1.09398;394;1
2024.08.08 11:00;1.09398;1.09428;1.09383;1.09427;376;1
2024.08.08 11:10;1.09426;1.09443;1.09405;1.09426;358;1
2024.08.08 11:20;1.09425;1.09427;1.09375;1.09390;321;0
2024.08.08 11:30;1.09390;1.09394;1.09355;1.09384;357;0
2024.08.08 11:40;1.09383;1.09416;1.09379;1.09405;300;1
2024.08.08 11:50;1.09405;1.09406;1.09363;1.09370;332;1
2024.08.08 12:00;1.09370;1.09396;1.09354;1.09378;309;1
2024.08.08 12:10;1.09377;1.09382;1.09316;1.09346;322;1
2024.08.08 12:20;1.09346;1.09346;1.09308;1.09335;318;1
2024.08.08 12:30;1.09334;1.09345;1.09300;1.09313;293;1
2024.08.08 12:40;1.09313;1.09313;1.09273;1.09275;301;1
2024.08.08 12:50;1.09275;1.09290;1.09261;1.09269;341;1
2024.08.08 13:00;1.09269;1.09287;1.09219;1.09219;315;1
2024.08.08 13:10;1.09219;1.09243;1.09203;1.09225;362;1
2024.08.08 13:20;1.09224;1.09275;1.09218;1.09274;310;1
2024.08.08 13:30;1.09272;1.09276;1.09221;1.09222;245;1
2024.08.08 13:40;1.09223;1.09257;1.09219;1.09257;270;0
2024.08.08 13:50;1.09256;1.09286;1.09253;1.09253;308;0
2024.08.08 14:00;1.09253;1.09282;1.09231;1.09268;322;0
2024.08.08 14:10;1.09270;1.09279;1.09237;1.09279;305;0
2024.08.08 14:20;1.09279;1.09299;1.09273;1.09280;311;1
2024.08.08 14:30;1.09281;1.09281;1.09236;1.09251;305;0
2024.08.08 14:40;1.09251;1.09283;1.09245;1.09282;375;1
2024.08.08 14:50;1.09283;1.09332;1.09283;1.09307;336;0
2024.08.08 15:00;1.09304;1.09322;1.09289;1.09295;332;0
2024.08.08 15:10;1.09294;1.09324;1.09283;1.09290;312;1
2024.08.08 15:20;1.09292;1.09312;1.09281;1.09281;440;1
2024.08.08 15:30;1.09241;1.09264;1.09056;1.09056;868;0
2024.08.08 15:40;1.09056;1.09066;1.08962;1.08965;709;0
2024.08.08 15:50;1.08965;1.08986;1.08917;1.08974;591;0
2024.08.08 16:00;1.08977;1.09062;1.08977;1.08987;605;0
2024.08.08 16:10;1.08988;1.09017;1.08944;1.08956;556;0
2024.08.08 16:20;1.08956;1.08974;1.08927;1.08971;433;1
2024.08.08 16:30;1.08972;1.08979;1.08901;1.08911;526;1
2024.08.08 16:40;1.08913;1.08913;1.08813;1.08831;568;0
2024.08.08 16:50;1.08828;1.08928;1.08822;1.08927;552;1
2024.08.08 17:00;1.08933;1.08971;1.08912;1.08938;566;1
2024.08.08 17:10;1.08937;1.08988;1.08923;1.08940;569;1
2024.08.08 17:20;1.08940;1.08992;1.08929;1.08983;542;0
2024.08.08 17:30;1.08978;1.09017;1.08970;1.09001;515;1
2024.08.08 17:40;1.09001;1.09002;1.08957;1.08998;504;1
2024.08.08 17:50;1.08998;1.09077;1.08985;1.09062;546;1
2024.08.08 18:00;1.09063;1.09147;1.09055;1.09127;488;1
2024.08.08 18:10;1.09126;1.09136;1.09078;1.09091;497;1
2024.08.08 18:20;1.09090;1.09125;1.09066;1.09081;430;0
2024.08.08 18:30;1.09083;1.09103;1.09062;1.09072;437;1
2024.08.08 18:40;1.09071;1.09109;1.09071;1.09096;368;1
2024.08.08 18:50;1.09097;1.09144;1.09096;1.09130;359;0
2024.08.08 19:00;1.09130;1.09145;1.09104;1.09105;315;0
2024.08.08 19:10;1.09105;1.09113;1.09057;1.09066;373;1
2024.08.08 19:20;1.09066;1.09086;1.09058;1.09070;307;1
2024.08.08 19:30;1.09070;1.09086;1.09052;1.09058;319;1
2024.08.08 19:40;1.09058;1.09102;1.09050;1.09095;258;1
2024.08.08 19:50;1.09095;1.09106;1.09072;1.09086;328;1
2024.08.08 20:00;1.09087;1.09113;1.09074;1.09111;423;0
2024.08.08 20:10;1.09111;1.09140;1.09098;1.09136;387;1
2024.08.08 20:20;1.09139;1.09163;1.09125;1.09149;290;1
2024.08.08 20:30;1.09148;1.09161;1.09133;1.09135;267;1
2024.08.08 20:40;1.09135;1.09138;1.09110;1.09128;285;1
2024.08.08 20:50;1.09125;1.09129;1.09110;1.09126;264;1
2024.08.08 21:00;1.09126;1.09134;1.09110;1.09121;218;0
2024.08.08 21:10;1.09121;1.09151;1.09119;1.09119;239;1
2024.08.08 21:20;1.09119;1.09136;1.09114;1.09129;238;1
2024.08.08 21:30;1.09129;1.09149;1.09128;1.09145;266;1
2024.08.08 21:40;1.09144;1.09168;1.09135;1.09165;256;1
2024.08.08 21:50;1.09165;1.09187;1.09153;1.09182;275;1
2024.08.08 22:00;1.09178;1.09178;1.09133;1.09159;240;1
2024.08.08 22:10;1.09159;1.09167;1.09142;1.09158;305;1
2024.08.08 22:20;1.09158;1.09168;1.09148;1.09165;301;0
2024.08.08 22:30;1.09163;1.09164;1.09148;1.09151;292;1
2024.08.08 22:40;1.09150;1.09168;1.09147;1.09155;330;1
2024.08.08 22:50;1.09153;1.09163;1.09143;1.09160;281;1
2024.08.08 23:00;1.09160;1.09178;1.09159;1.09163;140;1
2024.08.08 23:10;1.09164;1.09181;1.09163;1.09174;104;0
2024.08.08 23:20;1.09173;1.09177;1.09166;1.09175;102;1
2024.08.08 23:30;1.09175;1.09188;1.09168;1.09185;256;1
2024.08.08 23:40;1.09183;1.09189;1.09173;1.09177;226;1
2024.08.08 23:50;1.09178;1.09190;1.09175;1.09177;115;0
2024.08.09 00:00;1.09177;1.09180;1.09097;1.09126;102;15
2024.08.09 00:10;1.09126;1.09164;1.09126;1.09164;37;21
2024.08.09 00:20;1.09164;1.09173;1.09133;1.09160;26;14
2024.08.09 00:30;1.09160;1.09160;1.09149;1.09159;14;16
2024.08.09 00:40;1.09159;1.09164;1.09144;1.09164;24;15
2024.08.09 00:50;1.09164;1.09170;1.09146;1.09168;30;9
2024.08.09 01:00;1.09168;1.09174;1.09153;1.09166;50;1
2024.08.09 01:10;1.09166;1.09177;1.09166;1.09174;117;1
2024.08.09 01:20;1.09174;1.09178;1.09164;1.09168;58;0
2024.08.09 01:30;1.09168;1.09185;1.09166;1.09181;47;1
2024.08.09 01:40;1.09181;1.09183;1.09166;1.09172;126;1
2024.08.09 01:50;1.09172;1.09189;1.09168;1.09184;106;1
2024.08.09 02:00;1.09185;1.09194;1.09173;1.09180;129;1
2024.08.09 02:10;1.09180;1.09183;1.09164;1.09170;175;1
2024.08.09 02:20;1.09170;1.09170;1.09154;1.09154;93;1
2024.08.09 02:30;1.09154;1.09165;1.09151;1.09164;57;1
2024.08.09 02:40;1.09164;1.09178;1.09148;1.09148;89;1
2024.08.09 02:50;1.09148;1.09158;1.09144;1.09150;117;1
2024.08.09 03:00;1.09145;1.09158;1.09135;1.09149;227;0
2024.08.09 03:10;1.09149;1.09160;1.09129;1.09135;229;1
2024.08.09 03:20;1.09135;1.09155;1.09129;1.09129;210;1
2024.08.09 03:30;1.09127;1.09141;1.09121;1.09123;254;1
2024.08.09 03:40;1.09123;1.09142;1.09115;1.09142;223;1
2024.08.09 03:50;1.09143;1.09144;1.09119;1.09126;240;1
2024.08.09 04:00;1.09130;1.09156;1.09129;1.09132;214;1
2024.08.09 04:10;1.09132;1.09144;1.09119;1.09140;206;1
2024.08.09 04:20;1.09142;1.09175;1.09142;1.09174;166;1
2024.08.09 04:30;1.09174;1.09190;1.09170;1.09176;217;1
2024.08.09 04:40;1.09175;1.09181;1.09160;1.09178;212;1
2024.08.09 04:50;1.09178;1.09188;1.09164;1.09179;223;1
2024.08.09 05:00;1.09179;1.09189;1.09164;1.09176;215;1
2024.08.09 05:10;1.09174;1.09184;1.09157;1.09169;175;1
2024.08.09 05:20;1.09169;1.09218;1.09169;1.09217;186;1
2024.08.09 05:30;1.09218;1.09227;1.09207;1.09210;227;1
2024.08.09 05:40;1.09212;1.09245;1.09207;1.09225;188;1
2024.08.09 05:50;1.09225;1.09234;1.09204;1.09213;201;1
2024.08.09 06:00;1.09211;1.09225;1.09204;1.09220;145;1
2024.08.09 06:10;1.09219;1.09235;1.09218;1.09229;136;1
2024.08.09 06:20;1.09229;1.09235;1.09215;1.09226;149;1
2024.08.09 06:30;1.09228;1.09241;1.09227;1.09229;158;1
2024.08.09 06:40;1.09228;1.09240;1.09209;1.09211;165;1
2024.08.09 06:50;1.09211;1.09233;1.09209;1.09228;141;1
2024.08.09 07:00;1.09228;1.09240;1.09223;1.09230;144;1
2024.08.09 07:10;1.09230;1.09237;1.09207;1.09221;150;1
2024.08.09 07:20;1.09221;1.09230;1.09205;1.09207;163;1
2024.08.09 07:30;1.09207;1.09215;1.09205;1.09210;161;1
2024.08.09 07:40;1.09210;1.09224;1.09200;1.09202;178;1
2024.08.09 07:50;1.09203;1.09212;1.09196;1.09202;157;1
2024.08.09 08:00;1.09202;1.09210;1.09188;1.09208;235;1
2024.08.09 08:10;1.09209;1.09215;1.09196;1.09201;243;1
2024.08.09 08:20;1.09201;1.09210;1.09180;1.09198;187;1
2024.08.09 08:30;1.09198;1.09205;1.09184;1.09190;193;1
2024.08.09 08:40;1.09191;1.09214;1.09185;1.09200;274;1
2024.08.09 08:50;1.09199;1.09210;1.09190;1.09195;203;1
2024.08.09 09:00;1.09193;1.09243;1.09174;1.09225;337;0
2024.08.09 09:10;1.09224;1.09244;1.09209;1.09227;309;1
2024.08.09 09:20;1.09227;1.09253;1.09224;1.09250;289;1
2024.08.09 09:30;1.09250;1.09272;1.09242;1.09261;300;0
2024.08.09 09:40;1.09261;1.09275;1.09255;1.09266;247;0
2024.08.09 09:50;1.09265;1.09280;1.09249;1.09274;280;0
2024.08.09 10:00;1.09274;1.09286;1.09254;1.09277;401;1
2024.08.09 10:10;1.09277;1.09291;1.09249;1.09268;399;0
2024.08.09 10:20;1.09269;1.09274;1.09249;1.09263;318;1
2024.08.09 10:30;1.09263;1.09271;1.09242;1.09243;331;1
2024.08.09 10:40;1.09243;1.09245;1.09202;1.09207;257;0
2024.08.09 10:50;1.09206;1.09247;1.09206;1.09219;285;0
2024.08.09 11:00;1.09218;1.09223;1.09192;1.09204;338;1
2024.08.09 11:10;1.09204;1.09209;1.09157;1.09175;351;0
2024.08.09 11:20;1.09175;1.09196;1.09163;1.09193;333;1
2024.08.09 11:30;1.09195;1.09225;1.09173;1.09175;336;0
2024.08.09 11:40;1.09174;1.09185;1.09138;1.09159;275;1
2024.08.09 11:50;1.09159;1.09175;1.09131;1.09175;265;0
2024.08.09 12:00;1.09174;1.09211;1.09173;1.09211;254;1
2024.08.09 12:10;1.09211;1.09228;1.09207;1.09223;251;1
2024.08.09 12:20;1.09223;1.09246;1.09212;1.09233;271;1
2024.08.09 12:30;1.09233;1.09257;1.09232;1.09239;267;1
2024.08.09 12:40;1.09239;1.09239;1.09200;1.09206;298;1
2024.08.09 12:50;1.09206;1.09208;1.09183;1.09196;288;1
2024.08.09 13:00;1.09195;1.09196;1.09167;1.09175;306;0
2024.08.09 13:10;1.09174;1.09224;1.09172;1.09220;255;1
2024.08.09 13:20;1.09220;1.09231;1.09173;1.09186;251;0
2024.08.09 13:30;1.09186;1.09227;1.09186;1.09214;212;1
2024.08.09 13:40;1.09214;1.09218;1.09182;1.09189;264;0
2024.08.09 13:50;1.09189;1.09190;1.09173;1.09175;276;1
2024.08.09 14:00;1.09175;1.09188;1.09150;1.09184;288;1
2024.08.09 14:10;1.09185;1.09206;1.09158;1.09163;279;1
2024.08.09 14:20;1.09163;1.09182;1.09143;1.09153;316;0
2024.08.09 14:30;1.09153;1.09180;1.09151;1.09159;282;1
2024.08.09 14:40;1.09161;1.09164;1.09113;1.09116;309;4
2024.08.09 14:50;1.09116;1.09165;1.09114;1.09160;334;4
2024.08.09 15:00;1.09160;1.09194;1.09146;1.09169;343;4
2024.08.09 15:10;1.09169;1.09181;1.09127;1.09130;369;4
2024.08.09 15:20;1.09129;1.09158;1.09117;1.09145;264;4
2024.08.09 15:30;1.09140;1.09166;1.09094;1.09108;473;4
2024.08.09 15:40;1.09108;1.09125;1.09090;1.09104;337;3
2024.08.09 15:50;1.09104;1.09135;1.09103;1.09116;312;4
2024.08.09 16:00;1.09116;1.09136;1.09096;1.09115;335;4
2024.08.09 16:10;1.09115;1.09175;1.09109;1.09170;293;4
2024.08.09 16:20;1.09170;1.09226;1.09167;1.09222;317;3
2024.08.09 16:30;1.09223;1.09239;1.09183;1.09204;485;4
2024.08.09 16:40;1.09204;1.09236;1.09192;1.09213;387;3
2024.08.09 16:50;1.09215;1.09233;1.09206;1.09222;378;4
2024.08.09 17:00;1.09223;1.09249;1.09212;1.09222;345;3
2024.08.09 17:10;1.09223;1.09275;1.09216;1.09274;343;4
2024.08.09 17:20;1.09273;1.09312;1.09267;1.09299;363;3
2024.08.09 17:30;1.09298;1.09299;1.09232;1.09243;346;4
2024.08.09 17:40;1.09242;1.09270;1.09225;1.09237;409;3
2024.08.09 17:50;1.09233;1.09261;1.09216;1.09229;467;4
2024.08.09 18:00;1.09229;1.09250;1.09217;1.09232;422;4
2024.08.09 18:10;1.09232;1.09260;1.09221;1.09248;386;3
2024.08.09 18:20;1.09248;1.09258;1.09234;1.09238;319;4
2024.08.09 18:30;1.09238;1.09254;1.09217;1.09228;296;4
2024.08.09 18:40;1.09227;1.09271;1.09227;1.09269;288;4
2024.08.09 18:50;1.09268;1.09275;1.09237;1.09240;347;3
2024.08.09 19:00;1.09239;1.09245;1.09228;1.09229;312;4
2024.08.09 19:10;1.09230;1.09230;1.09177;1.09183;353;4
2024.08.09 19:20;1.09183;1.09191;1.09177;1.09179;218;4
2024.08.09 19:30;1.09178;1.09203;1.09178;1.09203;263;4
2024.08.09 19:40;1.09203;1.09206;1.09185;1.09193;231;4
2024.08.09 19:50;1.09193;1.09193;1.09177;1.09185;216;4
2024.08.09 20:00;1.09185;1.09191;1.09161;1.09171;225;3
2024.08.09 20:10;1.09172;1.09190;1.09150;1.09179;244;4
2024.08.09 20:20;1.09179;1.09201;1.09179;1.09200;200;4
2024.08.09 20:30;1.09200;1.09234;1.09200;1.09225;218;4
2024.08.09 20:40;1.09226;1.09231;1.09212;1.09214;235;3
2024.08.09 20:50;1.09213;1.09217;1.09194;1.09206;272;4
2024.08.09 21:00;1.09206;1.09216;1.09191;1.09206;215;3
2024.08.09 21:10;1.09205;1.09205;1.09173;1.09182;277;4
2024.08.09 21:20;1.09182;1.09190;1.09174;1.09179;282;4
2024.08.09 21:30;1.09175;1.09188;1.09170;1.09178;162;4
2024.08.09 21:40;1.09178;1.09201;1.09174;1.09194;147;4
2024.08.09 21:50;1.09194;1.09199;1.09179;1.09194;215;4
2024.08.09 22:00;1.09193;1.09210;1.09185;1.09200;238;4
2024.08.09 22:10;1.09200;1.09208;1.09189;1.09207;161;4
2024.08.09 22:20;1.09207;1.09207;1.09182;1.09186;141;4
2024.08.09 22:30;1.09186;1.09194;1.09171;1.09172;106;4
2024.08.09 22:40;1.09172;1.09188;1.09172;1.09188;145;4
2024.08.09 22:50;1.09188;1.09189;1.09178;1.09186;202;4
2024.08.09 23:00;1.09186;1.09192;1.09176;1.09176;85;4
2024.08.09 23:10;1.09176;1.09179;1.09166;1.09172;80;4
2024.08.09 23:20;1.09171;1.09175;1.09167;1.09175;101;3
2024.08.09 23:30;1.09175;1.09191;1.09175;1.09177;242;3
2024.08.09 23:40;1.09177;1.09178;1.09156;1.09156;77;4
2024.08.09 23:50;1.09156;1.09158;1.09143;1.09151;118;2
2024.08.12 00:00;1.09146;1.09158;1.09137;1.09153;33;23
2024.08.12 00:10;1.09153;1.09167;1.09136;1.09165;32;20
2024.08.12 00:20;1.09165;1.09188;1.09162;1.09166;21;3
2024.08.12 00:30;1.09169;1.09188;1.09164;1.09177;45;3
2024.08.12 00:40;1.09173;1.09185;1.09168;1.09183;46;6
2024.08.12 00:50;1.09183;1.09188;1.09180;1.09180;27;4
2024.08.12 01:00;1.09186;1.09187;1.09123;1.09126;110;3
2024.08.12 01:10;1.09126;1.09149;1.09114;1.09116;149;4
2024.08.12 01:20;1.09115;1.09124;1.09100;1.09106;122;4
2024.08.12 01:30;1.09106;1.09139;1.09105;1.09138;122;3
2024.08.12 01:40;1.09138;1.09139;1.09124;1.09129;78;4
2024.08.12 01:50;1.09130;1.09140;1.09128;1.09129;117;4
2024.08.12 02:00;1.09129;1.09151;1.09124;1.09139;111;3
2024.08.12 02:10;1.09143;1.09143;1.09126;1.09128;108;3
2024.08.12 02:20;1.09130;1.09150;1.09130;1.09148;109;4
2024.08.12 02:30;1.09148;1.09149;1.09133;1.09139;126;4
2024.08.12 02:40;1.09138;1.09145;1.09128;1.09129;119;4
2024.08.12 02:50;1.09129;1.09140;1.09126;1.09127;99;4
2024.08.12 03:00;1.09127;1.09168;1.09117;1.09166;144;4
2024.08.12 03:10;1.09166;1.09189;1.09163;1.09186;119;4
2024.08.12 03:20;1.09187;1.09189;1.09153;1.09158;150;4
2024.08.12 03:30;1.09157;1.09171;1.09155;1.09163;132;4
2024.08.12 03:40;1.09163;1.09182;1.09162;1.09169;114;3
2024.08.12 03:50;1.09169;1.09196;1.09165;1.09182;172;4
2024.08.12 04:00;1.09182;1.09210;1.09179;1.09196;191;4
2024.08.12 04:10;1.09196;1.09219;1.09196;1.09217;151;4
2024.08.12 04:20;1.09217;1.09228;1.09212;1.09222;140;4
2024.08.12 04:30;1.09222;1.09228;1.09212;1.09214;186;4
2024.08.12 04:40;1.09213;1.09217;1.09200;1.09202;158;4
2024.08.12 04:50;1.09202;1.09217;1.09193;1.09206;165;3
2024.08.12 05:00;1.09205;1.09208;1.09192;1.09199;126;3
2024.08.12 05:10;1.09198;1.09217;1.09198;1.09210;129;4
2024.08.12 05:20;1.09210;1.09217;1.09205;1.09212;122;1
2024.08.12 05:30;1.09212;1.09215;1.09189;1.09190;103;3
2024.08.12 05:40;1.09190;1.09194;1.09177;1.09191;104;4
2024.08.12 05:50;1.09192;1.09199;1.09177;1.09177;99;4
2024.08.12 06:00;1.09178;1.09187;1.09169;1.09174;78;4
2024.08.12 06:10;1.09174;1.09177;1.09148;1.09148;91;4
2024.08.12 06:20;1.09147;1.09148;1.09135;1.09140;114;4
2024.08.12 06:30;1.09140;1.09147;1.09126;1.09138;127;4
2024.08.12 06:40;1.09138;1.09146;1.09136;1.09138;70;4
2024.08.12 06:50;1.09138;1.09143;1.09129;1.09138;85;4
2024.08.12 07:00;1.09138;1.09158;1.09134;1.09153;99;4
2024.08.12 07:10;1.09154;1.09159;1.09144;1.09149;73;4
2024.08.12 07:20;1.09148;1.09167;1.09148;1.09164;83;4
2024.08.12 07:30;1.09163;1.09178;1.09161;1.09178;94;4
2024.08.12 07:40;1.09178;1.09215;1.09175;1.09200;123;3
2024.08.12 07:50;1.09200;1.09200;1.09183;1.09190;113;4
2024.08.12 08:00;1.09190;1.09205;1.09190;1.09201;119;4
2024.08.12 08:10;1.09200;1.09204;1.09194;1.09202;100;4
2024.08.12 08:20;1.09204;1.09210;1.09195;1.09203;111;4
2024.08.12 08:30;1.09204;1.09205;1.09187;1.09189;130;4
2024.08.12 08:40;1.09189;1.09197;1.09188;1.09192;91;4
2024.08.12 08:50;1.09192;1.09194;1.09175;1.09186;109;4
2024.08.12 09:00;1.09190;1.09212;1.09173;1.09204;216;4
2024.08.12 09:10;1.09204;1.09209;1.09186;1.09204;200;4
2024.08.12 09:20;1.09205;1.09214;1.09155;1.09184;258;4
2024.08.12 09:30;1.09184;1.09220;1.09183;1.09220;266;4
2024.08.12 09:40;1.09220;1.09225;1.09194;1.09199;226;4
2024.08.12 09:50;1.09198;1.09235;1.09191;1.09212;308;3
2024.08.12 10:00;1.09211;1.09230;1.09202;1.09230;321;4
2024.08.12 10:10;1.09230;1.09269;1.09222;1.09264;317;3
2024.08.12 10:20;1.09264;1.09283;1.09246;1.09271;281;4
2024.08.12 10:30;1.09271;1.09271;1.09212;1.09212;318;4
2024.08.12 10:40;1.09212;1.09222;1.09196;1.09213;332;4
2024.08.12 10:50;1.09214;1.09226;1.09194;1.09222;333;3
2024.08.12 11:00;1.09225;1.09252;1.09190;1.09217;349;4
2024.08.12 11:10;1.09217;1.09224;1.09169;1.09188;236;3
2024.08.12 11:20;1.09188;1.09209;1.09159;1.09171;258;4
2024.08.12 11:30;1.09171;1.09199;1.09164;1.09184;280;4
2024.08.12 11:40;1.09185;1.09192;1.09163;1.09179;310;4
2024.08.12 11:50;1.09179;1.09212;1.09173;1.09206;264;4
2024.08.12 12:00;1.09206;1.09217;1.09182;1.09186;229;4
2024.08.12 12:10;1.09186;1.09238;1.09175;1.09214;236;4
2024.08.12 12:20;1.09214;1.09229;1.09210;1.09222;219;3
2024.08.12 12:30;1.09224;1.09265;1.09224;1.09265;232;4
2024.08.12 12:40;1.09264;1.09278;1.09245;1.09249;206;3
2024.08.12 12:50;1.09249;1.09266;1.09244;1.09266;234;4
2024.08.12 13:00;1.09267;1.09295;1.09258;1.09262;216;4
2024.08.12 13:10;1.09264;1.09297;1.09250;1.09280;261;4
2024.08.12 13:20;1.09279;1.09289;1.09256;1.09289;238;4
2024.08.12 13:30;1.09289;1.09292;1.09215;1.09234;209;3
2024.08.12 13:40;1.09234;1.09264;1.09234;1.09249;231;4
2024.08.12 13:50;1.09245;1.09270;1.09235;1.09264;237;4
2024.08.12 14:00;1.09264;1.09290;1.09262;1.09264;245;4
2024.08.12 14:10;1.09264;1.09279;1.09233;1.09238;239;4
2024.08.12 14:20;1.09238;1.09244;1.09214;1.09218;209;4
2024.08.12 14:30;1.09217;1.09222;1.09195;1.09217;228;4
2024.08.12 14:40;1.09217;1.09221;1.09199;1.09217;191;4
2024.08.12 14:50;1.09218;1.09266;1.09217;1.09258;231;4
2024.08.12 15:00;1.09256;1.09287;1.09248;1.09251;260;4
2024.08.12 15:10;1.09251;1.09259;1.09206;1.09216;256;3
2024.08.12 15:20;1.09218;1.09233;1.09212;1.09218;254;4
2024.08.12 15:30;1.09217;1.09228;1.09194;1.09218;225;3
2024.08.12 15:40;1.09218;1.09218;1.09177;1.09193;265;4
2024.08.12 15:50;1.09193;1.09200;1.09174;1.09198;285;3
2024.08.12 16:00;1.09198;1.09225;1.09198;1.09215;211;4
2024.08.12 16:10;1.09215;1.09230;1.09200;1.09224;308;3
2024.08.12 16:20;1.09224;1.09280;1.09218;1.09263;310;3
2024.08.12 16:30;1.09263;1.09281;1.09256;1.09274;371;4
2024.08.12 16:40;1.09276;1.09333;1.09273;1.09287;510;4
2024.08.12 16:50;1.09288;1.09291;1.09240;1.09251;430;4
2024.08.12 17:00;1.09253;1.09253;1.09170;1.09182;446;3
2024.08.12 17:10;1.09182;1.09199;1.09178;1.09184;318;4
2024.08.12 17:20;1.09184;1.09210;1.09150;1.09209;350;4
2024.08.12 17:30;1.09211;1.09286;1.09211;1.09281;323;4
2024.08.12 17:40;1.09281;1.09293;1.09247;1.09266;390;4
2024.08.12 17:50;1.09270;1.09332;1.09236;1.09311;465;4
2024.08.12 18:00;1.09310;1.09352;1.09302;1.09343;439;4
2024.08.12 18:10;1.09343;1.09393;1.09343;1.09361;436;4
2024.08.12 18:20;1.09360;1.09377;1.09338;1.09377;477;4
2024.08.12 18:30;1.09377;1.09377;1.09281;1.09282;446;4
2024.08.12 18:40;1.09282;1.09310;1.09273;1.09310;329;3
2024.08.12 18:50;1.09311;1.09319;1.09275;1.09279;358;0
2024.08.12 19:00;1.09270;1.09284;1.09257;1.09283;529;1
2024.08.12 19:10;1.09282;1.09295;1.09262;1.09263;508;0
2024.08.12 19:20;1.09262;1.09284;1.09252;1.09274;414;0
2024.08.12 19:30;1.09273;1.09278;1.09247;1.09251;397;0
2024.08.12 19:40;1.09251;1.09251;1.09222;1.09237;430;0
2024.08.12 19:50;1.09236;1.09240;1.09217;1.09227;308;0
2024.08.12 20:00;1.09226;1.09243;1.09221;1.09240;514;0
2024.08.12 20:10;1.09239;1.09274;1.09228;1.09262;412;0
2024.08.12 20:20;1.09262;1.09286;1.09262;1.09283;384;0
2024.08.12 20:30;1.09283;1.09311;1.09283;1.09309;346;0
2024.08.12 20:40;1.09309;1.09320;1.09292;1.09319;401;0
2024.08.12 20:50;1.09317;1.09335;1.09313;1.09331;381;0
2024.08.12 21:00;1.09331;1.09348;1.09326;1.09337;331;0
2024.08.12 21:10;1.09337;1.09341;1.09301;1.09302;297;0
2024.08.12 21:20;1.09301;1.09315;1.09297;1.09297;279;0
2024.08.12 21:30;1.09297;1.09305;1.09292;1.09303;276;0
2024.08.12 21:40;1.09303;1.09304;1.09282;1.09285;285;0
2024.08.12 21:50;1.09285;1.09308;1.09285;1.09305;318;0
2024.08.12 22:00;1.09304;1.09331;1.09304;1.09325;366;0
2024.08.12 22:10;1.09325;1.09325;1.09311;1.09321;138;0
2024.08.12 22:20;1.09321;1.09321;1.09304;1.09315;220;0
2024.08.12 22:30;1.09316;1.09332;1.09302;1.09311;382;0
2024.08.12 22:40;1.09310;1.09314;1.09302;1.09306;375;0
2024.08.12 22:50;1.09305;1.09316;1.09297;1.09315;396;0
2024.08.12 23:00;1.09316;1.09316;1.09290;1.09311;269;0
2024.08.12 23:10;1.09312;1.09312;1.09292;1.09293;127;0
2024.08.12 23:20;1.09294;1.09294;1.09272;1.09274;116;0
2024.08.12 23:30;1.09275;1.09307;1.09273;1.09301;158;0
2024.08.12 23:40;1.09301;1.09314;1.09296;1.09310;166;0
2024.08.12 23:50;1.09310;1.09323;1.09301;1.09314;180;0
2024.08.13 00:00;1.09299;1.09312;1.09244;1.09295;46;14
2024.08.13 00:10;1.09296;1.09313;1.09295;1.09312;43;14
2024.08.13 00:20;1.09312;1.09333;1.09308;1.09319;70;12
2024.08.13 00:30;1.09317;1.09320;1.09312;1.09315;136;10
2024.08.13 00:40;1.09315;1.09321;1.09314;1.09321;109;12
2024.08.13 00:50;1.09319;1.09325;1.09313;1.09317;78;8
2024.08.13 01:00;1.09318;1.09330;1.09311;1.09323;156;0
2024.08.13 01:10;1.09322;1.09330;1.09314;1.09316;146;0
2024.08.13 01:20;1.09316;1.09325;1.09315;1.09316;162;0
2024.08.13 01:30;1.09316;1.09321;1.09311;1.09319;65;0
2024.08.13 01:40;1.09320;1.09322;1.09315;1.09320;55;0
2024.08.13 01:50;1.09319;1.09328;1.09319;1.09325;57;0
2024.08.13 02:00;1.09324;1.09336;1.09323;1.09323;151;0
2024.08.13 02:10;1.09324;1.09328;1.09313;1.09324;77;0
2024.08.13 02:20;1.09323;1.09326;1.09314;1.09320;94;0
2024.08.13 02:30;1.09321;1.09343;1.09318;1.09341;189;0
2024.08.13 02:40;1.09340;1.09356;1.09337;1.09354;167;0
2024.08.13 02:50;1.09355;1.09364;1.09352;1.09360;154;0
2024.08.13 03:00;1.09361;1.09363;1.09310;1.09317;301;0
2024.08.13 03:10;1.09317;1.09330;1.09308;1.09315;330;0
2024.08.13 03:20;1.09314;1.09319;1.09305;1.09312;329;0
2024.08.13 03:30;1.09311;1.09313;1.09294;1.09300;293;0
2024.08.13 03:40;1.09299;1.09309;1.09293;1.09307;174;0
2024.08.13 03:50;1.09307;1.09313;1.09293;1.09298;289;0
2024.08.13 04:00;1.09299;1.09312;1.09298;1.09302;215;0
2024.08.13 04:10;1.09303;1.09309;1.09292;1.09300;231;0
2024.08.13 04:20;1.09300;1.09308;1.09294;1.09308;201;0
2024.08.13 04:30;1.09306;1.09338;1.09302;1.09334;310;0
2024.08.13 04:40;1.09334;1.09344;1.09327;1.09328;247;0
2024.08.13 04:50;1.09329;1.09353;1.09327;1.09350;244;0
2024.08.13 05:00;1.09349;1.09356;1.09345;1.09352;191;0
2024.08.13 05:10;1.09354;1.09376;1.09347;1.09375;156;0
2024.08.13 05:20;1.09375;1.09376;1.09367;1.09367;189;0
2024.08.13 05:30;1.09368;1.09371;1.09356;1.09358;139;0
2024.08.13 05:40;1.09360;1.09362;1.09339;1.09351;101;0
2024.08.13 05:50;1.09350;1.09360;1.09350;1.09354;187;0
2024.08.13 06:00;1.09354;1.09367;1.09350;1.09354;97;0
2024.08.13 06:10;1.09353;1.09377;1.09353;1.09376;147;0
2024.08.13 06:20;1.09376;1.09379;1.09369;1.09371;128;0
2024.08.13 06:30;1.09371;1.09381;1.09369;1.09375;97;0
2024.08.13 06:40;1.09375;1.09384;1.09370;1.09373;157;0
2024.08.13 06:50;1.09373;1.09378;1.09359;1.09369;157;0
2024.08.13 07:00;1.09368;1.09379;1.09368;1.09372;100;0
2024.08.13 07:10;1.09372;1.09386;1.09369;1.09380;92;0
2024.08.13 07:20;1.09380;1.09383;1.09365;1.09383;172;0
2024.08.13 07:30;1.09382;1.09384;1.09357;1.09360;186;0
2024.08.13 07:40;1.09359;1.09377;1.09357;1.09376;212;0
2024.08.13 07:50;1.09376;1.09393;1.09373;1.09393;167;0
2024.08.13 08:00;1.09393;1.09401;1.09393;1.09398;180;0
2024.08.13 08:10;1.09399;1.09410;1.09394;1.09399;155;0
2024.08.13 08:20;1.09399;1.09405;1.09387;1.09399;156;0
2024.08.13 08:30;1.09399;1.09402;1.09387;1.09392;253;0
2024.08.13 08:40;1.09390;1.09394;1.09373;1.09380;225;0
2024.08.13 08:50;1.09380;1.09411;1.09376;1.09397;258;0
2024.08.13 09:00;1.09405;1.09408;1.09368;1.09384;555;0
2024.08.13 09:10;1.09383;1.09384;1.09346;1.09370;471;0
2024.08.13 09:20;1.09369;1.09391;1.09341;1.09343;394;0
2024.08.13 09:30;1.09343;1.09345;1.09327;1.09332;344;0
2024.08.13 09:40;1.09333;1.09363;1.09333;1.09352;346;0
2024.08.13 09:50;1.09352;1.09370;1.09325;1.09333;343;0
2024.08.13 10:00;1.09332;1.09346;1.09310;1.09318;424;0
2024.08.13 10:10;1.09318;1.09318;1.09262;1.09296;500;0
2024.08.13 10:20;1.09295;1.09339;1.09264;1.09334;509;0
2024.08.13 10:30;1.09333;1.09347;1.09287;1.09300;387;0
2024.08.13 10:40;1.09299;1.09303;1.09272;1.09293;385;0
2024.08.13 10:50;1.09292;1.09320;1.09286;1.09301;360;0
2024.08.13 11:00;1.09300;1.09300;1.09259;1.09277;420;0
2024.08.13 11:10;1.09276;1.09297;1.09213;1.09219;337;0
2024.08.13 11:20;1.09218;1.09232;1.09208;1.09219;379;0
2024.08.13 11:30;1.09219;1.09243;1.09209;1.09234;407;0
2024.08.13 11:40;1.09234;1.09251;1.09223;1.09239;419;0
2024.08.13 11:50;1.09240;1.09240;1.09205;1.09234;267;0
2024.08.13 12:00;1.09233;1.09233;1.09137;1.09175;710;0
2024.08.13 12:10;1.09174;1.09191;1.09168;1.09177;337;0
2024.08.13 12:20;1.09175;1.09231;1.09170;1.09217;393;0
2024.08.13 12:30;1.09218;1.09247;1.09212;1.09229;377;0
2024.08.13 12:40;1.09229;1.09269;1.09224;1.09225;343;0
2024.08.13 12:50;1.09225;1.09230;1.09196;1.09196;359;0
2024.08.13 13:00;1.09196;1.09201;1.09179;1.09186;402;0
2024.08.13 13:10;1.09186;1.09221;1.09183;1.09221;237;0
2024.08.13 13:20;1.09221;1.09238;1.09201;1.09204;399;0
2024.08.13 13:30;1.09205;1.09250;1.09201;1.09237;344;0
2024.08.13 13:40;1.09237;1.09242;1.09202;1.09239;331;0
2024.08.13 13:50;1.09239;1.09245;1.09213;1.09231;366;0
2024.08.13 14:00;1.09230;1.09257;1.09224;1.09255;323;0
2024.08.13 14:10;1.09255;1.09269;1.09249;1.09266;293;0
2024.08.13 14:20;1.09265;1.09273;1.09251;1.09272;306;0
2024.08.13 14:30;1.09272;1.09290;1.09265;1.09286;298;0
2024.08.13 14:40;1.09287;1.09301;1.09278;1.09300;289;0
2024.08.13 14:50;1.09300;1.09321;1.09293;1.09303;306;0
2024.08.13 15:00;1.09303;1.09315;1.09294;1.09306;365;0
2024.08.13 15:10;1.09307;1.09319;1.09271;1.09272;391;0
2024.08.13 15:20;1.09272;1.09292;1.09255;1.09280;552;0
2024.08.13 15:30;1.09282;1.09438;1.09282;1.09434;1258;0
2024.08.13 15:40;1.09433;1.09465;1.09376;1.09430;861;0
2024.08.13 15:50;1.09426;1.09461;1.09392;1.09408;769;0
2024.08.13 16:00;1.09407;1.09443;1.09380;1.09400;672;0
2024.08.13 16:10;1.09401;1.09435;1.09391;1.09431;928;0
2024.08.13 16:20;1.09429;1.09546;1.09427;1.09539;813;0
2024.08.13 16:30;1.09541;1.09563;1.09521;1.09558;854;0
2024.08.13 16:40;1.09557;1.09618;1.09549;1.09588;762;0
2024.08.13 16:50;1.09588;1.09624;1.09585;1.09585;663;0
2024.08.13 17:00;1.09586;1.09586;1.09514;1.09546;691;0
2024.08.13 17:10;1.09546;1.09578;1.09532;1.09546;656;0
2024.08.13 17:20;1.09543;1.09572;1.09533;1.09547;653;0
2024.08.13 17:30;1.09548;1.09551;1.09502;1.09528;575;0
2024.08.13 17:40;1.09529;1.09619;1.09528;1.09610;620;0
2024.08.13 17:50;1.09610;1.09610;1.09541;1.09558;778;0
2024.08.13 18:00;1.09561;1.09578;1.09531;1.09566;548;0
2024.08.13 18:10;1.09566;1.09587;1.09526;1.09539;589;0
2024.08.13 18:20;1.09538;1.09557;1.09497;1.09500;581;0
2024.08.13 18:30;1.09498;1.09524;1.09492;1.09499;557;0
2024.08.13 18:40;1.09500;1.09508;1.09479;1.09504;416;0
2024.08.13 18:50;1.09505;1.09545;1.09505;1.09535;440;0
2024.08.13 19:00;1.09538;1.09600;1.09529;1.09591;447;0
2024.08.13 19:10;1.09592;1.09596;1.09576;1.09588;331;0
2024.08.13 19:20;1.09589;1.09611;1.09588;1.09610;328;0
2024.08.13 19:30;1.09611;1.09639;1.09597;1.09628;396;0
2024.08.13 19:40;1.09628;1.09694;1.09627;1.09694;495;0
2024.08.13 19:50;1.09693;1.09740;1.09680;1.09722;645;0
2024.08.13 20:00;1.09725;1.09744;1.09696;1.09721;426;0
2024.08.13 20:10;1.09721;1.09764;1.09716;1.09764;427;0
2024.08.13 20:20;1.09764;1.09785;1.09751;1.09766;522;0
2024.08.13 20:30;1.09768;1.09769;1.09730;1.09747;502;0
2024.08.13 20:40;1.09747;1.09756;1.09724;1.09740;468;0
2024.08.13 20:50;1.09739;1.09771;1.09737;1.09766;409;0
2024.08.13 21:00;1.09768;1.09840;1.09767;1.09830;424;0
2024.08.13 21:10;1.09830;1.09887;1.09823;1.09885;454;0
2024.08.13 21:20;1.09886;1.09920;1.09872;1.09913;535;0
2024.08.13 21:30;1.09913;1.09957;1.09903;1.09953;426;0
2024.08.13 21:40;1.09954;1.09965;1.09925;1.09959;451;0
2024.08.13 21:50;1.09960;1.09994;1.09945;1.09991;419;0
2024.08.13 22:00;1.09991;1.09991;1.09965;1.09978;451;0
2024.08.13 22:10;1.09979;1.09996;1.09953;1.09956;468;0
2024.08.13 22:20;1.09954;1.09967;1.09939;1.09966;363;0
2024.08.13 22:30;1.09965;1.09967;1.09952;1.09954;311;0
2024.08.13 22:40;1.09955;1.09979;1.09947;1.09978;318;0
2024.08.13 22:50;1.09979;1.09981;1.09949;1.09959;583;0
2024.08.13 23:00;1.09958;1.09963;1.09948;1.09951;189;0
2024.08.13 23:10;1.09950;1.09976;1.09944;1.09966;179;0
2024.08.13 23:20;1.09967;1.09988;1.09966;1.09984;119;0
2024.08.13 23:30;1.09984;1.09986;1.09963;1.09974;140;0
2024.08.13 23:40;1.09975;1.09978;1.09965;1.09966;104;0
2024.08.13 23:50;1.09967;1.09968;1.09926;1.09927;346;0
2024.08.14 00:00;1.09927;1.09927;1.09822;1.09885;78;5
2024.08.14 00:10;1.09885;1.09929;1.09875;1.09919;70;4
2024.08.14 00:20;1.09920;1.09926;1.09913;1.09919;53;10
2024.08.14 00:30;1.09916;1.09923;1.09896;1.09923;382;10
2024.08.14 00:40;1.09924;1.09925;1.09908;1.09920;244;13
2024.08.14 00:50;1.09920;1.09924;1.09915;1.09924;165;14
2024.08.14 01:00;1.09925;1.09957;1.09923;1.09951;123;1
2024.08.14 01:10;1.09951;1.09956;1.09922;1.09928;153;0
2024.08.14 01:20;1.09930;1.09944;1.09924;1.09941;109;0
2024.08.14 01:30;1.09943;1.09973;1.09939;1.09971;146;0
2024.08.14 01:40;1.09972;1.09973;1.09963;1.09964;84;0
2024.08.14 01:50;1.09965;1.09967;1.09964;1.09966;42;0
2024.08.14 02:00;1.09967;1.09983;1.09965;1.09977;145;0
2024.08.14 02:10;1.09976;1.09979;1.09968;1.09975;110;0
2024.08.14 02:20;1.09975;1.09978;1.09960;1.09964;117;0
2024.08.14 02:30;1.09961;1.09970;1.09958;1.09962;215;0
2024.08.14 02:40;1.09959;1.09966;1.09957;1.09958;191;0
2024.08.14 02:50;1.09956;1.09967;1.09942;1.09959;257;0
2024.08.14 03:00;1.09959;1.09971;1.09938;1.09954;345;0
2024.08.14 03:10;1.09953;1.09965;1.09940;1.09958;245;0
2024.08.14 03:20;1.09957;1.09963;1.09945;1.09949;249;0
2024.08.14 03:30;1.09949;1.09953;1.09928;1.09932;271;0
2024.08.14 03:40;1.09931;1.09953;1.09921;1.09944;221;0
2024.08.14 03:50;1.09943;1.09962;1.09917;1.09919;255;0
2024.08.14 04:00;1.09918;1.09918;1.09904;1.09911;241;0
2024.08.14 04:10;1.09910;1.09952;1.09908;1.09948;310;0
2024.08.14 04:20;1.09949;1.09965;1.09939;1.09963;314;0
2024.08.14 04:30;1.09962;1.09963;1.09928;1.09937;288;0
2024.08.14 04:40;1.09937;1.09957;1.09928;1.09931;207;0
2024.08.14 04:50;1.09930;1.09931;1.09913;1.09915;257;0
2024.08.14 05:00;1.09915;1.09932;1.09903;1.09921;558;0
2024.08.14 05:10;1.09921;1.09931;1.09904;1.09910;390;0
2024.08.14 05:20;1.09911;1.09920;1.09900;1.09916;246;0
2024.08.14 05:30;1.09916;1.09941;1.09915;1.09923;322;0
2024.08.14 05:40;1.09922;1.09927;1.09911;1.09921;275;0
2024.08.14 05:50;1.09920;1.09934;1.09911;1.09916;241;0
2024.08.14 06:00;1.09916;1.09917;1.09900;1.09907;290;0
2024.08.14 06:10;1.09906;1.09915;1.09899;1.09910;252;0
2024.08.14 06:20;1.09910;1.09911;1.09896;1.09899;228;0
2024.08.14 06:30;1.09899;1.09910;1.09893;1.09898;257;0
2024.08.14 06:40;1.09898;1.09906;1.09888;1.09897;216;0
2024.08.14 06:50;1.09897;1.09909;1.09887;1.09899;232;0
2024.08.14 07:00;1.09899;1.09907;1.09894;1.09906;196;0
2024.08.14 07:10;1.09907;1.09927;1.09900;1.09927;186;0
2024.08.14 07:20;1.09926;1.09927;1.09915;1.09920;155;0
2024.08.14 07:30;1.09920;1.09922;1.09913;1.09921;194;0
2024.08.14 07:40;1.09920;1.09931;1.09913;1.09926;146;0
2024.08.14 07:50;1.09926;1.09931;1.09915;1.09929;152;0
2024.08.14 08:00;1.09928;1.09943;1.09928;1.09940;171;0
2024.08.14 08:10;1.09942;1.09948;1.09934;1.09947;154;0
2024.08.14 08:20;1.09947;1.09947;1.09916;1.09928;210;0
2024.08.14 08:30;1.09928;1.09928;1.09904;1.09910;201;0
2024.08.14 08:40;1.09911;1.09915;1.09903;1.09909;134;0
2024.08.14 08:50;1.09910;1.09910;1.09894;1.09906;197;0
2024.08.14 09:00;1.09903;1.09910;1.09862;1.09878;703;0
2024.08.14 09:10;1.09877;1.09913;1.09871;1.09889;396;0
2024.08.14 09:20;1.09888;1.09918;1.09884;1.09915;435;0
2024.08.14 09:30;1.09915;1.09961;1.09892;1.09956;459;0
2024.08.14 09:40;1.09956;1.09984;1.09934;1.09979;472;0
2024.08.14 09:50;1.09980;1.10018;1.09975;1.09998;401;0
2024.08.14 10:00;1.09999;1.10000;1.09961;1.09985;500;0
2024.08.14 10:10;1.09984;1.10043;1.09977;1.10042;496;0
2024.08.14 10:20;1.10041;1.10049;1.10004;1.10012;444;0
2024.08.14 10:30;1.10012;1.10064;1.10007;1.10051;416;0
2024.08.14 10:40;1.10051;1.10067;1.10033;1.10061;358;0
2024.08.14 10:50;1.10061;1.10077;1.10044;1.10058;388;0
2024.08.14 11:00;1.10057;1.10078;1.10025;1.10061;506;0
2024.08.14 11:10;1.10062;1.10095;1.10057;1.10072;414;0
2024.08.14 11:20;1.10072;1.10102;1.10066;1.10080;471;0
2024.08.14 11:30;1.10080;1.10101;1.10074;1.10096;350;0
2024.08.14 11:40;1.10096;1.10170;1.10089;1.10167;377;0
2024.08.14 11:50;1.10167;1.10198;1.10151;1.10192;445;0
2024.08.14 12:00;1.10192;1.10230;1.10154;1.10204;440;0
2024.08.14 12:10;1.10204;1.10222;1.10198;1.10207;374;0
2024.08.14 12:20;1.10208;1.10263;1.10208;1.10253;370;0
2024.08.14 12:30;1.10252;1.10275;1.10246;1.10266;273;0
2024.08.14 12:40;1.10267;1.10285;1.10267;1.10279;242;0
2024.08.14 12:50;1.10279;1.10285;1.10250;1.10256;251;0
2024.08.14 13:00;1.10256;1.10256;1.10202;1.10205;439;0
2024.08.14 13:10;1.10206;1.10212;1.10200;1.10201;279;0
2024.08.14 13:20;1.10200;1.10238;1.10198;1.10220;310;0
2024.08.14 13:30;1.10219;1.10227;1.10195;1.10207;350;0
2024.08.14 13:40;1.10206;1.10218;1.10180;1.10209;303;0
2024.08.14 13:50;1.10209;1.10247;1.10199;1.10220;375;0
2024.08.14 14:00;1.10221;1.10232;1.10198;1.10222;360;0
2024.08.14 14:10;1.10224;1.10241;1.10213;1.10216;310;0
2024.08.14 14:20;1.10217;1.10233;1.10215;1.10222;291;0
2024.08.14 14:30;1.10223;1.10252;1.10222;1.10237;242;0
2024.08.14 14:40;1.10238;1.10242;1.10219;1.10222;292;0
2024.08.14 14:50;1.10222;1.10235;1.10205;1.10223;424;0
2024.08.14 15:00;1.10226;1.10252;1.10189;1.10195;486;0
2024.08.14 15:10;1.10194;1.10218;1.10174;1.10192;442;0
2024.08.14 15:20;1.10193;1.10278;1.10193;1.10222;641;0
2024.08.14 15:30;1.10220;1.10350;1.10040;1.10147;1646;0
2024.08.14 15:40;1.10147;1.10211;1.10119;1.10180;1244;0
2024.08.14 15:50;1.10180;1.10230;1.10131;1.10169;1067;0
2024.08.14 16:00;1.10166;1.10383;1.10161;1.10381;1048;0
2024.08.14 16:10;1.10385;1.10419;1.10259;1.10264;914;0
2024.08.14 16:20;1.10263;1.10272;1.10220;1.10221;681;0
2024.08.14 16:30;1.10227;1.10361;1.10217;1.10361;876;0
2024.08.14 16:40;1.10362;1.10423;1.10357;1.10416;815;0
2024.08.14 16:50;1.10417;1.10419;1.10345;1.10376;862;0
2024.08.14 17:00;1.10377;1.10383;1.10321;1.10346;847;0
2024.08.14 17:10;1.10346;1.10348;1.10271;1.10316;755;0
2024.08.14 17:20;1.10316;1.10395;1.10314;1.10393;555;0
2024.08.14 17:30;1.10395;1.10465;1.10394;1.10465;805;0
2024.08.14 17:40;1.10465;1.10473;1.10407;1.10418;652;0
2024.08.14 17:50;1.10418;1.10430;1.10341;1.10354;651;0
2024.08.14 18:00;1.10355;1.10360;1.10288;1.10294;512;0
2024.08.14 18:10;1.10295;1.10302;1.10253;1.10270;382;0
2024.08.14 18:20;1.10270;1.10290;1.10229;1.10229;498;0
2024.08.14 18:30;1.10228;1.10237;1.10213;1.10237;515;0
2024.08.14 18:40;1.10236;1.10254;1.10211;1.10235;435;0
2024.08.14 18:50;1.10234;1.10247;1.10223;1.10232;397;0
2024.08.14 19:00;1.10233;1.10240;1.10175;1.10193;402;0
2024.08.14 19:10;1.10194;1.10216;1.10180;1.10181;425;0
2024.08.14 19:20;1.10181;1.10191;1.10161;1.10174;384;0
2024.08.14 19:30;1.10175;1.10202;1.10169;1.10172;375;0
2024.08.14 19:40;1.10172;1.10201;1.10161;1.10165;380;0
2024.08.14 19:50;1.10165;1.10194;1.10155;1.10183;333;0
2024.08.14 20:00;1.10183;1.10185;1.10164;1.10172;281;0
2024.08.14 20:10;1.10173;1.10176;1.10149;1.10171;255;0
2024.08.14 20:20;1.10171;1.10171;1.10131;1.10148;293;0
2024.08.14 20:30;1.10147;1.10169;1.10139;1.10162;309;0
2024.08.14 20:40;1.10161;1.10164;1.10147;1.10154;314;0
2024.08.14 20:50;1.10153;1.10156;1.10129;1.10142;315;0
2024.08.14 21:00;1.10141;1.10141;1.10116;1.10130;338;0
2024.08.14 21:10;1.10131;1.10133;1.10108;1.10120;308;0
2024.08.14 21:20;1.10119;1.10147;1.10117;1.10129;212;0
2024.08.14 21:30;1.10128;1.10142;1.10123;1.10135;216;0
2024.08.14 21:40;1.10135;1.10146;1.10129;1.10143;194;0
2024.08.14 21:50;1.10143;1.10170;1.10142;1.10159;302;0
2024.08.14 22:00;1.10159;1.10162;1.10144;1.10153;263;0
2024.08.14 22:10;1.10154;1.10165;1.10134;1.10135;400;0
2024.08.14 22:20;1.10134;1.10144;1.10129;1.10129;237;0
2024.08.14 22:30;1.10132;1.10133;1.10113;1.10131;233;0
2024.08.14 22:40;1.10130;1.10146;1.10128;1.10145;240;0
2024.08.14 22:50;1.10145;1.10153;1.10126;1.10130;228;0
2024.08.14 23:00;1.10131;1.10131;1.10118;1.10120;146;0
2024.08.14 23:10;1.10118;1.10144;1.10117;1.10137;213;0
2024.08.14 23:20;1.10137;1.10140;1.10119;1.10119;162;0
2024.08.14 23:30;1.10120;1.10120;1.10108;1.10113;195;0
2024.08.14 23:40;1.10112;1.10125;1.10110;1.10116;194;0
2024.08.14 23:50;1.10115;1.10131;1.10115;1.10122;208;0
2024.08.15 00:00;1.10124;1.10124;1.10083;1.10117;53;7
2024.08.15 00:10;1.10119;1.10136;1.10111;1.10136;67;11
2024.08.15 00:20;1.10136;1.10137;1.10135;1.10135;10;20
2024.08.15 00:30;1.10135;1.10135;1.10131;1.10134;22;17
2024.08.15 00:40;1.10134;1.10134;1.10122;1.10129;22;13
2024.08.15 00:50;1.10123;1.10129;1.10118;1.10123;37;12
2024.08.15 01:00;1.10123;1.10159;1.10119;1.10147;119;0
2024.08.15 01:10;1.10148;1.10148;1.10136;1.10137;44;0
2024.08.15 01:20;1.10138;1.10138;1.10120;1.10120;62;0
2024.08.15 01:30;1.10120;1.10130;1.10117;1.10127;74;0
2024.08.15 01:40;1.10129;1.10144;1.10128;1.10136;108;0
2024.08.15 01:50;1.10137;1.10137;1.10129;1.10133;52;0
2024.08.15 02:00;1.10137;1.10140;1.10125;1.10130;136;0
2024.08.15 02:10;1.10129;1.10133;1.10124;1.10127;193;0
2024.08.15 02:20;1.10128;1.10132;1.10109;1.10110;149;0
2024.08.15 02:30;1.10109;1.10111;1.10104;1.10106;83;0
2024.08.15 02:40;1.10106;1.10110;1.10096;1.10109;70;0
2024.08.15 02:50;1.10109;1.10121;1.10107;1.10116;216;0
2024.08.15 03:00;1.10117;1.10133;1.10110;1.10129;272;0
2024.08.15 03:10;1.10130;1.10134;1.10125;1.10131;180;0
2024.08.15 03:20;1.10130;1.10135;1.10121;1.10131;147;0
2024.08.15 03:30;1.10131;1.10143;1.10123;1.10136;132;0
2024.08.15 03:40;1.10136;1.10136;1.10122;1.10128;139;0
2024.08.15 03:50;1.10128;1.10137;1.10091;1.10095;373;0
2024.08.15 04:00;1.10095;1.10097;1.10076;1.10083;220;0
2024.08.15 04:10;1.10083;1.10087;1.10056;1.10057;200;0
2024.08.15 04:20;1.10057;1.10062;1.10032;1.10040;267;0
2024.08.15 04:30;1.10039;1.10072;1.10030;1.10039;471;0
2024.08.15 04:40;1.10039;1.10061;1.10039;1.10061;346;0
2024.08.15 04:50;1.10062;1.10072;1.10045;1.10069;379;0
2024.08.15 05:00;1.10071;1.10095;1.10063;1.10072;286;0
2024.08.15 05:10;1.10072;1.10108;1.10072;1.10106;275;0
2024.08.15 05:20;1.10106;1.10113;1.10071;1.10075;211;0
2024.08.15 05:30;1.10076;1.10077;1.10056;1.10076;194;0
2024.08.15 05:40;1.10077;1.10092;1.10074;1.10083;182;0
2024.08.15 05:50;1.10083;1.10091;1.10078;1.10086;154;0
2024.08.15 06:00;1.10087;1.10103;1.10076;1.10092;246;0
2024.08.15 06:10;1.10093;1.10108;1.10092;1.10107;217;0
2024.08.15 06:20;1.10106;1.10106;1.10082;1.10082;243;0
2024.08.15 06:30;1.10082;1.10084;1.10075;1.10080;122;0
2024.08.15 06:40;1.10082;1.10085;1.10076;1.10078;130;0
2024.08.15 06:50;1.10080;1.10087;1.10078;1.10080;77;0
2024.08.15 07:00;1.10081;1.10103;1.10080;1.10102;148;0
2024.08.15 07:10;1.10102;1.10107;1.10091;1.10095;158;0
2024.08.15 07:20;1.10095;1.10101;1.10090;1.10100;114;0
2024.08.15 07:30;1.10101;1.10112;1.10100;1.10106;105;0
2024.08.15 07:40;1.10107;1.10114;1.10104;1.10111;90;0
2024.08.15 07:50;1.10113;1.10122;1.10111;1.10117;93;0
2024.08.15 08:00;1.10117;1.10118;1.10095;1.10100;161;0
2024.08.15 08:10;1.10101;1.10101;1.10089;1.10098;113;0
2024.08.15 08:20;1.10097;1.10114;1.10093;1.10114;150;0
2024.08.15 08:30;1.10113;1.10123;1.10104;1.10120;200;0
2024.08.15 08:40;1.10120;1.10126;1.10115;1.10115;131;0
2024.08.15 08:50;1.10117;1.10129;1.10087;1.10095;200;0
2024.08.15 09:00;1.10096;1.10133;1.10078;1.10126;413;0
2024.08.15 09:10;1.10126;1.10144;1.10122;1.10127;286;0
2024.08.15 09:20;1.10128;1.10149;1.10114;1.10131;253;0
2024.08.15 09:30;1.10132;1.10132;1.10105;1.10112;266;0
2024.08.15 09:40;1.10112;1.10117;1.10092;1.10096;231;0
2024.08.15 09:50;1.10096;1.10154;1.10093;1.10144;303;0
2024.08.15 10:00;1.10144;1.10152;1.10128;1.10133;405;0
2024.08.15 10:10;1.10133;1.10136;1.10112;1.10118;399;0
2024.08.15 10:20;1.10118;1.10155;1.10110;1.10121;337;0
2024.08.15 10:30;1.10122;1.10126;1.10090;1.10097;328;0
2024.08.15 10:40;1.10097;1.10117;1.10075;1.10115;326;0
2024.08.15 10:50;1.10116;1.10142;1.10116;1.10134;253;0
2024.08.15 11:00;1.10133;1.10134;1.10079;1.10092;414;0
2024.08.15 11:10;1.10092;1.10125;1.10083;1.10100;353;0
2024.08.15 11:20;1.10099;1.10116;1.10080;1.10086;342;0
2024.08.15 11:30;1.10086;1.10088;1.10054;1.10066;398;0
2024.08.15 11:40;1.10065;1.10084;1.10054;1.10071;324;0
2024.08.15 11:50;1.10071;1.10079;1.10052;1.10062;255;0
2024.08.15 12:00;1.10061;1.10065;1.10032;1.10062;309;0
2024.08.15 12:10;1.10062;1.10119;1.10062;1.10119;316;0
2024.08.15 12:20;1.10119;1.10128;1.10106;1.10117;252;0
2024.08.15 12:30;1.10117;1.10130;1.10091;1.10098;255;0
2024.08.15 12:40;1.10098;1.10115;1.10091;1.10110;241;0
2024.08.15 12:50;1.10111;1.10119;1.10097;1.10118;236;0
2024.08.15 13:00;1.10119;1.10139;1.10118;1.10132;211;0
2024.08.15 13:10;1.10133;1.10139;1.10130;1.10137;218;0
2024.08.15 13:20;1.10137;1.10141;1.10109;1.10115;212;0
2024.08.15 13:30;1.10115;1.10115;1.10082;1.10082;188;0
2024.08.15 13:40;1.10082;1.10101;1.10080;1.10088;195;0
2024.08.15 13:50;1.10087;1.10125;1.10086;1.10100;258;0
2024.08.15 14:00;1.10101;1.10130;1.10099;1.10126;258;0
2024.08.15 14:10;1.10125;1.10127;1.10110;1.10118;223;0
2024.08.15 14:20;1.10119;1.10119;1.10097;1.10113;207;0
2024.08.15 14:30;1.10112;1.10119;1.10104;1.10110;231;0
2024.08.15 14:40;1.10110;1.10123;1.10103;1.10107;187;0
2024.08.15 14:50;1.10106;1.10136;1.10101;1.10131;335;0
2024.08.15 15:00;1.10132;1.10140;1.10106;1.10113;328;0
2024.08.15 15:10;1.10113;1.10137;1.10108;1.10135;304;0
2024.08.15 15:20;1.10135;1.10142;1.10108;1.10119;493;0
2024.08.15 15:30;1.10094;1.10094;1.09620;1.09621;1532;0
2024.08.15 15:40;1.09620;1.09649;1.09551;1.09568;1184;0
2024.08.15 15:50;1.09565;1.09600;1.09518;1.09566;1182;0
2024.08.15 16:00;1.09566;1.09592;1.09500;1.09507;1012;0
2024.08.15 16:10;1.09507;1.09601;1.09495;1.09562;898;0
2024.08.15 16:20;1.09561;1.09660;1.09555;1.09593;855;0
2024.08.15 16:30;1.09593;1.09614;1.09554;1.09590;1077;0
2024.08.15 16:40;1.09590;1.09657;1.09574;1.09632;999;0
2024.08.15 16:50;1.09632;1.09697;1.09630;1.09685;769;0
2024.08.15 17:00;1.09686;1.09712;1.09651;1.09660;821;0
2024.08.15 17:10;1.09657;1.09753;1.09653;1.09739;717;0
2024.08.15 17:20;1.09740;1.09760;1.09726;1.09753;666;0
2024.08.15 17:30;1.09752;1.09761;1.09707;1.09747;678;0
2024.08.15 17:40;1.09747;1.09805;1.09740;1.09803;639;0
2024.08.15 17:50;1.09804;1.09862;1.09797;1.09829;772;0
2024.08.15 18:00;1.09830;1.09865;1.09815;1.09849;618;0
2024.08.15 18:10;1.09850;1.09895;1.09844;1.09872;574;0
2024.08.15 18:20;1.09872;1.09879;1.09826;1.09854;543;0
2024.08.15 18:30;1.09855;1.09874;1.09845;1.09872;438;0
2024.08.15 18:40;1.09871;1.09889;1.09844;1.09844;397;0
2024.08.15 18:50;1.09841;1.09854;1.09829;1.09853;492;0
2024.08.15 19:00;1.09855;1.09890;1.09850;1.09889;460;0
2024.08.15 19:10;1.09889;1.09893;1.09856;1.09870;332;0
2024.08.15 19:20;1.09872;1.09884;1.09854;1.09863;314;0
2024.08.15 19:30;1.09862;1.09862;1.09824;1.09825;316;0
2024.08.15 19:40;1.09824;1.09824;1.09784;1.09792;322;0
2024.08.15 19:50;1.09791;1.09800;1.09774;1.09779;406;0
2024.08.15 20:00;1.09779;1.09797;1.09765;1.09783;337;0
2024.08.15 20:10;1.09783;1.09790;1.09768;1.09777;291;0
2024.08.15 20:20;1.09778;1.09783;1.09768;1.09774;266;0
2024.08.15 20:30;1.09774;1.09778;1.09741;1.09748;244;0
2024.08.15 20:40;1.09748;1.09748;1.09716;1.09722;302;0
2024.08.15 20:50;1.09723;1.09744;1.09721;1.09743;312;0
2024.08.15 21:00;1.09744;1.09781;1.09737;1.09763;345;0
2024.08.15 21:10;1.09763;1.09771;1.09747;1.09766;291;0
2024.08.15 21:20;1.09765;1.09790;1.09762;1.09787;273;0
2024.08.15 21:30;1.09786;1.09794;1.09776;1.09778;276;0
2024.08.15 21:40;1.09779;1.09788;1.09764;1.09782;226;0
2024.08.15 21:50;1.09781;1.09787;1.09762;1.09782;268;0
2024.08.15 22:00;1.09781;1.09798;1.09767;1.09778;303;0
2024.08.15 22:10;1.09777;1.09783;1.09769;1.09779;187;0
2024.08.15 22:20;1.09779;1.09788;1.09760;1.09761;231;0
2024.08.15 22:30;1.09762;1.09764;1.09725;1.09726;301;0
2024.08.15 22:40;1.09726;1.09747;1.09725;1.09742;291;0
2024.08.15 22:50;1.09742;1.09744;1.09728;1.09741;252;0
2024.08.15 23:00;1.09741;1.09742;1.09715;1.09725;169;0
2024.08.15 23:10;1.09724;1.09732;1.09716;1.09722;133;0
2024.08.15 23:20;1.09723;1.09725;1.09713;1.09717;127;0
2024.08.15 23:30;1.09717;1.09720;1.09714;1.09716;106;0
2024.08.15 23:40;1.09717;1.09718;1.09707;1.09708;125;0
2024.08.15 23:50;1.09709;1.09726;1.09705;1.09726;181;0
2024.08.16 00:00;1.09707;1.09719;1.09693;1.09719;41;14
2024.08.16 00:10;1.09721;1.09724;1.09719;1.09722;50;13
2024.08.16 00:20;1.09722;1.09723;1.09720;1.09722;23;14
2024.08.16 00:30;1.09722;1.09723;1.09716;1.09722;64;4
2024.08.16 00:40;1.09721;1.09722;1.09714;1.09715;69;4
2024.08.16 00:50;1.09715;1.09726;1.09715;1.09723;36;5
2024.08.16 01:00;1.09724;1.09728;1.09709;1.09721;113;0
2024.08.16 01:10;1.09722;1.09742;1.09718;1.09735;76;0
2024.08.16 01:20;1.09735;1.09744;1.09733;1.09744;79;0
2024.08.16 01:30;1.09744;1.09744;1.09727;1.09729;91;0
2024.08.16 01:40;1.09730;1.09736;1.09720;1.09726;90;0
2024.08.16 01:50;1.09725;1.09728;1.09713;1.09713;98;0
2024.08.16 02:00;1.09714;1.09728;1.09712;1.09725;152;0
2024.08.16 02:10;1.09728;1.09747;1.09722;1.09740;169;0
2024.08.16 02:20;1.09740;1.09749;1.09736;1.09748;145;0
2024.08.16 02:30;1.09749;1.09749;1.09728;1.09729;164;0
2024.08.16 02:40;1.09728;1.09732;1.09713;1.09713;182;0
2024.08.16 02:50;1.09713;1.09736;1.09713;1.09723;164;0
2024.08.16 03:00;1.09724;1.09755;1.09717;1.09740;369;0
2024.08.16 03:10;1.09741;1.09752;1.09732;1.09733;245;0
2024.08.16 03:20;1.09734;1.09750;1.09722;1.09739;294;0
2024.08.16 03:30;1.09739;1.09770;1.09738;1.09744;257;0
2024.08.16 03:40;1.09745;1.09764;1.09745;1.09756;187;0
2024.08.16 03:50;1.09756;1.09765;1.09746;1.09756;260;0
2024.08.16 04:00;1.09757;1.09760;1.09743;1.09754;229;0
2024.08.16 04:10;1.09754;1.09764;1.09743;1.09752;213;0
2024.08.16 04:20;1.09753;1.09777;1.09751;1.09775;223;0
2024.08.16 04:30;1.09774;1.09796;1.09773;1.09791;263;0
2024.08.16 04:40;1.09792;1.09812;1.09782;1.09789;221;0
2024.08.16 04:50;1.09788;1.09812;1.09781;1.09809;264;0
2024.08.16 05:00;1.09809;1.09813;1.09793;1.09801;229;0
2024.08.16 05:10;1.09801;1.09801;1.09784;1.09797;92;0
2024.08.16 05:20;1.09797;1.09803;1.09782;1.09782;105;0
2024.08.16 05:30;1.09782;1.09806;1.09782;1.09805;146;0
2024.08.16 05:40;1.09805;1.09825;1.09805;1.09812;227;0
2024.08.16 05:50;1.09812;1.09817;1.09806;1.09813;177;0
2024.08.16 06:00;1.09812;1.09817;1.09801;1.09815;140;0
2024.08.16 06:10;1.09816;1.09816;1.09797;1.09807;90;0
2024.08.16 06:20;1.09807;1.09812;1.09792;1.09799;133;0
2024.08.16 06:30;1.09802;1.09805;1.09793;1.09797;103;0
2024.08.16 06:40;1.09798;1.09799;1.09767;1.09772;148;0
2024.08.16 06:50;1.09774;1.09780;1.09766;1.09770;116;0
2024.08.16 07:00;1.09771;1.09784;1.09765;1.09770;205;0
2024.08.16 07:10;1.09770;1.09776;1.09761;1.09773;136;0
2024.08.16 07:20;1.09775;1.09789;1.09774;1.09788;125;0
2024.08.16 07:30;1.09789;1.09806;1.09785;1.09800;186;0
2024.08.16 07:40;1.09800;1.09819;1.09799;1.09815;206;0
2024.08.16 07:50;1.09814;1.09823;1.09811;1.09820;226;0
2024.08.16 08:00;1.09820;1.09830;1.09813;1.09830;228;0
2024.08.16 08:10;1.09830;1.09832;1.09813;1.09827;197;0
2024.08.16 08:20;1.09828;1.09841;1.09828;1.09839;335;0
2024.08.16 08:30;1.09840;1.09847;1.09830;1.09847;265;0
2024.08.16 08:40;1.09848;1.09859;1.09839;1.09853;219;0
2024.08.16 08:50;1.09854;1.09860;1.09838;1.09856;175;0
2024.08.16 09:00;1.09849;1.09860;1.09830;1.09854;401;0
2024.08.16 09:10;1.09853;1.09858;1.09841;1.09857;280;0
2024.08.16 09:20;1.09857;1.09859;1.09824;1.09850;270;0
2024.08.16 09:30;1.09848;1.09867;1.09833;1.09834;286;0
2024.08.16 09:40;1.09835;1.09835;1.09810;1.09825;313;0
2024.08.16 09:50;1.09824;1.09843;1.09806;1.09815;323;0
2024.08.16 10:00;1.09815;1.09861;1.09814;1.09845;424;0
2024.08.16 10:10;1.09846;1.09849;1.09817;1.09826;386;0
2024.08.16 10:20;1.09824;1.09831;1.09789;1.09792;322;0
2024.08.16 10:30;1.09791;1.09807;1.09767;1.09807;378;0
2024.08.16 10:40;1.09806;1.09830;1.09797;1.09820;321;0
2024.08.16 10:50;1.09820;1.09855;1.09812;1.09850;347;0
2024.08.16 11:00;1.09851;1.09876;1.09850;1.09875;295;0
2024.08.16 11:10;1.09876;1.09887;1.09855;1.09870;414;0
2024.08.16 11:20;1.09871;1.09897;1.09870;1.09887;362;0
2024.08.16 11:30;1.09886;1.09891;1.09851;1.09858;329;0
2024.08.16 11:40;1.09856;1.09856;1.09825;1.09826;346;0
2024.08.16 11:50;1.09825;1.09831;1.09798;1.09808;349;0
2024.08.16 12:00;1.09808;1.09821;1.09787;1.09798;375;0
2024.08.16 12:10;1.09799;1.09826;1.09795;1.09824;390;0
2024.08.16 12:20;1.09825;1.09858;1.09821;1.09857;267;0
2024.08.16 12:30;1.09857;1.09891;1.09857;1.09880;318;0
2024.08.16 12:40;1.09879;1.09884;1.09862;1.09879;289;0
2024.08.16 12:50;1.09878;1.09900;1.09873;1.09897;349;0
2024.08.16 13:00;1.09897;1.09900;1.09888;1.09898;203;0
2024.08.16 13:10;1.09898;1.09899;1.09872;1.09898;263;0
2024.08.16 13:20;1.09898;1.09902;1.09888;1.09898;205;0
2024.08.16 13:30;1.09897;1.09897;1.09852;1.09883;258;0
2024.08.16 13:40;1.09884;1.09915;1.09882;1.09901;326;0
2024.08.16 13:50;1.09901;1.09950;1.09899;1.09938;386;0
2024.08.16 14:00;1.09938;1.09946;1.09910;1.09916;336;0
2024.08.16 14:10;1.09915;1.09928;1.09889;1.09921;360;0
2024.08.16 14:20;1.09921;1.09942;1.09898;1.09901;363;0
2024.08.16 14:30;1.09901;1.09934;1.09900;1.09928;419;0
2024.08.16 14:40;1.09929;1.09944;1.09924;1.09939;367;0
2024.08.16 14:50;1.09938;1.09950;1.09905;1.09921;412;0
2024.08.16 15:00;1.09922;1.09941;1.09919;1.09936;390;0
2024.08.16 15:10;1.09936;1.09938;1.09893;1.09893;309;0
2024.08.16 15:20;1.09892;1.09904;1.09881;1.09889;430;0
2024.08.16 15:30;1.09889;1.09945;1.09868;1.09878;648;0
2024.08.16 15:40;1.09878;1.09903;1.09852;1.09903;498;0
2024.08.16 15:50;1.09902;1.09939;1.09898;1.09937;473;0
2024.08.16 16:00;1.09938;1.09950;1.09916;1.09931;449;0
2024.08.16 16:10;1.09932;1.09978;1.09919;1.09972;583;0
2024.08.16 16:20;1.09973;1.09987;1.09954;1.09980;458;0
2024.08.16 16:30;1.09981;1.10009;1.09969;1.10003;691;0
2024.08.16 16:40;1.10003;1.10032;1.09984;1.10026;650;0
2024.08.16 16:50;1.10027;1.10045;1.10006;1.10025;596;0
2024.08.16 17:00;1.10022;1.10022;1.09951;1.09951;927;0
2024.08.16 17:10;1.09952;1.09955;1.09903;1.09909;616;0
2024.08.16 17:20;1.09909;1.09911;1.09872;1.09885;605;0
2024.08.16 17:30;1.09886;1.09905;1.09871;1.09880;438;0
2024.08.16 17:40;1.09881;1.09885;1.09826;1.09873;503;0
2024.08.16 17:50;1.09873;1.09909;1.09864;1.09904;679;0
2024.08.16 18:00;1.09904;1.09946;1.09903;1.09940;482;0
2024.08.16 18:10;1.09940;1.09955;1.09938;1.09942;449;0
2024.08.16 18:20;1.09942;1.09950;1.09905;1.09949;430;0
2024.08.16 18:30;1.09948;1.09961;1.09936;1.09948;405;0
2024.08.16 18:40;1.09948;1.09972;1.09937;1.09949;415;0
2024.08.16 18:50;1.09949;1.09976;1.09948;1.09961;340;0
2024.08.16 19:00;1.09960;1.09999;1.09956;1.09995;402;0
2024.08.16 19:10;1.09995;1.10007;1.09983;1.09997;340;0
2024.08.16 19:20;1.09997;1.10031;1.09993;1.10025;318;0
2024.08.16 19:30;1.10026;1.10035;1.10016;1.10020;341;0
2024.08.16 19:40;1.10019;1.10030;1.10012;1.10027;296;0
2024.08.16 19:50;1.10027;1.10043;1.10021;1.10037;261;0
2024.08.16 20:00;1.10037;1.10061;1.10037;1.10046;376;0
2024.08.16 20:10;1.10047;1.10075;1.10046;1.10074;312;0
2024.08.16 20:20;1.10075;1.10118;1.10073;1.10113;356;0
2024.08.16 20:30;1.10114;1.10122;1.10095;1.10120;318;0
2024.08.16 20:40;1.10121;1.10125;1.10102;1.10114;332;0
2024.08.16 20:50;1.10114;1.10129;1.10102;1.10129;365;0
2024.08.16 21:00;1.10128;1.10132;1.10116;1.10117;271;0
2024.08.16 21:10;1.10117;1.10124;1.10108;1.10108;172;0
2024.08.16 21:20;1.10107;1.10119;1.10092;1.10111;259;0
2024.08.16 21:30;1.10111;1.10148;1.10111;1.10122;247;0
2024.08.16 21:40;1.10121;1.10173;1.10118;1.10173;373;0
2024.08.16 21:50;1.10172;1.10214;1.10170;1.10206;415;0
2024.08.16 22:00;1.10207;1.10218;1.10185;1.10186;317;0
2024.08.16 22:10;1.10186;1.10192;1.10181;1.10188;251;0
2024.08.16 22:20;1.10187;1.10199;1.10183;1.10196;238;0
2024.08.16 22:30;1.10195;1.10215;1.10193;1.10209;223;0
2024.08.16 22:40;1.10209;1.10228;1.10208;1.10227;291;0
2024.08.16 22:50;1.10228;1.10248;1.10223;1.10243;227;0
2024.08.16 23:00;1.10244;1.10251;1.10230;1.10231;195;0
2024.08.16 23:10;1.10231;1.10251;1.10220;1.10220;191;0
2024.08.16 23:20;1.10221;1.10232;1.10220;1.10225;130;0
2024.08.16 23:30;1.10225;1.10243;1.10225;1.10230;131;0
2024.08.16 23:40;1.10230;1.10265;1.10229;1.10264;198;0
2024.08.16 23:50;1.10264;1.10294;1.10258;1.10269;118;0
2024.08.19 00:00;1.10277;1.10277;1.10230;1.10248;40;26
2024.08.19 00:10;1.10248;1.10250;1.10238;1.10238;31;26
2024.08.19 00:20;1.10237;1.10244;1.10219;1.10244;47;26
2024.08.19 00:30;1.10241;1.10242;1.10241;1.10241;4;27
2024.08.19 00:40;1.10242;1.10247;1.10236;1.10247;34;26
2024.08.19 00:50;1.10247;1.10251;1.10242;1.10245;86;26
2024.08.19 01:00;1.10277;1.10343;1.10252;1.10317;302;0
2024.08.19 01:10;1.10317;1.10319;1.10268;1.10270;114;0
2024.08.19 01:20;1.10270;1.10271;1.10251;1.10255;199;0
2024.08.19 01:30;1.10254;1.10272;1.10250;1.10259;200;0
2024.08.19 01:40;1.10259;1.10267;1.10243;1.10255;206;0
2024.08.19 01:50;1.10255;1.10259;1.10246;1.10252;179;0
2024.08.19 02:00;1.10253;1.10262;1.10237;1.10237;172;0
2024.08.19 02:10;1.10239;1.10252;1.10232;1.10244;170;0
2024.08.19 02:20;1.10243;1.10245;1.10228;1.10232;158;0
2024.08.19 02:30;1.10231;1.10235;1.10228;1.10232;162;0
2024.08.19 02:40;1.10233;1.10258;1.10227;1.10248;157;0
2024.08.19 02:50;1.10246;1.10260;1.10238;1.10246;221;0
2024.08.19 03:00;1.10247;1.10264;1.10231;1.10251;368;0
2024.08.19 03:10;1.10251;1.10272;1.10248;1.10267;296;0
2024.08.19 03:20;1.10268;1.10269;1.10238;1.10244;308;0
2024.08.19 03:30;1.10245;1.10295;1.10244;1.10291;349;0
2024.08.19 03:40;1.10291;1.10308;1.10282;1.10306;250;0
2024.08.19 03:50;1.10305;1.10360;1.10302;1.10302;496;0
2024.08.19 04:00;1.10302;1.10304;1.10286;1.10289;317;0
2024.08.19 04:10;1.10289;1.10292;1.10274;1.10283;259;0
2024.08.19 04:20;1.10283;1.10314;1.10279;1.10309;279;0
2024.08.19 04:30;1.10309;1.10334;1.10304;1.10313;345;0
2024.08.19 04:40;1.10314;1.10318;1.10286;1.10307;271;0
2024.08.19 04:50;1.10307;1.10323;1.10303;1.10310;234;0
2024.08.19 05:00;1.10311;1.10313;1.10300;1.10312;187;0
2024.08.19 05:10;1.10312;1.10313;1.10298;1.10300;159;0
2024.08.19 05:20;1.10301;1.10312;1.10299;1.10302;135;0
2024.08.19 05:30;1.10301;1.10304;1.10288;1.10297;162;0
2024.08.19 05:40;1.10296;1.10305;1.10287;1.10302;146;0
2024.08.19 05:50;1.10303;1.10319;1.10296;1.10307;140;0
2024.08.19 06:00;1.10308;1.10348;1.10302;1.10347;272;0
2024.08.19 06:10;1.10346;1.10396;1.10343;1.10396;331;0
2024.08.19 06:20;1.10393;1.10393;1.10361;1.10366;271;0
2024.08.19 06:30;1.10367;1.10404;1.10367;1.10399;286;0
2024.08.19 06:40;1.10399;1.10403;1.10389;1.10391;347;0
2024.08.19 06:50;1.10392;1.10397;1.10383;1.10389;219;0
2024.08.19 07:00;1.10389;1.10400;1.10365;1.10398;273;0
2024.08.19 07:10;1.10398;1.10402;1.10391;1.10398;137;0
2024.08.19 07:20;1.10398;1.10401;1.10384;1.10387;155;0
2024.08.19 07:30;1.10389;1.10405;1.10379;1.10402;283;0
2024.08.19 07:40;1.10402;1.10418;1.10397;1.10412;268;0
2024.08.19 07:50;1.10410;1.10411;1.10393;1.10396;191;0
2024.08.19 08:00;1.10397;1.10416;1.10397;1.10399;248;0
2024.08.19 08:10;1.10400;1.10416;1.10396;1.10416;226;0
2024.08.19 08:20;1.10416;1.10437;1.10403;1.10412;391;0
2024.08.19 08:30;1.10413;1.10449;1.10410;1.10447;360;0
2024.08.19 08:40;1.10448;1.10488;1.10437;1.10488;357;0
2024.08.19 08:50;1.10490;1.10492;1.10470;1.10475;421;0
2024.08.19 09:00;1.10476;1.10501;1.10449;1.10498;537;1
2024.08.19 09:10;1.10497;1.10500;1.10470;1.10473;364;1
2024.08.19 09:20;1.10472;1.10474;1.10407;1.10411;537;1
2024.08.19 09:30;1.10411;1.10445;1.10407;1.10423;432;1
2024.08.19 09:40;1.10423;1.10469;1.10423;1.10463;505;1
2024.08.19 09:50;1.10464;1.10471;1.10413;1.10420;518;0
2024.08.19 10:00;1.10418;1.10430;1.10402;1.10412;541;0
2024.08.19 10:10;1.10411;1.10441;1.10406;1.10436;478;0
2024.08.19 10:20;1.10436;1.10456;1.10420;1.10429;395;0
2024.08.19 10:30;1.10428;1.10430;1.10412;1.10422;399;0
2024.08.19 10:40;1.10421;1.10446;1.10406;1.10446;328;0
2024.08.19 10:50;1.10446;1.10471;1.10424;1.10427;387;0
2024.08.19 11:00;1.10426;1.10454;1.10409;1.10451;448;0
2024.08.19 11:10;1.10452;1.10487;1.10451;1.10486;393;0
2024.08.19 11:20;1.10486;1.10504;1.10470;1.10483;414;0
2024.08.19 11:30;1.10483;1.10490;1.10407;1.10411;378;1
2024.08.19 11:40;1.10412;1.10419;1.10364;1.10376;493;1
2024.08.19 11:50;1.10376;1.10391;1.10355;1.10372;435;0
2024.08.19 12:00;1.10372;1.10401;1.10366;1.10368;373;0
2024.08.19 12:10;1.10368;1.10377;1.10355;1.10375;404;0
2024.08.19 12:20;1.10374;1.10382;1.10352;1.10380;387;0
2024.08.19 12:30;1.10379;1.10407;1.10376;1.10406;303;0
2024.08.19 12:40;1.10407;1.10411;1.10377;1.10388;322;0
2024.08.19 12:50;1.10389;1.10391;1.10344;1.10351;401;0
2024.08.19 13:00;1.10352;1.10363;1.10338;1.10353;356;0
2024.08.19 13:10;1.10353;1.10355;1.10310;1.10330;397;0
2024.08.19 13:20;1.10329;1.10337;1.10309;1.10328;452;0
2024.08.19 13:30;1.10329;1.10370;1.10328;1.10368;370;0
2024.08.19 13:40;1.10368;1.10372;1.10354;1.10358;279;0
2024.08.19 13:50;1.10360;1.10381;1.10350;1.10368;366;0
2024.08.19 14:00;1.10366;1.10384;1.10352;1.10353;323;0
2024.08.19 14:10;1.10354;1.10365;1.10347;1.10353;306;0
2024.08.19 14:20;1.10353;1.10378;1.10336;1.10354;319;0
2024.08.19 14:30;1.10354;1.10359;1.10325;1.10333;357;0
2024.08.19 14:40;1.10332;1.10397;1.10332;1.10393;262;0
2024.08.19 14:50;1.10393;1.10437;1.10389;1.10421;441;0
2024.08.19 15:00;1.10423;1.10444;1.10404;1.10405;410;0
2024.08.19 15:10;1.10404;1.10419;1.10393;1.10411;340;0
2024.08.19 15:20;1.10412;1.10419;1.10378;1.10379;384;0
2024.08.19 15:30;1.10379;1.10380;1.10345;1.10358;444;0
2024.08.19 15:40;1.10360;1.10399;1.10344;1.10387;405;0
2024.08.19 15:50;1.10388;1.10391;1.10355;1.10388;456;0
2024.08.19 16:00;1.10388;1.10389;1.10305;1.10317;577;0
2024.08.19 16:10;1.10320;1.10372;1.10302;1.10367;569;0
2024.08.19 16:20;1.10366;1.10383;1.10334;1.10346;463;0
2024.08.19 16:30;1.10346;1.10351;1.10318;1.10326;447;0
2024.08.19 16:40;1.10326;1.10380;1.10318;1.10373;405;0
2024.08.19 16:50;1.10372;1.10446;1.10361;1.10445;493;0
2024.08.19 17:00;1.10445;1.10534;1.10429;1.10534;561;0
2024.08.19 17:10;1.10535;1.10544;1.10486;1.10505;690;0
2024.08.19 17:20;1.10506;1.10595;1.10480;1.10592;718;0
2024.08.19 17:30;1.10593;1.10726;1.10587;1.10678;1042;0
2024.08.19 17:40;1.10677;1.10725;1.10671;1.10722;720;0
2024.08.19 17:50;1.10722;1.10734;1.10643;1.10656;898;0
2024.08.19 18:00;1.10654;1.10667;1.10630;1.10667;676;0
2024.08.19 18:10;1.10667;1.10692;1.10647;1.10649;586;0
2024.08.19 18:20;1.10650;1.10650;1.10597;1.10625;545;0
2024.08.19 18:30;1.10625;1.10667;1.10618;1.10653;460;0
2024.08.19 18:40;1.10653;1.10685;1.10619;1.10675;515;0
2024.08.19 18:50;1.10676;1.10719;1.10675;1.10692;539;0
2024.08.19 19:00;1.10691;1.10717;1.10687;1.10694;491;1
2024.08.19 19:10;1.10695;1.10722;1.10677;1.10679;351;0
2024.08.19 19:20;1.10679;1.10704;1.10672;1.10701;331;0
2024.08.19 19:30;1.10702;1.10724;1.10689;1.10692;309;0
2024.08.19 19:40;1.10692;1.10718;1.10690;1.10707;238;0
2024.08.19 19:50;1.10708;1.10739;1.10708;1.10734;282;0
2024.08.19 20:00;1.10734;1.10738;1.10706;1.10710;235;0
2024.08.19 20:10;1.10710;1.10732;1.10709;1.10719;229;0
2024.08.19 20:20;1.10720;1.10727;1.10708;1.10710;218;0
2024.08.19 20:30;1.10711;1.10723;1.10704;1.10722;207;0
2024.08.19 20:40;1.10723;1.10753;1.10721;1.10750;226;0
2024.08.19 20:50;1.10750;1.10768;1.10742;1.10768;176;0
2024.08.19 21:00;1.10769;1.10799;1.10764;1.10786;382;2
2024.08.19 21:10;1.10787;1.10816;1.10787;1.10815;405;0
2024.08.19 21:20;1.10816;1.10836;1.10806;1.10835;437;0
2024.08.19 21:30;1.10836;1.10851;1.10832;1.10840;323;0
2024.08.19 21:40;1.10840;1.10848;1.10808;1.10815;309;0
2024.08.19 21:50;1.10816;1.10828;1.10809;1.10814;364;0
2024.08.19 22:00;1.10813;1.10820;1.10788;1.10816;284;0
2024.08.19 22:10;1.10817;1.10839;1.10815;1.10839;269;0
2024.08.19 22:20;1.10839;1.10859;1.10839;1.10853;318;0
2024.08.19 22:30;1.10853;1.10853;1.10825;1.10832;219;0
2024.08.19 22:40;1.10833;1.10863;1.10832;1.10852;307;0
2024.08.19 22:50;1.10852;1.10855;1.10829;1.10836;293;0
2024.08.19 23:00;1.10835;1.10839;1.10817;1.10835;188;0
2024.08.19 23:10;1.10837;1.10845;1.10834;1.10836;159;0
2024.08.19 23:20;1.10837;1.10839;1.10815;1.10827;151;0
2024.08.19 23:30;1.10826;1.10838;1.10824;1.10836;127;0
2024.08.19 23:40;1.10836;1.10859;1.10834;1.10850;147;0
2024.08.19 23:50;1.10850;1.10860;1.10842;1.10849;157;0
2024.08.20 00:00;1.10847;1.10850;1.10784;1.10849;79;4
2024.08.20 00:10;1.10848;1.10855;1.10847;1.10847;44;4
2024.08.20 00:20;1.10847;1.10847;1.10840;1.10843;22;9
2024.08.20 00:30;1.10843;1.10845;1.10820;1.10827;130;10
2024.08.20 00:40;1.10826;1.10829;1.10822;1.10825;65;10
2024.08.20 00:50;1.10825;1.10837;1.10811;1.10836;125;8
2024.08.20 01:00;1.10852;1.10867;1.10850;1.10866;103;0
2024.08.20 01:10;1.10866;1.10874;1.10865;1.10868;55;0
2024.08.20 01:20;1.10867;1.10868;1.10858;1.10861;76;0
2024.08.20 01:30;1.10862;1.10862;1.10857;1.10859;41;0
2024.08.20 01:40;1.10859;1.10859;1.10836;1.10842;95;0
2024.08.20 01:50;1.10842;1.10853;1.10838;1.10852;93;0
2024.08.20 02:00;1.10854;1.10867;1.10847;1.10856;177;0
2024.08.20 02:10;1.10857;1.10857;1.10832;1.10835;211;0
2024.08.20 02:20;1.10835;1.10848;1.10831;1.10837;142;0
2024.08.20 02:30;1.10837;1.10855;1.10835;1.10853;220;0
2024.08.20 02:40;1.10853;1.10853;1.10836;1.10840;190;0
2024.08.20 02:50;1.10841;1.10865;1.10839;1.10856;134;0
2024.08.20 03:00;1.10856;1.10872;1.10842;1.10850;404;0
2024.08.20 03:10;1.10850;1.10851;1.10819;1.10824;320;0
2024.08.20 03:20;1.10823;1.10823;1.10809;1.10811;310;0
2024.08.20 03:30;1.10812;1.10819;1.10799;1.10814;241;0
2024.08.20 03:40;1.10815;1.10834;1.10805;1.10834;323;0
2024.08.20 03:50;1.10834;1.10842;1.10813;1.10818;289;0
2024.08.20 04:00;1.10818;1.10872;1.10815;1.10852;518;0
2024.08.20 04:10;1.10852;1.10867;1.10842;1.10860;416;0
2024.08.20 04:20;1.10860;1.10868;1.10851;1.10858;248;0
2024.08.20 04:30;1.10857;1.10858;1.10819;1.10825;306;0
2024.08.20 04:40;1.10825;1.10847;1.10824;1.10841;283;0
2024.08.20 04:50;1.10840;1.10858;1.10836;1.10853;278;0
2024.08.20 05:00;1.10853;1.10870;1.10841;1.10843;233;0
2024.08.20 05:10;1.10843;1.10846;1.10816;1.10827;248;0
2024.08.20 05:20;1.10826;1.10830;1.10808;1.10814;258;0
2024.08.20 05:30;1.10814;1.10832;1.10802;1.10802;335;0
2024.08.20 05:40;1.10802;1.10804;1.10763;1.10775;377;0
2024.08.20 05:50;1.10775;1.10784;1.10749;1.10761;405;0
2024.08.20 06:00;1.10762;1.10791;1.10761;1.10786;254;0
2024.08.20 06:10;1.10786;1.10792;1.10768;1.10779;209;0
2024.08.20 06:20;1.10778;1.10787;1.10768;1.10770;281;0
2024.08.20 06:30;1.10770;1.10770;1.10754;1.10754;310;0
2024.08.20 06:40;1.10753;1.10765;1.10753;1.10760;231;0
2024.08.20 06:50;1.10761;1.10767;1.10750;1.10756;222;0
2024.08.20 07:00;1.10756;1.10777;1.10755;1.10770;188;0
2024.08.20 07:10;1.10771;1.10783;1.10754;1.10760;136;0
2024.08.20 07:20;1.10760;1.10769;1.10748;1.10769;156;0
2024.08.20 07:30;1.10770;1.10778;1.10767;1.10775;183;0
2024.08.20 07:40;1.10776;1.10791;1.10758;1.10779;318;0
2024.08.20 07:50;1.10779;1.10782;1.10768;1.10769;261;0
2024.08.20 08:00;1.10768;1.10777;1.10758;1.10766;277;0
2024.08.20 08:10;1.10765;1.10769;1.10750;1.10758;229;0
2024.08.20 08:20;1.10758;1.10766;1.10740;1.10751;244;0
2024.08.20 08:30;1.10751;1.10767;1.10748;1.10766;225;0
2024.08.20 08:40;1.10766;1.10766;1.10727;1.10735;266;0
2024.08.20 08:50;1.10734;1.10767;1.10734;1.10766;273;0
2024.08.20 09:00;1.10765;1.10779;1.10742;1.10762;422;0
2024.08.20 09:10;1.10763;1.10765;1.10745;1.10760;446;0
2024.08.20 09:20;1.10760;1.10781;1.10759;1.10779;287;0
2024.08.20 09:30;1.10778;1.10798;1.10778;1.10791;417;0
2024.08.20 09:40;1.10788;1.10821;1.10780;1.10787;356;0
2024.08.20 09:50;1.10788;1.10821;1.10778;1.10811;413;0
2024.08.20 10:00;1.10810;1.10831;1.10764;1.10766;598;0
2024.08.20 10:10;1.10767;1.10794;1.10758;1.10760;453;0
2024.08.20 10:20;1.10761;1.10761;1.10733;1.10735;368;0
2024.08.20 10:30;1.10735;1.10771;1.10718;1.10771;508;0
2024.08.20 10:40;1.10771;1.10782;1.10733;1.10756;603;0
2024.08.20 10:50;1.10756;1.10871;1.10755;1.10868;693;0
2024.08.20 11:00;1.10868;1.10889;1.10846;1.10865;698;0
2024.08.20 11:10;1.10866;1.10876;1.10825;1.10826;531;0
2024.08.20 11:20;1.10827;1.10827;1.10777;1.10785;485;0
2024.08.20 11:30;1.10784;1.10876;1.10782;1.10872;520;0
2024.08.20 11:40;1.10872;1.10873;1.10846;1.10848;390;0
2024.08.20 11:50;1.10848;1.10848;1.10793;1.10796;442;0
2024.08.20 12:00;1.10797;1.10818;1.10785;1.10808;479;0
2024.08.20 12:10;1.10806;1.10808;1.10777;1.10794;447;0
2024.08.20 12:20;1.10793;1.10798;1.10755;1.10764;374;0
2024.08.20 12:30;1.10764;1.10792;1.10760;1.10776;420;0
2024.08.20 12:40;1.10777;1.10814;1.10773;1.10814;453;0
2024.08.20 12:50;1.10816;1.10818;1.10749;1.10757;366;0
2024.08.20 13:00;1.10756;1.10767;1.10749;1.10760;400;0
2024.08.20 13:10;1.10761;1.10776;1.10757;1.10765;326;0
2024.08.20 13:20;1.10765;1.10800;1.10765;1.10799;349;0
2024.08.20 13:30;1.10799;1.10800;1.10773;1.10774;352;0
2024.08.20 13:40;1.10773;1.10814;1.10773;1.10812;293;0
2024.08.20 13:50;1.10811;1.10827;1.10796;1.10819;351;0
2024.08.20 14:00;1.10821;1.10842;1.10808;1.10828;357;0
2024.08.20 14:10;1.10828;1.10865;1.10827;1.10836;363;0
2024.08.20 14:20;1.10837;1.10837;1.10773;1.10777;379;0
2024.08.20 14:30;1.10778;1.10798;1.10765;1.10775;369;0
2024.08.20 14:40;1.10776;1.10791;1.10769;1.10790;287;0
2024.08.20 14:50;1.10791;1.10838;1.10786;1.10808;493;0
2024.08.20 15:00;1.10808;1.10849;1.10803;1.10842;470;0
2024.08.20 15:10;1.10842;1.10842;1.10811;1.10833;415;0
2024.08.20 15:20;1.10834;1.10880;1.10834;1.10868;353;0
2024.08.20 15:30;1.10868;1.10881;1.10822;1.10840;560;0
2024.08.20 15:40;1.10840;1.10932;1.10824;1.10931;559;0
2024.08.20 15:50;1.10930;1.10986;1.10926;1.10982;676;0
2024.08.20 16:00;1.10982;1.10985;1.10925;1.10968;691;0
2024.08.20 16:10;1.10970;1.11047;1.10969;1.11005;725;0
2024.08.20 16:20;1.11006;1.11027;1.10940;1.10981;728;0
2024.08.20 16:30;1.10980;1.11008;1.10951;1.10968;795;0
2024.08.20 16:40;1.10967;1.11052;1.10952;1.11023;790;0
2024.08.20 16:50;1.11023;1.11035;1.10982;1.11020;792;0
2024.08.20 17:00;1.11021;1.11022;1.10951;1.10953;802;0
2024.08.20 17:10;1.10952;1.10977;1.10934;1.10972;749;0
2024.08.20 17:20;1.10972;1.11052;1.10961;1.11048;707;0
2024.08.20 17:30;1.11048;1.11164;1.11029;1.11081;880;0
2024.08.20 17:40;1.11083;1.11137;1.11077;1.11091;973;0
2024.08.20 17:50;1.11092;1.11168;1.11081;1.11117;1032;0
2024.08.20 18:00;1.11116;1.11120;1.11071;1.11103;812;0
2024.08.20 18:10;1.11103;1.11122;1.11040;1.11048;787;0
2024.08.20 18:20;1.11048;1.11052;1.10995;1.11026;547;0
2024.08.20 18:30;1.11023;1.11059;1.11010;1.11046;614;0
2024.08.20 18:40;1.11045;1.11062;1.11021;1.11056;504;0
2024.08.20 18:50;1.11055;1.11075;1.11035;1.11052;543;0
2024.08.20 19:00;1.11058;1.11134;1.11040;1.11127;606;0
2024.08.20 19:10;1.11128;1.11150;1.11107;1.11107;501;1
2024.08.20 19:20;1.11106;1.11182;1.11099;1.11167;556;1
2024.08.20 19:30;1.11168;1.11192;1.11160;1.11178;387;0
2024.08.20 19:40;1.11178;1.11183;1.11155;1.11172;330;0
2024.08.20 19:50;1.11172;1.11174;1.11143;1.11148;439;0
2024.08.20 20:00;1.11148;1.11148;1.11114;1.11132;473;0
2024.08.20 20:10;1.11132;1.11133;1.11087;1.11103;431;0
2024.08.20 20:20;1.11103;1.11149;1.11098;1.11149;401;0
2024.08.20 20:30;1.11150;1.11160;1.11128;1.11155;373;0
2024.08.20 20:40;1.11156;1.11168;1.11147;1.11161;329;0
2024.08.20 20:50;1.11162;1.11166;1.11146;1.11160;286;0
2024.08.20 21:00;1.11161;1.11178;1.11155;1.11174;365;0
2024.08.20 21:10;1.11175;1.11211;1.11174;1.11209;380;1
2024.08.20 21:20;1.11209;1.11224;1.11207;1.11213;334;0
2024.08.20 21:30;1.11212;1.11215;1.11197;1.11199;274;0
2024.08.20 21:40;1.11200;1.11217;1.11199;1.11208;336;0
2024.08.20 21:50;1.11207;1.11208;1.11192;1.11206;358;0
2024.08.20 22:00;1.11206;1.11231;1.11193;1.11228;293;1
2024.08.20 22:10;1.11229;1.11251;1.11220;1.11250;327;0
2024.08.20 22:20;1.11251;1.11274;1.11248;1.11273;335;0
2024.08.20 22:30;1.11272;1.11273;1.11256;1.11257;248;0
2024.08.20 22:40;1.11257;1.11262;1.11241;1.11247;312;0
2024.08.20 22:50;1.11247;1.11264;1.11243;1.11245;381;0
2024.08.20 23:00;1.11246;1.11258;1.11238;1.11256;251;0
2024.08.20 23:10;1.11257;1.11276;1.11256;1.11270;211;0
2024.08.20 23:20;1.11271;1.11294;1.11270;1.11290;130;0
2024.08.20 23:30;1.11291;1.11298;1.11288;1.11293;213;0
2024.08.20 23:40;1.11293;1.11298;1.11286;1.11289;155;0
2024.08.20 23:50;1.11288;1.11304;1.11285;1.11295;349;0
2024.08.21 00:00;1.11268;1.11278;1.11190;1.11246;132;6
2024.08.21 00:10;1.11247;1.11293;1.11245;1.11286;317;8
2024.08.21 00:20;1.11285;1.11293;1.11275;1.11284;258;5
2024.08.21 00:30;1.11282;1.11288;1.11278;1.11279;81;12
2024.08.21 00:40;1.11279;1.11287;1.11276;1.11285;64;12
2024.08.21 00:50;1.11286;1.11290;1.11284;1.11287;53;11
2024.08.21 01:00;1.11288;1.11294;1.11262;1.11280;125;0
2024.08.21 01:10;1.11279;1.11283;1.11274;1.11281;148;0
2024.08.21 01:20;1.11281;1.11291;1.11277;1.11290;133;0
2024.08.21 01:30;1.11289;1.11293;1.11274;1.11277;170;0
2024.08.21 01:40;1.11278;1.11281;1.11273;1.11274;115;0
2024.08.21 01:50;1.11275;1.11287;1.11273;1.11286;177;0
2024.08.21 02:00;1.11285;1.11287;1.11268;1.11277;173;0
2024.08.21 02:10;1.11277;1.11290;1.11274;1.11289;167;0
2024.08.21 02:20;1.11289;1.11302;1.11288;1.11301;253;0
2024.08.21 02:30;1.11301;1.11316;1.11295;1.11305;272;0
2024.08.21 02:40;1.11305;1.11305;1.11283;1.11283;158;0
2024.08.21 02:50;1.11283;1.11285;1.11269;1.11276;187;0
2024.08.21 03:00;1.11275;1.11281;1.11258;1.11274;279;0
2024.08.21 03:10;1.11271;1.11284;1.11258;1.11273;303;0
2024.08.21 03:20;1.11274;1.11320;1.11274;1.11318;303;0
2024.08.21 03:30;1.11318;1.11326;1.11283;1.11283;366;0
2024.08.21 03:40;1.11283;1.11288;1.11254;1.11260;284;0
2024.08.21 03:50;1.11262;1.11280;1.11254;1.11278;395;0
2024.08.21 04:00;1.11277;1.11281;1.11261;1.11266;324;0
2024.08.21 04:10;1.11266;1.11280;1.11257;1.11270;345;0
2024.08.21 04:20;1.11270;1.11270;1.11235;1.11238;333;0
2024.08.21 04:30;1.11238;1.11239;1.11189;1.11194;495;0
2024.08.21 04:40;1.11195;1.11220;1.11189;1.11212;389;0
2024.08.21 04:50;1.11212;1.11230;1.11212;1.11216;277;0
2024.08.21 05:00;1.11215;1.11238;1.11212;1.11218;267;0
2024.08.21 05:10;1.11218;1.11253;1.11215;1.11239;241;0
2024.08.21 05:20;1.11238;1.11249;1.11218;1.11221;192;0
2024.08.21 05:30;1.11220;1.11230;1.11213;1.11216;210;0
2024.08.21 05:40;1.11215;1.11223;1.11201;1.11220;161;0
2024.08.21 05:50;1.11221;1.11232;1.11215;1.11216;137;0
2024.08.21 06:00;1.11218;1.11225;1.11183;1.11186;258;0
2024.08.21 06:10;1.11186;1.11190;1.11173;1.11180;206;0
2024.08.21 06:20;1.11181;1.11202;1.11178;1.11201;229;0
2024.08.21 06:30;1.11202;1.11208;1.11186;1.11191;217;0
2024.08.21 06:40;1.11192;1.11208;1.11187;1.11189;212;0
2024.08.21 06:50;1.11190;1.11211;1.11170;1.11210;297;0
2024.08.21 07:00;1.11211;1.11213;1.11190;1.11190;189;0
2024.08.21 07:10;1.11191;1.11199;1.11184;1.11195;142;0
2024.08.21 07:20;1.11194;1.11197;1.11165;1.11191;133;0
2024.08.21 07:30;1.11191;1.11197;1.11181;1.11192;183;0
2024.08.21 07:40;1.11192;1.11194;1.11177;1.11181;144;0
2024.08.21 07:50;1.11182;1.11194;1.11179;1.11192;240;0
2024.08.21 08:00;1.11191;1.11198;1.11187;1.11191;187;0
2024.08.21 08:10;1.11191;1.11201;1.11188;1.11200;215;0
2024.08.21 08:20;1.11199;1.11210;1.11193;1.11194;183;0
2024.08.21 08:30;1.11196;1.11196;1.11171;1.11178;253;0
2024.08.21 08:40;1.11177;1.11192;1.11174;1.11177;324;0
2024.08.21 08:50;1.11178;1.11195;1.11163;1.11177;322;0
2024.08.21 09:00;1.11177;1.11198;1.11167;1.11171;431;0
2024.08.21 09:10;1.11170;1.11171;1.11146;1.11157;495;0
2024.08.21 09:20;1.11157;1.11188;1.11155;1.11184;290;0
2024.08.21 09:30;1.11184;1.11185;1.11158;1.11164;394;0
2024.08.21 09:40;1.11164;1.11196;1.11163;1.11168;402;0
2024.08.21 09:50;1.11166;1.11182;1.11132;1.11179;509;0
2024.08.21 10:00;1.11180;1.11257;1.11180;1.11240;576;0
2024.08.21 10:10;1.11239;1.11255;1.11215;1.11242;495;0
2024.08.21 10:20;1.11245;1.11287;1.11244;1.11249;505;0
2024.08.21 10:30;1.11250;1.11270;1.11198;1.11205;471;0
2024.08.21 10:40;1.11206;1.11207;1.11113;1.11120;750;0
2024.08.21 10:50;1.11120;1.11149;1.11104;1.11144;546;0
2024.08.21 11:00;1.11144;1.11161;1.11126;1.11128;517;0
2024.08.21 11:10;1.11127;1.11146;1.11109;1.11137;405;0
2024.08.21 11:20;1.11138;1.11177;1.11125;1.11175;437;0
2024.08.21 11:30;1.11174;1.11181;1.11160;1.11181;347;0
2024.08.21 11:40;1.11181;1.11223;1.11175;1.11222;375;0
2024.08.21 11:50;1.11222;1.11222;1.11183;1.11185;423;0
2024.08.21 12:00;1.11184;1.11218;1.11182;1.11212;361;0
2024.08.21 12:10;1.11212;1.11243;1.11203;1.11242;306;0
2024.08.21 12:20;1.11244;1.11254;1.11209;1.11215;324;0
2024.08.21 12:30;1.11216;1.11219;1.11156;1.11162;411;0
2024.08.21 12:40;1.11163;1.11193;1.11135;1.11140;435;0
2024.08.21 12:50;1.11139;1.11182;1.11133;1.11170;314;0
2024.08.21 13:00;1.11171;1.11177;1.11156;1.11171;390;0
2024.08.21 13:10;1.11171;1.11208;1.11165;1.11205;301;0
2024.08.21 13:20;1.11206;1.11245;1.11205;1.11242;338;0
2024.08.21 13:30;1.11242;1.11254;1.11216;1.11219;314;0
2024.08.21 13:40;1.11219;1.11249;1.11217;1.11248;291;0
2024.08.21 13:50;1.11248;1.11259;1.11232;1.11248;283;0
2024.08.21 14:00;1.11249;1.11249;1.11170;1.11183;346;0
2024.08.21 14:10;1.11182;1.11183;1.11146;1.11159;331;0
2024.08.21 14:20;1.11159;1.11177;1.11137;1.11139;316;0
2024.08.21 14:30;1.11138;1.11157;1.11108;1.11110;462;0
2024.08.21 14:40;1.11110;1.11132;1.11099;1.11132;366;0
2024.08.21 14:50;1.11133;1.11159;1.11125;1.11147;335;0
2024.08.21 15:00;1.11148;1.11173;1.11134;1.11158;388;0
2024.08.21 15:10;1.11159;1.11204;1.11153;1.11190;370;0
2024.08.21 15:20;1.11193;1.11223;1.11187;1.11218;521;0
2024.08.21 15:30;1.11218;1.11283;1.11215;1.11266;590;0
2024.08.21 15:40;1.11267;1.11298;1.11235;1.11241;620;0
2024.08.21 15:50;1.11241;1.11259;1.11228;1.11248;577;0
2024.08.21 16:00;1.11247;1.11276;1.11231;1.11231;589;0
2024.08.21 16:10;1.11231;1.11256;1.11201;1.11230;683;0
2024.08.21 16:20;1.11231;1.11232;1.11186;1.11209;508;0
2024.08.21 16:30;1.11209;1.11220;1.11148;1.11150;693;0
2024.08.21 16:40;1.11148;1.11186;1.11112;1.11156;770;0
2024.08.21 16:50;1.11157;1.11170;1.11119;1.11144;741;0
2024.08.21 17:00;1.11143;1.11254;1.10991;1.11062;1731;0
2024.08.21 17:10;1.11064;1.11274;1.11064;1.11160;1610;0
2024.08.21 17:20;1.11157;1.11253;1.11116;1.11215;1399;0
2024.08.21 17:30;1.11216;1.11277;1.11082;1.11159;1470;0
2024.08.21 17:40;1.11159;1.11283;1.11154;1.11283;1364;0
2024.08.21 17:50;1.11282;1.11299;1.11238;1.11246;1173;0
2024.08.21 18:00;1.11245;1.11295;1.11245;1.11290;932;0
2024.08.21 18:10;1.11288;1.11299;1.11259;1.11287;737;0
2024.08.21 18:20;1.11287;1.11425;1.11282;1.11373;884;0
2024.08.21 18:30;1.11372;1.11417;1.11347;1.11391;908;0
2024.08.21 18:40;1.11392;1.11460;1.11382;1.11455;764;0
2024.08.21 18:50;1.11455;1.11478;1.11418;1.11420;776;0
2024.08.21 19:00;1.11420;1.11476;1.11415;1.11440;660;1
2024.08.21 19:10;1.11441;1.11477;1.11427;1.11458;482;0
2024.08.21 19:20;1.11457;1.11478;1.11452;1.11478;521;0
2024.08.21 19:30;1.11477;1.11482;1.11462;1.11482;370;0
2024.08.21 19:40;1.11481;1.11482;1.11456;1.11460;342;0
2024.08.21 19:50;1.11460;1.11470;1.11442;1.11462;444;1
2024.08.21 20:00;1.11463;1.11503;1.11455;1.11503;436;0
2024.08.21 20:10;1.11503;1.11520;1.11485;1.11492;362;0
2024.08.21 20:20;1.11493;1.11510;1.11470;1.11506;370;0
2024.08.21 20:30;1.11505;1.11525;1.11500;1.11510;376;0
2024.08.21 20:40;1.11509;1.11577;1.11509;1.11568;372;0
2024.08.21 20:50;1.11569;1.11584;1.11554;1.11556;355;0
2024.08.21 21:00;1.11555;1.11685;1.11551;1.11662;770;1
2024.08.21 21:10;1.11662;1.11740;1.11653;1.11733;623;0
2024.08.21 21:20;1.11732;1.11740;1.11690;1.11731;525;0
2024.08.21 21:30;1.11733;1.11733;1.11626;1.11628;662;1
2024.08.21 21:40;1.11629;1.11636;1.11595;1.11632;476;0
2024.08.21 21:50;1.11633;1.11633;1.11598;1.11617;453;0
2024.08.21 22:00;1.11617;1.11617;1.11550;1.11554;413;0
2024.08.21 22:10;1.11553;1.11570;1.11543;1.11543;261;0
2024.08.21 22:20;1.11542;1.11543;1.11519;1.11532;299;0
2024.08.21 22:30;1.11531;1.11533;1.11514;1.11517;223;0
2024.08.21 22:40;1.11517;1.11535;1.11514;1.11522;226;0
2024.08.21 22:50;1.11522;1.11551;1.11515;1.11515;310;1
2024.08.21 23:00;1.11517;1.11523;1.11485;1.11486;196;1
2024.08.21 23:10;1.11486;1.11486;1.11471;1.11476;126;0
2024.08.21 23:20;1.11475;1.11488;1.11474;1.11476;104;0
2024.08.21 23:30;1.11475;1.11514;1.11472;1.11510;101;0
2024.08.21 23:40;1.11510;1.11512;1.11504;1.11510;87;0
2024.08.21 23:50;1.11511;1.11524;1.11494;1.11494;268;0
2024.08.22 00:00;1.11450;1.11498;1.11442;1.11494;160;12
2024.08.22 00:10;1.11492;1.11515;1.11445;1.11515;193;14
2024.08.22 00:20;1.11512;1.11513;1.11454;1.11510;90;19
2024.08.22 00:30;1.11513;1.11516;1.11476;1.11486;106;11
2024.08.22 00:40;1.11477;1.11482;1.11472;1.11479;230;14
2024.08.22 00:50;1.11478;1.11482;1.11473;1.11477;105;10
2024.08.22 01:00;1.11477;1.11533;1.11477;1.11528;187;1
2024.08.22 01:10;1.11528;1.11538;1.11526;1.11536;109;0
2024.08.22 01:20;1.11536;1.11537;1.11526;1.11536;97;0
2024.08.22 01:30;1.11537;1.11538;1.11523;1.11524;77;0
2024.08.22 01:40;1.11525;1.11534;1.11522;1.11534;41;0
2024.08.22 01:50;1.11535;1.11562;1.11534;1.11561;67;0
2024.08.22 02:00;1.11561;1.11575;1.11558;1.11567;135;0
2024.08.22 02:10;1.11567;1.11578;1.11560;1.11577;120;0
2024.08.22 02:20;1.11577;1.11581;1.11558;1.11561;104;0
2024.08.22 02:30;1.11561;1.11571;1.11546;1.11546;114;0
2024.08.22 02:40;1.11546;1.11548;1.11530;1.11536;119;0
2024.08.22 02:50;1.11534;1.11552;1.11530;1.11550;131;0
2024.08.22 03:00;1.11551;1.11568;1.11528;1.11536;265;0
2024.08.22 03:10;1.11535;1.11537;1.11514;1.11533;244;0
2024.08.22 03:20;1.11533;1.11545;1.11516;1.11518;204;0
2024.08.22 03:30;1.11518;1.11520;1.11494;1.11501;202;0
2024.08.22 03:40;1.11501;1.11508;1.11491;1.11496;261;0
2024.08.22 03:50;1.11496;1.11507;1.11454;1.11475;541;0
2024.08.22 04:00;1.11475;1.11491;1.11451;1.11455;332;0
2024.08.22 04:10;1.11456;1.11469;1.11447;1.11450;251;0
2024.08.22 04:20;1.11449;1.11469;1.11449;1.11466;199;0
2024.08.22 04:30;1.11466;1.11468;1.11438;1.11441;281;0
2024.08.22 04:40;1.11440;1.11447;1.11428;1.11436;230;0
2024.08.22 04:50;1.11437;1.11441;1.11425;1.11431;243;0
2024.08.22 05:00;1.11431;1.11436;1.11413;1.11415;177;0
2024.08.22 05:10;1.11414;1.11420;1.11404;1.11408;167;0
2024.08.22 05:20;1.11408;1.11433;1.11406;1.11424;219;0
2024.08.22 05:30;1.11424;1.11430;1.11404;1.11423;190;0
2024.08.22 05:40;1.11422;1.11445;1.11409;1.11431;186;0
2024.08.22 05:50;1.11431;1.11432;1.11421;1.11432;140;0
2024.08.22 06:00;1.11431;1.11442;1.11425;1.11441;135;0
2024.08.22 06:10;1.11440;1.11447;1.11435;1.11439;117;0
2024.08.22 06:20;1.11439;1.11442;1.11430;1.11439;120;0
2024.08.22 06:30;1.11441;1.11455;1.11440;1.11446;170;0
2024.08.22 06:40;1.11446;1.11454;1.11437;1.11443;175;0
2024.08.22 06:50;1.11442;1.11447;1.11433;1.11446;73;0
2024.08.22 07:00;1.11447;1.11447;1.11420;1.11420;143;0
2024.08.22 07:10;1.11421;1.11422;1.11407;1.11419;143;0
2024.08.22 07:20;1.11422;1.11442;1.11420;1.11433;229;0
2024.08.22 07:30;1.11432;1.11448;1.11428;1.11436;178;0
2024.08.22 07:40;1.11436;1.11456;1.11436;1.11452;136;0
2024.08.22 07:50;1.11451;1.11451;1.11431;1.11433;163;0
2024.08.22 08:00;1.11433;1.11439;1.11418;1.11429;229;0
2024.08.22 08:10;1.11429;1.11441;1.11426;1.11430;133;0
2024.08.22 08:20;1.11430;1.11442;1.11428;1.11436;104;0
2024.08.22 08:30;1.11437;1.11444;1.11407;1.11411;181;0
2024.08.22 08:40;1.11411;1.11416;1.11401;1.11414;124;0
2024.08.22 08:50;1.11414;1.11432;1.11413;1.11429;241;0
2024.08.22 09:00;1.11427;1.11433;1.11408;1.11424;383;0
2024.08.22 09:10;1.11423;1.11455;1.11421;1.11448;300;0
2024.08.22 09:20;1.11448;1.11488;1.11442;1.11488;307;0
2024.08.22 09:30;1.11487;1.11493;1.11460;1.11468;376;0
2024.08.22 09:40;1.11468;1.11492;1.11455;1.11492;322;0
2024.08.22 09:50;1.11490;1.11497;1.11459;1.11494;361;0
2024.08.22 10:00;1.11494;1.11516;1.11491;1.11513;346;0
2024.08.22 10:10;1.11513;1.11650;1.11509;1.11520;710;0
2024.08.22 10:20;1.11521;1.11538;1.11456;1.11469;616;0
2024.08.22 10:30;1.11412;1.11412;1.11272;1.11360;1054;0
2024.08.22 10:40;1.11360;1.11400;1.11354;1.11396;641;0
2024.08.22 10:50;1.11397;1.11397;1.11308;1.11369;685;0
2024.08.22 11:00;1.11368;1.11480;1.11368;1.11477;696;0
2024.08.22 11:10;1.11478;1.11488;1.11415;1.11417;596;0
2024.08.22 11:20;1.11417;1.11483;1.11417;1.11454;488;0
2024.08.22 11:30;1.11457;1.11506;1.11450;1.11497;539;0
2024.08.22 11:40;1.11498;1.11510;1.11441;1.11441;547;0
2024.08.22 11:50;1.11443;1.11450;1.11420;1.11425;448;0
2024.08.22 12:00;1.11426;1.11427;1.11358;1.11376;641;0
2024.08.22 12:10;1.11376;1.11383;1.11333;1.11358;519;0
2024.08.22 12:20;1.11359;1.11422;1.11359;1.11411;387;0
2024.08.22 12:30;1.11412;1.11413;1.11359;1.11395;395;0
2024.08.22 12:40;1.11394;1.11408;1.11383;1.11388;315;0
2024.08.22 12:50;1.11387;1.11405;1.11378;1.11396;361;0
2024.08.22 13:00;1.11396;1.11403;1.11358;1.11373;409;0
2024.08.22 13:10;1.11373;1.11393;1.11324;1.11351;449;0
2024.08.22 13:20;1.11351;1.11384;1.11346;1.11364;355;0
2024.08.22 13:30;1.11365;1.11442;1.11365;1.11426;350;0
2024.08.22 13:40;1.11428;1.11442;1.11423;1.11432;308;0
2024.08.22 13:50;1.11433;1.11460;1.11420;1.11453;370;0
2024.08.22 14:00;1.11449;1.11452;1.11386;1.11392;415;0
2024.08.22 14:10;1.11393;1.11393;1.11361;1.11367;325;0
2024.08.22 14:20;1.11368;1.11387;1.11341;1.11372;376;0
2024.08.22 14:30;1.11371;1.11376;1.11320;1.11329;510;0
2024.08.22 14:40;1.11328;1.11364;1.11320;1.11355;482;0
2024.08.22 14:50;1.11355;1.11380;1.11345;1.11367;427;0
2024.08.22 15:00;1.11368;1.11381;1.11339;1.11349;511;0
2024.08.22 15:10;1.11350;1.11362;1.11325;1.11339;439;0
2024.08.22 15:20;1.11338;1.11350;1.11287;1.11293;561;0
2024.08.22 15:30;1.11302;1.11362;1.11252;1.11312;1031;0
2024.08.22 15:40;1.11312;1.11381;1.11308;1.11359;583;0
2024.08.22 15:50;1.11361;1.11432;1.11361;1.11400;651;0
2024.08.22 16:00;1.11402;1.11414;1.11348;1.11371;628;0
2024.08.22 16:10;1.11371;1.11394;1.11327;1.11386;595;0
2024.08.22 16:20;1.11387;1.11403;1.11359;1.11381;604;0
2024.08.22 16:30;1.11381;1.11390;1.11291;1.11304;873;0
2024.08.22 16:40;1.11303;1.11323;1.11200;1.11214;1067;0
2024.08.22 16:50;1.11214;1.11229;1.11122;1.11192;897;0
2024.08.22 17:00;1.11192;1.11196;1.11035;1.11045;1027;0
2024.08.22 17:10;1.11046;1.11100;1.11037;1.11058;789;0
2024.08.22 17:20;1.11059;1.11066;1.10981;1.11017;894;0
2024.08.22 17:30;1.11017;1.11124;1.11009;1.11102;867;0
2024.08.22 17:40;1.11102;1.11103;1.11042;1.11071;657;0
2024.08.22 17:50;1.11070;1.11163;1.11055;1.11147;769;0
2024.08.22 18:00;1.11146;1.11150;1.11089;1.11097;696;0
2024.08.22 18:10;1.11097;1.11108;1.11050;1.11064;548;0
2024.08.22 18:20;1.11065;1.11114;1.11061;1.11109;609;0
2024.08.22 18:30;1.11108;1.11113;1.11068;1.11098;573;0
2024.08.22 18:40;1.11097;1.11127;1.11085;1.11104;580;0
2024.08.22 18:50;1.11103;1.11147;1.11103;1.11130;617;0
2024.08.22 19:00;1.11130;1.11159;1.11119;1.11136;459;1
2024.08.22 19:10;1.11135;1.11147;1.11116;1.11127;424;1
2024.08.22 19:20;1.11127;1.11162;1.11127;1.11161;392;0
2024.08.22 19:30;1.11163;1.11175;1.11132;1.11143;500;0
2024.08.22 19:40;1.11142;1.11154;1.11096;1.11108;385;0
2024.08.22 19:50;1.11109;1.11110;1.11077;1.11104;470;0
2024.08.22 20:00;1.11105;1.11107;1.11083;1.11102;360;0
2024.08.22 20:10;1.11102;1.11102;1.11044;1.11052;423;0
2024.08.22 20:20;1.11052;1.11053;1.11019;1.11029;472;0
2024.08.22 20:30;1.11030;1.11032;1.10993;1.11007;416;0
2024.08.22 20:40;1.11007;1.11011;1.10988;1.11003;279;0
2024.08.22 20:50;1.11004;1.11033;1.11003;1.11027;388;0
2024.08.22 21:00;1.11027;1.11068;1.11027;1.11068;457;0
2024.08.22 21:10;1.11069;1.11095;1.11065;1.11072;326;0
2024.08.22 21:20;1.11072;1.11079;1.11061;1.11072;282;0
2024.08.22 21:30;1.11071;1.11090;1.11066;1.11073;247;0
2024.08.22 21:40;1.11072;1.11110;1.11063;1.11101;290;0
2024.08.22 21:50;1.11102;1.11107;1.11085;1.11103;273;0
2024.08.22 22:00;1.11102;1.11113;1.11095;1.11101;343;0
2024.08.22 22:10;1.11102;1.11133;1.11101;1.11115;238;0
2024.08.22 22:20;1.11115;1.11117;1.11087;1.11103;334;0
2024.08.22 22:30;1.11102;1.11105;1.11059;1.11061;272;0
2024.08.22 22:40;1.11061;1.11080;1.11046;1.11071;248;0
2024.08.22 22:50;1.11072;1.11084;1.11048;1.11083;381;0
2024.08.22 23:00;1.11084;1.11105;1.11075;1.11096;217;0
2024.08.22 23:10;1.11095;1.11106;1.11092;1.11094;126;0
2024.08.22 23:20;1.11093;1.11094;1.11075;1.11080;95;0
2024.08.22 23:30;1.11080;1.11115;1.11080;1.11110;103;0
2024.08.22 23:40;1.11110;1.11119;1.11105;1.11117;72;0
2024.08.22 23:50;1.11117;1.11131;1.11108;1.11120;155;0
2024.08.23 00:00;1.11070;1.11121;1.11044;1.11117;65;11
2024.08.23 00:10;1.11120;1.11120;1.11108;1.11108;85;15
2024.08.23 00:20;1.11108;1.11111;1.11106;1.11107;96;11
2024.08.23 00:30;1.11105;1.11112;1.11097;1.11110;93;11
2024.08.23 00:40;1.11109;1.11111;1.11105;1.11105;83;9
2024.08.23 00:50;1.11107;1.11115;1.11103;1.11114;93;6
2024.08.23 01:00;1.11114;1.11117;1.11107;1.11115;77;0
2024.08.23 01:10;1.11115;1.11140;1.11113;1.11137;119;0
2024.08.23 01:20;1.11137;1.11152;1.11137;1.11152;136;0
2024.08.23 01:30;1.11151;1.11162;1.11139;1.11161;155;0
2024.08.23 01:40;1.11160;1.11161;1.11144;1.11159;111;0
2024.08.23 01:50;1.11159;1.11159;1.11135;1.11135;75;0
2024.08.23 02:00;1.11136;1.11159;1.11136;1.11151;144;0
2024.08.23 02:10;1.11151;1.11168;1.11151;1.11165;128;0
2024.08.23 02:20;1.11163;1.11169;1.11152;1.11152;78;0
2024.08.23 02:30;1.11154;1.11163;1.11154;1.11160;126;0
2024.08.23 02:40;1.11161;1.11173;1.11160;1.11171;98;0
2024.08.23 02:50;1.11172;1.11179;1.11159;1.11159;162;0
2024.08.23 03:00;1.11158;1.11159;1.11128;1.11131;278;0
2024.08.23 03:10;1.11131;1.11167;1.11129;1.11167;287;0
2024.08.23 03:20;1.11168;1.11196;1.11166;1.11185;391;0
2024.08.23 03:30;1.11185;1.11205;1.11179;1.11186;337;0
2024.08.23 03:40;1.11185;1.11195;1.11176;1.11192;324;0
2024.08.23 03:50;1.11191;1.11223;1.11181;1.11197;523;0
2024.08.23 04:00;1.11197;1.11228;1.11181;1.11219;338;0
2024.08.23 04:10;1.11218;1.11234;1.11201;1.11218;314;0
2024.08.23 04:20;1.11217;1.11249;1.11211;1.11236;329;0
2024.08.23 04:30;1.11236;1.11242;1.11205;1.11226;262;0
2024.08.23 04:40;1.11226;1.11282;1.11225;1.11282;336;0
2024.08.23 04:50;1.11283;1.11283;1.11254;1.11274;357;0
2024.08.23 05:00;1.11275;1.11286;1.11265;1.11281;331;0
2024.08.23 05:10;1.11280;1.11284;1.11237;1.11239;319;0
2024.08.23 05:20;1.11238;1.11253;1.11229;1.11248;211;0
2024.08.23 05:30;1.11248;1.11252;1.11231;1.11246;150;0
2024.08.23 05:40;1.11248;1.11257;1.11234;1.11237;205;0
2024.08.23 05:50;1.11237;1.11255;1.11232;1.11251;245;0
2024.08.23 06:00;1.11251;1.11253;1.11242;1.11244;204;0
2024.08.23 06:10;1.11244;1.11273;1.11244;1.11270;164;0
2024.08.23 06:20;1.11271;1.11271;1.11258;1.11263;167;0
2024.08.23 06:30;1.11263;1.11264;1.11242;1.11251;181;0
2024.08.23 06:40;1.11252;1.11252;1.11233;1.11236;208;0
2024.08.23 06:50;1.11237;1.11254;1.11231;1.11249;118;0
2024.08.23 07:00;1.11248;1.11281;1.11248;1.11271;127;0
2024.08.23 07:10;1.11270;1.11285;1.11265;1.11282;162;0
2024.08.23 07:20;1.11283;1.11283;1.11252;1.11253;198;0
2024.08.23 07:30;1.11252;1.11258;1.11245;1.11257;177;0
2024.08.23 07:40;1.11257;1.11269;1.11257;1.11267;128;0
2024.08.23 07:50;1.11267;1.11279;1.11263;1.11277;99;0
2024.08.23 08:00;1.11278;1.11278;1.11266;1.11268;130;0
2024.08.23 08:10;1.11270;1.11274;1.11254;1.11265;127;0
2024.08.23 08:20;1.11264;1.11288;1.11262;1.11276;161;0
2024.08.23 08:30;1.11276;1.11281;1.11253;1.11260;184;0
2024.08.23 08:40;1.11261;1.11272;1.11245;1.11271;224;0
2024.08.23 08:50;1.11272;1.11278;1.11248;1.11259;271;0
2024.08.23 09:00;1.11257;1.11258;1.11220;1.11227;351;0
2024.08.23 09:10;1.11227;1.11228;1.11203;1.11203;286;0
2024.08.23 09:20;1.11204;1.11239;1.11201;1.11228;313;0
2024.08.23 09:30;1.11229;1.11258;1.11223;1.11257;263;0
2024.08.23 09:40;1.11257;1.11284;1.11256;1.11284;280;0
2024.08.23 09:50;1.11285;1.11304;1.11277;1.11282;430;0
2024.08.23 10:00;1.11283;1.11319;1.11264;1.11277;529;0
2024.08.23 10:10;1.11276;1.11313;1.11253;1.11262;504;0
2024.08.23 10:20;1.11261;1.11272;1.11219;1.11222;358;0
2024.08.23 10:30;1.11222;1.11230;1.11176;1.11178;417;0
2024.08.23 10:40;1.11179;1.11181;1.11130;1.11145;560;0
2024.08.23 10:50;1.11145;1.11198;1.11124;1.11192;485;0
2024.08.23 11:00;1.11192;1.11216;1.11172;1.11215;579;0
2024.08.23 11:10;1.11215;1.11226;1.11185;1.11208;469;0
2024.08.23 11:20;1.11209;1.11226;1.11186;1.11222;401;0
2024.08.23 11:30;1.11222;1.11227;1.11195;1.11222;447;0
2024.08.23 11:40;1.11222;1.11238;1.11215;1.11232;376;0
2024.08.23 11:50;1.11232;1.11239;1.11206;1.11228;446;0
2024.08.23 12:00;1.11227;1.11237;1.11211;1.11218;417;0
2024.08.23 12:10;1.11217;1.11242;1.11213;1.11237;363;0
2024.08.23 12:20;1.11237;1.11272;1.11235;1.11250;420;0
2024.08.23 12:30;1.11251;1.11259;1.11241;1.11248;386;0
2024.08.23 12:40;1.11248;1.11252;1.11195;1.11195;283;0
2024.08.23 12:50;1.11195;1.11206;1.11166;1.11172;418;0
2024.08.23 13:00;1.11172;1.11211;1.11152;1.11206;389;0
2024.08.23 13:10;1.11205;1.11216;1.11152;1.11159;363;0
2024.08.23 13:20;1.11159;1.11178;1.11156;1.11161;288;0
2024.08.23 13:30;1.11161;1.11190;1.11159;1.11189;273;0
2024.08.23 13:40;1.11188;1.11233;1.11176;1.11207;346;0
2024.08.23 13:50;1.11207;1.11223;1.11195;1.11196;300;0
2024.08.23 14:00;1.11194;1.11210;1.11145;1.11151;390;0
2024.08.23 14:10;1.11154;1.11167;1.11142;1.11152;277;0
2024.08.23 14:20;1.11152;1.11157;1.11114;1.11121;359;0
2024.08.23 14:30;1.11122;1.11139;1.11109;1.11132;295;0
2024.08.23 14:40;1.11131;1.11191;1.11129;1.11177;352;0
2024.08.23 14:50;1.11178;1.11206;1.11168;1.11190;459;0
2024.08.23 15:00;1.11190;1.11221;1.11183;1.11210;504;0
2024.08.23 15:10;1.11211;1.11228;1.11194;1.11216;457;0
2024.08.23 15:20;1.11217;1.11217;1.11111;1.11145;576;0
2024.08.23 15:30;1.11146;1.11157;1.11123;1.11140;418;0
2024.08.23 15:40;1.11140;1.11164;1.11114;1.11146;494;0
2024.08.23 15:50;1.11146;1.11157;1.11133;1.11141;455;0
2024.08.23 16:00;1.11140;1.11143;1.11090;1.11129;495;0
2024.08.23 16:10;1.11129;1.11129;1.11066;1.11070;466;0
2024.08.23 16:20;1.11071;1.11100;1.11060;1.11097;441;0
2024.08.23 16:30;1.11096;1.11096;1.11053;1.11086;617;0
2024.08.23 16:40;1.11086;1.11112;1.11061;1.11080;606;0
2024.08.23 16:50;1.11079;1.11148;1.11072;1.11148;570;0
2024.08.23 17:00;1.11142;1.11558;1.11141;1.11543;1841;0
2024.08.23 17:10;1.11539;1.11712;1.11520;1.11561;1627;0
2024.08.23 17:20;1.11565;1.11732;1.11490;1.11695;1419;0
2024.08.23 17:30;1.11699;1.11834;1.11668;1.11733;1279;0
2024.08.23 17:40;1.11735;1.11827;1.11669;1.11766;1441;0
2024.08.23 17:50;1.11766;1.11847;1.11720;1.11748;1365;0
2024.08.23 18:00;1.11748;1.11848;1.11736;1.11825;1115;0
2024.08.23 18:10;1.11823;1.11941;1.11813;1.11930;1013;0
2024.08.23 18:20;1.11930;1.11960;1.11912;1.11922;875;0
2024.08.23 18:30;1.11922;1.11937;1.11885;1.11886;802;0
2024.08.23 18:40;1.11887;1.11911;1.11802;1.11802;857;0
2024.08.23 18:50;1.11803;1.11815;1.11735;1.11754;880;0
2024.08.23 19:00;1.11753;1.11788;1.11738;1.11775;735;0
2024.08.23 19:10;1.11775;1.11784;1.11685;1.11714;697;0
2024.08.23 19:20;1.11715;1.11723;1.11653;1.11688;692;0
2024.08.23 19:30;1.11687;1.11745;1.11686;1.11742;588;0
2024.08.23 19:40;1.11743;1.11745;1.11642;1.11688;718;0
2024.08.23 19:50;1.11688;1.11740;1.11687;1.11738;678;0
2024.08.23 20:00;1.11738;1.11845;1.11730;1.11844;553;0
2024.08.23 20:10;1.11845;1.11861;1.11802;1.11850;532;0
2024.08.23 20:20;1.11849;1.11917;1.11849;1.11908;645;0
2024.08.23 20:30;1.11908;1.11965;1.11908;1.11959;492;0
2024.08.23 20:40;1.11963;1.11976;1.11935;1.11937;405;0
2024.08.23 20:50;1.11939;1.11955;1.11910;1.11925;539;0
2024.08.23 21:00;1.11924;1.11993;1.11902;1.11984;484;0
2024.08.23 21:10;1.11985;1.12008;1.11978;1.11988;469;0
2024.08.23 21:20;1.11988;1.11990;1.11914;1.11941;476;0
2024.08.23 21:30;1.11941;1.11961;1.11914;1.11937;414;0
2024.08.23 21:40;1.11936;1.11964;1.11885;1.11886;440;0
2024.08.23 21:50;1.11887;1.11897;1.11857;1.11874;423;0
2024.08.23 22:00;1.11874;1.11914;1.11855;1.11914;351;0
2024.08.23 22:10;1.11914;1.11955;1.11914;1.11927;404;0
2024.08.23 22:20;1.11926;1.11928;1.11904;1.11914;278;0
2024.08.23 22:30;1.11913;1.11919;1.11891;1.11897;258;0
2024.08.23 22:40;1.11896;1.11910;1.11880;1.11909;323;0
2024.08.23 22:50;1.11910;1.11924;1.11905;1.11912;352;0
2024.08.23 23:00;1.11912;1.11912;1.11887;1.11891;189;0
2024.08.23 23:10;1.11891;1.11911;1.11875;1.11905;191;0
2024.08.23 23:20;1.11906;1.11925;1.11879;1.11889;183;0
2024.08.23 23:30;1.11889;1.11920;1.11887;1.11919;187;0
2024.08.23 23:40;1.11919;1.11941;1.11918;1.11941;125;0
2024.08.23 23:50;1.11941;1.11941;1.11925;1.11932;79;0
2024.08.26 00:00;1.11840;1.11885;1.11840;1.11876;60;45
2024.08.26 00:10;1.11879;1.11902;1.11873;1.11884;113;27
2024.08.26 00:20;1.11886;1.11942;1.11873;1.11884;159;25
2024.08.26 00:30;1.11888;1.11901;1.11883;1.11901;98;25
2024.08.26 00:40;1.11899;1.11904;1.11896;1.11904;40;25
2024.08.26 00:50;1.11905;1.11923;1.11899;1.11905;74;25
2024.08.26 01:00;1.11903;1.11939;1.11887;1.11896;325;0
2024.08.26 01:10;1.11897;1.11923;1.11893;1.11898;152;0
2024.08.26 01:20;1.11898;1.11901;1.11869;1.11874;127;0
2024.08.26 01:30;1.11873;1.11892;1.11868;1.11868;250;0
2024.08.26 01:40;1.11869;1.11915;1.11869;1.11895;229;0
2024.08.26 01:50;1.11896;1.11920;1.11886;1.11911;120;0
2024.08.26 02:00;1.11912;1.11924;1.11883;1.11922;288;0
2024.08.26 02:10;1.11923;1.11923;1.11896;1.11901;293;0
2024.08.26 02:20;1.11902;1.11910;1.11882;1.11890;303;0
2024.08.26 02:30;1.11890;1.11897;1.11884;1.11890;220;0
2024.08.26 02:40;1.11890;1.11899;1.11881;1.11889;263;0
2024.08.26 02:50;1.11888;1.11894;1.11864;1.11894;281;0
2024.08.26 03:00;1.11892;1.11914;1.11869;1.11899;499;0
2024.08.26 03:10;1.11900;1.11943;1.11887;1.11933;366;0
2024.08.26 03:20;1.11932;1.11992;1.11927;1.11979;430;0
2024.08.26 03:30;1.11978;1.11992;1.11944;1.11950;482;0
2024.08.26 03:40;1.11950;1.11992;1.11944;1.11990;337;0
2024.08.26 03:50;1.11992;1.12017;1.11933;1.11936;513;0
2024.08.26 04:00;1.11936;1.11981;1.11920;1.11969;466;0
2024.08.26 04:10;1.11968;1.12002;1.11968;1.11984;449;0
2024.08.26 04:20;1.11984;1.11997;1.11971;1.11971;300;0
2024.08.26 04:30;1.11969;1.11976;1.11920;1.11926;460;0
2024.08.26 04:40;1.11925;1.11926;1.11872;1.11883;359;0
2024.08.26 04:50;1.11883;1.11898;1.11882;1.11896;237;0
2024.08.26 05:00;1.11895;1.11911;1.11884;1.11907;281;0
2024.08.26 05:10;1.11906;1.11947;1.11898;1.11934;310;0
2024.08.26 05:20;1.11933;1.11937;1.11896;1.11918;249;0
2024.08.26 05:30;1.11918;1.11924;1.11893;1.11903;219;0
2024.08.26 05:40;1.11904;1.11922;1.11895;1.11897;241;0
2024.08.26 05:50;1.11897;1.11901;1.11857;1.11868;261;0
2024.08.26 06:00;1.11869;1.11879;1.11861;1.11874;273;0
2024.08.26 06:10;1.11873;1.11887;1.11866;1.11882;178;0
2024.08.26 06:20;1.11882;1.11882;1.11860;1.11860;202;0
2024.08.26 06:30;1.11862;1.11862;1.11830;1.11832;300;0
2024.08.26 06:40;1.11833;1.11839;1.11816;1.11834;230;0
2024.08.26 06:50;1.11834;1.11838;1.11816;1.11833;237;0
2024.08.26 07:00;1.11834;1.11855;1.11831;1.11854;230;0
2024.08.26 07:10;1.11854;1.11862;1.11836;1.11848;161;0
2024.08.26 07:20;1.11849;1.11858;1.11825;1.11836;197;0
2024.08.26 07:30;1.11836;1.11850;1.11830;1.11842;176;0
2024.08.26 07:40;1.11842;1.11843;1.11821;1.11831;171;0
2024.08.26 07:50;1.11831;1.11839;1.11825;1.11832;169;0
2024.08.26 08:00;1.11833;1.11846;1.11817;1.11840;175;0
2024.08.26 08:10;1.11838;1.11851;1.11831;1.11843;188;0
2024.08.26 08:20;1.11843;1.11849;1.11830;1.11833;175;0
2024.08.26 08:30;1.11833;1.11835;1.11823;1.11829;215;0
2024.08.26 08:40;1.11829;1.11837;1.11799;1.11800;233;0
2024.08.26 08:50;1.11801;1.11808;1.11775;1.11791;355;0
2024.08.26 09:00;1.11792;1.11841;1.11791;1.11840;469;0
2024.08.26 09:10;1.11841;1.11842;1.11806;1.11814;378;0
2024.08.26 09:20;1.11815;1.11840;1.11812;1.11834;331;0
2024.08.26 09:30;1.11834;1.11878;1.11830;1.11876;359;0
2024.08.26 09:40;1.11875;1.11894;1.11862;1.11868;393;0
2024.08.26 09:50;1.11868;1.11870;1.11802;1.11813;498;0
2024.08.26 10:00;1.11805;1.11846;1.11796;1.11814;591;0
2024.08.26 10:10;1.11814;1.11828;1.11770;1.11800;550;0
2024.08.26 10:20;1.11800;1.11803;1.11768;1.11771;519;0
2024.08.26 10:30;1.11770;1.11809;1.11770;1.11801;445;0
2024.08.26 10:40;1.11799;1.11812;1.11757;1.11788;474;0
2024.08.26 10:50;1.11788;1.11810;1.11776;1.11809;340;0
2024.08.26 11:00;1.11810;1.11835;1.11762;1.11833;614;0
2024.08.26 11:10;1.11832;1.11835;1.11789;1.11809;449;0
2024.08.26 11:20;1.11808;1.11848;1.11807;1.11825;416;0
2024.08.26 11:30;1.11825;1.11834;1.11805;1.11822;410;0
2024.08.26 11:40;1.11822;1.11823;1.11793;1.11808;364;0
2024.08.26 11:50;1.11809;1.11824;1.11795;1.11804;379;0
2024.08.26 12:00;1.11804;1.11815;1.11791;1.11800;404;0
2024.08.26 12:10;1.11800;1.11810;1.11778;1.11798;356;0
2024.08.26 12:20;1.11798;1.11819;1.11791;1.11818;371;0
2024.08.26 12:30;1.11818;1.11827;1.11806;1.11812;291;0
2024.08.26 12:40;1.11813;1.11826;1.11788;1.11796;349;0
2024.08.26 12:50;1.11797;1.11797;1.11715;1.11742;527;0
2024.08.26 13:00;1.11743;1.11746;1.11693;1.11719;437;0
2024.08.26 13:10;1.11720;1.11753;1.11717;1.11737;278;0
2024.08.26 13:20;1.11739;1.11768;1.11721;1.11766;313;0
2024.08.26 13:30;1.11766;1.11767;1.11709;1.11718;257;0
2024.08.26 13:40;1.11719;1.11739;1.11702;1.11718;285;0
2024.08.26 13:50;1.11717;1.11729;1.11691;1.11715;324;0
2024.08.26 14:00;1.11716;1.11734;1.11695;1.11695;365;0
2024.08.26 14:10;1.11696;1.11720;1.11670;1.11699;393;0
2024.08.26 14:20;1.11699;1.11702;1.11645;1.11657;426;0
2024.08.26 14:30;1.11657;1.11684;1.11631;1.11684;488;0
2024.08.26 14:40;1.11684;1.11684;1.11630;1.11642;442;0
2024.08.26 14:50;1.11643;1.11682;1.11638;1.11652;514;0
2024.08.26 15:00;1.11651;1.11670;1.11627;1.11628;528;0
2024.08.26 15:10;1.11628;1.11686;1.11628;1.11677;454;0
2024.08.26 15:20;1.11677;1.11683;1.11646;1.11651;523;0
2024.08.26 15:30;1.11652;1.11664;1.11585;1.11632;902;0
2024.08.26 15:40;1.11631;1.11657;1.11591;1.11651;751;0
2024.08.26 15:50;1.11649;1.11660;1.11588;1.11612;766;0
2024.08.26 16:00;1.11611;1.11614;1.11499;1.11542;816;0
2024.08.26 16:10;1.11543;1.11584;1.11541;1.11562;632;0
2024.08.26 16:20;1.11563;1.11618;1.11530;1.11609;702;0
2024.08.26 16:30;1.11609;1.11620;1.11537;1.11543;795;0
2024.08.26 16:40;1.11543;1.11624;1.11528;1.11607;793;0
2024.08.26 16:50;1.11611;1.11625;1.11581;1.11596;746;0
2024.08.26 17:00;1.11596;1.11639;1.11538;1.11629;841;0
2024.08.26 17:10;1.11629;1.11672;1.11629;1.11672;720;0
2024.08.26 17:20;1.11673;1.11704;1.11650;1.11704;744;0
2024.08.26 17:30;1.11701;1.11755;1.11696;1.11748;755;0
2024.08.26 17:40;1.11749;1.11786;1.11746;1.11777;706;0
2024.08.26 17:50;1.11778;1.11789;1.11741;1.11765;724;0
2024.08.26 18:00;1.11766;1.11768;1.11693;1.11713;692;0
2024.08.26 18:10;1.11712;1.11722;1.11680;1.11693;575;0
2024.08.26 18:20;1.11692;1.11694;1.11661;1.11670;570;0
2024.08.26 18:30;1.11670;1.11687;1.11649;1.11666;452;0
2024.08.26 18:40;1.11666;1.11692;1.11652;1.11669;485;0
2024.08.26 18:50;1.11669;1.11690;1.11634;1.11636;405;0
2024.08.26 19:00;1.11636;1.11648;1.11617;1.11627;475;1
2024.08.26 19:10;1.11627;1.11643;1.11597;1.11642;401;1
2024.08.26 19:20;1.11641;1.11665;1.11630;1.11646;411;1
2024.08.26 19:30;1.11645;1.11675;1.11640;1.11657;397;1
2024.08.26 19:40;1.11657;1.11699;1.11653;1.11698;386;0
2024.08.26 19:50;1.11697;1.11721;1.11688;1.11712;406;0
2024.08.26 20:00;1.11711;1.11730;1.11708;1.11723;399;0
2024.08.26 20:10;1.11724;1.11754;1.11724;1.11735;395;0
2024.08.26 20:20;1.11734;1.11743;1.11719;1.11733;346;0
2024.08.26 20:30;1.11732;1.11740;1.11693;1.11707;436;1
2024.08.26 20:40;1.11707;1.11717;1.11686;1.11693;464;1
2024.08.26 20:50;1.11693;1.11711;1.11677;1.11696;341;0
2024.08.26 21:00;1.11696;1.11712;1.11651;1.11660;424;0
2024.08.26 21:10;1.11660;1.11683;1.11649;1.11680;362;0
2024.08.26 21:20;1.11680;1.11691;1.11663;1.11671;340;0
2024.08.26 21:30;1.11670;1.11671;1.11600;1.11604;427;0
2024.08.26 21:40;1.11604;1.11620;1.11594;1.11619;345;0
2024.08.26 21:50;1.11620;1.11639;1.11608;1.11635;397;0
2024.08.26 22:00;1.11636;1.11655;1.11633;1.11644;302;0
2024.08.26 22:10;1.11644;1.11644;1.11605;1.11609;241;0
2024.08.26 22:20;1.11609;1.11629;1.11607;1.11624;243;0
2024.08.26 22:30;1.11623;1.11630;1.11613;1.11613;243;0
2024.08.26 22:40;1.11614;1.11620;1.11602;1.11604;234;0
2024.08.26 22:50;1.11604;1.11620;1.11586;1.11595;338;1
2024.08.26 23:00;1.11595;1.11598;1.11586;1.11596;188;0
2024.08.26 23:10;1.11595;1.11609;1.11595;1.11606;132;0
2024.08.26 23:20;1.11607;1.11613;1.11599;1.11612;129;0
2024.08.26 23:30;1.11613;1.11613;1.11596;1.11605;109;1
2024.08.26 23:40;1.11606;1.11611;1.11601;1.11606;87;0
2024.08.26 23:50;1.11606;1.11612;1.11604;1.11609;115;0
2024.08.27 00:00;1.11522;1.11620;1.11522;1.11618;60;20
2024.08.27 00:10;1.11618;1.11629;1.11599;1.11599;145;4
2024.08.27 00:20;1.11599;1.11616;1.11598;1.11616;59;8
2024.08.27 00:30;1.11616;1.11617;1.11611;1.11611;20;10
2024.08.27 00:40;1.11609;1.11611;1.11599;1.11602;74;12
2024.08.27 00:50;1.11599;1.11609;1.11595;1.11599;239;10
2024.08.27 01:00;1.11599;1.11631;1.11595;1.11621;144;0
2024.08.27 01:10;1.11621;1.11628;1.11614;1.11622;77;0
2024.08.27 01:20;1.11623;1.11633;1.11619;1.11633;95;0
2024.08.27 01:30;1.11631;1.11638;1.11627;1.11636;81;0
2024.08.27 01:40;1.11636;1.11637;1.11621;1.11622;87;0
2024.08.27 01:50;1.11622;1.11630;1.11620;1.11628;97;0
2024.08.27 02:00;1.11628;1.11658;1.11628;1.11658;97;0
2024.08.27 02:10;1.11658;1.11670;1.11653;1.11666;119;0
2024.08.27 02:20;1.11667;1.11668;1.11656;1.11658;131;0
2024.08.27 02:30;1.11659;1.11662;1.11646;1.11654;97;0
2024.08.27 02:40;1.11656;1.11657;1.11648;1.11656;91;0
2024.08.27 02:50;1.11656;1.11656;1.11641;1.11644;136;0
2024.08.27 03:00;1.11645;1.11654;1.11629;1.11651;272;0
2024.08.27 03:10;1.11650;1.11650;1.11621;1.11632;285;0
2024.08.27 03:20;1.11633;1.11656;1.11625;1.11639;178;0
2024.08.27 03:30;1.11640;1.11650;1.11632;1.11647;249;0
2024.08.27 03:40;1.11647;1.11647;1.11600;1.11610;260;0
2024.08.27 03:50;1.11609;1.11616;1.11595;1.11609;357;0
2024.08.27 04:00;1.11609;1.11640;1.11596;1.11635;296;0
2024.08.27 04:10;1.11635;1.11644;1.11607;1.11638;357;0
2024.08.27 04:20;1.11639;1.11679;1.11639;1.11677;249;0
2024.08.27 04:30;1.11676;1.11689;1.11652;1.11684;221;0
2024.08.27 04:40;1.11686;1.11701;1.11677;1.11699;265;0
2024.08.27 04:50;1.11699;1.11707;1.11688;1.11691;226;0
2024.08.27 05:00;1.11692;1.11704;1.11661;1.11666;181;0
2024.08.27 05:10;1.11667;1.11690;1.11666;1.11688;138;0
2024.08.27 05:20;1.11689;1.11691;1.11658;1.11661;139;0
2024.08.27 05:30;1.11662;1.11669;1.11652;1.11657;129;0
2024.08.27 05:40;1.11658;1.11660;1.11641;1.11659;114;0
2024.08.27 05:50;1.11658;1.11682;1.11658;1.11681;112;0
2024.08.27 06:00;1.11680;1.11690;1.11679;1.11684;117;0
2024.08.27 06:10;1.11685;1.11689;1.11668;1.11669;150;0
2024.08.27 06:20;1.11667;1.11668;1.11654;1.11658;129;0
2024.08.27 06:30;1.11657;1.11673;1.11653;1.11666;150;0
2024.08.27 06:40;1.11666;1.11669;1.11650;1.11652;79;0
2024.08.27 06:50;1.11653;1.11670;1.11651;1.11667;106;0
2024.08.27 07:00;1.11667;1.11684;1.11667;1.11674;182;0
2024.08.27 07:10;1.11675;1.11679;1.11669;1.11670;145;0
2024.08.27 07:20;1.11669;1.11680;1.11669;1.11680;123;0
2024.08.27 07:30;1.11680;1.11695;1.11680;1.11687;123;0
2024.08.27 07:40;1.11686;1.11693;1.11672;1.11678;99;0
2024.08.27 07:50;1.11678;1.11689;1.11678;1.11684;121;0
2024.08.27 08:00;1.11684;1.11723;1.11683;1.11713;206;0
2024.08.27 08:10;1.11713;1.11719;1.11690;1.11696;180;0
2024.08.27 08:20;1.11696;1.11706;1.11693;1.11698;135;0
2024.08.27 08:30;1.11698;1.11704;1.11674;1.11679;204;0
2024.08.27 08:40;1.11679;1.11679;1.11648;1.11667;224;0
2024.08.27 08:50;1.11667;1.11675;1.11647;1.11668;253;0
2024.08.27 09:00;1.11667;1.11689;1.11651;1.11680;428;0
2024.08.27 09:10;1.11681;1.11700;1.11659;1.11699;425;0
2024.08.27 09:20;1.11700;1.11714;1.11657;1.11687;377;0
2024.08.27 09:30;1.11687;1.11692;1.11662;1.11672;402;0
2024.08.27 09:40;1.11672;1.11675;1.11640;1.11648;361;0
2024.08.27 09:50;1.11647;1.11665;1.11613;1.11617;373;0
2024.08.27 10:00;1.11616;1.11687;1.11616;1.11660;714;0
2024.08.27 10:10;1.11660;1.11715;1.11647;1.11709;600;0
2024.08.27 10:20;1.11709;1.11727;1.11662;1.11674;600;0
2024.08.27 10:30;1.11673;1.11704;1.11639;1.11643;675;0
2024.08.27 10:40;1.11643;1.11668;1.11641;1.11660;416;0
2024.08.27 10:50;1.11659;1.11683;1.11638;1.11640;471;0
2024.08.27 11:00;1.11640;1.11699;1.11620;1.11696;490;0
2024.08.27 11:10;1.11696;1.11711;1.11675;1.11708;389;0
2024.08.27 11:20;1.11709;1.11737;1.11693;1.11722;468;0
2024.08.27 11:30;1.11721;1.11740;1.11706;1.11729;400;0
2024.08.27 11:40;1.11729;1.11738;1.11706;1.11729;401;0
2024.08.27 11:50;1.11728;1.11733;1.11666;1.11666;489;0
2024.08.27 12:00;1.11665;1.11727;1.11661;1.11724;499;0
2024.08.27 12:10;1.11724;1.11787;1.11714;1.11779;474;0
2024.08.27 12:20;1.11778;1.11778;1.11693;1.11712;477;0
2024.08.27 12:30;1.11712;1.11745;1.11707;1.11714;493;0
2024.08.27 12:40;1.11714;1.11721;1.11691;1.11698;387;0
2024.08.27 12:50;1.11698;1.11716;1.11681;1.11681;327;0
2024.08.27 13:00;1.11681;1.11700;1.11666;1.11699;447;0
2024.08.27 13:10;1.11699;1.11699;1.11661;1.11677;405;0
2024.08.27 13:20;1.11679;1.11682;1.11636;1.11636;403;0
2024.08.27 13:30;1.11636;1.11641;1.11619;1.11621;394;0
2024.08.27 13:40;1.11621;1.11666;1.11621;1.11662;430;0
2024.08.27 13:50;1.11662;1.11668;1.11643;1.11660;399;0
2024.08.27 14:00;1.11660;1.11676;1.11624;1.11641;461;0
2024.08.27 14:10;1.11642;1.11669;1.11638;1.11663;397;0
2024.08.27 14:20;1.11662;1.11696;1.11654;1.11695;370;0
2024.08.27 14:30;1.11696;1.11697;1.11644;1.11657;429;0
2024.08.27 14:40;1.11657;1.11666;1.11631;1.11649;379;0
2024.08.27 14:50;1.11649;1.11655;1.11605;1.11605;419;0
2024.08.27 15:00;1.11607;1.11647;1.11593;1.11621;572;0
2024.08.27 15:10;1.11621;1.11631;1.11549;1.11562;550;0
2024.08.27 15:20;1.11557;1.11569;1.11535;1.11547;585;0
2024.08.27 15:30;1.11547;1.11577;1.11504;1.11575;607;0
2024.08.27 15:40;1.11575;1.11585;1.11531;1.11557;660;0
2024.08.27 15:50;1.11556;1.11610;1.11552;1.11585;513;0
2024.08.27 16:00;1.11584;1.11628;1.11578;1.11622;565;0
2024.08.27 16:10;1.11623;1.11639;1.11593;1.11595;520;0
2024.08.27 16:20;1.11595;1.11596;1.11560;1.11561;508;0
2024.08.27 16:30;1.11562;1.11587;1.11539;1.11550;584;0
2024.08.27 16:40;1.11551;1.11591;1.11526;1.11589;689;0
2024.08.27 16:50;1.11589;1.11697;1.11589;1.11679;763;0
2024.08.27 17:00;1.11681;1.11718;1.11631;1.11632;915;0
2024.08.27 17:10;1.11632;1.11675;1.11629;1.11669;830;0
2024.08.27 17:20;1.11668;1.11705;1.11648;1.11700;792;0
2024.08.27 17:30;1.11699;1.11708;1.11634;1.11685;758;0
2024.08.27 17:40;1.11685;1.11701;1.11641;1.11664;718;0
2024.08.27 17:50;1.11664;1.11705;1.11645;1.11661;857;0
2024.08.27 18:00;1.11661;1.11700;1.11653;1.11676;637;0
2024.08.27 18:10;1.11678;1.11686;1.11620;1.11635;576;0
2024.08.27 18:20;1.11636;1.11670;1.11618;1.11633;529;0
2024.08.27 18:30;1.11633;1.11639;1.11590;1.11598;510;0
2024.08.27 18:40;1.11598;1.11630;1.11598;1.11606;339;0
2024.08.27 18:50;1.11608;1.11626;1.11586;1.11597;503;0
2024.08.27 19:00;1.11599;1.11642;1.11595;1.11628;462;1
2024.08.27 19:10;1.11629;1.11676;1.11626;1.11662;357;1
2024.08.27 19:20;1.11663;1.11663;1.11613;1.11649;392;0
2024.08.27 19:30;1.11649;1.11653;1.11633;1.11645;325;0
2024.08.27 19:40;1.11645;1.11660;1.11634;1.11656;307;0
2024.08.27 19:50;1.11657;1.11664;1.11633;1.11658;290;0
2024.08.27 20:00;1.11657;1.11694;1.11644;1.11692;445;1
2024.08.27 20:10;1.11693;1.11810;1.11693;1.11800;509;2
2024.08.27 20:20;1.11800;1.11814;1.11766;1.11786;410;1
2024.08.27 20:30;1.11787;1.11793;1.11762;1.11787;298;0
2024.08.27 20:40;1.11788;1.11796;1.11769;1.11778;261;0
2024.08.27 20:50;1.11777;1.11825;1.11771;1.11813;323;0
2024.08.27 21:00;1.11812;1.11867;1.11800;1.11849;509;2
2024.08.27 21:10;1.11850;1.11873;1.11847;1.11864;380;0
2024.08.27 21:20;1.11865;1.11893;1.11858;1.11879;364;0
2024.08.27 21:30;1.11878;1.11887;1.11854;1.11859;358;0
2024.08.27 21:40;1.11859;1.11905;1.11859;1.11889;361;0
2024.08.27 21:50;1.11888;1.11891;1.11852;1.11859;322;0
2024.08.27 22:00;1.11858;1.11858;1.11821;1.11823;269;0
2024.08.27 22:10;1.11822;1.11834;1.11815;1.11818;263;0
2024.08.27 22:20;1.11819;1.11836;1.11818;1.11830;175;0
2024.08.27 22:30;1.11829;1.11833;1.11816;1.11832;217;0
2024.08.27 22:40;1.11831;1.11845;1.11830;1.11844;218;1
2024.08.27 22:50;1.11843;1.11844;1.11831;1.11843;207;0
2024.08.27 23:00;1.11843;1.11854;1.11827;1.11830;177;1
2024.08.27 23:10;1.11829;1.11846;1.11829;1.11842;94;0
2024.08.27 23:20;1.11842;1.11852;1.11842;1.11848;95;0
2024.08.27 23:30;1.11848;1.11853;1.11844;1.11853;119;0
2024.08.27 23:40;1.11852;1.11859;1.11846;1.11848;97;0
2024.08.27 23:50;1.11847;1.11853;1.11835;1.11835;222;0
2024.08.28 00:00;1.11807;1.11830;1.11806;1.11822;44;12
2024.08.28 00:10;1.11820;1.11843;1.11790;1.11831;246;12
2024.08.28 00:20;1.11831;1.11834;1.11831;1.11834;8;20
2024.08.28 00:30;1.11834;1.11843;1.11832;1.11842;12;15
2024.08.28 00:40;1.11842;1.11842;1.11831;1.11831;24;18
2024.08.28 00:50;1.11831;1.11833;1.11830;1.11830;8;18
2024.08.28 01:00;1.11828;1.11853;1.11827;1.11847;64;0
2024.08.28 01:10;1.11848;1.11848;1.11835;1.11837;98;0
2024.08.28 01:20;1.11837;1.11843;1.11833;1.11838;97;0
2024.08.28 01:30;1.11838;1.11845;1.11837;1.11845;55;0
2024.08.28 01:40;1.11844;1.11846;1.11843;1.11844;49;0
2024.08.28 01:50;1.11846;1.11851;1.11836;1.11840;78;0
2024.08.28 02:00;1.11839;1.11846;1.11836;1.11838;78;0
2024.08.28 02:10;1.11836;1.11838;1.11830;1.11834;56;0
2024.08.28 02:20;1.11834;1.11838;1.11823;1.11835;88;0
2024.08.28 02:30;1.11834;1.11839;1.11807;1.11808;106;0
2024.08.28 02:40;1.11809;1.11814;1.11784;1.11786;108;0
2024.08.28 02:50;1.11785;1.11785;1.11746;1.11770;206;0
2024.08.28 03:00;1.11769;1.11771;1.11744;1.11748;379;0
2024.08.28 03:10;1.11748;1.11780;1.11746;1.11773;257;0
2024.08.28 03:20;1.11773;1.11784;1.11766;1.11781;198;0
2024.08.28 03:30;1.11780;1.11785;1.11770;1.11780;215;0
2024.08.28 03:40;1.11780;1.11795;1.11780;1.11795;161;0
2024.08.28 03:50;1.11794;1.11799;1.11764;1.11798;255;0
2024.08.28 04:00;1.11798;1.11799;1.11763;1.11775;191;0
2024.08.28 04:10;1.11776;1.11778;1.11748;1.11748;175;0
2024.08.28 04:20;1.11749;1.11765;1.11743;1.11746;164;0
2024.08.28 04:30;1.11747;1.11779;1.11733;1.11760;496;0
2024.08.28 04:40;1.11761;1.11793;1.11736;1.11748;306;0
2024.08.28 04:50;1.11749;1.11749;1.11720;1.11738;345;0
2024.08.28 05:00;1.11738;1.11752;1.11727;1.11751;215;0
2024.08.28 05:10;1.11752;1.11777;1.11751;1.11774;222;0
2024.08.28 05:20;1.11773;1.11774;1.11735;1.11738;179;0
2024.08.28 05:30;1.11737;1.11749;1.11702;1.11732;281;0
2024.08.28 05:40;1.11733;1.11737;1.11704;1.11704;199;0
2024.08.28 05:50;1.11705;1.11713;1.11665;1.11666;242;0
2024.08.28 06:00;1.11666;1.11691;1.11649;1.11651;249;0
2024.08.28 06:10;1.11652;1.11656;1.11631;1.11645;160;0
2024.08.28 06:20;1.11645;1.11662;1.11645;1.11653;142;0
2024.08.28 06:30;1.11652;1.11652;1.11624;1.11641;188;0
2024.08.28 06:40;1.11640;1.11663;1.11626;1.11626;133;0
2024.08.28 06:50;1.11627;1.11663;1.11627;1.11658;101;0
2024.08.28 07:00;1.11659;1.11675;1.11652;1.11659;155;0
2024.08.28 07:10;1.11658;1.11680;1.11657;1.11678;104;0
2024.08.28 07:20;1.11678;1.11678;1.11655;1.11657;131;0
2024.08.28 07:30;1.11658;1.11667;1.11629;1.11632;182;0
2024.08.28 07:40;1.11633;1.11646;1.11599;1.11600;178;0
2024.08.28 07:50;1.11601;1.11603;1.11581;1.11595;254;0
2024.08.28 08:00;1.11595;1.11608;1.11533;1.11543;362;0
2024.08.28 08:10;1.11542;1.11555;1.11460;1.11501;378;0
2024.08.28 08:20;1.11501;1.11502;1.11459;1.11464;397;0
2024.08.28 08:30;1.11464;1.11476;1.11408;1.11471;470;0
2024.08.28 08:40;1.11470;1.11476;1.11430;1.11454;359;0
2024.08.28 08:50;1.11454;1.11454;1.11396;1.11438;344;0
2024.08.28 09:00;1.11437;1.11449;1.11397;1.11421;483;0
2024.08.28 09:10;1.11421;1.11437;1.11351;1.11389;452;0
2024.08.28 09:20;1.11389;1.11414;1.11380;1.11408;416;0
2024.08.28 09:30;1.11407;1.11461;1.11400;1.11460;409;0
2024.08.28 09:40;1.11460;1.11492;1.11449;1.11474;410;0
2024.08.28 09:50;1.11473;1.11512;1.11456;1.11478;465;0
2024.08.28 10:00;1.11479;1.11562;1.11479;1.11558;619;0
2024.08.28 10:10;1.11557;1.11567;1.11525;1.11546;564;0
2024.08.28 10:20;1.11546;1.11579;1.11545;1.11554;568;0
2024.08.28 10:30;1.11554;1.11568;1.11489;1.11503;536;0
2024.08.28 10:40;1.11503;1.11547;1.11488;1.11512;454;0
2024.08.28 10:50;1.11515;1.11590;1.11511;1.11562;505;0
2024.08.28 11:00;1.11561;1.11586;1.11526;1.11569;498;0
2024.08.28 11:10;1.11568;1.11592;1.11555;1.11566;491;0
2024.08.28 11:20;1.11567;1.11571;1.11436;1.11437;589;0
2024.08.28 11:30;1.11438;1.11496;1.11436;1.11459;537;0
2024.08.28 11:40;1.11460;1.11467;1.11406;1.11437;557;0
2024.08.28 11:50;1.11438;1.11444;1.11390;1.11412;511;0
2024.08.28 12:00;1.11413;1.11429;1.11363;1.11411;630;0
2024.08.28 12:10;1.11410;1.11455;1.11399;1.11433;512;0
2024.08.28 12:20;1.11432;1.11455;1.11392;1.11435;574;0
2024.08.28 12:30;1.11434;1.11449;1.11416;1.11438;545;0
2024.08.28 12:40;1.11439;1.11439;1.11378;1.11378;476;0
2024.08.28 12:50;1.11378;1.11378;1.11330;1.11357;441;0
2024.08.28 13:00;1.11358;1.11376;1.11279;1.11283;447;0
2024.08.28 13:10;1.11284;1.11299;1.11249;1.11258;613;0
2024.08.28 13:20;1.11258;1.11283;1.11246;1.11279;503;0
2024.08.28 13:30;1.11277;1.11306;1.11257;1.11263;428;0
2024.08.28 13:40;1.11262;1.11292;1.11224;1.11242;466;0
2024.08.28 13:50;1.11243;1.11255;1.11219;1.11252;391;0
2024.08.28 14:00;1.11252;1.11286;1.11242;1.11285;425;0
2024.08.28 14:10;1.11287;1.11309;1.11277;1.11281;428;0
2024.08.28 14:20;1.11281;1.11283;1.11233;1.11247;475;0
2024.08.28 14:30;1.11245;1.11307;1.11245;1.11307;429;0
2024.08.28 14:40;1.11308;1.11308;1.11269;1.11290;414;0
2024.08.28 14:50;1.11289;1.11310;1.11174;1.11206;685;0
2024.08.28 15:00;1.11207;1.11230;1.11169;1.11170;657;0
2024.08.28 15:10;1.11171;1.11186;1.11121;1.11128;581;0
2024.08.28 15:20;1.11129;1.11137;1.11094;1.11100;635;0
2024.08.28 15:30;1.11102;1.11103;1.11050;1.11059;632;0
2024.08.28 15:40;1.11058;1.11132;1.11058;1.11130;705;0
2024.08.28 15:50;1.11130;1.11142;1.11100;1.11119;537;0
2024.08.28 16:00;1.11118;1.11177;1.11118;1.11138;656;0
2024.08.28 16:10;1.11137;1.11209;1.11130;1.11184;595;0
2024.08.28 16:20;1.11184;1.11188;1.11120;1.11175;770;0
2024.08.28 16:30;1.11176;1.11220;1.11132;1.11199;819;0
2024.08.28 16:40;1.11199;1.11199;1.11135;1.11159;798;0
2024.08.28 16:50;1.11157;1.11185;1.11103;1.11110;796;0
2024.08.28 17:00;1.11111;1.11222;1.11107;1.11189;742;0
2024.08.28 17:10;1.11188;1.11255;1.11161;1.11254;852;0
2024.08.28 17:20;1.11253;1.11291;1.11209;1.11229;681;0
2024.08.28 17:30;1.11229;1.11298;1.11228;1.11262;723;0
2024.08.28 17:40;1.11261;1.11374;1.11256;1.11362;918;0
2024.08.28 17:50;1.11363;1.11377;1.11246;1.11301;1025;0
2024.08.28 18:00;1.11302;1.11310;1.11212;1.11266;783;0
2024.08.28 18:10;1.11266;1.11309;1.11263;1.11275;721;0
2024.08.28 18:20;1.11275;1.11302;1.11225;1.11252;728;0
2024.08.28 18:30;1.11253;1.11304;1.11246;1.11285;637;0
2024.08.28 18:40;1.11284;1.11306;1.11264;1.11273;457;0
2024.08.28 18:50;1.11273;1.11280;1.11244;1.11261;435;0
2024.08.28 19:00;1.11262;1.11262;1.11183;1.11186;584;0
2024.08.28 19:10;1.11185;1.11187;1.11117;1.11148;523;1
2024.08.28 19:20;1.11148;1.11149;1.11100;1.11124;442;0
2024.08.28 19:30;1.11123;1.11151;1.11114;1.11130;389;0
2024.08.28 19:40;1.11130;1.11168;1.11122;1.11164;380;0
2024.08.28 19:50;1.11164;1.11175;1.11142;1.11147;421;1
2024.08.28 20:00;1.11147;1.11171;1.11137;1.11161;528;1
2024.08.28 20:10;1.11161;1.11161;1.11104;1.11127;488;1
2024.08.28 20:20;1.11127;1.11131;1.11108;1.11108;361;0
2024.08.28 20:30;1.11108;1.11118;1.11071;1.11072;402;0
2024.08.28 20:40;1.11072;1.11099;1.11065;1.11090;289;0
2024.08.28 20:50;1.11091;1.11109;1.11053;1.11066;438;0
2024.08.28 21:00;1.11066;1.11104;1.11055;1.11100;453;2
2024.08.28 21:10;1.11100;1.11115;1.11096;1.11101;289;0
2024.08.28 21:20;1.11101;1.11131;1.11090;1.11120;387;0
2024.08.28 21:30;1.11119;1.11121;1.11096;1.11108;317;0
2024.08.28 21:40;1.11108;1.11129;1.11097;1.11110;286;1
2024.08.28 21:50;1.11109;1.11161;1.11109;1.11157;450;1
2024.08.28 22:00;1.11156;1.11178;1.11148;1.11155;407;2
2024.08.28 22:10;1.11156;1.11170;1.11140;1.11168;359;0
2024.08.28 22:20;1.11169;1.11170;1.11147;1.11169;286;0
2024.08.28 22:30;1.11168;1.11171;1.11146;1.11147;279;0
2024.08.28 22:40;1.11146;1.11152;1.11133;1.11139;255;0
2024.08.28 22:50;1.11138;1.11152;1.11130;1.11131;288;0
2024.08.28 23:00;1.11130;1.11150;1.11123;1.11144;197;0
2024.08.28 23:10;1.11144;1.11152;1.11142;1.11151;161;0
2024.08.28 23:20;1.11150;1.11162;1.11137;1.11159;278;0
2024.08.28 23:30;1.11159;1.11190;1.11157;1.11188;231;1
2024.08.28 23:40;1.11188;1.11199;1.11188;1.11194;123;0
2024.08.28 23:50;1.11195;1.11200;1.11191;1.11195;153;0
2024.08.29 00:00;1.11169;1.11199;1.11168;1.11195;38;7
2024.08.29 00:10;1.11195;1.11195;1.11194;1.11194;6;8
2024.08.29 00:20;1.11194;1.11195;1.11194;1.11194;5;13
2024.08.29 00:30;1.11194;1.11194;1.11193;1.11194;6;13
2024.08.29 00:40;1.11195;1.11195;1.11195;1.11195;1;15
2024.08.29 00:50;1.11195;1.11196;1.11195;1.11196;4;7
2024.08.29 01:00;1.11186;1.11225;1.11185;1.11218;145;0
2024.08.29 01:10;1.11218;1.11235;1.11209;1.11231;103;0
2024.08.29 01:20;1.11231;1.11241;1.11231;1.11239;125;0
2024.08.29 01:30;1.11240;1.11243;1.11234;1.11238;130;0
2024.08.29 01:40;1.11237;1.11239;1.11225;1.11235;166;0
2024.08.29 01:50;1.11236;1.11244;1.11233;1.11239;133;0
2024.08.29 02:00;1.11240;1.11246;1.11228;1.11245;91;0
2024.08.29 02:10;1.11245;1.11250;1.11235;1.11246;104;0
2024.08.29 02:20;1.11246;1.11258;1.11237;1.11257;106;0
2024.08.29 02:30;1.11258;1.11260;1.11246;1.11249;109;0
2024.08.29 02:40;1.11251;1.11261;1.11243;1.11248;114;0
2024.08.29 02:50;1.11248;1.11256;1.11232;1.11245;169;0
2024.08.29 03:00;1.11245;1.11287;1.11241;1.11279;275;0
2024.08.29 03:10;1.11278;1.11310;1.11266;1.11301;240;0
2024.08.29 03:20;1.11301;1.11320;1.11299;1.11311;243;0
2024.08.29 03:30;1.11311;1.11322;1.11282;1.11283;268;0
2024.08.29 03:40;1.11284;1.11311;1.11284;1.11297;202;0
2024.08.29 03:50;1.11298;1.11325;1.11297;1.11314;308;0
2024.08.29 04:00;1.11313;1.11339;1.11313;1.11330;270;0
2024.08.29 04:10;1.11331;1.11333;1.11309;1.11329;214;0
2024.08.29 04:20;1.11329;1.11332;1.11309;1.11310;152;0
2024.08.29 04:30;1.11310;1.11311;1.11284;1.11289;185;0
2024.08.29 04:40;1.11289;1.11305;1.11287;1.11291;246;0
2024.08.29 04:50;1.11291;1.11304;1.11285;1.11288;239;0
2024.08.29 05:00;1.11288;1.11291;1.11275;1.11279;230;0
2024.08.29 05:10;1.11279;1.11287;1.11273;1.11284;144;0
2024.08.29 05:20;1.11283;1.11305;1.11279;1.11304;158;0
2024.08.29 05:30;1.11305;1.11315;1.11297;1.11310;147;0
2024.08.29 05:40;1.11310;1.11319;1.11308;1.11315;104;0
2024.08.29 05:50;1.11315;1.11322;1.11311;1.11315;106;0
2024.08.29 06:00;1.11314;1.11317;1.11300;1.11314;123;0
2024.08.29 06:10;1.11314;1.11318;1.11303;1.11315;124;0
2024.08.29 06:20;1.11316;1.11342;1.11314;1.11341;116;0
2024.08.29 06:30;1.11340;1.11347;1.11320;1.11344;146;0
2024.08.29 06:40;1.11345;1.11345;1.11323;1.11326;127;0
2024.08.29 06:50;1.11327;1.11357;1.11326;1.11356;166;0
2024.08.29 07:00;1.11356;1.11370;1.11345;1.11356;207;0
2024.08.29 07:10;1.11357;1.11366;1.11349;1.11355;166;0
2024.08.29 07:20;1.11356;1.11360;1.11338;1.11341;166;0
2024.08.29 07:30;1.11341;1.11355;1.11338;1.11350;203;0
2024.08.29 07:40;1.11351;1.11351;1.11333;1.11344;141;0
2024.08.29 07:50;1.11344;1.11356;1.11341;1.11353;185;0
2024.08.29 08:00;1.11353;1.11362;1.11336;1.11344;241;0
2024.08.29 08:10;1.11345;1.11346;1.11319;1.11341;272;0
2024.08.29 08:20;1.11341;1.11351;1.11338;1.11349;180;0
2024.08.29 08:30;1.11349;1.11372;1.11347;1.11367;211;0
2024.08.29 08:40;1.11369;1.11378;1.11324;1.11345;283;0
2024.08.29 08:50;1.11345;1.11379;1.11345;1.11355;421;0
2024.08.29 09:00;1.11353;1.11399;1.11342;1.11367;501;0
2024.08.29 09:10;1.11366;1.11377;1.11345;1.11364;486;0
2024.08.29 09:20;1.11360;1.11360;1.11320;1.11322;417;0
2024.08.29 09:30;1.11321;1.11328;1.11281;1.11288;343;0
2024.08.29 09:40;1.11288;1.11308;1.11284;1.11294;347;0
2024.08.29 09:50;1.11295;1.11304;1.11256;1.11280;454;0
2024.08.29 10:00;1.11283;1.11287;1.11196;1.11209;694;0
2024.08.29 10:10;1.11209;1.11246;1.11162;1.11237;667;0
2024.08.29 10:20;1.11238;1.11306;1.11232;1.11302;568;0
2024.08.29 10:30;1.11302;1.11312;1.11269;1.11277;528;0
2024.08.29 10:40;1.11276;1.11288;1.11248;1.11268;521;0
2024.08.29 10:50;1.11267;1.11314;1.11254;1.11300;534;0
2024.08.29 11:00;1.11298;1.11298;1.10894;1.10906;1366;0
2024.08.29 11:10;1.10904;1.10916;1.10852;1.10887;1114;0
2024.08.29 11:20;1.10886;1.10887;1.10718;1.10798;1074;0
2024.08.29 11:30;1.10797;1.10849;1.10773;1.10813;845;0
2024.08.29 11:40;1.10813;1.10852;1.10772;1.10832;757;0
2024.08.29 11:50;1.10833;1.10858;1.10822;1.10848;642;0
2024.08.29 12:00;1.10848;1.10903;1.10833;1.10848;609;0
2024.08.29 12:10;1.10849;1.10897;1.10833;1.10885;571;0
2024.08.29 12:20;1.10884;1.10937;1.10872;1.10928;525;0
2024.08.29 12:30;1.10930;1.10990;1.10930;1.10976;579;0
2024.08.29 12:40;1.10977;1.10977;1.10902;1.10923;483;0
2024.08.29 12:50;1.10924;1.10964;1.10915;1.10937;530;0
2024.08.29 13:00;1.10939;1.10971;1.10931;1.10937;408;0
2024.08.29 13:10;1.10934;1.10934;1.10885;1.10899;408;0
2024.08.29 13:20;1.10898;1.10944;1.10873;1.10931;399;0
2024.08.29 13:30;1.10931;1.10953;1.10912;1.10947;388;0
2024.08.29 13:40;1.10943;1.10980;1.10931;1.10978;355;0
2024.08.29 13:50;1.10977;1.11000;1.10961;1.10974;465;0
2024.08.29 14:00;1.10974;1.10988;1.10947;1.10980;402;0
2024.08.29 14:10;1.10981;1.10981;1.10950;1.10954;356;0
2024.08.29 14:20;1.10954;1.10992;1.10935;1.10967;354;0
2024.08.29 14:30;1.10966;1.10983;1.10913;1.10950;462;0
2024.08.29 14:40;1.10952;1.10995;1.10929;1.10987;455;0
2024.08.29 14:50;1.10988;1.10998;1.10928;1.10960;459;0
2024.08.29 15:00;1.10961;1.10962;1.10878;1.10882;679;0
2024.08.29 15:10;1.10881;1.10940;1.10878;1.10906;681;0
2024.08.29 15:20;1.10913;1.10962;1.10907;1.10952;680;0
2024.08.29 15:30;1.10939;1.10978;1.10736;1.10826;1410;2
2024.08.29 15:40;1.10824;1.10856;1.10728;1.10765;1307;0
2024.08.29 15:50;1.10765;1.10858;1.10746;1.10842;1044;0
2024.08.29 16:00;1.10843;1.10857;1.10808;1.10833;858;0
2024.08.29 16:10;1.10835;1.10895;1.10810;1.10875;924;0
2024.08.29 16:20;1.10874;1.10880;1.10829;1.10835;822;0
2024.08.29 16:30;1.10834;1.10844;1.10748;1.10762;1016;0
2024.08.29 16:40;1.10765;1.10843;1.10728;1.10829;860;0
2024.08.29 16:50;1.10830;1.10877;1.10819;1.10821;735;0
2024.08.29 17:00;1.10821;1.10831;1.10709;1.10750;1029;0
2024.08.29 17:10;1.10751;1.10772;1.10633;1.10637;976;0
2024.08.29 17:20;1.10636;1.10667;1.10589;1.10610;918;0
2024.08.29 17:30;1.10609;1.10651;1.10555;1.10650;834;0
2024.08.29 17:40;1.10651;1.10717;1.10620;1.10707;782;0
2024.08.29 17:50;1.10708;1.10721;1.10681;1.10699;708;0
2024.08.29 18:00;1.10698;1.10723;1.10668;1.10706;746;0
2024.08.29 18:10;1.10707;1.10759;1.10706;1.10759;619;0
2024.08.29 18:20;1.10761;1.10775;1.10735;1.10751;534;0
2024.08.29 18:30;1.10752;1.10795;1.10734;1.10757;584;0
2024.08.29 18:40;1.10758;1.10800;1.10746;1.10792;505;0
2024.08.29 18:50;1.10792;1.10855;1.10779;1.10848;650;0
2024.08.29 19:00;1.10851;1.10860;1.10782;1.10809;694;0
2024.08.29 19:10;1.10809;1.10845;1.10799;1.10834;532;0
2024.08.29 19:20;1.10833;1.10879;1.10828;1.10877;521;0
2024.08.29 19:30;1.10876;1.10877;1.10828;1.10835;439;1
2024.08.29 19:40;1.10833;1.10846;1.10822;1.10834;475;0
2024.08.29 19:50;1.10834;1.10840;1.10794;1.10816;523;0
2024.08.29 20:00;1.10816;1.10843;1.10806;1.10841;627;1
2024.08.29 20:10;1.10840;1.10843;1.10784;1.10807;511;0
2024.08.29 20:20;1.10808;1.10843;1.10800;1.10827;382;0
2024.08.29 20:30;1.10828;1.10854;1.10824;1.10844;331;0
2024.08.29 20:40;1.10844;1.10844;1.10785;1.10794;373;0
2024.08.29 20:50;1.10794;1.10845;1.10790;1.10837;422;0
2024.08.29 21:00;1.10837;1.10846;1.10801;1.10811;447;1
2024.08.29 21:10;1.10811;1.10816;1.10782;1.10803;414;0
2024.08.29 21:20;1.10804;1.10826;1.10793;1.10806;399;0
2024.08.29 21:30;1.10806;1.10824;1.10774;1.10780;615;2
2024.08.29 21:40;1.10779;1.10785;1.10758;1.10764;581;1
2024.08.29 21:50;1.10764;1.10795;1.10752;1.10791;547;0
2024.08.29 22:00;1.10791;1.10800;1.10754;1.10784;460;0
2024.08.29 22:10;1.10783;1.10806;1.10783;1.10803;395;0
2024.08.29 22:20;1.10803;1.10813;1.10797;1.10803;302;0
2024.08.29 22:30;1.10803;1.10804;1.10781;1.10783;399;0
2024.08.29 22:40;1.10782;1.10784;1.10772;1.10772;284;1
2024.08.29 22:50;1.10771;1.10779;1.10747;1.10757;382;1
2024.08.29 23:00;1.10757;1.10779;1.10753;1.10777;160;0
2024.08.29 23:10;1.10778;1.10779;1.10752;1.10753;121;0
2024.08.29 23:20;1.10751;1.10775;1.10749;1.10766;154;0
2024.08.29 23:30;1.10767;1.10788;1.10762;1.10784;168;0
2024.08.29 23:40;1.10784;1.10792;1.10781;1.10789;142;0
2024.08.29 23:50;1.10789;1.10790;1.10769;1.10772;178;0
2024.08.30 00:00;1.10746;1.10796;1.10746;1.10771;118;4
2024.08.30 00:10;1.10769;1.10773;1.10765;1.10771;37;7
2024.08.30 00:20;1.10770;1.10779;1.10769;1.10777;102;9
2024.08.30 00:30;1.10777;1.10781;1.10775;1.10775;28;11
2024.08.30 00:40;1.10775;1.10776;1.10774;1.10775;11;12
2024.08.30 00:50;1.10775;1.10777;1.10774;1.10776;22;11
2024.08.30 01:00;1.10784;1.10796;1.10777;1.10779;112;0
2024.08.30 01:10;1.10780;1.10788;1.10774;1.10785;84;0
2024.08.30 01:20;1.10786;1.10788;1.10776;1.10780;100;0
2024.08.30 01:30;1.10781;1.10787;1.10776;1.10781;74;0
2024.08.30 01:40;1.10782;1.10789;1.10782;1.10788;53;0
2024.08.30 01:50;1.10789;1.10803;1.10784;1.10801;72;0
2024.08.30 02:00;1.10800;1.10808;1.10791;1.10805;110;0
2024.08.30 02:10;1.10804;1.10831;1.10801;1.10815;118;0
2024.08.30 02:20;1.10815;1.10823;1.10808;1.10809;117;0
2024.08.30 02:30;1.10808;1.10809;1.10790;1.10793;135;0
2024.08.30 02:40;1.10794;1.10800;1.10788;1.10792;117;0
2024.08.30 02:50;1.10791;1.10812;1.10788;1.10800;194;0
2024.08.30 03:00;1.10800;1.10806;1.10788;1.10792;322;0
2024.08.30 03:10;1.10792;1.10812;1.10789;1.10802;235;0
2024.08.30 03:20;1.10801;1.10828;1.10798;1.10814;180;0
2024.08.30 03:30;1.10813;1.10826;1.10808;1.10824;180;0
2024.08.30 03:40;1.10823;1.10827;1.10808;1.10825;182;0
2024.08.30 03:50;1.10824;1.10828;1.10795;1.10806;332;0
2024.08.30 04:00;1.10806;1.10821;1.10795;1.10813;268;0
2024.08.30 04:10;1.10814;1.10814;1.10774;1.10801;264;0
2024.08.30 04:20;1.10802;1.10814;1.10785;1.10789;332;0
2024.08.30 04:30;1.10788;1.10801;1.10761;1.10784;441;0
2024.08.30 04:40;1.10783;1.10803;1.10760;1.10760;375;0
2024.08.30 04:50;1.10759;1.10775;1.10713;1.10713;313;0
2024.08.30 05:00;1.10714;1.10726;1.10697;1.10726;239;0
2024.08.30 05:10;1.10725;1.10734;1.10708;1.10724;216;0
2024.08.30 05:20;1.10723;1.10724;1.10700;1.10708;181;0
2024.08.30 05:30;1.10708;1.10734;1.10703;1.10720;136;0
2024.08.30 05:40;1.10720;1.10721;1.10709;1.10716;120;0
2024.08.30 05:50;1.10718;1.10725;1.10711;1.10719;125;0
2024.08.30 06:00;1.10720;1.10737;1.10711;1.10728;166;0
2024.08.30 06:10;1.10729;1.10734;1.10723;1.10729;132;0
2024.08.30 06:20;1.10728;1.10745;1.10724;1.10741;139;0
2024.08.30 06:30;1.10740;1.10758;1.10740;1.10751;129;0
2024.08.30 06:40;1.10749;1.10749;1.10729;1.10739;84;0
2024.08.30 06:50;1.10739;1.10764;1.10736;1.10737;165;0
2024.08.30 07:00;1.10736;1.10737;1.10718;1.10723;150;0
2024.08.30 07:10;1.10723;1.10746;1.10721;1.10740;104;0
2024.08.30 07:20;1.10741;1.10773;1.10739;1.10766;142;0
2024.08.30 07:30;1.10766;1.10766;1.10742;1.10745;179;0
2024.08.30 07:40;1.10744;1.10748;1.10733;1.10734;119;0
2024.08.30 07:50;1.10734;1.10742;1.10723;1.10740;169;0
2024.08.30 08:00;1.10741;1.10752;1.10734;1.10748;206;0
2024.08.30 08:10;1.10749;1.10771;1.10748;1.10767;192;0
2024.08.30 08:20;1.10769;1.10770;1.10748;1.10751;161;0
2024.08.30 08:30;1.10750;1.10767;1.10750;1.10764;197;0
2024.08.30 08:40;1.10765;1.10778;1.10752;1.10758;128;0
2024.08.30 08:50;1.10760;1.10778;1.10755;1.10770;241;0
2024.08.30 09:00;1.10769;1.10785;1.10764;1.10776;331;0
2024.08.30 09:10;1.10778;1.10788;1.10763;1.10774;298;0
2024.08.30 09:20;1.10772;1.10778;1.10743;1.10771;348;0
2024.08.30 09:30;1.10770;1.10782;1.10764;1.10780;294;0
2024.08.30 09:40;1.10781;1.10853;1.10769;1.10800;520;0
2024.08.30 09:50;1.10800;1.10850;1.10787;1.10850;408;0
2024.08.30 10:00;1.10850;1.10859;1.10774;1.10779;653;0
2024.08.30 10:10;1.10780;1.10819;1.10751;1.10814;630;0
2024.08.30 10:20;1.10814;1.10855;1.10808;1.10854;517;0
2024.08.30 10:30;1.10853;1.10881;1.10837;1.10880;595;0
2024.08.30 10:40;1.10884;1.10890;1.10855;1.10855;557;0
2024.08.30 10:50;1.10855;1.10864;1.10820;1.10841;422;0
2024.08.30 11:00;1.10842;1.10908;1.10820;1.10908;510;0
2024.08.30 11:10;1.10908;1.10909;1.10864;1.10875;523;0
2024.08.30 11:20;1.10874;1.10930;1.10864;1.10929;429;0
2024.08.30 11:30;1.10930;1.10952;1.10911;1.10913;418;0
2024.08.30 11:40;1.10913;1.10916;1.10835;1.10849;520;0
2024.08.30 11:50;1.10849;1.10856;1.10734;1.10748;679;0
2024.08.30 12:00;1.10749;1.10844;1.10748;1.10836;586;0
2024.08.30 12:10;1.10833;1.10851;1.10794;1.10810;539;0
2024.08.30 12:20;1.10812;1.10850;1.10809;1.10820;466;0
2024.08.30 12:30;1.10819;1.10833;1.10798;1.10811;505;0
2024.08.30 12:40;1.10812;1.10854;1.10812;1.10832;356;0
2024.08.30 12:50;1.10831;1.10855;1.10810;1.10827;486;0
2024.08.30 13:00;1.10828;1.10842;1.10822;1.10826;398;0
2024.08.30 13:10;1.10826;1.10827;1.10791;1.10798;386;0
2024.08.30 13:20;1.10798;1.10833;1.10782;1.10829;465;0
2024.08.30 13:30;1.10830;1.10832;1.10745;1.10753;536;0
2024.08.30 13:40;1.10752;1.10803;1.10752;1.10798;487;0
2024.08.30 13:50;1.10799;1.10817;1.10785;1.10792;499;0
2024.08.30 14:00;1.10791;1.10829;1.10783;1.10829;417;0
2024.08.30 14:10;1.10829;1.10839;1.10787;1.10787;373;0
2024.08.30 14:20;1.10787;1.10827;1.10783;1.10826;378;0
2024.08.30 14:30;1.10827;1.10882;1.10817;1.10870;358;0
2024.08.30 14:40;1.10869;1.10878;1.10836;1.10837;484;0
2024.08.30 14:50;1.10836;1.10850;1.10807;1.10814;597;0
2024.08.30 15:00;1.10815;1.10881;1.10815;1.10866;519;0
2024.08.30 15:10;1.10867;1.10875;1.10835;1.10849;550;0
2024.08.30 15:20;1.10854;1.10854;1.10827;1.10827;542;0
2024.08.30 15:30;1.10828;1.10883;1.10711;1.10758;1127;0
2024.08.30 15:40;1.10758;1.10794;1.10623;1.10632;1074;0
2024.08.30 15:50;1.10634;1.10716;1.10577;1.10679;1084;0
2024.08.30 16:00;1.10679;1.10694;1.10543;1.10548;1206;0
2024.08.30 16:10;1.10549;1.10629;1.10537;1.10614;1002;0
2024.08.30 16:20;1.10614;1.10639;1.10578;1.10597;851;0
2024.08.30 16:30;1.10595;1.10675;1.10590;1.10641;888;0
2024.08.30 16:40;1.10641;1.10692;1.10601;1.10670;579;0
2024.08.30 16:50;1.10670;1.10759;1.10641;1.10719;803;0
2024.08.30 17:00;1.10720;1.10792;1.10720;1.10760;983;0
2024.08.30 17:10;1.10758;1.10772;1.10678;1.10692;856;0
2024.08.30 17:20;1.10690;1.10699;1.10617;1.10693;850;0
2024.08.30 17:30;1.10692;1.10770;1.10670;1.10760;852;0
2024.08.30 17:40;1.10761;1.10798;1.10653;1.10712;1210;0
2024.08.30 17:50;1.10719;1.10803;1.10675;1.10688;1565;0
2024.08.30 18:00;1.10686;1.10720;1.10655;1.10671;1077;0
2024.08.30 18:10;1.10671;1.10678;1.10591;1.10606;764;0
2024.08.30 18:20;1.10608;1.10644;1.10599;1.10629;654;0
2024.08.30 18:30;1.10630;1.10641;1.10564;1.10592;687;0
2024.08.30 18:40;1.10593;1.10602;1.10529;1.10547;565;0
2024.08.30 18:50;1.10547;1.10619;1.10546;1.10597;583;0
2024.08.30 19:00;1.10597;1.10597;1.10556;1.10565;593;0
2024.08.30 19:10;1.10565;1.10571;1.10499;1.10500;458;0
2024.08.30 19:20;1.10501;1.10515;1.10455;1.10466;617;0
2024.08.30 19:30;1.10465;1.10486;1.10438;1.10469;597;0
2024.08.30 19:40;1.10469;1.10507;1.10459;1.10477;557;0
2024.08.30 19:50;1.10478;1.10503;1.10446;1.10495;618;0
2024.08.30 20:00;1.10495;1.10552;1.10482;1.10541;494;0
2024.08.30 20:10;1.10540;1.10563;1.10539;1.10553;401;0
2024.08.30 20:20;1.10554;1.10568;1.10482;1.10491;458;0
2024.08.30 20:30;1.10492;1.10522;1.10486;1.10496;484;0
2024.08.30 20:40;1.10497;1.10528;1.10490;1.10525;360;0
2024.08.30 20:50;1.10525;1.10545;1.10488;1.10524;440;0
2024.08.30 21:00;1.10524;1.10533;1.10509;1.10531;380;0
2024.08.30 21:10;1.10530;1.10547;1.10507;1.10545;341;0
2024.08.30 21:20;1.10545;1.10562;1.10517;1.10539;300;0
2024.08.30 21:30;1.10538;1.10551;1.10520;1.10545;247;0
2024.08.30 21:40;1.10545;1.10549;1.10530;1.10540;231;0
2024.08.30 21:50;1.10540;1.10543;1.10494;1.10520;397;0
2024.08.30 22:00;1.10518;1.10520;1.10494;1.10502;374;0
2024.08.30 22:10;1.10503;1.10511;1.10495;1.10497;304;0
2024.08.30 22:20;1.10497;1.10531;1.10497;1.10527;255;0
2024.08.30 22:30;1.10528;1.10528;1.10498;1.10519;326;0
2024.08.30 22:40;1.10519;1.10519;1.10473;1.10479;334;0
2024.08.30 22:50;1.10480;1.10548;1.10480;1.10526;677;1
2024.08.30 23:00;1.10525;1.10552;1.10517;1.10538;457;0
2024.08.30 23:10;1.10539;1.10539;1.10518;1.10522;228;0
2024.08.30 23:20;1.10523;1.10527;1.10498;1.10499;144;0
2024.08.30 23:30;1.10500;1.10506;1.10488;1.10504;90;0
2024.08.30 23:40;1.10505;1.10512;1.10490;1.10491;111;0
2024.08.30 23:50;1.10491;1.10499;1.10478;1.10482;74;0
2024.09.02 00:00;1.10461;1.10474;1.10430;1.10456;63;32
2024.09.02 00:10;1.10457;1.10465;1.10457;1.10464;17;25
2024.09.02 00:20;1.10464;1.10486;1.10463;1.10468;28;25
2024.09.02 00:30;1.10469;1.10475;1.10468;1.10472;26;25
2024.09.02 00:40;1.10472;1.10476;1.10472;1.10475;12;28
2024.09.02 00:50;1.10476;1.10480;1.10476;1.10477;16;25
2024.09.02 01:00;1.10476;1.10476;1.10443;1.10461;166;1
2024.09.02 01:10;1.10462;1.10480;1.10461;1.10477;65;1
2024.09.02 01:20;1.10478;1.10487;1.10473;1.10473;89;1
2024.09.02 01:30;1.10475;1.10485;1.10474;1.10482;108;1
2024.09.02 01:40;1.10483;1.10496;1.10481;1.10492;66;0
2024.09.02 01:50;1.10492;1.10493;1.10455;1.10457;111;1
2024.09.02 02:00;1.10458;1.10469;1.10453;1.10456;224;1
2024.09.02 02:10;1.10455;1.10472;1.10455;1.10456;179;0
2024.09.02 02:20;1.10457;1.10471;1.10447;1.10458;196;0
2024.09.02 02:30;1.10458;1.10472;1.10455;1.10470;139;0
2024.09.02 02:40;1.10469;1.10471;1.10442;1.10442;169;0
2024.09.02 02:50;1.10442;1.10458;1.10441;1.10447;131;0
2024.09.02 03:00;1.10445;1.10452;1.10418;1.10429;291;0
2024.09.02 03:10;1.10428;1.10478;1.10428;1.10474;285;0
2024.09.02 03:20;1.10474;1.10513;1.10472;1.10511;274;0
2024.09.02 03:30;1.10512;1.10536;1.10509;1.10530;243;0
2024.09.02 03:40;1.10529;1.10541;1.10527;1.10532;169;0
2024.09.02 03:50;1.10532;1.10558;1.10525;1.10534;336;1
2024.09.02 04:00;1.10535;1.10557;1.10529;1.10554;314;0
2024.09.02 04:10;1.10553;1.10553;1.10508;1.10536;270;0
2024.09.02 04:20;1.10535;1.10548;1.10532;1.10537;254;0
2024.09.02 04:30;1.10536;1.10549;1.10529;1.10534;311;1
2024.09.02 04:40;1.10535;1.10545;1.10527;1.10536;279;0
2024.09.02 04:50;1.10535;1.10536;1.10501;1.10513;239;0
2024.09.02 05:00;1.10513;1.10513;1.10473;1.10485;348;0
2024.09.02 05:10;1.10484;1.10487;1.10466;1.10479;312;0
2024.09.02 05:20;1.10479;1.10482;1.10459;1.10464;229;0
2024.09.02 05:30;1.10464;1.10502;1.10457;1.10501;260;1
2024.09.02 05:40;1.10500;1.10528;1.10500;1.10522;170;0
2024.09.02 05:50;1.10523;1.10536;1.10513;1.10515;244;0
2024.09.02 06:00;1.10514;1.10519;1.10503;1.10509;221;0
2024.09.02 06:10;1.10508;1.10535;1.10506;1.10530;181;0
2024.09.02 06:20;1.10531;1.10545;1.10531;1.10545;206;0
2024.09.02 06:30;1.10545;1.10555;1.10543;1.10548;134;0
2024.09.02 06:40;1.10548;1.10550;1.10508;1.10510;182;0
2024.09.02 06:50;1.10511;1.10511;1.10484;1.10484;195;0
2024.09.02 07:00;1.10485;1.10485;1.10443;1.10443;155;0
2024.09.02 07:10;1.10442;1.10464;1.10437;1.10456;160;0
2024.09.02 07:20;1.10457;1.10481;1.10453;1.10478;158;0
2024.09.02 07:30;1.10480;1.10482;1.10462;1.10471;134;0
2024.09.02 07:40;1.10470;1.10472;1.10459;1.10466;100;0
2024.09.02 07:50;1.10465;1.10485;1.10461;1.10484;98;0
2024.09.02 08:00;1.10484;1.10484;1.10452;1.10462;146;0
2024.09.02 08:10;1.10462;1.10474;1.10461;1.10469;185;0
2024.09.02 08:20;1.10468;1.10518;1.10467;1.10517;206;0
2024.09.02 08:30;1.10517;1.10535;1.10513;1.10532;168;0
2024.09.02 08:40;1.10532;1.10548;1.10526;1.10547;211;0
2024.09.02 08:50;1.10547;1.10563;1.10539;1.10552;230;1
2024.09.02 09:00;1.10552;1.10582;1.10547;1.10569;396;0
2024.09.02 09:10;1.10568;1.10578;1.10550;1.10560;304;0
2024.09.02 09:20;1.10561;1.10596;1.10550;1.10587;210;0
2024.09.02 09:30;1.10587;1.10642;1.10576;1.10639;346;0
2024.09.02 09:40;1.10640;1.10691;1.10630;1.10687;353;0
2024.09.02 09:50;1.10686;1.10699;1.10649;1.10658;450;0
2024.09.02 10:00;1.10657;1.10657;1.10626;1.10646;657;0
2024.09.02 10:10;1.10645;1.10647;1.10600;1.10628;453;0
2024.09.02 10:20;1.10629;1.10632;1.10559;1.10564;468;0
2024.09.02 10:30;1.10565;1.10595;1.10560;1.10586;462;0
2024.09.02 10:40;1.10586;1.10639;1.10574;1.10638;516;0
2024.09.02 10:50;1.10639;1.10687;1.10620;1.10667;605;0
2024.09.02 11:00;1.10666;1.10739;1.10662;1.10727;627;0
2024.09.02 11:10;1.10726;1.10773;1.10721;1.10771;613;0
2024.09.02 11:20;1.10771;1.10775;1.10710;1.10722;443;0
2024.09.02 11:30;1.10723;1.10749;1.10705;1.10725;465;0
2024.09.02 11:40;1.10725;1.10746;1.10669;1.10675;466;0
2024.09.02 11:50;1.10675;1.10681;1.10640;1.10675;448;0
2024.09.02 12:00;1.10675;1.10677;1.10635;1.10668;413;0
2024.09.02 12:10;1.10668;1.10668;1.10640;1.10659;359;0
2024.09.02 12:20;1.10659;1.10702;1.10657;1.10696;453;0
2024.09.02 12:30;1.10696;1.10729;1.10659;1.10713;457;0
2024.09.02 12:40;1.10712;1.10719;1.10681;1.10681;336;0
2024.09.02 12:50;1.10680;1.10703;1.10670;1.10690;436;0
2024.09.02 13:00;1.10691;1.10704;1.10673;1.10698;427;0
2024.09.02 13:10;1.10698;1.10705;1.10681;1.10686;280;0
2024.09.02 13:20;1.10686;1.10687;1.10626;1.10630;308;0
2024.09.02 13:30;1.10630;1.10686;1.10623;1.10674;314;0
2024.09.02 13:40;1.10674;1.10674;1.10613;1.10625;313;0
2024.09.02 13:50;1.10625;1.10669;1.10625;1.10664;295;0
2024.09.02 14:00;1.10665;1.10689;1.10657;1.10661;372;0
2024.09.02 14:10;1.10662;1.10673;1.10636;1.10673;313;0
2024.09.02 14:20;1.10672;1.10684;1.10648;1.10652;358;0
2024.09.02 14:30;1.10653;1.10654;1.10610;1.10627;437;0
2024.09.02 14:40;1.10627;1.10649;1.10614;1.10636;319;0
2024.09.02 14:50;1.10636;1.10639;1.10596;1.10596;402;0
2024.09.02 15:00;1.10597;1.10644;1.10593;1.10611;453;0
2024.09.02 15:10;1.10612;1.10618;1.10583;1.10604;356;0
2024.09.02 15:20;1.10604;1.10624;1.10599;1.10621;336;0
2024.09.02 15:30;1.10620;1.10649;1.10610;1.10648;398;0
2024.09.02 15:40;1.10647;1.10704;1.10646;1.10704;350;0
2024.09.02 15:50;1.10705;1.10713;1.10663;1.10679;414;0
2024.09.02 16:00;1.10680;1.10719;1.10680;1.10684;465;0
2024.09.02 16:10;1.10683;1.10698;1.10663;1.10694;364;0
2024.09.02 16:20;1.10695;1.10711;1.10662;1.10690;353;0
2024.09.02 16:30;1.10690;1.10700;1.10670;1.10699;380;0
2024.09.02 16:40;1.10699;1.10705;1.10677;1.10679;230;0
2024.09.02 16:50;1.10679;1.10716;1.10669;1.10680;408;0
2024.09.02 17:00;1.10678;1.10701;1.10672;1.10698;335;0
2024.09.02 17:10;1.10698;1.10701;1.10643;1.10657;316;0
2024.09.02 17:20;1.10656;1.10660;1.10630;1.10633;268;0
2024.09.02 17:30;1.10633;1.10643;1.10600;1.10643;275;0
2024.09.02 17:40;1.10643;1.10700;1.10640;1.10660;440;0
2024.09.02 17:50;1.10660;1.10715;1.10658;1.10691;712;0
2024.09.02 18:00;1.10690;1.10707;1.10681;1.10703;467;0
2024.09.02 18:10;1.10703;1.10708;1.10646;1.10647;274;0
2024.09.02 18:20;1.10646;1.10677;1.10637;1.10666;189;0
2024.09.02 18:30;1.10667;1.10687;1.10666;1.10686;145;0
2024.09.02 18:40;1.10686;1.10688;1.10674;1.10685;122;0
2024.09.02 18:50;1.10684;1.10691;1.10676;1.10677;131;0
2024.09.02 19:00;1.10678;1.10682;1.10659;1.10660;108;0
2024.09.02 19:10;1.10659;1.10666;1.10640;1.10642;130;2
2024.09.02 19:20;1.10641;1.10651;1.10635;1.10639;120;2
2024.09.02 19:30;1.10639;1.10648;1.10622;1.10646;188;2
2024.09.02 19:40;1.10645;1.10652;1.10640;1.10645;104;2
2024.09.02 19:50;1.10645;1.10660;1.10637;1.10657;139;2
2024.09.02 20:00;1.10658;1.10678;1.10657;1.10678;55;2
2024.09.02 20:10;1.10679;1.10682;1.10677;1.10681;53;2
2024.09.02 20:20;1.10680;1.10682;1.10677;1.10681;34;2
2024.09.02 20:30;1.10680;1.10685;1.10680;1.10684;31;2
2024.09.02 20:40;1.10684;1.10685;1.10682;1.10684;27;2
2024.09.02 20:50;1.10684;1.10686;1.10677;1.10686;60;2
2024.09.02 21:00;1.10686;1.10697;1.10683;1.10696;72;2
2024.09.02 21:10;1.10694;1.10699;1.10694;1.10695;62;2
2024.09.02 21:20;1.10695;1.10702;1.10695;1.10700;91;2
2024.09.02 21:30;1.10701;1.10706;1.10701;1.10705;20;2
2024.09.02 21:40;1.10706;1.10710;1.10705;1.10709;50;2
2024.09.02 21:50;1.10711;1.10715;1.10705;1.10707;65;2
2024.09.02 22:00;1.10708;1.10719;1.10707;1.10718;64;2
2024.09.02 22:10;1.10717;1.10720;1.10715;1.10717;37;2
2024.09.02 22:20;1.10716;1.10718;1.10715;1.10715;31;2
2024.09.02 22:30;1.10715;1.10723;1.10715;1.10723;42;2
2024.09.02 22:40;1.10724;1.10726;1.10719;1.10726;44;2
2024.09.02 22:50;1.10725;1.10726;1.10719;1.10721;41;2
2024.09.02 23:00;1.10721;1.10721;1.10707;1.10717;54;2
2024.09.02 23:10;1.10717;1.10724;1.10717;1.10720;23;2
2024.09.02 23:20;1.10719;1.10719;1.10706;1.10706;39;2
2024.09.02 23:30;1.10706;1.10722;1.10705;1.10721;54;2
2024.09.02 23:40;1.10722;1.10722;1.10715;1.10715;25;2
2024.09.02 23:50;1.10715;1.10725;1.10711;1.10711;71;2
2024.09.03 00:00;1.10616;1.10706;1.10616;1.10702;39;19
2024.09.03 00:10;1.10700;1.10722;1.10690;1.10721;65;11
2024.09.03 00:20;1.10720;1.10722;1.10682;1.10693;146;10
2024.09.03 00:30;1.10693;1.10712;1.10689;1.10710;144;8
2024.09.03 00:40;1.10710;1.10711;1.10704;1.10709;44;9
2024.09.03 00:50;1.10708;1.10711;1.10701;1.10707;67;10
2024.09.03 01:00;1.10707;1.10728;1.10705;1.10727;50;1
2024.09.03 01:10;1.10726;1.10727;1.10705;1.10707;69;1
2024.09.03 01:20;1.10707;1.10713;1.10701;1.10706;61;1
2024.09.03 01:30;1.10706;1.10711;1.10691;1.10692;68;0
2024.09.03 01:40;1.10692;1.10693;1.10675;1.10677;58;0
2024.09.03 01:50;1.10677;1.10678;1.10665;1.10667;46;0
2024.09.03 02:00;1.10666;1.10673;1.10653;1.10656;78;0
2024.09.03 02:10;1.10655;1.10661;1.10650;1.10651;56;0
2024.09.03 02:20;1.10650;1.10657;1.10650;1.10651;58;0
2024.09.03 02:30;1.10651;1.10672;1.10645;1.10672;71;0
2024.09.03 02:40;1.10672;1.10682;1.10665;1.10668;144;0
2024.09.03 02:50;1.10667;1.10675;1.10653;1.10673;186;1
2024.09.03 03:00;1.10673;1.10675;1.10646;1.10661;301;1
2024.09.03 03:10;1.10661;1.10684;1.10660;1.10673;318;1
2024.09.03 03:20;1.10672;1.10688;1.10660;1.10676;253;0
2024.09.03 03:30;1.10676;1.10680;1.10625;1.10630;357;0
2024.09.03 03:40;1.10629;1.10635;1.10617;1.10628;333;0
2024.09.03 03:50;1.10628;1.10630;1.10589;1.10605;373;0
2024.09.03 04:00;1.10606;1.10632;1.10600;1.10632;258;0
2024.09.03 04:10;1.10633;1.10652;1.10629;1.10642;252;0
2024.09.03 04:20;1.10643;1.10653;1.10610;1.10618;296;0
2024.09.03 04:30;1.10619;1.10641;1.10611;1.10636;395;0
2024.09.03 04:40;1.10636;1.10649;1.10619;1.10643;367;0
2024.09.03 04:50;1.10643;1.10683;1.10643;1.10669;395;0
2024.09.03 05:00;1.10669;1.10685;1.10660;1.10680;289;0
2024.09.03 05:10;1.10681;1.10702;1.10677;1.10696;236;0
2024.09.03 05:20;1.10697;1.10697;1.10665;1.10670;222;0
2024.09.03 05:30;1.10670;1.10673;1.10658;1.10661;181;0
2024.09.03 05:40;1.10661;1.10678;1.10649;1.10651;186;0
2024.09.03 05:50;1.10651;1.10656;1.10629;1.10637;223;0
2024.09.03 06:00;1.10636;1.10636;1.10593;1.10596;313;0
2024.09.03 06:10;1.10597;1.10608;1.10584;1.10596;277;0
2024.09.03 06:20;1.10595;1.10597;1.10584;1.10586;187;0
2024.09.03 06:30;1.10587;1.10596;1.10574;1.10580;214;0
2024.09.03 06:40;1.10581;1.10601;1.10580;1.10596;212;0
2024.09.03 06:50;1.10596;1.10596;1.10580;1.10580;233;0
2024.09.03 07:00;1.10580;1.10587;1.10551;1.10551;282;0
2024.09.03 07:10;1.10552;1.10577;1.10542;1.10570;312;0
2024.09.03 07:20;1.10570;1.10573;1.10544;1.10546;301;0
2024.09.03 07:30;1.10546;1.10557;1.10539;1.10552;225;0
2024.09.03 07:40;1.10553;1.10558;1.10542;1.10557;182;0
2024.09.03 07:50;1.10558;1.10562;1.10540;1.10543;178;0
2024.09.03 08:00;1.10542;1.10555;1.10540;1.10552;227;0
2024.09.03 08:10;1.10551;1.10571;1.10546;1.10562;252;0
2024.09.03 08:20;1.10563;1.10568;1.10543;1.10550;245;0
2024.09.03 08:30;1.10550;1.10577;1.10539;1.10576;263;0
2024.09.03 08:40;1.10577;1.10578;1.10543;1.10549;228;0
2024.09.03 08:50;1.10550;1.10598;1.10550;1.10595;301;0
2024.09.03 09:00;1.10595;1.10595;1.10543;1.10565;436;0
2024.09.03 09:10;1.10564;1.10568;1.10539;1.10551;338;0
2024.09.03 09:20;1.10552;1.10572;1.10536;1.10556;383;0
2024.09.03 09:30;1.10560;1.10572;1.10510;1.10545;468;0
2024.09.03 09:40;1.10545;1.10593;1.10544;1.10574;531;0
2024.09.03 09:50;1.10575;1.10616;1.10565;1.10616;352;0
2024.09.03 10:00;1.10616;1.10627;1.10571;1.10599;567;0
2024.09.03 10:10;1.10600;1.10659;1.10600;1.10650;652;0
2024.09.03 10:20;1.10649;1.10677;1.10631;1.10645;504;0
2024.09.03 10:30;1.10644;1.10647;1.10600;1.10632;467;0
2024.09.03 10:40;1.10631;1.10640;1.10584;1.10592;490;0
2024.09.03 10:50;1.10592;1.10642;1.10556;1.10560;621;0
2024.09.03 11:00;1.10560;1.10597;1.10541;1.10567;707;0
2024.09.03 11:10;1.10566;1.10594;1.10545;1.10579;616;0
2024.09.03 11:20;1.10580;1.10584;1.10501;1.10511;590;0
2024.09.03 11:30;1.10511;1.10539;1.10508;1.10516;571;0
2024.09.03 11:40;1.10516;1.10533;1.10499;1.10517;477;0
2024.09.03 11:50;1.10516;1.10530;1.10480;1.10484;621;0
2024.09.03 12:00;1.10485;1.10506;1.10361;1.10385;738;0
2024.09.03 12:10;1.10385;1.10389;1.10341;1.10371;713;0
2024.09.03 12:20;1.10371;1.10388;1.10348;1.10387;647;0
2024.09.03 12:30;1.10387;1.10419;1.10373;1.10413;561;0
2024.09.03 12:40;1.10415;1.10420;1.10392;1.10410;380;0
2024.09.03 12:50;1.10410;1.10418;1.10391;1.10400;448;0
2024.09.03 13:00;1.10400;1.10409;1.10359;1.10408;522;0
2024.09.03 13:10;1.10407;1.10418;1.10378;1.10391;422;0
2024.09.03 13:20;1.10392;1.10416;1.10375;1.10397;416;0
2024.09.03 13:30;1.10397;1.10397;1.10331;1.10343;460;0
2024.09.03 13:40;1.10343;1.10388;1.10339;1.10373;448;0
2024.09.03 13:50;1.10372;1.10397;1.10352;1.10357;541;0
2024.09.03 14:00;1.10356;1.10387;1.10338;1.10386;616;0
2024.09.03 14:10;1.10386;1.10394;1.10360;1.10378;445;0
2024.09.03 14:20;1.10377;1.10403;1.10373;1.10381;374;0
2024.09.03 14:30;1.10380;1.10428;1.10377;1.10415;377;0
2024.09.03 14:40;1.10415;1.10419;1.10383;1.10385;484;0
2024.09.03 14:50;1.10384;1.10395;1.10359;1.10362;569;0
2024.09.03 15:00;1.10361;1.10377;1.10334;1.10350;610;0
2024.09.03 15:10;1.10351;1.10395;1.10344;1.10353;570;0
2024.09.03 15:20;1.10352;1.10396;1.10352;1.10388;479;0
2024.09.03 15:30;1.10388;1.10484;1.10388;1.10468;560;0
2024.09.03 15:40;1.10469;1.10525;1.10469;1.10511;674;0
2024.09.03 15:50;1.10511;1.10513;1.10456;1.10479;590;0
2024.09.03 16:00;1.10482;1.10556;1.10481;1.10527;759;0
2024.09.03 16:10;1.10528;1.10601;1.10523;1.10577;755;0
2024.09.03 16:20;1.10578;1.10625;1.10571;1.10620;812;0
2024.09.03 16:30;1.10622;1.10634;1.10568;1.10595;818;0
2024.09.03 16:40;1.10596;1.10612;1.10534;1.10544;809;0
2024.09.03 16:50;1.10543;1.10625;1.10509;1.10610;963;0
2024.09.03 17:00;1.10663;1.10693;1.10517;1.10583;1564;0
2024.09.03 17:10;1.10583;1.10611;1.10402;1.10413;1284;0
2024.09.03 17:20;1.10414;1.10445;1.10371;1.10390;1026;0
2024.09.03 17:30;1.10390;1.10493;1.10380;1.10471;1083;0
2024.09.03 17:40;1.10471;1.10549;1.10461;1.10493;996;0
2024.09.03 17:50;1.10492;1.10508;1.10390;1.10421;941;0
2024.09.03 18:00;1.10422;1.10444;1.10367;1.10373;838;0
2024.09.03 18:10;1.10372;1.10394;1.10365;1.10378;690;0
2024.09.03 18:20;1.10378;1.10409;1.10370;1.10401;598;0
2024.09.03 18:30;1.10401;1.10417;1.10371;1.10371;504;0
2024.09.03 18:40;1.10373;1.10388;1.10363;1.10370;427;0
2024.09.03 18:50;1.10370;1.10433;1.10359;1.10423;491;0
2024.09.03 19:00;1.10422;1.10442;1.10393;1.10411;513;0
2024.09.03 19:10;1.10412;1.10473;1.10412;1.10454;451;0
2024.09.03 19:20;1.10455;1.10467;1.10431;1.10444;423;0
2024.09.03 19:30;1.10445;1.10452;1.10411;1.10418;292;0
2024.09.03 19:40;1.10418;1.10424;1.10383;1.10387;314;0
2024.09.03 19:50;1.10388;1.10402;1.10380;1.10394;342;0
2024.09.03 20:00;1.10392;1.10401;1.10354;1.10354;372;0
2024.09.03 20:10;1.10355;1.10362;1.10330;1.10358;313;0
2024.09.03 20:20;1.10360;1.10381;1.10345;1.10361;318;0
2024.09.03 20:30;1.10360;1.10360;1.10331;1.10350;369;0
2024.09.03 20:40;1.10349;1.10354;1.10340;1.10342;242;0
2024.09.03 20:50;1.10342;1.10343;1.10263;1.10279;317;0
2024.09.03 21:00;1.10280;1.10295;1.10264;1.10280;315;0
2024.09.03 21:10;1.10280;1.10290;1.10271;1.10290;223;0
2024.09.03 21:20;1.10289;1.10327;1.10289;1.10317;274;0
2024.09.03 21:30;1.10317;1.10359;1.10310;1.10356;299;0
2024.09.03 21:40;1.10357;1.10368;1.10339;1.10354;319;0
2024.09.03 21:50;1.10354;1.10392;1.10343;1.10379;336;0
2024.09.03 22:00;1.10380;1.10400;1.10372;1.10385;302;0
2024.09.03 22:10;1.10384;1.10420;1.10384;1.10406;309;0
2024.09.03 22:20;1.10407;1.10422;1.10399;1.10401;305;0
2024.09.03 22:30;1.10400;1.10413;1.10390;1.10400;350;0
2024.09.03 22:40;1.10401;1.10421;1.10390;1.10416;353;0
2024.09.03 22:50;1.10416;1.10418;1.10404;1.10417;398;0
2024.09.03 23:00;1.10417;1.10427;1.10404;1.10408;215;0
2024.09.03 23:10;1.10407;1.10411;1.10397;1.10402;176;0
2024.09.03 23:20;1.10403;1.10415;1.10397;1.10415;171;0
2024.09.03 23:30;1.10415;1.10437;1.10414;1.10435;122;0
2024.09.03 23:40;1.10435;1.10437;1.10421;1.10422;131;0
2024.09.03 23:50;1.10421;1.10444;1.10421;1.10431;190;0
2024.09.04 00:00;1.10380;1.10436;1.10356;1.10429;417;7
2024.09.04 00:10;1.10430;1.10435;1.10398;1.10429;268;13
2024.09.04 00:20;1.10429;1.10437;1.10429;1.10434;43;9
2024.09.04 00:30;1.10434;1.10448;1.10434;1.10441;112;8
2024.09.04 00:40;1.10441;1.10446;1.10441;1.10445;31;8
2024.09.04 00:50;1.10445;1.10452;1.10439;1.10450;79;11
2024.09.04 01:00;1.10453;1.10453;1.10397;1.10427;251;1
2024.09.04 01:10;1.10427;1.10434;1.10418;1.10434;175;1
2024.09.04 01:20;1.10435;1.10451;1.10433;1.10448;127;1
2024.09.04 01:30;1.10447;1.10466;1.10446;1.10464;182;1
2024.09.04 01:40;1.10463;1.10468;1.10462;1.10466;116;1
2024.09.04 01:50;1.10466;1.10469;1.10455;1.10456;108;0
2024.09.04 02:00;1.10457;1.10472;1.10450;1.10461;137;0
2024.09.04 02:10;1.10460;1.10488;1.10450;1.10486;166;0
2024.09.04 02:20;1.10487;1.10500;1.10486;1.10493;176;0
2024.09.04 02:30;1.10494;1.10497;1.10481;1.10484;195;0
2024.09.04 02:40;1.10484;1.10487;1.10472;1.10480;201;0
2024.09.04 02:50;1.10480;1.10504;1.10477;1.10484;324;0
2024.09.04 03:00;1.10483;1.10506;1.10465;1.10488;468;1
2024.09.04 03:10;1.10487;1.10490;1.10464;1.10481;370;0
2024.09.04 03:20;1.10480;1.10493;1.10464;1.10474;328;0
2024.09.04 03:30;1.10473;1.10509;1.10468;1.10503;462;0
2024.09.04 03:40;1.10504;1.10513;1.10471;1.10486;448;0
2024.09.04 03:50;1.10485;1.10501;1.10468;1.10482;591;0
2024.09.04 04:00;1.10482;1.10498;1.10477;1.10489;395;0
2024.09.04 04:10;1.10487;1.10500;1.10475;1.10491;299;0
2024.09.04 04:20;1.10491;1.10517;1.10490;1.10506;235;0
2024.09.04 04:30;1.10506;1.10520;1.10491;1.10497;462;0
2024.09.04 04:40;1.10498;1.10559;1.10495;1.10548;415;0
2024.09.04 04:50;1.10547;1.10563;1.10509;1.10530;375;0
2024.09.04 05:00;1.10531;1.10533;1.10494;1.10523;338;0
2024.09.04 05:10;1.10524;1.10543;1.10522;1.10541;275;0
2024.09.04 05:20;1.10541;1.10560;1.10538;1.10540;205;0
2024.09.04 05:30;1.10541;1.10563;1.10541;1.10550;237;0
2024.09.04 05:40;1.10551;1.10558;1.10541;1.10543;264;0
2024.09.04 05:50;1.10542;1.10543;1.10518;1.10525;184;0
2024.09.04 06:00;1.10524;1.10552;1.10524;1.10546;246;0
2024.09.04 06:10;1.10545;1.10548;1.10536;1.10540;225;0
2024.09.04 06:20;1.10540;1.10546;1.10522;1.10522;200;0
2024.09.04 06:30;1.10522;1.10522;1.10502;1.10505;156;0
2024.09.04 06:40;1.10506;1.10536;1.10505;1.10521;159;0
2024.09.04 06:50;1.10522;1.10547;1.10520;1.10540;190;0
2024.09.04 07:00;1.10539;1.10553;1.10536;1.10547;208;0
2024.09.04 07:10;1.10548;1.10552;1.10541;1.10545;119;0
2024.09.04 07:20;1.10545;1.10557;1.10541;1.10545;139;0
2024.09.04 07:30;1.10545;1.10557;1.10534;1.10555;131;0
2024.09.04 07:40;1.10555;1.10563;1.10554;1.10555;139;0
2024.09.04 07:50;1.10554;1.10571;1.10548;1.10563;167;0
2024.09.04 08:00;1.10562;1.10582;1.10561;1.10579;268;0
2024.09.04 08:10;1.10578;1.10580;1.10561;1.10568;204;0
2024.09.04 08:20;1.10569;1.10587;1.10561;1.10584;179;0
2024.09.04 08:30;1.10585;1.10599;1.10570;1.10573;171;0
2024.09.04 08:40;1.10573;1.10585;1.10556;1.10557;169;0
2024.09.04 08:50;1.10558;1.10579;1.10545;1.10578;245;0
2024.09.04 09:00;1.10579;1.10579;1.10526;1.10543;462;0
2024.09.04 09:10;1.10543;1.10549;1.10524;1.10526;419;0
2024.09.04 09:20;1.10526;1.10526;1.10473;1.10485;467;0
2024.09.04 09:30;1.10485;1.10533;1.10476;1.10528;434;0
2024.09.04 09:40;1.10529;1.10565;1.10528;1.10547;393;0
2024.09.04 09:50;1.10547;1.10553;1.10522;1.10533;501;0
2024.09.04 10:00;1.10535;1.10536;1.10468;1.10518;931;0
2024.09.04 10:10;1.10518;1.10591;1.10518;1.10585;633;0
2024.09.04 10:20;1.10586;1.10609;1.10561;1.10605;658;0
2024.09.04 10:30;1.10605;1.10623;1.10579;1.10593;660;0
2024.09.04 10:40;1.10592;1.10629;1.10573;1.10595;557;0
2024.09.04 10:50;1.10595;1.10611;1.10549;1.10559;533;0
2024.09.04 11:00;1.10558;1.10566;1.10508;1.10520;532;0
2024.09.04 11:10;1.10518;1.10525;1.10496;1.10515;411;0
2024.09.04 11:20;1.10515;1.10548;1.10511;1.10544;412;0
2024.09.04 11:30;1.10545;1.10589;1.10539;1.10577;616;0
2024.09.04 11:40;1.10577;1.10582;1.10550;1.10558;484;0
2024.09.04 11:50;1.10557;1.10558;1.10509;1.10517;491;0
2024.09.04 12:00;1.10518;1.10538;1.10502;1.10526;465;0
2024.09.04 12:10;1.10526;1.10539;1.10508;1.10531;374;0
2024.09.04 12:20;1.10531;1.10557;1.10524;1.10538;431;0
2024.09.04 12:30;1.10537;1.10582;1.10528;1.10564;346;0
2024.09.04 12:40;1.10564;1.10586;1.10554;1.10559;350;0
2024.09.04 12:50;1.10558;1.10563;1.10530;1.10532;380;0
2024.09.04 13:00;1.10532;1.10533;1.10510;1.10519;328;0
2024.09.04 13:10;1.10519;1.10535;1.10508;1.10534;295;0
2024.09.04 13:20;1.10534;1.10540;1.10514;1.10529;324;0
2024.09.04 13:30;1.10529;1.10553;1.10523;1.10551;343;0
2024.09.04 13:40;1.10551;1.10557;1.10509;1.10523;329;0
2024.09.04 13:50;1.10524;1.10534;1.10500;1.10529;334;0
2024.09.04 14:00;1.10530;1.10538;1.10490;1.10510;351;0
2024.09.04 14:10;1.10510;1.10515;1.10460;1.10467;336;0
2024.09.04 14:20;1.10466;1.10524;1.10461;1.10522;413;0
2024.09.04 14:30;1.10521;1.10526;1.10456;1.10476;363;0
2024.09.04 14:40;1.10475;1.10484;1.10459;1.10462;349;0
2024.09.04 14:50;1.10462;1.10505;1.10426;1.10503;479;0
2024.09.04 15:00;1.10504;1.10508;1.10471;1.10499;515;0
2024.09.04 15:10;1.10498;1.10502;1.10458;1.10459;482;0
2024.09.04 15:20;1.10460;1.10468;1.10399;1.10439;547;0
2024.09.04 15:30;1.10440;1.10448;1.10406;1.10438;498;0
2024.09.04 15:40;1.10438;1.10497;1.10436;1.10468;536;0
2024.09.04 15:50;1.10469;1.10525;1.10456;1.10525;583;0
2024.09.04 16:00;1.10524;1.10560;1.10499;1.10556;548;0
2024.09.04 16:10;1.10556;1.10571;1.10508;1.10557;556;0
2024.09.04 16:20;1.10557;1.10563;1.10525;1.10557;514;0
2024.09.04 16:30;1.10558;1.10583;1.10540;1.10551;657;0
2024.09.04 16:40;1.10552;1.10577;1.10515;1.10547;582;0
2024.09.04 16:50;1.10548;1.10591;1.10513;1.10573;716;0
2024.09.04 17:00;1.10572;1.10862;1.10572;1.10696;1573;0
2024.09.04 17:10;1.10696;1.10780;1.10664;1.10752;1168;0
2024.09.04 17:20;1.10751;1.10846;1.10743;1.10784;974;0
2024.09.04 17:30;1.10785;1.10878;1.10781;1.10862;934;0
2024.09.04 17:40;1.10863;1.10922;1.10834;1.10878;979;0
2024.09.04 17:50;1.10879;1.10951;1.10840;1.10897;863;0
2024.09.04 18:00;1.10896;1.10917;1.10804;1.10806;758;0
2024.09.04 18:10;1.10805;1.10813;1.10767;1.10812;692;0
2024.09.04 18:20;1.10813;1.10833;1.10784;1.10801;613;0
2024.09.04 18:30;1.10801;1.10832;1.10766;1.10785;541;0
2024.09.04 18:40;1.10785;1.10808;1.10767;1.10767;483;0
2024.09.04 18:50;1.10770;1.10810;1.10763;1.10809;441;0
2024.09.04 19:00;1.10808;1.10809;1.10780;1.10800;390;0
2024.09.04 19:10;1.10800;1.10829;1.10779;1.10812;360;0
2024.09.04 19:20;1.10812;1.10860;1.10806;1.10851;385;0
2024.09.04 19:30;1.10852;1.10867;1.10823;1.10823;356;0
2024.09.04 19:40;1.10823;1.10823;1.10759;1.10774;501;0
2024.09.04 19:50;1.10773;1.10853;1.10771;1.10844;471;0
2024.09.04 20:00;1.10842;1.10861;1.10793;1.10793;356;0
2024.09.04 20:10;1.10794;1.10798;1.10749;1.10776;262;0
2024.09.04 20:20;1.10775;1.10776;1.10713;1.10713;257;0
2024.09.04 20:30;1.10711;1.10734;1.10701;1.10726;377;0
2024.09.04 20:40;1.10726;1.10762;1.10726;1.10730;405;0
2024.09.04 20:50;1.10729;1.10729;1.10658;1.10662;300;0
2024.09.04 21:00;1.10661;1.10701;1.10652;1.10697;487;0
2024.09.04 21:10;1.10697;1.10742;1.10697;1.10737;457;0
2024.09.04 21:20;1.10738;1.10743;1.10709;1.10712;289;0
2024.09.04 21:30;1.10714;1.10728;1.10700;1.10726;415;0
2024.09.04 21:40;1.10725;1.10749;1.10717;1.10726;295;0
2024.09.04 21:50;1.10727;1.10768;1.10724;1.10761;316;0
2024.09.04 22:00;1.10761;1.10788;1.10750;1.10786;328;0
2024.09.04 22:10;1.10785;1.10808;1.10776;1.10804;291;0
2024.09.04 22:20;1.10804;1.10825;1.10799;1.10812;350;0
2024.09.04 22:30;1.10812;1.10812;1.10779;1.10786;258;0
2024.09.04 22:40;1.10784;1.10821;1.10780;1.10811;301;0
2024.09.04 22:50;1.10811;1.10826;1.10776;1.10781;441;0
2024.09.04 23:00;1.10783;1.10795;1.10756;1.10794;238;0
2024.09.04 23:10;1.10794;1.10814;1.10792;1.10795;208;0
2024.09.04 23:20;1.10796;1.10807;1.10795;1.10799;128;0
2024.09.04 23:30;1.10798;1.10827;1.10796;1.10827;135;0
2024.09.04 23:40;1.10828;1.10836;1.10821;1.10821;137;0
2024.09.04 23:50;1.10822;1.10832;1.10816;1.10819;189;0
2024.09.05 00:00;1.10804;1.10836;1.10792;1.10830;61;12
2024.09.05 00:10;1.10830;1.10831;1.10820;1.10822;89;10
2024.09.05 00:20;1.10821;1.10827;1.10818;1.10826;65;11
2024.09.05 00:30;1.10826;1.10830;1.10823;1.10826;84;10
2024.09.05 00:40;1.10826;1.10828;1.10821;1.10821;62;10
2024.09.05 00:50;1.10822;1.10831;1.10821;1.10824;123;11
2024.09.05 01:00;1.10835;1.10864;1.10823;1.10839;136;1
2024.09.05 01:10;1.10840;1.10847;1.10833;1.10846;88;1
2024.09.05 01:20;1.10845;1.10846;1.10833;1.10835;69;1
2024.09.05 01:30;1.10836;1.10842;1.10833;1.10834;76;1
2024.09.05 01:40;1.10834;1.10839;1.10830;1.10831;93;0
2024.09.05 01:50;1.10830;1.10849;1.10826;1.10849;79;0
2024.09.05 02:00;1.10851;1.10853;1.10830;1.10831;103;0
2024.09.05 02:10;1.10831;1.10831;1.10808;1.10811;90;0
2024.09.05 02:20;1.10810;1.10818;1.10802;1.10816;115;0
2024.09.05 02:30;1.10814;1.10847;1.10814;1.10837;283;1
2024.09.05 02:40;1.10836;1.10837;1.10817;1.10817;257;0
2024.09.05 02:50;1.10817;1.10822;1.10789;1.10800;238;0
2024.09.05 03:00;1.10801;1.10812;1.10795;1.10806;357;0
2024.09.05 03:10;1.10807;1.10815;1.10796;1.10808;296;0
2024.09.05 03:20;1.10809;1.10819;1.10791;1.10796;292;0
2024.09.05 03:30;1.10795;1.10795;1.10758;1.10785;282;0
2024.09.05 03:40;1.10785;1.10801;1.10780;1.10783;291;0
2024.09.05 03:50;1.10782;1.10801;1.10774;1.10792;380;0
2024.09.05 04:00;1.10792;1.10809;1.10774;1.10791;339;0
2024.09.05 04:10;1.10791;1.10818;1.10783;1.10810;261;0
2024.09.05 04:20;1.10812;1.10855;1.10811;1.10818;343;0
2024.09.05 04:30;1.10818;1.10825;1.10800;1.10817;497;0
2024.09.05 04:40;1.10818;1.10839;1.10808;1.10809;339;0
2024.09.05 04:50;1.10809;1.10817;1.10786;1.10789;293;0
2024.09.05 05:00;1.10788;1.10816;1.10782;1.10803;321;0
2024.09.05 05:10;1.10802;1.10809;1.10795;1.10803;158;0
2024.09.05 05:20;1.10802;1.10814;1.10789;1.10804;183;0
2024.09.05 05:30;1.10805;1.10834;1.10805;1.10823;190;0
2024.09.05 05:40;1.10822;1.10830;1.10807;1.10810;141;0
2024.09.05 05:50;1.10811;1.10813;1.10791;1.10798;181;0
2024.09.05 06:00;1.10798;1.10798;1.10780;1.10781;159;0
2024.09.05 06:10;1.10781;1.10784;1.10761;1.10768;193;0
2024.09.05 06:20;1.10769;1.10777;1.10768;1.10774;132;0
2024.09.05 06:30;1.10775;1.10787;1.10766;1.10768;140;0
2024.09.05 06:40;1.10767;1.10778;1.10762;1.10776;158;0
2024.09.05 06:50;1.10776;1.10776;1.10763;1.10770;113;0
2024.09.05 07:00;1.10769;1.10769;1.10750;1.10753;190;0
2024.09.05 07:10;1.10753;1.10757;1.10747;1.10752;104;0
2024.09.05 07:20;1.10753;1.10760;1.10747;1.10757;123;0
2024.09.05 07:30;1.10758;1.10765;1.10751;1.10762;150;0
2024.09.05 07:40;1.10764;1.10779;1.10762;1.10766;200;0
2024.09.05 07:50;1.10767;1.10773;1.10761;1.10770;108;0
2024.09.05 08:00;1.10769;1.10783;1.10765;1.10782;160;0
2024.09.05 08:10;1.10783;1.10794;1.10777;1.10781;174;0
2024.09.05 08:20;1.10781;1.10796;1.10771;1.10795;145;0
2024.09.05 08:30;1.10795;1.10798;1.10782;1.10790;210;0
2024.09.05 08:40;1.10790;1.10801;1.10784;1.10796;215;0
2024.09.05 08:50;1.10796;1.10807;1.10784;1.10801;291;0
2024.09.05 09:00;1.10802;1.10825;1.10795;1.10825;417;0
2024.09.05 09:10;1.10825;1.10854;1.10825;1.10839;447;0
2024.09.05 09:20;1.10839;1.10851;1.10815;1.10835;511;0
2024.09.05 09:30;1.10836;1.10852;1.10825;1.10847;362;0
2024.09.05 09:40;1.10848;1.10883;1.10848;1.10868;353;0
2024.09.05 09:50;1.10869;1.10875;1.10832;1.10837;467;0
2024.09.05 10:00;1.10836;1.10837;1.10803;1.10827;652;0
2024.09.05 10:10;1.10826;1.10892;1.10825;1.10860;637;0
2024.09.05 10:20;1.10861;1.10903;1.10808;1.10825;611;0
2024.09.05 10:30;1.10826;1.10845;1.10798;1.10844;505;0
2024.09.05 10:40;1.10844;1.10854;1.10816;1.10828;476;0
2024.09.05 10:50;1.10828;1.10872;1.10826;1.10871;478;0
2024.09.05 11:00;1.10871;1.10944;1.10840;1.10941;609;0
2024.09.05 11:10;1.10941;1.10956;1.10910;1.10929;611;0
2024.09.05 11:20;1.10929;1.11001;1.10920;1.10977;502;0
2024.09.05 11:30;1.10978;1.10979;1.10915;1.10943;480;0
2024.09.05 11:40;1.10943;1.10998;1.10942;1.10987;539;0
2024.09.05 11:50;1.10987;1.11002;1.10966;1.10991;388;0
2024.09.05 12:00;1.10990;1.11004;1.10959;1.10977;508;0
2024.09.05 12:10;1.10977;1.11004;1.10962;1.10991;456;0
2024.09.05 12:20;1.10990;1.10991;1.10958;1.10985;466;0
2024.09.05 12:30;1.10986;1.11001;1.10935;1.10944;384;0
2024.09.05 12:40;1.10943;1.10964;1.10937;1.10959;334;0
2024.09.05 12:50;1.10959;1.10964;1.10926;1.10946;408;0
2024.09.05 13:00;1.10946;1.10948;1.10922;1.10929;357;0
2024.09.05 13:10;1.10928;1.10968;1.10925;1.10964;332;0
2024.09.05 13:20;1.10964;1.10979;1.10945;1.10954;321;0
2024.09.05 13:30;1.10955;1.10964;1.10942;1.10959;349;0
2024.09.05 13:40;1.10960;1.10985;1.10947;1.10984;343;0
2024.09.05 13:50;1.10984;1.10996;1.10981;1.10989;244;0
2024.09.05 14:00;1.10988;1.11006;1.10985;1.11005;222;0
2024.09.05 14:10;1.11004;1.11034;1.11003;1.11028;311;0
2024.09.05 14:20;1.11029;1.11080;1.11018;1.11079;406;0
2024.09.05 14:30;1.11078;1.11081;1.11017;1.11021;371;0
2024.09.05 14:40;1.11021;1.11024;1.10955;1.10964;408;0
2024.09.05 14:50;1.10965;1.10978;1.10929;1.10951;429;0
2024.09.05 15:00;1.10953;1.10973;1.10948;1.10967;511;0
2024.09.05 15:10;1.10969;1.11146;1.10960;1.11140;994;0
2024.09.05 15:20;1.11139;1.11196;1.11114;1.11154;1032;0
2024.09.05 15:30;1.11154;1.11154;1.11025;1.11049;1311;0
2024.09.05 15:40;1.11049;1.11053;1.10923;1.10924;1108;0
2024.09.05 15:50;1.10925;1.10954;1.10871;1.10923;867;0
2024.09.05 16:00;1.10922;1.10967;1.10905;1.10954;770;0
2024.09.05 16:10;1.10953;1.10999;1.10935;1.10990;725;0
2024.09.05 16:20;1.10990;1.11068;1.10981;1.11061;703;0
2024.09.05 16:30;1.11062;1.11081;1.11011;1.11026;889;0
2024.09.05 16:40;1.11025;1.11077;1.11016;1.11022;927;0
2024.09.05 16:50;1.11022;1.11079;1.11004;1.11055;763;0
2024.09.05 17:00;1.11034;1.11048;1.10834;1.10862;1353;0
2024.09.05 17:10;1.10860;1.10971;1.10847;1.10949;1081;0
2024.09.05 17:20;1.10947;1.10953;1.10860;1.10867;939;0
2024.09.05 17:30;1.10867;1.10903;1.10818;1.10827;798;0
2024.09.05 17:40;1.10828;1.10858;1.10762;1.10848;878;0
2024.09.05 17:50;1.10848;1.10848;1.10773;1.10795;956;0
2024.09.05 18:00;1.10800;1.10840;1.10780;1.10807;763;0
2024.09.05 18:10;1.10807;1.10882;1.10806;1.10877;600;0
2024.09.05 18:20;1.10878;1.10886;1.10814;1.10815;632;0
2024.09.05 18:30;1.10816;1.10862;1.10804;1.10843;622;0
2024.09.05 18:40;1.10843;1.10917;1.10843;1.10915;580;0
2024.09.05 18:50;1.10915;1.10957;1.10909;1.10953;534;0
2024.09.05 19:00;1.10954;1.11026;1.10954;1.11002;579;0
2024.09.05 19:10;1.11002;1.11012;1.10958;1.10997;478;0
2024.09.05 19:20;1.10997;1.11030;1.10980;1.11024;366;0
2024.09.05 19:30;1.11025;1.11030;1.10998;1.11022;330;0
2024.09.05 19:40;1.11022;1.11052;1.10990;1.10991;339;0
2024.09.05 19:50;1.10990;1.11021;1.10990;1.11009;365;0
2024.09.05 20:00;1.11010;1.11041;1.10998;1.11026;418;0
2024.09.05 20:10;1.11026;1.11068;1.11026;1.11063;279;0
2024.09.05 20:20;1.11062;1.11064;1.11008;1.11010;349;0
2024.09.05 20:30;1.11009;1.11027;1.10994;1.11025;310;0
2024.09.05 20:40;1.11025;1.11035;1.11019;1.11025;392;0
2024.09.05 20:50;1.11026;1.11073;1.11017;1.11067;374;0
2024.09.05 21:00;1.11068;1.11121;1.11068;1.11121;347;0
2024.09.05 21:10;1.11121;1.11133;1.11070;1.11080;349;0
2024.09.05 21:20;1.11081;1.11107;1.11079;1.11082;261;0
2024.09.05 21:30;1.11081;1.11114;1.11081;1.11094;219;0
2024.09.05 21:40;1.11094;1.11094;1.11053;1.11069;280;0
2024.09.05 21:50;1.11068;1.11069;1.11025;1.11041;331;0
2024.09.05 22:00;1.11041;1.11062;1.11036;1.11043;317;0
2024.09.05 22:10;1.11042;1.11068;1.11031;1.11045;290;0
2024.09.05 22:20;1.11045;1.11052;1.11040;1.11048;209;0
2024.09.05 22:30;1.11048;1.11053;1.11035;1.11051;219;0
2024.09.05 22:40;1.11051;1.11076;1.11047;1.11060;306;0
2024.09.05 22:50;1.11059;1.11065;1.11028;1.11036;356;0
2024.09.05 23:00;1.11037;1.11065;1.11037;1.11065;161;0
2024.09.05 23:10;1.11065;1.11080;1.11063;1.11080;158;0
2024.09.05 23:20;1.11081;1.11111;1.11076;1.11101;168;0
2024.09.05 23:30;1.11102;1.11103;1.11098;1.11101;124;0
2024.09.05 23:40;1.11102;1.11112;1.11098;1.11101;124;0
2024.09.05 23:50;1.11099;1.11111;1.11098;1.11102;220;0
2024.09.06 00:00;1.10998;1.11094;1.10998;1.11093;15;10
2024.09.06 00:10;1.11094;1.11107;1.11093;1.11102;87;6
2024.09.06 00:20;1.11102;1.11106;1.11098;1.11104;64;8
2024.09.06 00:30;1.11104;1.11113;1.11103;1.11110;39;9
2024.09.06 00:40;1.11110;1.11115;1.11101;1.11104;66;8
2024.09.06 00:50;1.11103;1.11103;1.11085;1.11091;95;5
2024.09.06 01:00;1.11088;1.11110;1.11086;1.11106;114;1
2024.09.06 01:10;1.11107;1.11108;1.11103;1.11105;39;1
2024.09.06 01:20;1.11105;1.11109;1.11100;1.11100;43;1
2024.09.06 01:30;1.11100;1.11100;1.11093;1.11096;105;1
2024.09.06 01:40;1.11096;1.11096;1.11086;1.11091;97;1
2024.09.06 01:50;1.11091;1.11096;1.11085;1.11096;77;0
2024.09.06 02:00;1.11096;1.11105;1.11093;1.11104;116;0
2024.09.06 02:10;1.11104;1.11104;1.11090;1.11090;78;0
2024.09.06 02:20;1.11091;1.11093;1.11085;1.11090;73;0
2024.09.06 02:30;1.11090;1.11094;1.11085;1.11089;69;0
2024.09.06 02:40;1.11091;1.11123;1.11087;1.11123;130;0
2024.09.06 02:50;1.11123;1.11124;1.11106;1.11110;130;0
2024.09.06 03:00;1.11109;1.11123;1.11102;1.11118;291;1
2024.09.06 03:10;1.11117;1.11123;1.11098;1.11106;195;0
2024.09.06 03:20;1.11107;1.11114;1.11095;1.11104;128;0
2024.09.06 03:30;1.11104;1.11123;1.11099;1.11115;212;0
2024.09.06 03:40;1.11115;1.11119;1.11097;1.11111;173;0
2024.09.06 03:50;1.11111;1.11147;1.11107;1.11133;325;0
2024.09.06 04:00;1.11134;1.11140;1.11099;1.11107;304;0
2024.09.06 04:10;1.11107;1.11117;1.11099;1.11116;126;0
2024.09.06 04:20;1.11115;1.11137;1.11111;1.11121;143;0
2024.09.06 04:30;1.11122;1.11122;1.11101;1.11112;213;0
2024.09.06 04:40;1.11113;1.11132;1.11108;1.11123;176;0
2024.09.06 04:50;1.11123;1.11124;1.11098;1.11105;211;0
2024.09.06 05:00;1.11106;1.11118;1.11099;1.11115;178;0
2024.09.06 05:10;1.11115;1.11127;1.11108;1.11124;155;0
2024.09.06 05:20;1.11124;1.11126;1.11120;1.11120;121;0
2024.09.06 05:30;1.11121;1.11125;1.11095;1.11095;222;0
2024.09.06 05:40;1.11096;1.11111;1.11096;1.11101;134;0
2024.09.06 05:50;1.11101;1.11112;1.11092;1.11111;102;0
2024.09.06 06:00;1.11111;1.11129;1.11110;1.11129;104;0
2024.09.06 06:10;1.11129;1.11137;1.11120;1.11137;112;0
2024.09.06 06:20;1.11136;1.11141;1.11131;1.11137;111;0
2024.09.06 06:30;1.11137;1.11158;1.11134;1.11146;205;0
2024.09.06 06:40;1.11147;1.11160;1.11146;1.11150;166;0
2024.09.06 06:50;1.11149;1.11162;1.11144;1.11151;112;0
2024.09.06 07:00;1.11150;1.11156;1.11137;1.11147;141;0
2024.09.06 07:10;1.11148;1.11169;1.11147;1.11161;186;0
2024.09.06 07:20;1.11161;1.11168;1.11156;1.11167;141;0
2024.09.06 07:30;1.11168;1.11170;1.11152;1.11154;89;0
2024.09.06 07:40;1.11155;1.11171;1.11155;1.11170;151;0
2024.09.06 07:50;1.11170;1.11176;1.11152;1.11158;161;0
2024.09.06 08:00;1.11158;1.11186;1.11154;1.11180;187;0
2024.09.06 08:10;1.11181;1.11183;1.11164;1.11172;157;0
2024.09.06 08:20;1.11172;1.11182;1.11166;1.11170;176;0
2024.09.06 08:30;1.11171;1.11172;1.11139;1.11150;289;0
2024.09.06 08:40;1.11151;1.11163;1.11145;1.11155;244;0
2024.09.06 08:50;1.11154;1.11174;1.11151;1.11170;210;0
2024.09.06 09:00;1.11170;1.11180;1.11140;1.11178;352;0
2024.09.06 09:10;1.11177;1.11197;1.11163;1.11171;400;0
2024.09.06 09:20;1.11171;1.11184;1.11164;1.11174;367;0
2024.09.06 09:30;1.11175;1.11180;1.11149;1.11167;338;0
2024.09.06 09:40;1.11168;1.11183;1.11161;1.11171;342;0
2024.09.06 09:50;1.11171;1.11209;1.11157;1.11206;296;0
2024.09.06 10:00;1.11206;1.11206;1.11176;1.11193;417;0
2024.09.06 10:10;1.11193;1.11199;1.11154;1.11159;601;0
2024.09.06 10:20;1.11159;1.11200;1.11145;1.11186;486;0
2024.09.06 10:30;1.11186;1.11187;1.11108;1.11117;492;0
2024.09.06 10:40;1.11117;1.11141;1.11108;1.11134;473;0
2024.09.06 10:50;1.11135;1.11158;1.11121;1.11158;473;0
2024.09.06 11:00;1.11158;1.11187;1.11145;1.11166;573;0
2024.09.06 11:10;1.11166;1.11169;1.11132;1.11138;413;0
2024.09.06 11:20;1.11137;1.11174;1.11129;1.11161;488;0
2024.09.06 11:30;1.11162;1.11182;1.11154;1.11170;356;0
2024.09.06 11:40;1.11168;1.11197;1.11151;1.11195;375;0
2024.09.06 11:50;1.11195;1.11208;1.11170;1.11173;391;0
2024.09.06 12:00;1.11172;1.11172;1.11109;1.11130;421;0
2024.09.06 12:10;1.11129;1.11132;1.11081;1.11106;420;0
2024.09.06 12:20;1.11106;1.11117;1.11076;1.11082;377;0
2024.09.06 12:30;1.11081;1.11111;1.11074;1.11085;355;0
2024.09.06 12:40;1.11084;1.11111;1.11074;1.11110;309;0
2024.09.06 12:50;1.11111;1.11135;1.11106;1.11133;364;0
2024.09.06 13:00;1.11133;1.11137;1.11098;1.11118;316;0
2024.09.06 13:10;1.11118;1.11131;1.11073;1.11075;321;0
2024.09.06 13:20;1.11075;1.11091;1.11068;1.11083;361;0
2024.09.06 13:30;1.11082;1.11107;1.11082;1.11107;349;0
2024.09.06 13:40;1.11107;1.11107;1.11072;1.11102;280;0
2024.09.06 13:50;1.11102;1.11103;1.11070;1.11073;371;0
2024.09.06 14:00;1.11074;1.11097;1.11065;1.11087;364;0
2024.09.06 14:10;1.11087;1.11088;1.11054;1.11067;343;0
2024.09.06 14:20;1.11067;1.11071;1.11041;1.11056;349;0
2024.09.06 14:30;1.11055;1.11061;1.11026;1.11052;359;0
2024.09.06 14:40;1.11051;1.11085;1.11051;1.11066;486;0
2024.09.06 14:50;1.11067;1.11083;1.11052;1.11070;512;0
2024.09.06 15:00;1.11070;1.11076;1.11019;1.11025;525;0
2024.09.06 15:10;1.11026;1.11044;1.11008;1.11040;641;0
2024.09.06 15:20;1.11040;1.11102;1.11034;1.11078;739;0
2024.09.06 15:30;1.11069;1.11555;1.10790;1.11367;1893;2
2024.09.06 15:40;1.11367;1.11426;1.11255;1.11310;1673;0
2024.09.06 15:50;1.11313;1.11346;1.11176;1.11209;1577;0
2024.09.06 16:00;1.11211;1.11257;1.11063;1.11079;1520;0
2024.09.06 16:10;1.11081;1.11096;1.10968;1.10974;1353;0
2024.09.06 16:20;1.10975;1.11038;1.10880;1.10954;1327;0
2024.09.06 16:30;1.10954;1.11008;1.10740;1.10769;1356;0
2024.09.06 16:40;1.10769;1.10838;1.10655;1.10666;1416;0
2024.09.06 16:50;1.10667;1.10836;1.10666;1.10832;1235;0
2024.09.06 17:00;1.10833;1.10846;1.10730;1.10772;1228;0
2024.09.06 17:10;1.10773;1.10914;1.10773;1.10909;1353;0
2024.09.06 17:20;1.10910;1.10959;1.10853;1.10874;1304;0
2024.09.06 17:30;1.10873;1.11044;1.10818;1.11039;1343;0
2024.09.06 17:40;1.11040;1.11132;1.11030;1.11085;1291;0
2024.09.06 17:50;1.11090;1.11095;1.10976;1.11017;1239;0
2024.09.06 18:00;1.11019;1.11350;1.10842;1.10858;1886;0
2024.09.06 18:10;1.10868;1.11034;1.10868;1.10992;1483;0
2024.09.06 18:20;1.10993;1.11083;1.10940;1.11056;1421;0
2024.09.06 18:30;1.11055;1.11060;1.10896;1.10915;1324;0
2024.09.06 18:40;1.10916;1.10960;1.10868;1.10924;1096;0
2024.09.06 18:50;1.10928;1.10939;1.10830;1.10860;868;0
2024.09.06 19:00;1.10835;1.10836;1.10766;1.10795;760;0
2024.09.06 19:10;1.10794;1.10794;1.10710;1.10711;592;0
2024.09.06 19:20;1.10711;1.10789;1.10710;1.10784;770;0
2024.09.06 19:30;1.10785;1.10812;1.10759;1.10787;684;0
2024.09.06 19:40;1.10787;1.10793;1.10698;1.10699;749;0
2024.09.06 19:50;1.10698;1.10783;1.10696;1.10768;720;0
2024.09.06 20:00;1.10768;1.10768;1.10696;1.10741;617;0
2024.09.06 20:10;1.10741;1.10836;1.10740;1.10816;589;0
2024.09.06 20:20;1.10815;1.10893;1.10815;1.10872;617;0
2024.09.06 20:30;1.10871;1.10873;1.10817;1.10826;553;0
2024.09.06 20:40;1.10827;1.10867;1.10810;1.10856;549;0
2024.09.06 20:50;1.10855;1.10860;1.10803;1.10845;645;0
2024.09.06 21:00;1.10846;1.10867;1.10780;1.10808;599;0
2024.09.06 21:10;1.10808;1.10857;1.10801;1.10817;580;0
2024.09.06 21:20;1.10818;1.10861;1.10808;1.10860;563;0
2024.09.06 21:30;1.10860;1.10868;1.10798;1.10818;516;0
2024.09.06 21:40;1.10817;1.10839;1.10806;1.10823;468;0
2024.09.06 21:50;1.10823;1.10869;1.10810;1.10862;400;0
2024.09.06 22:00;1.10861;1.10862;1.10822;1.10838;449;0
2024.09.06 22:10;1.10838;1.10863;1.10830;1.10846;384;0
2024.09.06 22:20;1.10847;1.10894;1.10845;1.10890;384;0
2024.09.06 22:30;1.10891;1.10893;1.10861;1.10873;330;0
2024.09.06 22:40;1.10873;1.10892;1.10859;1.10891;319;0
2024.09.06 22:50;1.10892;1.10893;1.10863;1.10885;386;0
2024.09.06 23:00;1.10886;1.10889;1.10859;1.10880;258;0
2024.09.06 23:10;1.10880;1.10880;1.10861;1.10869;223;0
2024.09.06 23:20;1.10870;1.10881;1.10864;1.10868;199;0
2024.09.06 23:30;1.10869;1.10871;1.10845;1.10857;188;0
2024.09.06 23:40;1.10858;1.10867;1.10852;1.10853;130;0
2024.09.06 23:50;1.10853;1.10864;1.10848;1.10860;127;0
2024.09.09 00:00;1.10772;1.10818;1.10768;1.10817;97;37
2024.09.09 00:10;1.10817;1.10840;1.10806;1.10836;90;29
2024.09.09 00:20;1.10837;1.10841;1.10825;1.10826;91;29
2024.09.09 00:30;1.10826;1.10830;1.10825;1.10830;19;27
2024.09.09 00:40;1.10831;1.10831;1.10828;1.10829;9;26
2024.09.09 00:50;1.10826;1.10831;1.10820;1.10831;43;26
2024.09.09 01:00;1.10827;1.10890;1.10824;1.10883;376;1
2024.09.09 01:10;1.10883;1.10889;1.10865;1.10879;144;1
2024.09.09 01:20;1.10880;1.10884;1.10868;1.10873;122;1
2024.09.09 01:30;1.10873;1.10899;1.10873;1.10897;263;1
2024.09.09 01:40;1.10897;1.10902;1.10891;1.10898;135;0
2024.09.09 01:50;1.10898;1.10904;1.10866;1.10867;145;1
2024.09.09 02:00;1.10868;1.10897;1.10868;1.10886;288;0
2024.09.09 02:10;1.10887;1.10902;1.10883;1.10895;232;0
2024.09.09 02:20;1.10896;1.10903;1.10881;1.10902;233;0
2024.09.09 02:30;1.10901;1.10905;1.10892;1.10894;231;0
2024.09.09 02:40;1.10894;1.10908;1.10890;1.10891;257;0
2024.09.09 02:50;1.10891;1.10892;1.10864;1.10866;278;0
2024.09.09 03:00;1.10865;1.10895;1.10850;1.10874;427;1
2024.09.09 03:10;1.10873;1.10900;1.10862;1.10897;381;0
2024.09.09 03:20;1.10899;1.10911;1.10863;1.10866;267;0
2024.09.09 03:30;1.10865;1.10889;1.10857;1.10871;259;0
2024.09.09 03:40;1.10871;1.10871;1.10834;1.10842;227;0
2024.09.09 03:50;1.10841;1.10860;1.10823;1.10832;345;0
2024.09.09 04:00;1.10832;1.10910;1.10831;1.10907;418;0
2024.09.09 04:10;1.10907;1.10909;1.10886;1.10900;373;0
2024.09.09 04:20;1.10901;1.10903;1.10860;1.10873;300;0
2024.09.09 04:30;1.10873;1.10875;1.10828;1.10860;474;0
2024.09.09 04:40;1.10859;1.10865;1.10819;1.10824;305;0
2024.09.09 04:50;1.10823;1.10828;1.10812;1.10820;346;0
2024.09.09 05:00;1.10821;1.10829;1.10809;1.10814;262;0
2024.09.09 05:10;1.10815;1.10826;1.10809;1.10816;241;0
2024.09.09 05:20;1.10816;1.10822;1.10805;1.10815;211;0
2024.09.09 05:30;1.10814;1.10832;1.10810;1.10832;170;0
2024.09.09 05:40;1.10833;1.10833;1.10812;1.10815;127;0
2024.09.09 05:50;1.10816;1.10826;1.10804;1.10807;147;0
2024.09.09 06:00;1.10807;1.10810;1.10791;1.10805;176;0
2024.09.09 06:10;1.10804;1.10804;1.10786;1.10794;206;0
2024.09.09 06:20;1.10794;1.10815;1.10794;1.10812;133;0
2024.09.09 06:30;1.10811;1.10815;1.10793;1.10799;147;0
2024.09.09 06:40;1.10799;1.10810;1.10794;1.10801;155;0
2024.09.09 06:50;1.10802;1.10817;1.10788;1.10799;220;0
2024.09.09 07:00;1.10798;1.10802;1.10785;1.10790;136;0
2024.09.09 07:10;1.10790;1.10798;1.10785;1.10793;195;0
2024.09.09 07:20;1.10793;1.10802;1.10788;1.10791;128;0
2024.09.09 07:30;1.10791;1.10798;1.10764;1.10765;159;0
2024.09.09 07:40;1.10766;1.10767;1.10756;1.10765;177;0
2024.09.09 07:50;1.10766;1.10768;1.10745;1.10757;217;0
2024.09.09 08:00;1.10758;1.10759;1.10744;1.10744;147;0
2024.09.09 08:10;1.10744;1.10751;1.10734;1.10749;162;0
2024.09.09 08:20;1.10750;1.10751;1.10728;1.10729;195;0
2024.09.09 08:30;1.10729;1.10735;1.10708;1.10720;159;0
2024.09.09 08:40;1.10720;1.10721;1.10703;1.10712;192;0
2024.09.09 08:50;1.10711;1.10713;1.10688;1.10690;196;0
2024.09.09 09:00;1.10691;1.10718;1.10676;1.10699;432;0
2024.09.09 09:10;1.10699;1.10709;1.10688;1.10706;312;0
2024.09.09 09:20;1.10707;1.10711;1.10650;1.10675;295;0
2024.09.09 09:30;1.10676;1.10686;1.10655;1.10686;360;0
2024.09.09 09:40;1.10685;1.10702;1.10632;1.10641;281;0
2024.09.09 09:50;1.10639;1.10654;1.10606;1.10644;498;0
2024.09.09 10:00;1.10645;1.10662;1.10549;1.10566;740;0
2024.09.09 10:10;1.10566;1.10600;1.10549;1.10580;617;0
2024.09.09 10:20;1.10580;1.10621;1.10577;1.10592;614;0
2024.09.09 10:30;1.10592;1.10612;1.10567;1.10581;604;0
2024.09.09 10:40;1.10582;1.10624;1.10576;1.10617;474;0
2024.09.09 10:50;1.10616;1.10638;1.10590;1.10592;446;0
2024.09.09 11:00;1.10593;1.10624;1.10575;1.10577;460;0
2024.09.09 11:10;1.10577;1.10580;1.10508;1.10509;455;0
2024.09.09 11:20;1.10507;1.10509;1.10455;1.10481;607;0
2024.09.09 11:30;1.10481;1.10500;1.10466;1.10478;489;0
2024.09.09 11:40;1.10478;1.10512;1.10473;1.10507;449;0
2024.09.09 11:50;1.10508;1.10513;1.10472;1.10476;499;0
2024.09.09 12:00;1.10475;1.10519;1.10456;1.10515;449;0
2024.09.09 12:10;1.10514;1.10544;1.10514;1.10532;415;0
2024.09.09 12:20;1.10533;1.10541;1.10511;1.10528;349;0
2024.09.09 12:30;1.10527;1.10554;1.10516;1.10518;414;0
2024.09.09 12:40;1.10517;1.10589;1.10510;1.10584;487;0
2024.09.09 12:50;1.10583;1.10583;1.10557;1.10562;365;0
2024.09.09 13:00;1.10560;1.10565;1.10478;1.10491;411;0
2024.09.09 13:10;1.10492;1.10498;1.10454;1.10459;387;0
2024.09.09 13:20;1.10459;1.10464;1.10419;1.10422;415;0
2024.09.09 13:30;1.10422;1.10422;1.10368;1.10399;446;0
2024.09.09 13:40;1.10399;1.10420;1.10371;1.10402;423;0
2024.09.09 13:50;1.10402;1.10424;1.10382;1.10403;441;0
2024.09.09 14:00;1.10402;1.10446;1.10401;1.10442;326;0
2024.09.09 14:10;1.10442;1.10448;1.10424;1.10424;273;0
2024.09.09 14:20;1.10423;1.10423;1.10380;1.10383;328;0
2024.09.09 14:30;1.10384;1.10435;1.10357;1.10428;437;0
2024.09.09 14:40;1.10429;1.10431;1.10399;1.10421;416;0
2024.09.09 14:50;1.10421;1.10448;1.10421;1.10447;405;0
2024.09.09 15:00;1.10446;1.10446;1.10414;1.10428;546;0
2024.09.09 15:10;1.10428;1.10442;1.10403;1.10412;462;0
2024.09.09 15:20;1.10413;1.10433;1.10404;1.10422;411;0
2024.09.09 15:30;1.10421;1.10486;1.10416;1.10464;641;0
2024.09.09 15:40;1.10464;1.10490;1.10417;1.10418;553;0
2024.09.09 15:50;1.10418;1.10451;1.10379;1.10395;470;0
2024.09.09 16:00;1.10395;1.10490;1.10395;1.10489;485;0
2024.09.09 16:10;1.10488;1.10514;1.10468;1.10488;498;0
2024.09.09 16:20;1.10488;1.10521;1.10486;1.10494;458;0
2024.09.09 16:30;1.10495;1.10506;1.10419;1.10431;723;0
2024.09.09 16:40;1.10429;1.10493;1.10429;1.10476;672;0
2024.09.09 16:50;1.10475;1.10479;1.10431;1.10469;643;0
2024.09.09 17:00;1.10470;1.10470;1.10404;1.10413;603;0
2024.09.09 17:10;1.10413;1.10446;1.10345;1.10437;716;0
2024.09.09 17:20;1.10436;1.10454;1.10417;1.10422;591;0
2024.09.09 17:30;1.10421;1.10430;1.10360;1.10369;579;0
2024.09.09 17:40;1.10370;1.10393;1.10340;1.10387;611;0
2024.09.09 17:50;1.10386;1.10436;1.10378;1.10421;791;0
2024.09.09 18:00;1.10421;1.10439;1.10384;1.10411;595;0
2024.09.09 18:10;1.10411;1.10443;1.10407;1.10425;568;0
2024.09.09 18:20;1.10426;1.10446;1.10364;1.10366;466;0
2024.09.09 18:30;1.10367;1.10417;1.10354;1.10407;449;0
2024.09.09 18:40;1.10408;1.10427;1.10391;1.10406;436;0
2024.09.09 18:50;1.10407;1.10448;1.10407;1.10414;452;0
2024.09.09 19:00;1.10414;1.10462;1.10414;1.10417;421;0
2024.09.09 19:10;1.10416;1.10485;1.10414;1.10483;375;0
2024.09.09 19:20;1.10482;1.10486;1.10445;1.10481;426;0
2024.09.09 19:30;1.10481;1.10498;1.10470;1.10498;356;0
2024.09.09 19:40;1.10498;1.10507;1.10475;1.10475;297;0
2024.09.09 19:50;1.10475;1.10497;1.10474;1.10488;377;0
2024.09.09 20:00;1.10490;1.10525;1.10482;1.10511;314;0
2024.09.09 20:10;1.10510;1.10537;1.10509;1.10523;326;0
2024.09.09 20:20;1.10525;1.10536;1.10513;1.10518;344;0
2024.09.09 20:30;1.10517;1.10529;1.10498;1.10504;383;0
2024.09.09 20:40;1.10505;1.10512;1.10474;1.10477;333;0
2024.09.09 20:50;1.10478;1.10480;1.10434;1.10435;349;0
2024.09.09 21:00;1.10436;1.10446;1.10416;1.10416;309;0
2024.09.09 21:10;1.10415;1.10448;1.10414;1.10445;249;0
2024.09.09 21:20;1.10445;1.10453;1.10431;1.10441;285;0
2024.09.09 21:30;1.10440;1.10455;1.10434;1.10435;271;0
2024.09.09 21:40;1.10434;1.10457;1.10424;1.10454;249;0
2024.09.09 21:50;1.10455;1.10462;1.10421;1.10429;300;0
2024.09.09 22:00;1.10429;1.10430;1.10396;1.10425;297;0
2024.09.09 22:10;1.10425;1.10427;1.10404;1.10410;267;0
2024.09.09 22:20;1.10411;1.10411;1.10393;1.10397;207;0
2024.09.09 22:30;1.10397;1.10404;1.10380;1.10401;296;0
2024.09.09 22:40;1.10400;1.10403;1.10396;1.10397;189;0
2024.09.09 22:50;1.10397;1.10397;1.10374;1.10381;296;0
2024.09.09 23:00;1.10375;1.10392;1.10362;1.10388;200;0
2024.09.09 23:10;1.10388;1.10393;1.10376;1.10380;155;0
2024.09.09 23:20;1.10381;1.10391;1.10378;1.10384;190;0
2024.09.09 23:30;1.10383;1.10387;1.10376;1.10380;167;0
2024.09.09 23:40;1.10380;1.10382;1.10367;1.10372;92;0
2024.09.09 23:50;1.10371;1.10372;1.10338;1.10344;351;0
2024.09.10 00:00;1.10318;1.10356;1.10312;1.10354;79;28
2024.09.10 00:10;1.10354;1.10368;1.10349;1.10350;128;12
2024.09.10 00:20;1.10348;1.10362;1.10348;1.10358;90;11
2024.09.10 00:30;1.10355;1.10367;1.10354;1.10367;91;13
2024.09.10 00:40;1.10365;1.10369;1.10360;1.10367;67;10
2024.09.10 00:50;1.10367;1.10376;1.10364;1.10368;81;4
2024.09.10 01:00;1.10365;1.10395;1.10351;1.10393;184;0
2024.09.10 01:10;1.10393;1.10393;1.10382;1.10385;78;0
2024.09.10 01:20;1.10385;1.10389;1.10378;1.10381;37;0
2024.09.10 01:30;1.10381;1.10396;1.10381;1.10392;60;0
2024.09.10 01:40;1.10393;1.10393;1.10374;1.10376;65;0
2024.09.10 01:50;1.10376;1.10383;1.10374;1.10377;61;0
2024.09.10 02:00;1.10376;1.10381;1.10370;1.10372;82;0
2024.09.10 02:10;1.10371;1.10374;1.10366;1.10368;58;0
2024.09.10 02:20;1.10368;1.10378;1.10363;1.10375;75;0
2024.09.10 02:30;1.10376;1.10383;1.10372;1.10376;64;0
2024.09.10 02:40;1.10377;1.10378;1.10365;1.10366;70;0
2024.09.10 02:50;1.10366;1.10367;1.10344;1.10353;98;0
2024.09.10 03:00;1.10352;1.10352;1.10317;1.10321;244;0
2024.09.10 03:10;1.10320;1.10332;1.10311;1.10322;340;0
2024.09.10 03:20;1.10322;1.10325;1.10283;1.10296;215;0
2024.09.10 03:30;1.10296;1.10314;1.10291;1.10311;244;0
2024.09.10 03:40;1.10310;1.10328;1.10310;1.10321;193;0
2024.09.10 03:50;1.10320;1.10323;1.10306;1.10307;225;0
2024.09.10 04:00;1.10307;1.10331;1.10305;1.10328;198;0
2024.09.10 04:10;1.10330;1.10336;1.10317;1.10319;174;0
2024.09.10 04:20;1.10319;1.10334;1.10316;1.10326;205;0
2024.09.10 04:30;1.10327;1.10339;1.10316;1.10338;246;0
2024.09.10 04:40;1.10337;1.10339;1.10325;1.10335;218;0
2024.09.10 04:50;1.10335;1.10353;1.10324;1.10348;192;0
2024.09.10 05:00;1.10347;1.10360;1.10328;1.10328;179;0
2024.09.10 05:10;1.10328;1.10339;1.10325;1.10338;84;0
2024.09.10 05:20;1.10338;1.10348;1.10336;1.10342;142;0
2024.09.10 05:30;1.10341;1.10361;1.10341;1.10346;113;0
2024.09.10 05:40;1.10346;1.10356;1.10340;1.10346;84;0
2024.09.10 05:50;1.10347;1.10357;1.10346;1.10348;126;0
2024.09.10 06:00;1.10348;1.10362;1.10348;1.10358;104;0
2024.09.10 06:10;1.10359;1.10376;1.10354;1.10374;116;0
2024.09.10 06:20;1.10374;1.10383;1.10366;1.10369;99;0
2024.09.10 06:30;1.10370;1.10388;1.10365;1.10383;143;0
2024.09.10 06:40;1.10382;1.10388;1.10373;1.10381;68;0
2024.09.10 06:50;1.10382;1.10390;1.10381;1.10385;87;0
2024.09.10 07:00;1.10384;1.10389;1.10369;1.10369;98;0
2024.09.10 07:10;1.10370;1.10374;1.10359;1.10372;96;0
2024.09.10 07:20;1.10373;1.10378;1.10367;1.10373;90;0
2024.09.10 07:30;1.10373;1.10387;1.10371;1.10387;80;0
2024.09.10 07:40;1.10386;1.10405;1.10385;1.10397;83;0
2024.09.10 07:50;1.10396;1.10402;1.10395;1.10400;77;0
2024.09.10 08:00;1.10399;1.10403;1.10382;1.10385;119;0
2024.09.10 08:10;1.10385;1.10409;1.10381;1.10403;166;0
2024.09.10 08:20;1.10403;1.10412;1.10402;1.10406;107;0
2024.09.10 08:30;1.10406;1.10414;1.10402;1.10407;121;0
2024.09.10 08:40;1.10407;1.10418;1.10394;1.10417;112;0
2024.09.10 08:50;1.10417;1.10426;1.10392;1.10394;232;0
2024.09.10 09:00;1.10395;1.10418;1.10351;1.10357;367;0
2024.09.10 09:10;1.10356;1.10377;1.10337;1.10360;337;0
2024.09.10 09:20;1.10361;1.10387;1.10355;1.10386;264;0
2024.09.10 09:30;1.10384;1.10419;1.10380;1.10416;287;0
2024.09.10 09:40;1.10417;1.10433;1.10400;1.10427;378;0
2024.09.10 09:50;1.10427;1.10495;1.10421;1.10495;624;0
2024.09.10 10:00;1.10493;1.10493;1.10420;1.10444;777;0
2024.09.10 10:10;1.10444;1.10450;1.10411;1.10446;520;0
2024.09.10 10:20;1.10446;1.10450;1.10413;1.10418;462;0
2024.09.10 10:30;1.10417;1.10428;1.10387;1.10412;438;0
2024.09.10 10:40;1.10411;1.10442;1.10405;1.10422;364;0
2024.09.10 10:50;1.10422;1.10434;1.10370;1.10372;415;0
2024.09.10 11:00;1.10370;1.10386;1.10348;1.10367;550;0
2024.09.10 11:10;1.10367;1.10399;1.10367;1.10384;419;0
2024.09.10 11:20;1.10383;1.10398;1.10350;1.10363;416;0
2024.09.10 11:30;1.10363;1.10369;1.10335;1.10368;434;0
2024.09.10 11:40;1.10367;1.10380;1.10354;1.10369;295;0
2024.09.10 11:50;1.10369;1.10383;1.10350;1.10377;318;0
2024.09.10 12:00;1.10378;1.10385;1.10323;1.10325;414;0
2024.09.10 12:10;1.10326;1.10369;1.10326;1.10364;350;0
2024.09.10 12:20;1.10363;1.10384;1.10341;1.10378;287;0
2024.09.10 12:30;1.10378;1.10422;1.10364;1.10409;350;0
2024.09.10 12:40;1.10410;1.10419;1.10396;1.10410;280;0
2024.09.10 12:50;1.10411;1.10421;1.10371;1.10384;301;0
2024.09.10 13:00;1.10386;1.10418;1.10376;1.10380;294;0
2024.09.10 13:10;1.10380;1.10388;1.10359;1.10371;289;0
2024.09.10 13:20;1.10371;1.10398;1.10370;1.10375;270;0
2024.09.10 13:30;1.10374;1.10374;1.10338;1.10342;260;0
2024.09.10 13:40;1.10342;1.10394;1.10337;1.10376;262;0
2024.09.10 13:50;1.10376;1.10407;1.10376;1.10404;402;0
2024.09.10 14:00;1.10407;1.10438;1.10403;1.10438;385;0
2024.09.10 14:10;1.10437;1.10438;1.10354;1.10356;390;0
2024.09.10 14:20;1.10356;1.10367;1.10349;1.10355;331;0
2024.09.10 14:30;1.10355;1.10355;1.10329;1.10330;317;0
2024.09.10 14:40;1.10330;1.10330;1.10290;1.10300;411;0
2024.09.10 14:50;1.10299;1.10313;1.10266;1.10312;485;0
2024.09.10 15:00;1.10311;1.10329;1.10280;1.10306;474;0
2024.09.10 15:10;1.10307;1.10341;1.10306;1.10334;412;0
2024.09.10 15:20;1.10336;1.10367;1.10279;1.10281;520;0
2024.09.10 15:30;1.10280;1.10343;1.10273;1.10337;603;0
2024.09.10 15:40;1.10338;1.10338;1.10266;1.10291;663;0
2024.09.10 15:50;1.10290;1.10313;1.10264;1.10297;595;0
2024.09.10 16:00;1.10297;1.10349;1.10278;1.10318;636;0
2024.09.10 16:10;1.10318;1.10342;1.10306;1.10325;476;0
2024.09.10 16:20;1.10325;1.10347;1.10304;1.10345;448;0
2024.09.10 16:30;1.10344;1.10344;1.10300;1.10331;613;0
2024.09.10 16:40;1.10335;1.10336;1.10252;1.10252;681;0
2024.09.10 16:50;1.10253;1.10257;1.10174;1.10196;859;0
2024.09.10 17:00;1.10196;1.10217;1.10171;1.10216;788;0
2024.09.10 17:10;1.10217;1.10232;1.10183;1.10225;853;0
2024.09.10 17:20;1.10223;1.10234;1.10201;1.10225;587;0
2024.09.10 17:30;1.10225;1.10225;1.10161;1.10214;577;0
2024.09.10 17:40;1.10215;1.10215;1.10157;1.10167;596;0
2024.09.10 17:50;1.10167;1.10204;1.10151;1.10186;720;0
2024.09.10 18:00;1.10187;1.10199;1.10174;1.10198;515;0
2024.09.10 18:10;1.10199;1.10257;1.10198;1.10242;515;0
2024.09.10 18:20;1.10242;1.10260;1.10217;1.10252;531;0
2024.09.10 18:30;1.10252;1.10267;1.10206;1.10207;430;0
2024.09.10 18:40;1.10207;1.10239;1.10198;1.10238;454;0
2024.09.10 18:50;1.10239;1.10272;1.10224;1.10250;472;0
2024.09.10 19:00;1.10251;1.10272;1.10226;1.10232;489;0
2024.09.10 19:10;1.10231;1.10264;1.10230;1.10261;425;0
2024.09.10 19:20;1.10262;1.10268;1.10236;1.10262;262;0
2024.09.10 19:30;1.10261;1.10289;1.10248;1.10272;308;0
2024.09.10 19:40;1.10272;1.10289;1.10257;1.10263;320;0
2024.09.10 19:50;1.10263;1.10281;1.10260;1.10266;267;0
2024.09.10 20:00;1.10265;1.10279;1.10250;1.10267;386;0
2024.09.10 20:10;1.10266;1.10272;1.10226;1.10231;331;0
2024.09.10 20:20;1.10231;1.10250;1.10226;1.10245;345;0
2024.09.10 20:30;1.10246;1.10270;1.10237;1.10245;305;0
2024.09.10 20:40;1.10245;1.10265;1.10244;1.10250;266;0
2024.09.10 20:50;1.10251;1.10260;1.10229;1.10230;224;0
2024.09.10 21:00;1.10229;1.10260;1.10206;1.10259;291;0
2024.09.10 21:10;1.10259;1.10259;1.10242;1.10251;227;0
2024.09.10 21:20;1.10253;1.10270;1.10245;1.10265;227;0
2024.09.10 21:30;1.10266;1.10270;1.10250;1.10258;307;0
2024.09.10 21:40;1.10259;1.10267;1.10241;1.10243;230;0
2024.09.10 21:50;1.10244;1.10261;1.10233;1.10245;328;0
2024.09.10 22:00;1.10244;1.10256;1.10221;1.10254;215;0
2024.09.10 22:10;1.10254;1.10272;1.10249;1.10253;212;0
2024.09.10 22:20;1.10253;1.10272;1.10252;1.10257;214;0
2024.09.10 22:30;1.10257;1.10257;1.10233;1.10240;236;0
2024.09.10 22:40;1.10240;1.10268;1.10240;1.10265;206;0
2024.09.10 22:50;1.10266;1.10276;1.10253;1.10268;303;0
2024.09.10 23:00;1.10267;1.10269;1.10250;1.10253;273;0
2024.09.10 23:10;1.10254;1.10254;1.10239;1.10243;204;0
2024.09.10 23:20;1.10244;1.10248;1.10230;1.10232;121;0
2024.09.10 23:30;1.10232;1.10239;1.10227;1.10227;74;0
2024.09.10 23:40;1.10228;1.10231;1.10213;1.10213;83;0
2024.09.10 23:50;1.10213;1.10222;1.10184;1.10193;278;0
2024.09.11 00:00;1.10194;1.10194;1.10144;1.10193;19;4
2024.09.11 00:10;1.10193;1.10193;1.10190;1.10192;19;6
2024.09.11 00:20;1.10192;1.10193;1.10192;1.10193;10;9
2024.09.11 00:30;1.10193;1.10194;1.10192;1.10194;8;12
2024.09.11 00:40;1.10194;1.10194;1.10191;1.10193;8;9
2024.09.11 00:50;1.10193;1.10193;1.10189;1.10192;9;12
2024.09.11 01:00;1.10196;1.10215;1.10193;1.10213;110;0
2024.09.11 01:10;1.10212;1.10213;1.10207;1.10211;49;0
2024.09.11 01:20;1.10211;1.10216;1.10202;1.10207;104;0
2024.09.11 01:30;1.10208;1.10209;1.10201;1.10207;102;0
2024.09.11 01:40;1.10208;1.10210;1.10197;1.10198;43;0
2024.09.11 01:50;1.10199;1.10207;1.10197;1.10198;69;0
2024.09.11 02:00;1.10199;1.10213;1.10196;1.10205;86;0
2024.09.11 02:10;1.10206;1.10230;1.10204;1.10226;80;0
2024.09.11 02:20;1.10225;1.10238;1.10223;1.10224;96;0
2024.09.11 02:30;1.10225;1.10226;1.10206;1.10211;123;0
2024.09.11 02:40;1.10211;1.10213;1.10199;1.10211;96;0
2024.09.11 02:50;1.10211;1.10211;1.10193;1.10200;119;0
2024.09.11 03:00;1.10199;1.10218;1.10179;1.10182;293;0
2024.09.11 03:10;1.10182;1.10207;1.10169;1.10169;336;0
2024.09.11 03:20;1.10169;1.10209;1.10166;1.10200;268;0
2024.09.11 03:30;1.10200;1.10209;1.10191;1.10204;244;0
2024.09.11 03:40;1.10204;1.10227;1.10204;1.10213;176;0
2024.09.11 03:50;1.10213;1.10222;1.10196;1.10201;270;0
2024.09.11 04:00;1.10201;1.10203;1.10182;1.10186;273;0
2024.09.11 04:10;1.10186;1.10203;1.10183;1.10196;170;0
2024.09.11 04:20;1.10196;1.10274;1.10195;1.10274;188;0
2024.09.11 04:30;1.10274;1.10395;1.10272;1.10384;745;0
2024.09.11 04:40;1.10385;1.10400;1.10347;1.10391;640;0
2024.09.11 04:50;1.10391;1.10391;1.10352;1.10368;421;0
2024.09.11 05:00;1.10367;1.10445;1.10367;1.10443;496;0
2024.09.11 05:10;1.10442;1.10444;1.10404;1.10417;420;0
2024.09.11 05:20;1.10416;1.10417;1.10388;1.10400;277;0
2024.09.11 05:30;1.10400;1.10406;1.10369;1.10372;232;0
2024.09.11 05:40;1.10371;1.10372;1.10338;1.10340;213;0
2024.09.11 05:50;1.10340;1.10341;1.10327;1.10331;213;0
2024.09.11 06:00;1.10332;1.10345;1.10315;1.10343;221;0
2024.09.11 06:10;1.10343;1.10384;1.10343;1.10375;245;0
2024.09.11 06:20;1.10374;1.10396;1.10370;1.10388;221;0
2024.09.11 06:30;1.10389;1.10425;1.10386;1.10413;347;0
2024.09.11 06:40;1.10414;1.10422;1.10384;1.10395;174;0
2024.09.11 06:50;1.10395;1.10397;1.10381;1.10386;124;0
2024.09.11 07:00;1.10386;1.10396;1.10379;1.10391;208;0
2024.09.11 07:10;1.10389;1.10418;1.10387;1.10418;289;0
2024.09.11 07:20;1.10419;1.10444;1.10419;1.10428;398;0
2024.09.11 07:30;1.10428;1.10465;1.10422;1.10463;321;0
2024.09.11 07:40;1.10462;1.10471;1.10457;1.10457;229;0
2024.09.11 07:50;1.10457;1.10471;1.10455;1.10466;223;0
2024.09.11 08:00;1.10466;1.10479;1.10462;1.10474;256;0
2024.09.11 08:10;1.10473;1.10489;1.10466;1.10485;237;0
2024.09.11 08:20;1.10486;1.10515;1.10483;1.10501;290;0
2024.09.11 08:30;1.10501;1.10508;1.10470;1.10481;334;0
2024.09.11 08:40;1.10482;1.10488;1.10432;1.10440;274;0
2024.09.11 08:50;1.10439;1.10445;1.10424;1.10436;323;0
2024.09.11 09:00;1.10422;1.10462;1.10413;1.10453;491;0
2024.09.11 09:10;1.10454;1.10490;1.10450;1.10485;386;0
2024.09.11 09:20;1.10485;1.10489;1.10434;1.10437;356;0
2024.09.11 09:30;1.10437;1.10456;1.10427;1.10428;361;0
2024.09.11 09:40;1.10427;1.10434;1.10407;1.10423;304;0
2024.09.11 09:50;1.10423;1.10460;1.10420;1.10451;449;0
2024.09.11 10:00;1.10450;1.10500;1.10413;1.10424;627;0
2024.09.11 10:10;1.10424;1.10482;1.10417;1.10481;506;0
2024.09.11 10:20;1.10481;1.10505;1.10471;1.10496;483;0
2024.09.11 10:30;1.10496;1.10519;1.10436;1.10450;540;0
2024.09.11 10:40;1.10450;1.10458;1.10435;1.10435;496;0
2024.09.11 10:50;1.10436;1.10440;1.10403;1.10412;472;0
2024.09.11 11:00;1.10412;1.10433;1.10365;1.10431;544;0
2024.09.11 11:10;1.10431;1.10468;1.10416;1.10429;501;0
2024.09.11 11:20;1.10430;1.10447;1.10415;1.10446;329;0
2024.09.11 11:30;1.10447;1.10461;1.10435;1.10448;437;0
2024.09.11 11:40;1.10448;1.10479;1.10440;1.10441;385;0
2024.09.11 11:50;1.10442;1.10462;1.10437;1.10438;420;0
2024.09.11 12:00;1.10438;1.10441;1.10419;1.10440;400;0
2024.09.11 12:10;1.10439;1.10489;1.10421;1.10473;396;0
2024.09.11 12:20;1.10472;1.10489;1.10434;1.10434;395;0
2024.09.11 12:30;1.10435;1.10483;1.10425;1.10474;361;0
2024.09.11 12:40;1.10472;1.10479;1.10445;1.10459;364;0
2024.09.11 12:50;1.10461;1.10463;1.10420;1.10420;310;0
2024.09.11 13:00;1.10420;1.10421;1.10385;1.10388;352;0
2024.09.11 13:10;1.10388;1.10444;1.10388;1.10417;320;0
2024.09.11 13:20;1.10416;1.10463;1.10407;1.10440;388;0
2024.09.11 13:30;1.10440;1.10477;1.10429;1.10448;350;0
2024.09.11 13:40;1.10448;1.10461;1.10431;1.10460;359;0
2024.09.11 13:50;1.10459;1.10490;1.10458;1.10487;341;0
2024.09.11 14:00;1.10487;1.10530;1.10486;1.10514;459;0
2024.09.11 14:10;1.10513;1.10520;1.10487;1.10520;367;0
2024.09.11 14:20;1.10522;1.10549;1.10516;1.10524;416;0
2024.09.11 14:30;1.10523;1.10526;1.10480;1.10490;393;0
2024.09.11 14:40;1.10490;1.10510;1.10481;1.10498;310;0
2024.09.11 14:50;1.10500;1.10501;1.10427;1.10436;539;0
2024.09.11 15:00;1.10435;1.10437;1.10398;1.10429;601;0
2024.09.11 15:10;1.10425;1.10468;1.10406;1.10456;488;0
2024.09.11 15:20;1.10455;1.10489;1.10416;1.10431;694;0
2024.09.11 15:30;1.10429;1.10429;1.10107;1.10127;1848;2
2024.09.11 15:40;1.10123;1.10158;1.10032;1.10109;1536;2
2024.09.11 15:50;1.10107;1.10217;1.10049;1.10163;1496;0
2024.09.11 16:00;1.10162;1.10236;1.10125;1.10209;1156;0
2024.09.11 16:10;1.10207;1.10259;1.10175;1.10222;1077;0
2024.09.11 16:20;1.10221;1.10263;1.10156;1.10158;1011;0
2024.09.11 16:30;1.10158;1.10213;1.10132;1.10141;1008;0
2024.09.11 16:40;1.10141;1.10206;1.10116;1.10117;1041;0
2024.09.11 16:50;1.10116;1.10166;1.10097;1.10129;963;0
2024.09.11 17:00;1.10129;1.10139;1.10056;1.10130;1068;0
2024.09.11 17:10;1.10131;1.10153;1.10077;1.10143;1048;0
2024.09.11 17:20;1.10143;1.10152;1.10047;1.10086;1029;0
2024.09.11 17:30;1.10087;1.10092;1.10041;1.10078;965;0
2024.09.11 17:40;1.10078;1.10079;1.10020;1.10051;928;0
2024.09.11 17:50;1.10052;1.10113;1.10051;1.10103;1157;0
2024.09.11 18:00;1.10103;1.10154;1.10089;1.10097;982;0
2024.09.11 18:10;1.10097;1.10167;1.10076;1.10127;851;0
2024.09.11 18:20;1.10126;1.10157;1.10095;1.10137;674;0
2024.09.11 18:30;1.10137;1.10156;1.10119;1.10126;448;0
2024.09.11 18:40;1.10125;1.10143;1.10103;1.10141;477;0
2024.09.11 18:50;1.10142;1.10153;1.10119;1.10120;529;0
2024.09.11 19:00;1.10115;1.10168;1.10098;1.10168;554;0
2024.09.11 19:10;1.10167;1.10177;1.10148;1.10167;449;0
2024.09.11 19:20;1.10167;1.10168;1.10115;1.10123;408;0
2024.09.11 19:30;1.10121;1.10153;1.10101;1.10115;480;0
2024.09.11 19:40;1.10116;1.10162;1.10110;1.10148;462;0
2024.09.11 19:50;1.10150;1.10168;1.10129;1.10159;504;0
2024.09.11 20:00;1.10160;1.10203;1.10153;1.10183;656;0
2024.09.11 20:10;1.10182;1.10196;1.10156;1.10164;442;0
2024.09.11 20:20;1.10166;1.10206;1.10157;1.10164;446;0
2024.09.11 20:30;1.10163;1.10190;1.10152;1.10167;487;0
2024.09.11 20:40;1.10168;1.10207;1.10166;1.10199;453;0
2024.09.11 20:50;1.10200;1.10209;1.10178;1.10185;390;0
2024.09.11 21:00;1.10185;1.10212;1.10181;1.10207;335;0
2024.09.11 21:10;1.10207;1.10212;1.10190;1.10201;381;0
2024.09.11 21:20;1.10201;1.10207;1.10188;1.10200;301;0
2024.09.11 21:30;1.10199;1.10210;1.10189;1.10207;261;0
2024.09.11 21:40;1.10208;1.10226;1.10208;1.10213;342;0
2024.09.11 21:50;1.10213;1.10215;1.10179;1.10181;313;0
2024.09.11 22:00;1.10180;1.10223;1.10179;1.10223;272;0
2024.09.11 22:10;1.10224;1.10266;1.10217;1.10229;297;0
2024.09.11 22:20;1.10230;1.10260;1.10225;1.10244;287;0
2024.09.11 22:30;1.10245;1.10245;1.10191;1.10193;353;0
2024.09.11 22:40;1.10193;1.10193;1.10161;1.10168;402;0
2024.09.11 22:50;1.10167;1.10198;1.10163;1.10174;391;0
2024.09.11 23:00;1.10174;1.10180;1.10154;1.10173;211;0
2024.09.11 23:10;1.10173;1.10174;1.10154;1.10164;139;0
2024.09.11 23:20;1.10163;1.10163;1.10144;1.10152;145;0
2024.09.11 23:30;1.10153;1.10156;1.10143;1.10155;130;0
2024.09.11 23:40;1.10156;1.10157;1.10140;1.10150;119;0
2024.09.11 23:50;1.10148;1.10149;1.10104;1.10118;179;0
2024.09.12 00:00;1.10074;1.10139;1.10070;1.10134;81;14
2024.09.12 00:10;1.10135;1.10135;1.10123;1.10123;28;12
2024.09.12 00:20;1.10124;1.10127;1.10121;1.10125;30;12
2024.09.12 00:30;1.10127;1.10136;1.10122;1.10124;27;5
2024.09.12 00:40;1.10124;1.10133;1.10122;1.10130;32;8
2024.09.12 00:50;1.10125;1.10125;1.10117;1.10119;43;10
2024.09.12 01:00;1.10126;1.10154;1.10126;1.10135;94;0
2024.09.12 01:10;1.10135;1.10145;1.10134;1.10142;56;0
2024.09.12 01:20;1.10143;1.10145;1.10126;1.10126;50;0
2024.09.12 01:30;1.10125;1.10128;1.10120;1.10122;74;0
2024.09.12 01:40;1.10123;1.10125;1.10114;1.10120;54;0
2024.09.12 01:50;1.10120;1.10130;1.10119;1.10122;49;0
2024.09.12 02:00;1.10123;1.10130;1.10119;1.10122;85;0
2024.09.12 02:10;1.10123;1.10125;1.10112;1.10117;123;0
2024.09.12 02:20;1.10118;1.10121;1.10106;1.10108;138;0
2024.09.12 02:30;1.10109;1.10127;1.10106;1.10112;126;0
2024.09.12 02:40;1.10113;1.10122;1.10111;1.10113;119;0
2024.09.12 02:50;1.10113;1.10117;1.10102;1.10102;105;0
2024.09.12 03:00;1.10101;1.10117;1.10090;1.10096;345;0
2024.09.12 03:10;1.10098;1.10105;1.10073;1.10077;235;0
2024.09.12 03:20;1.10076;1.10084;1.10070;1.10082;187;0
2024.09.12 03:30;1.10083;1.10088;1.10071;1.10086;174;0
2024.09.12 03:40;1.10086;1.10090;1.10070;1.10083;225;0
2024.09.12 03:50;1.10082;1.10083;1.10060;1.10067;257;0
2024.09.12 04:00;1.10068;1.10094;1.10066;1.10092;437;0
2024.09.12 04:10;1.10092;1.10104;1.10082;1.10092;324;0
2024.09.12 04:20;1.10092;1.10102;1.10086;1.10092;252;0
2024.09.12 04:30;1.10092;1.10119;1.10087;1.10119;220;0
2024.09.12 04:40;1.10119;1.10129;1.10117;1.10126;144;0
2024.09.12 04:50;1.10125;1.10128;1.10107;1.10111;157;0
2024.09.12 05:00;1.10111;1.10117;1.10087;1.10095;208;0
2024.09.12 05:10;1.10095;1.10095;1.10076;1.10087;176;0
2024.09.12 05:20;1.10086;1.10107;1.10082;1.10105;208;0
2024.09.12 05:30;1.10104;1.10117;1.10103;1.10112;120;0
2024.09.12 05:40;1.10113;1.10123;1.10105;1.10114;158;0
2024.09.12 05:50;1.10114;1.10114;1.10091;1.10096;158;0
2024.09.12 06:00;1.10097;1.10125;1.10096;1.10121;182;0
2024.09.12 06:10;1.10121;1.10135;1.10114;1.10134;189;0
2024.09.12 06:20;1.10135;1.10138;1.10128;1.10132;118;0
2024.09.12 06:30;1.10133;1.10137;1.10124;1.10127;163;0
2024.09.12 06:40;1.10126;1.10131;1.10125;1.10127;98;0
2024.09.12 06:50;1.10127;1.10140;1.10126;1.10135;102;0
2024.09.12 07:00;1.10135;1.10153;1.10135;1.10152;165;0
2024.09.12 07:10;1.10151;1.10159;1.10149;1.10159;122;0
2024.09.12 07:20;1.10158;1.10163;1.10147;1.10159;133;0
2024.09.12 07:30;1.10158;1.10159;1.10144;1.10147;112;0
2024.09.12 07:40;1.10148;1.10169;1.10147;1.10165;116;0
2024.09.12 07:50;1.10165;1.10169;1.10158;1.10162;127;0
2024.09.12 08:00;1.10163;1.10164;1.10151;1.10162;155;0
2024.09.12 08:10;1.10163;1.10169;1.10156;1.10158;108;0
2024.09.12 08:20;1.10157;1.10166;1.10155;1.10166;92;0
2024.09.12 08:30;1.10166;1.10183;1.10164;1.10180;172;0
2024.09.12 08:40;1.10180;1.10193;1.10171;1.10186;178;0
2024.09.12 08:50;1.10185;1.10221;1.10174;1.10219;307;0
2024.09.12 09:00;1.10217;1.10217;1.10175;1.10192;341;0
2024.09.12 09:10;1.10192;1.10238;1.10182;1.10204;309;0
2024.09.12 09:20;1.10204;1.10208;1.10182;1.10185;249;0
2024.09.12 09:30;1.10184;1.10204;1.10180;1.10198;282;0
2024.09.12 09:40;1.10199;1.10199;1.10168;1.10178;245;0
2024.09.12 09:50;1.10177;1.10183;1.10077;1.10083;628;0
2024.09.12 10:00;1.10083;1.10119;1.10065;1.10109;652;0
2024.09.12 10:10;1.10109;1.10111;1.10062;1.10071;502;0
2024.09.12 10:20;1.10072;1.10137;1.10060;1.10135;467;0
2024.09.12 10:30;1.10136;1.10158;1.10121;1.10143;479;0
2024.09.12 10:40;1.10142;1.10149;1.10100;1.10109;403;0
2024.09.12 10:50;1.10108;1.10122;1.10072;1.10076;580;0
2024.09.12 11:00;1.10076;1.10105;1.10054;1.10103;595;0
2024.09.12 11:10;1.10103;1.10112;1.10063;1.10074;466;0
2024.09.12 11:20;1.10074;1.10178;1.10064;1.10170;495;0
2024.09.12 11:30;1.10171;1.10218;1.10155;1.10203;382;0
2024.09.12 11:40;1.10204;1.10218;1.10160;1.10165;418;0
2024.09.12 11:50;1.10164;1.10168;1.10139;1.10155;415;0
2024.09.12 12:00;1.10156;1.10189;1.10156;1.10167;416;0
2024.09.12 12:10;1.10167;1.10200;1.10161;1.10178;389;0
2024.09.12 12:20;1.10178;1.10198;1.10173;1.10182;337;0
2024.09.12 12:30;1.10183;1.10200;1.10160;1.10163;316;0
2024.09.12 12:40;1.10165;1.10180;1.10151;1.10177;378;0
2024.09.12 12:50;1.10177;1.10177;1.10127;1.10146;365;0
2024.09.12 13:00;1.10145;1.10167;1.10145;1.10147;314;0
2024.09.12 13:10;1.10146;1.10199;1.10146;1.10191;338;0
2024.09.12 13:20;1.10192;1.10198;1.10176;1.10184;328;0
2024.09.12 13:30;1.10183;1.10195;1.10168;1.10195;278;0
2024.09.12 13:40;1.10195;1.10235;1.10192;1.10215;305;0
2024.09.12 13:50;1.10214;1.10230;1.10196;1.10218;370;0
2024.09.12 14:00;1.10217;1.10229;1.10203;1.10206;318;0
2024.09.12 14:10;1.10205;1.10205;1.10171;1.10192;361;0
2024.09.12 14:20;1.10191;1.10207;1.10186;1.10193;299;0
2024.09.12 14:30;1.10191;1.10231;1.10171;1.10220;322;0
2024.09.12 14:40;1.10221;1.10235;1.10161;1.10166;412;0
2024.09.12 14:50;1.10166;1.10169;1.10129;1.10137;455;0
2024.09.12 15:00;1.10138;1.10175;1.10136;1.10156;536;0
2024.09.12 15:10;1.10157;1.10265;1.10102;1.10145;882;0
2024.09.12 15:20;1.10144;1.10229;1.10144;1.10203;926;0
2024.09.12 15:30;1.10204;1.10272;1.10112;1.10246;1454;2
2024.09.12 15:40;1.10244;1.10321;1.10219;1.10274;1246;2
2024.09.12 15:50;1.10273;1.10297;1.10214;1.10251;923;0
2024.09.12 16:00;1.10251;1.10400;1.10246;1.10397;962;0
2024.09.12 16:10;1.10390;1.10406;1.10324;1.10359;1050;1
2024.09.12 16:20;1.10358;1.10396;1.10264;1.10394;948;0
2024.09.12 16:30;1.10393;1.10402;1.10299;1.10381;949;0
2024.09.12 16:40;1.10382;1.10400;1.10361;1.10383;874;0
2024.09.12 16:50;1.10383;1.10399;1.10352;1.10372;812;0
2024.09.12 17:00;1.10368;1.10374;1.10323;1.10348;881;0
2024.09.12 17:10;1.10347;1.10395;1.10326;1.10379;709;0
2024.09.12 17:20;1.10376;1.10383;1.10344;1.10367;659;0
2024.09.12 17:30;1.10369;1.10377;1.10298;1.10350;751;0
2024.09.12 17:40;1.10351;1.10456;1.10349;1.10450;752;0
2024.09.12 17:50;1.10449;1.10471;1.10376;1.10399;911;0
2024.09.12 18:00;1.10399;1.10403;1.10358;1.10377;643;0
2024.09.12 18:10;1.10376;1.10382;1.10310;1.10313;493;0
2024.09.12 18:20;1.10314;1.10365;1.10308;1.10343;538;0
2024.09.12 18:30;1.10342;1.10389;1.10334;1.10389;458;0
2024.09.12 18:40;1.10391;1.10413;1.10359;1.10413;346;0
2024.09.12 18:50;1.10413;1.10427;1.10340;1.10401;489;0
2024.09.12 19:00;1.10401;1.10479;1.10400;1.10464;483;0
2024.09.12 19:10;1.10463;1.10475;1.10424;1.10472;454;0
2024.09.12 19:20;1.10472;1.10480;1.10416;1.10418;510;0
2024.09.12 19:30;1.10417;1.10428;1.10383;1.10383;348;0
2024.09.12 19:40;1.10384;1.10408;1.10369;1.10402;328;0
2024.09.12 19:50;1.10403;1.10478;1.10402;1.10461;441;0
2024.09.12 20:00;1.10461;1.10509;1.10447;1.10496;616;0
2024.09.12 20:10;1.10495;1.10500;1.10462;1.10472;641;0
2024.09.12 20:20;1.10471;1.10477;1.10431;1.10464;505;0
2024.09.12 20:30;1.10466;1.10474;1.10424;1.10448;409;0
2024.09.12 20:40;1.10447;1.10454;1.10424;1.10436;383;0
2024.09.12 20:50;1.10435;1.10567;1.10435;1.10564;603;0
2024.09.12 21:00;1.10563;1.10564;1.10512;1.10520;556;0
2024.09.12 21:10;1.10519;1.10604;1.10511;1.10572;622;1
2024.09.12 21:20;1.10572;1.10614;1.10552;1.10600;541;0
2024.09.12 21:30;1.10599;1.10620;1.10591;1.10610;418;0
2024.09.12 21:40;1.10609;1.10614;1.10580;1.10594;333;0
2024.09.12 21:50;1.10594;1.10624;1.10582;1.10608;570;0
2024.09.12 22:00;1.10608;1.10644;1.10599;1.10636;517;0
2024.09.12 22:10;1.10635;1.10657;1.10622;1.10641;405;0
2024.09.12 22:20;1.10640;1.10655;1.10633;1.10655;414;0
2024.09.12 22:30;1.10655;1.10717;1.10655;1.10709;429;0
2024.09.12 22:40;1.10709;1.10713;1.10684;1.10694;388;0
2024.09.12 22:50;1.10694;1.10705;1.10666;1.10705;518;0
2024.09.12 23:00;1.10704;1.10705;1.10683;1.10703;314;0
2024.09.12 23:10;1.10704;1.10719;1.10703;1.10719;282;0
2024.09.12 23:20;1.10720;1.10751;1.10720;1.10744;185;0
2024.09.12 23:30;1.10745;1.10745;1.10724;1.10738;158;0
2024.09.12 23:40;1.10738;1.10749;1.10733;1.10734;258;0
2024.09.12 23:50;1.10733;1.10749;1.10728;1.10741;382;0
2024.09.13 00:00;1.10702;1.10742;1.10684;1.10730;33;4
2024.09.13 00:10;1.10731;1.10731;1.10718;1.10720;45;6
2024.09.13 00:20;1.10721;1.10732;1.10720;1.10732;11;4
2024.09.13 00:30;1.10731;1.10737;1.10727;1.10737;20;4
2024.09.13 00:40;1.10737;1.10737;1.10730;1.10735;10;9
2024.09.13 00:50;1.10735;1.10741;1.10729;1.10737;19;4
2024.09.13 01:00;1.10746;1.10758;1.10736;1.10736;120;0
2024.09.13 01:10;1.10738;1.10743;1.10716;1.10720;123;0
2024.09.13 01:20;1.10721;1.10721;1.10703;1.10712;93;0
2024.09.13 01:30;1.10712;1.10736;1.10710;1.10734;149;0
2024.09.13 01:40;1.10734;1.10743;1.10723;1.10730;143;0
2024.09.13 01:50;1.10731;1.10734;1.10717;1.10717;86;0
2024.09.13 02:00;1.10719;1.10757;1.10717;1.10741;235;0
2024.09.13 02:10;1.10741;1.10760;1.10735;1.10756;164;0
2024.09.13 02:20;1.10756;1.10760;1.10742;1.10752;182;0
2024.09.13 02:30;1.10751;1.10752;1.10737;1.10744;135;0
2024.09.13 02:40;1.10745;1.10772;1.10745;1.10772;144;0
2024.09.13 02:50;1.10773;1.10791;1.10772;1.10789;224;0
2024.09.13 03:00;1.10787;1.10798;1.10775;1.10798;374;0
2024.09.13 03:10;1.10798;1.10840;1.10798;1.10837;315;0
2024.09.13 03:20;1.10836;1.10844;1.10817;1.10826;270;0
2024.09.13 03:30;1.10826;1.10840;1.10805;1.10834;272;0
2024.09.13 03:40;1.10835;1.10864;1.10835;1.10850;234;0
2024.09.13 03:50;1.10849;1.10875;1.10841;1.10872;324;0
2024.09.13 04:00;1.10872;1.10891;1.10867;1.10878;439;0
2024.09.13 04:10;1.10878;1.10885;1.10842;1.10843;377;0
2024.09.13 04:20;1.10844;1.10863;1.10838;1.10847;247;0
2024.09.13 04:30;1.10846;1.10858;1.10827;1.10849;328;0
2024.09.13 04:40;1.10849;1.10850;1.10803;1.10813;220;0
2024.09.13 04:50;1.10814;1.10820;1.10804;1.10816;263;0
2024.09.13 05:00;1.10817;1.10870;1.10793;1.10856;351;0
2024.09.13 05:10;1.10857;1.10890;1.10844;1.10874;350;0
2024.09.13 05:20;1.10873;1.10898;1.10873;1.10888;282;0
2024.09.13 05:30;1.10887;1.10893;1.10863;1.10873;227;0
2024.09.13 05:40;1.10874;1.10876;1.10853;1.10875;243;0
2024.09.13 05:50;1.10876;1.10886;1.10864;1.10868;291;0
2024.09.13 06:00;1.10867;1.10868;1.10840;1.10860;336;0
2024.09.13 06:10;1.10860;1.10867;1.10840;1.10860;255;0
2024.09.13 06:20;1.10860;1.10887;1.10860;1.10884;232;0
2024.09.13 06:30;1.10885;1.10901;1.10878;1.10879;201;0
2024.09.13 06:40;1.10879;1.10879;1.10857;1.10861;175;0
2024.09.13 06:50;1.10861;1.10873;1.10854;1.10869;138;0
2024.09.13 07:00;1.10870;1.10881;1.10862;1.10865;198;0
2024.09.13 07:10;1.10865;1.10870;1.10861;1.10868;126;0
2024.09.13 07:20;1.10869;1.10870;1.10859;1.10861;133;0
2024.09.13 07:30;1.10861;1.10883;1.10861;1.10867;137;0
2024.09.13 07:40;1.10866;1.10868;1.10846;1.10855;168;0
2024.09.13 07:50;1.10855;1.10868;1.10840;1.10844;202;0
2024.09.13 08:00;1.10845;1.10847;1.10828;1.10835;250;0
2024.09.13 08:10;1.10834;1.10842;1.10820;1.10838;162;0
2024.09.13 08:20;1.10839;1.10846;1.10831;1.10834;87;0
2024.09.13 08:30;1.10834;1.10849;1.10830;1.10839;178;0
2024.09.13 08:40;1.10840;1.10862;1.10822;1.10830;255;0
2024.09.13 08:50;1.10830;1.10843;1.10815;1.10825;293;0
2024.09.13 09:00;1.10824;1.10846;1.10804;1.10810;461;0
2024.09.13 09:10;1.10811;1.10815;1.10777;1.10779;416;0
2024.09.13 09:20;1.10780;1.10786;1.10749;1.10759;342;0
2024.09.13 09:30;1.10760;1.10786;1.10747;1.10755;374;0
2024.09.13 09:40;1.10755;1.10793;1.10745;1.10766;337;0
2024.09.13 09:50;1.10765;1.10795;1.10745;1.10788;460;0
2024.09.13 10:00;1.10788;1.10797;1.10747;1.10775;620;0
2024.09.13 10:10;1.10773;1.10778;1.10730;1.10756;565;0
2024.09.13 10:20;1.10756;1.10819;1.10755;1.10813;464;0
2024.09.13 10:30;1.10815;1.10854;1.10810;1.10852;482;0
2024.09.13 10:40;1.10853;1.10882;1.10841;1.10880;379;0
2024.09.13 10:50;1.10881;1.10940;1.10873;1.10924;602;0
2024.09.13 11:00;1.10924;1.10932;1.10900;1.10916;474;0
2024.09.13 11:10;1.10917;1.10935;1.10903;1.10925;517;0
2024.09.13 11:20;1.10926;1.10932;1.10876;1.10896;463;0
2024.09.13 11:30;1.10897;1.10923;1.10887;1.10889;438;0
2024.09.13 11:40;1.10889;1.10902;1.10858;1.10892;395;0
2024.09.13 11:50;1.10893;1.10939;1.10886;1.10926;396;0
2024.09.13 12:00;1.10927;1.10943;1.10895;1.10901;423;0
2024.09.13 12:10;1.10901;1.10911;1.10882;1.10907;406;0
2024.09.13 12:20;1.10908;1.10966;1.10886;1.10949;483;0
2024.09.13 12:30;1.10950;1.10970;1.10934;1.10969;486;0
2024.09.13 12:40;1.10969;1.11008;1.10956;1.10959;529;0
2024.09.13 12:50;1.10960;1.10979;1.10910;1.10918;475;0
2024.09.13 13:00;1.10918;1.10932;1.10912;1.10925;400;0
2024.09.13 13:10;1.10926;1.10927;1.10880;1.10901;453;0
2024.09.13 13:20;1.10902;1.10924;1.10889;1.10923;335;0
2024.09.13 13:30;1.10924;1.10942;1.10893;1.10939;425;0
2024.09.13 13:40;1.10939;1.10973;1.10918;1.10935;533;0
2024.09.13 13:50;1.10936;1.10949;1.10868;1.10905;482;0
2024.09.13 14:00;1.10905;1.10931;1.10880;1.10908;496;0
2024.09.13 14:10;1.10909;1.10917;1.10881;1.10891;438;0
2024.09.13 14:20;1.10890;1.10902;1.10868;1.10874;490;0
2024.09.13 14:30;1.10874;1.10892;1.10853;1.10863;495;0
2024.09.13 14:40;1.10864;1.10864;1.10811;1.10820;496;0
2024.09.13 14:50;1.10820;1.10853;1.10811;1.10843;513;0
2024.09.13 15:00;1.10845;1.10852;1.10792;1.10811;643;0
2024.09.13 15:10;1.10812;1.10867;1.10812;1.10853;530;0
2024.09.13 15:20;1.10855;1.10883;1.10830;1.10840;603;0
2024.09.13 15:30;1.10841;1.10897;1.10831;1.10837;823;0
2024.09.13 15:40;1.10838;1.10888;1.10806;1.10883;667;0
2024.09.13 15:50;1.10882;1.10935;1.10872;1.10930;567;0
2024.09.13 16:00;1.10931;1.10997;1.10923;1.10994;678;0
2024.09.13 16:10;1.10993;1.11018;1.10965;1.10985;798;0
2024.09.13 16:20;1.10987;1.10993;1.10916;1.10932;839;0
2024.09.13 16:30;1.10933;1.10960;1.10910;1.10932;844;0
2024.09.13 16:40;1.10929;1.10954;1.10879;1.10918;764;0
2024.09.13 16:50;1.10918;1.10956;1.10902;1.10945;724;0
2024.09.13 17:00;1.10943;1.10951;1.10893;1.10928;1129;0
2024.09.13 17:10;1.10929;1.10942;1.10855;1.10884;981;0
2024.09.13 17:20;1.10884;1.10941;1.10869;1.10907;893;0
2024.09.13 17:30;1.10907;1.10932;1.10879;1.10919;823;0
2024.09.13 17:40;1.10921;1.10941;1.10897;1.10899;830;0
2024.09.13 17:50;1.10898;1.10900;1.10844;1.10889;828;0
2024.09.13 18:00;1.10888;1.10919;1.10864;1.10865;758;0
2024.09.13 18:10;1.10865;1.10885;1.10837;1.10878;635;0
2024.09.13 18:20;1.10878;1.10901;1.10851;1.10874;579;0
2024.09.13 18:30;1.10874;1.10880;1.10824;1.10828;538;0
2024.09.13 18:40;1.10830;1.10849;1.10824;1.10833;408;0
2024.09.13 18:50;1.10832;1.10863;1.10820;1.10842;425;0
2024.09.13 19:00;1.10844;1.10850;1.10786;1.10818;613;0
2024.09.13 19:10;1.10819;1.10834;1.10795;1.10822;460;0
2024.09.13 19:20;1.10822;1.10831;1.10785;1.10821;560;0
2024.09.13 19:30;1.10822;1.10824;1.10769;1.10776;519;0
2024.09.13 19:40;1.10776;1.10798;1.10769;1.10795;343;0
2024.09.13 19:50;1.10796;1.10840;1.10795;1.10840;359;0
2024.09.13 20:00;1.10839;1.10859;1.10814;1.10824;422;0
2024.09.13 20:10;1.10824;1.10844;1.10822;1.10833;332;0
2024.09.13 20:20;1.10833;1.10849;1.10819;1.10833;284;0
2024.09.13 20:30;1.10834;1.10841;1.10812;1.10813;280;0
2024.09.13 20:40;1.10813;1.10823;1.10801;1.10809;285;0
2024.09.13 20:50;1.10809;1.10827;1.10809;1.10816;259;0
2024.09.13 21:00;1.10815;1.10832;1.10804;1.10827;311;0
2024.09.13 21:10;1.10827;1.10845;1.10821;1.10830;246;0
2024.09.13 21:20;1.10829;1.10837;1.10816;1.10835;308;0
2024.09.13 21:30;1.10836;1.10836;1.10804;1.10806;230;0
2024.09.13 21:40;1.10806;1.10819;1.10793;1.10801;290;0
2024.09.13 21:50;1.10801;1.10802;1.10766;1.10780;338;0
2024.09.13 22:00;1.10779;1.10781;1.10760;1.10767;326;0
2024.09.13 22:10;1.10766;1.10797;1.10765;1.10792;228;0
2024.09.13 22:20;1.10793;1.10813;1.10789;1.10802;235;0
2024.09.13 22:30;1.10802;1.10803;1.10783;1.10787;317;0
2024.09.13 22:40;1.10787;1.10788;1.10764;1.10772;280;0
2024.09.13 22:50;1.10772;1.10783;1.10770;1.10778;340;0
2024.09.13 23:00;1.10777;1.10782;1.10765;1.10770;200;0
2024.09.13 23:10;1.10769;1.10773;1.10762;1.10772;98;0
2024.09.13 23:20;1.10773;1.10773;1.10744;1.10749;96;0
2024.09.13 23:30;1.10750;1.10758;1.10734;1.10742;101;0
2024.09.13 23:40;1.10741;1.10742;1.10729;1.10735;227;0
2024.09.13 23:50;1.10736;1.10747;1.10728;1.10745;191;0
2024.09.16 00:00;1.10755;1.10781;1.10755;1.10773;49;39
2024.09.16 00:10;1.10773;1.10778;1.10753;1.10765;251;31
2024.09.16 00:20;1.10761;1.10767;1.10746;1.10748;167;40
2024.09.16 00:30;1.10749;1.10761;1.10740;1.10760;116;27
2024.09.16 00:40;1.10758;1.10765;1.10753;1.10753;45;27
2024.09.16 00:50;1.10753;1.10765;1.10752;1.10758;58;27
2024.09.16 01:00;1.10757;1.10822;1.10757;1.10810;292;1
2024.09.16 01:10;1.10811;1.10822;1.10805;1.10820;69;1
2024.09.16 01:20;1.10820;1.10862;1.10817;1.10861;198;1
2024.09.16 01:30;1.10860;1.10870;1.10855;1.10859;182;1
2024.09.16 01:40;1.10860;1.10869;1.10857;1.10858;107;1
2024.09.16 01:50;1.10858;1.10872;1.10856;1.10868;104;1
2024.09.16 02:00;1.10868;1.10870;1.10849;1.10863;120;1
2024.09.16 02:10;1.10864;1.10875;1.10850;1.10875;121;1
2024.09.16 02:20;1.10875;1.10879;1.10869;1.10870;78;1
2024.09.16 02:30;1.10872;1.10894;1.10870;1.10888;114;1
2024.09.16 02:40;1.10887;1.10894;1.10873;1.10877;148;1
2024.09.16 02:50;1.10878;1.10885;1.10871;1.10873;194;1
2024.09.16 03:00;1.10874;1.10902;1.10870;1.10882;302;1
2024.09.16 03:10;1.10881;1.10910;1.10880;1.10908;156;1
2024.09.16 03:20;1.10908;1.10914;1.10898;1.10908;149;1
2024.09.16 03:30;1.10907;1.10920;1.10904;1.10920;196;1
2024.09.16 03:40;1.10921;1.10923;1.10906;1.10920;143;1
2024.09.16 03:50;1.10919;1.10922;1.10893;1.10893;214;1
2024.09.16 04:00;1.10893;1.10913;1.10882;1.10882;183;1
2024.09.16 04:10;1.10883;1.10903;1.10877;1.10901;230;1
2024.09.16 04:20;1.10900;1.10923;1.10894;1.10919;148;0
2024.09.16 04:30;1.10919;1.10925;1.10894;1.10900;226;1
2024.09.16 04:40;1.10899;1.10905;1.10879;1.10894;191;1
2024.09.16 04:50;1.10895;1.10895;1.10874;1.10877;200;1
2024.09.16 05:00;1.10878;1.10891;1.10871;1.10873;196;1
2024.09.16 05:10;1.10873;1.10887;1.10865;1.10887;108;1
2024.09.16 05:20;1.10886;1.10890;1.10868;1.10879;124;1
2024.09.16 05:30;1.10880;1.10885;1.10867;1.10880;154;1
2024.09.16 05:40;1.10878;1.10903;1.10873;1.10901;143;1
2024.09.16 05:50;1.10901;1.10910;1.10889;1.10891;136;1
2024.09.16 06:00;1.10891;1.10897;1.10879;1.10886;135;1
2024.09.16 06:10;1.10886;1.10939;1.10885;1.10939;150;1
2024.09.16 06:20;1.10939;1.10977;1.10931;1.10970;307;1
2024.09.16 06:30;1.10970;1.10999;1.10970;1.10984;289;1
2024.09.16 06:40;1.10985;1.11031;1.10985;1.11026;301;1
2024.09.16 06:50;1.11026;1.11047;1.11021;1.11039;370;1
2024.09.16 07:00;1.11039;1.11043;1.11020;1.11038;313;1
2024.09.16 07:10;1.11038;1.11047;1.11021;1.11023;275;1
2024.09.16 07:20;1.11022;1.11024;1.11000;1.11008;235;1
2024.09.16 07:30;1.11008;1.11008;1.10986;1.10993;161;1
2024.09.16 07:40;1.10992;1.10992;1.10968;1.10983;199;1
2024.09.16 07:50;1.10982;1.10987;1.10970;1.10970;92;1
2024.09.16 08:00;1.10969;1.10992;1.10967;1.10971;145;1
2024.09.16 08:10;1.10970;1.10973;1.10962;1.10971;147;1
2024.09.16 08:20;1.10971;1.10974;1.10965;1.10970;147;1
2024.09.16 08:30;1.10971;1.10971;1.10957;1.10963;160;1
2024.09.16 08:40;1.10963;1.10995;1.10957;1.10991;147;1
2024.09.16 08:50;1.10990;1.10990;1.10973;1.10983;194;1
2024.09.16 09:00;1.10983;1.11016;1.10975;1.10989;391;0
2024.09.16 09:10;1.10989;1.11040;1.10975;1.11030;359;0
2024.09.16 09:20;1.11029;1.11043;1.11011;1.11022;372;0
2024.09.16 09:30;1.11022;1.11069;1.11020;1.11067;423;0
2024.09.16 09:40;1.11067;1.11120;1.11059;1.11117;511;0
2024.09.16 09:50;1.11118;1.11158;1.11110;1.11145;467;0
2024.09.16 10:00;1.11145;1.11145;1.11097;1.11112;560;0
2024.09.16 10:10;1.11113;1.11128;1.11104;1.11115;477;0
2024.09.16 10:20;1.11114;1.11124;1.11095;1.11106;498;0
2024.09.16 10:30;1.11105;1.11197;1.11105;1.11180;487;0
2024.09.16 10:40;1.11179;1.11198;1.11153;1.11176;477;0
2024.09.16 10:50;1.11176;1.11176;1.11131;1.11150;550;0
2024.09.16 11:00;1.11148;1.11177;1.11137;1.11174;485;0
2024.09.16 11:10;1.11174;1.11211;1.11161;1.11209;521;0
2024.09.16 11:20;1.11209;1.11231;1.11201;1.11226;454;0
2024.09.16 11:30;1.11227;1.11231;1.11193;1.11194;547;0
2024.09.16 11:40;1.11195;1.11237;1.11194;1.11211;463;0
2024.09.16 11:50;1.11212;1.11261;1.11197;1.11228;485;0
2024.09.16 12:00;1.11228;1.11288;1.11193;1.11284;603;0
2024.09.16 12:10;1.11284;1.11290;1.11254;1.11284;477;0
2024.09.16 12:20;1.11284;1.11288;1.11264;1.11279;476;0
2024.09.16 12:30;1.11280;1.11289;1.11214;1.11219;397;0
2024.09.16 12:40;1.11220;1.11236;1.11203;1.11208;417;0
2024.09.16 12:50;1.11208;1.11210;1.11180;1.11205;472;0
2024.09.16 13:00;1.11207;1.11246;1.11203;1.11233;417;0
2024.09.16 13:10;1.11234;1.11268;1.11231;1.11262;391;0
2024.09.16 13:20;1.11263;1.11278;1.11254;1.11265;328;0
2024.09.16 13:30;1.11266;1.11281;1.11228;1.11231;368;0
2024.09.16 13:40;1.11229;1.11237;1.11200;1.11223;372;0
2024.09.16 13:50;1.11223;1.11232;1.11209;1.11219;349;0
2024.09.16 14:00;1.11220;1.11256;1.11205;1.11207;407;0
2024.09.16 14:10;1.11208;1.11216;1.11159;1.11164;381;0
2024.09.16 14:20;1.11164;1.11213;1.11163;1.11206;420;0
2024.09.16 14:30;1.11207;1.11254;1.11200;1.11249;394;0
2024.09.16 14:40;1.11250;1.11255;1.11221;1.11222;361;0
2024.09.16 14:50;1.11222;1.11249;1.11210;1.11237;443;0
2024.09.16 15:00;1.11237;1.11280;1.11233;1.11259;541;0
2024.09.16 15:10;1.11258;1.11287;1.11237;1.11256;445;0
2024.09.16 15:20;1.11252;1.11299;1.11252;1.11293;549;0
2024.09.16 15:30;1.11272;1.11326;1.11207;1.11214;871;0
2024.09.16 15:40;1.11213;1.11232;1.11165;1.11230;821;0
2024.09.16 15:50;1.11230;1.11252;1.11200;1.11249;745;0
2024.09.16 16:00;1.11248;1.11258;1.11227;1.11239;666;0
2024.09.16 16:10;1.11239;1.11313;1.11238;1.11269;665;0
2024.09.16 16:20;1.11270;1.11309;1.11241;1.11306;638;0
2024.09.16 16:30;1.11305;1.11375;1.11301;1.11328;871;0
2024.09.16 16:40;1.11327;1.11345;1.11264;1.11293;813;0
2024.09.16 16:50;1.11295;1.11312;1.11273;1.11294;688;0
2024.09.16 17:00;1.11298;1.11299;1.11205;1.11223;764;0
2024.09.16 17:10;1.11222;1.11282;1.11210;1.11274;599;0
2024.09.16 17:20;1.11274;1.11284;1.11253;1.11276;526;0
2024.09.16 17:30;1.11277;1.11306;1.11259;1.11286;563;0
2024.09.16 17:40;1.11285;1.11287;1.11181;1.11214;679;0
2024.09.16 17:50;1.11215;1.11251;1.11209;1.11238;680;0
2024.09.16 18:00;1.11238;1.11238;1.11191;1.11227;603;0
2024.09.16 18:10;1.11227;1.11241;1.11203;1.11222;553;0
2024.09.16 18:20;1.11222;1.11243;1.11212;1.11230;452;0
2024.09.16 18:30;1.11234;1.11238;1.11165;1.11188;477;0
2024.09.16 18:40;1.11188;1.11208;1.11170;1.11201;374;0
2024.09.16 18:50;1.11200;1.11226;1.11169;1.11226;461;0
2024.09.16 19:00;1.11226;1.11267;1.11226;1.11252;454;0
2024.09.16 19:10;1.11251;1.11251;1.11194;1.11207;393;0
2024.09.16 19:20;1.11207;1.11244;1.11201;1.11241;415;0
2024.09.16 19:30;1.11242;1.11269;1.11237;1.11258;316;0
2024.09.16 19:40;1.11257;1.11284;1.11256;1.11266;330;0
2024.09.16 19:50;1.11266;1.11301;1.11259;1.11288;381;0
2024.09.16 20:00;1.11289;1.11300;1.11270;1.11277;340;0
2024.09.16 20:10;1.11278;1.11284;1.11237;1.11242;275;0
2024.09.16 20:20;1.11243;1.11248;1.11209;1.11222;247;0
2024.09.16 20:30;1.11222;1.11223;1.11161;1.11169;330;0
2024.09.16 20:40;1.11170;1.11202;1.11165;1.11202;309;0
2024.09.16 20:50;1.11201;1.11240;1.11181;1.11233;331;0
2024.09.16 21:00;1.11234;1.11243;1.11219;1.11226;409;0
2024.09.16 21:10;1.11227;1.11228;1.11201;1.11206;283;0
2024.09.16 21:20;1.11206;1.11235;1.11201;1.11230;221;0
2024.09.16 21:30;1.11231;1.11241;1.11222;1.11240;234;0
2024.09.16 21:40;1.11241;1.11243;1.11211;1.11218;250;0
2024.09.16 21:50;1.11219;1.11224;1.11197;1.11207;369;0
2024.09.16 22:00;1.11208;1.11224;1.11198;1.11201;262;0
2024.09.16 22:10;1.11201;1.11205;1.11187;1.11198;221;0
2024.09.16 22:20;1.11199;1.11229;1.11190;1.11215;316;0
2024.09.16 22:30;1.11216;1.11259;1.11211;1.11254;313;0
2024.09.16 22:40;1.11254;1.11273;1.11250;1.11268;281;0
2024.09.16 22:50;1.11269;1.11297;1.11269;1.11288;303;0
2024.09.16 23:00;1.11289;1.11303;1.11279;1.11301;208;0
2024.09.16 23:10;1.11301;1.11302;1.11285;1.11285;147;0
2024.09.16 23:20;1.11286;1.11303;1.11286;1.11298;119;0
2024.09.16 23:30;1.11298;1.11309;1.11295;1.11306;157;0
2024.09.16 23:40;1.11305;1.11333;1.11301;1.11323;134;0
2024.09.16 23:50;1.11324;1.11331;1.11322;1.11325;186;0
2024.09.17 00:00;1.11317;1.11318;1.11293;1.11314;61;12
2024.09.17 00:10;1.11313;1.11320;1.11310;1.11317;53;9
2024.09.17 00:20;1.11318;1.11320;1.11306;1.11313;54;4
2024.09.17 00:30;1.11312;1.11314;1.11303;1.11312;46;10
2024.09.17 00:40;1.11311;1.11312;1.11308;1.11309;53;9
2024.09.17 00:50;1.11310;1.11310;1.11305;1.11306;23;10
2024.09.17 01:00;1.11305;1.11313;1.11278;1.11304;107;1
2024.09.17 01:10;1.11304;1.11304;1.11282;1.11285;77;1
2024.09.17 01:20;1.11286;1.11291;1.11281;1.11286;70;1
2024.09.17 01:30;1.11285;1.11288;1.11276;1.11279;78;1
2024.09.17 01:40;1.11280;1.11286;1.11275;1.11283;95;1
2024.09.17 01:50;1.11282;1.11283;1.11268;1.11272;92;1
2024.09.17 02:00;1.11275;1.11287;1.11253;1.11256;119;1
2024.09.17 02:10;1.11257;1.11257;1.11231;1.11244;167;1
2024.09.17 02:20;1.11245;1.11269;1.11245;1.11267;206;1
2024.09.17 02:30;1.11267;1.11280;1.11265;1.11278;121;1
2024.09.17 02:40;1.11279;1.11291;1.11277;1.11287;190;1
2024.09.17 02:50;1.11288;1.11300;1.11287;1.11290;159;1
2024.09.17 03:00;1.11291;1.11312;1.11282;1.11308;285;1
2024.09.17 03:10;1.11308;1.11311;1.11265;1.11265;270;1
2024.09.17 03:20;1.11265;1.11278;1.11259;1.11273;237;1
2024.09.17 03:30;1.11272;1.11292;1.11257;1.11258;239;1
2024.09.17 03:40;1.11259;1.11264;1.11221;1.11225;219;1
2024.09.17 03:50;1.11225;1.11239;1.11219;1.11229;252;1
2024.09.17 04:00;1.11229;1.11242;1.11225;1.11238;204;1
2024.09.17 04:10;1.11239;1.11257;1.11237;1.11246;273;1
2024.09.17 04:20;1.11245;1.11252;1.11234;1.11236;220;1
2024.09.17 04:30;1.11235;1.11262;1.11235;1.11251;237;1
2024.09.17 04:40;1.11251;1.11278;1.11248;1.11257;252;1
2024.09.17 04:50;1.11256;1.11295;1.11255;1.11278;247;1
2024.09.17 05:00;1.11277;1.11291;1.11271;1.11278;211;1
2024.09.17 05:10;1.11277;1.11291;1.11261;1.11263;251;1
2024.09.17 05:20;1.11262;1.11291;1.11248;1.11285;205;1
2024.09.17 05:30;1.11286;1.11293;1.11278;1.11283;143;1
2024.09.17 05:40;1.11284;1.11294;1.11274;1.11280;164;1
2024.09.17 05:50;1.11280;1.11297;1.11271;1.11271;159;1
2024.09.17 06:00;1.11269;1.11269;1.11234;1.11245;161;1
2024.09.17 06:10;1.11245;1.11277;1.11243;1.11275;189;1
2024.09.17 06:20;1.11276;1.11283;1.11259;1.11265;144;1
2024.09.17 06:30;1.11265;1.11267;1.11255;1.11262;152;1
2024.09.17 06:40;1.11261;1.11261;1.11235;1.11243;137;1
2024.09.17 06:50;1.11243;1.11254;1.11227;1.11238;219;1
2024.09.17 07:00;1.11239;1.11242;1.11222;1.11228;131;1
2024.09.17 07:10;1.11229;1.11231;1.11220;1.11226;173;1
2024.09.17 07:20;1.11227;1.11232;1.11217;1.11232;175;1
2024.09.17 07:30;1.11231;1.11239;1.11226;1.11235;156;1
2024.09.17 07:40;1.11235;1.11241;1.11227;1.11233;142;1
2024.09.17 07:50;1.11232;1.11245;1.11231;1.11243;117;1
2024.09.17 08:00;1.11242;1.11248;1.11219;1.11228;179;1
2024.09.17 08:10;1.11229;1.11238;1.11226;1.11235;121;1
2024.09.17 08:20;1.11235;1.11258;1.11234;1.11256;167;1
2024.09.17 08:30;1.11256;1.11273;1.11253;1.11264;139;1
2024.09.17 08:40;1.11265;1.11289;1.11260;1.11260;144;1
2024.09.17 08:50;1.11260;1.11271;1.11249;1.11267;213;1
2024.09.17 09:00;1.11268;1.11303;1.11256;1.11280;373;0
2024.09.17 09:10;1.11279;1.11312;1.11275;1.11276;325;0
2024.09.17 09:20;1.11276;1.11307;1.11270;1.11300;329;0
2024.09.17 09:30;1.11300;1.11333;1.11299;1.11321;322;0
2024.09.17 09:40;1.11322;1.11323;1.11290;1.11292;415;0
2024.09.17 09:50;1.11291;1.11291;1.11209;1.11209;432;0
2024.09.17 10:00;1.11209;1.11228;1.11174;1.11203;616;0
2024.09.17 10:10;1.11203;1.11208;1.11157;1.11191;607;0
2024.09.17 10:20;1.11191;1.11253;1.11190;1.11239;491;0
2024.09.17 10:30;1.11240;1.11283;1.11240;1.11281;450;0
2024.09.17 10:40;1.11283;1.11366;1.11281;1.11336;555;0
2024.09.17 10:50;1.11337;1.11378;1.11335;1.11362;503;0
2024.09.17 11:00;1.11360;1.11368;1.11330;1.11357;473;0
2024.09.17 11:10;1.11358;1.11370;1.11330;1.11352;504;0
2024.09.17 11:20;1.11351;1.11368;1.11331;1.11337;372;0
2024.09.17 11:30;1.11338;1.11374;1.11336;1.11374;329;0
2024.09.17 11:40;1.11373;1.11401;1.11372;1.11385;453;0
2024.09.17 11:50;1.11384;1.11462;1.11384;1.11446;505;0
2024.09.17 12:00;1.11448;1.11449;1.11367;1.11412;632;0
2024.09.17 12:10;1.11408;1.11418;1.11377;1.11391;393;0
2024.09.17 12:20;1.11391;1.11409;1.11377;1.11397;387;0
2024.09.17 12:30;1.11397;1.11401;1.11384;1.11395;398;0
2024.09.17 12:40;1.11394;1.11396;1.11348;1.11355;384;0
2024.09.17 12:50;1.11356;1.11382;1.11346;1.11380;481;0
2024.09.17 13:00;1.11381;1.11398;1.11376;1.11395;339;0
2024.09.17 13:10;1.11395;1.11397;1.11358;1.11371;324;0
2024.09.17 13:20;1.11372;1.11376;1.11339;1.11363;334;0
2024.09.17 13:30;1.11361;1.11382;1.11353;1.11355;305;0
2024.09.17 13:40;1.11356;1.11358;1.11318;1.11339;358;0
2024.09.17 13:50;1.11339;1.11356;1.11335;1.11342;315;0
2024.09.17 14:00;1.11342;1.11351;1.11301;1.11311;357;0
2024.09.17 14:10;1.11311;1.11325;1.11303;1.11314;274;0
2024.09.17 14:20;1.11313;1.11353;1.11312;1.11343;321;0
2024.09.17 14:30;1.11343;1.11365;1.11337;1.11363;316;0
2024.09.17 14:40;1.11362;1.11427;1.11361;1.11400;414;0
2024.09.17 14:50;1.11400;1.11416;1.11367;1.11385;436;0
2024.09.17 15:00;1.11387;1.11416;1.11373;1.11386;631;0
2024.09.17 15:10;1.11385;1.11418;1.11377;1.11386;467;0
2024.09.17 15:20;1.11385;1.11397;1.11317;1.11338;670;0
2024.09.17 15:30;1.11341;1.11436;1.11211;1.11214;1655;0
2024.09.17 15:40;1.11213;1.11266;1.11194;1.11209;1276;0
2024.09.17 15:50;1.11209;1.11256;1.11178;1.11247;999;0
2024.09.17 16:00;1.11247;1.11278;1.11150;1.11264;1018;0
2024.09.17 16:10;1.11264;1.11275;1.11226;1.11256;895;0
2024.09.17 16:20;1.11255;1.11273;1.11192;1.11194;893;0
2024.09.17 16:30;1.11192;1.11194;1.11149;1.11161;922;0
2024.09.17 16:40;1.11160;1.11224;1.11149;1.11181;948;0
2024.09.17 16:50;1.11173;1.11215;1.11117;1.11131;1004;0
2024.09.17 17:00;1.11131;1.11238;1.11131;1.11219;969;0
2024.09.17 17:10;1.11218;1.11283;1.11202;1.11257;899;0
2024.09.17 17:20;1.11258;1.11271;1.11216;1.11241;893;0
2024.09.17 17:30;1.11242;1.11272;1.11221;1.11272;786;0
2024.09.17 17:40;1.11271;1.11271;1.11200;1.11247;832;0
2024.09.17 17:50;1.11248;1.11279;1.11236;1.11245;915;0
2024.09.17 18:00;1.11246;1.11263;1.11168;1.11168;774;0
2024.09.17 18:10;1.11169;1.11228;1.11162;1.11191;553;0
2024.09.17 18:20;1.11189;1.11203;1.11155;1.11197;566;0
2024.09.17 18:30;1.11198;1.11226;1.11161;1.11169;561;0
2024.09.17 18:40;1.11170;1.11190;1.11157;1.11176;414;0
2024.09.17 18:50;1.11176;1.11199;1.11151;1.11173;546;0
2024.09.17 19:00;1.11172;1.11198;1.11163;1.11184;481;0
2024.09.17 19:10;1.11183;1.11208;1.11158;1.11161;544;0
2024.09.17 19:20;1.11162;1.11191;1.11150;1.11176;514;0
2024.09.17 19:30;1.11177;1.11210;1.11161;1.11207;480;0
2024.09.17 19:40;1.11206;1.11216;1.11185;1.11189;480;0
2024.09.17 19:50;1.11189;1.11208;1.11182;1.11194;574;0
2024.09.17 20:00;1.11194;1.11208;1.11139;1.11140;547;0
2024.09.17 20:10;1.11140;1.11172;1.11108;1.11156;555;0
2024.09.17 20:20;1.11155;1.11177;1.11154;1.11160;503;0
2024.09.17 20:30;1.11159;1.11160;1.11116;1.11118;503;0
2024.09.17 20:40;1.11118;1.11142;1.11112;1.11137;431;0
2024.09.17 20:50;1.11138;1.11168;1.11137;1.11161;343;0
2024.09.17 21:00;1.11160;1.11186;1.11154;1.11185;435;0
2024.09.17 21:10;1.11184;1.11190;1.11157;1.11158;425;0
2024.09.17 21:20;1.11158;1.11186;1.11157;1.11172;414;0
2024.09.17 21:30;1.11171;1.11207;1.11166;1.11201;342;0
2024.09.17 21:40;1.11202;1.11220;1.11192;1.11213;336;0
2024.09.17 21:50;1.11211;1.11226;1.11199;1.11223;393;0
2024.09.17 22:00;1.11223;1.11235;1.11198;1.11198;370;0
2024.09.17 22:10;1.11199;1.11216;1.11196;1.11200;355;0
2024.09.17 22:20;1.11201;1.11201;1.11176;1.11179;332;0
2024.09.17 22:30;1.11181;1.11186;1.11150;1.11165;380;0
2024.09.17 22:40;1.11165;1.11173;1.11155;1.11157;337;0
2024.09.17 22:50;1.11156;1.11160;1.11148;1.11157;325;0
2024.09.17 23:00;1.11158;1.11166;1.11151;1.11160;189;0
2024.09.17 23:10;1.11161;1.11168;1.11156;1.11165;162;0
2024.09.17 23:20;1.11166;1.11167;1.11152;1.11155;176;0
2024.09.17 23:30;1.11154;1.11163;1.11151;1.11154;128;0
2024.09.17 23:40;1.11154;1.11154;1.11129;1.11129;114;0
2024.09.17 23:50;1.11129;1.11143;1.11126;1.11134;224;0
2024.09.18 00:00;1.11135;1.11157;1.11116;1.11149;65;5
2024.09.18 00:10;1.11152;1.11155;1.11135;1.11141;90;17
2024.09.18 00:20;1.11141;1.11146;1.11136;1.11142;97;18
2024.09.18 00:30;1.11140;1.11149;1.11140;1.11142;67;8
2024.09.18 00:40;1.11142;1.11144;1.11132;1.11132;23;7
2024.09.18 00:50;1.11131;1.11132;1.11130;1.11131;17;14
2024.09.18 01:00;1.11141;1.11152;1.11135;1.11145;114;1
2024.09.18 01:10;1.11146;1.11152;1.11141;1.11149;61;1
2024.09.18 01:20;1.11150;1.11162;1.11149;1.11157;52;1
2024.09.18 01:30;1.11158;1.11175;1.11157;1.11168;95;1
2024.09.18 01:40;1.11169;1.11179;1.11168;1.11178;52;1
2024.09.18 01:50;1.11178;1.11187;1.11177;1.11180;82;1
2024.09.18 02:00;1.11180;1.11191;1.11180;1.11188;77;1
2024.09.18 02:10;1.11187;1.11199;1.11182;1.11198;78;1
2024.09.18 02:20;1.11198;1.11222;1.11192;1.11221;80;1
2024.09.18 02:30;1.11220;1.11234;1.11218;1.11234;102;1
2024.09.18 02:40;1.11233;1.11239;1.11228;1.11229;92;1
2024.09.18 02:50;1.11229;1.11230;1.11220;1.11220;111;1
2024.09.18 03:00;1.11220;1.11241;1.11215;1.11234;242;1
2024.09.18 03:10;1.11233;1.11241;1.11219;1.11230;184;1
2024.09.18 03:20;1.11230;1.11248;1.11230;1.11239;233;1
2024.09.18 03:30;1.11239;1.11240;1.11226;1.11230;196;1
2024.09.18 03:40;1.11230;1.11234;1.11219;1.11227;175;1
2024.09.18 03:50;1.11227;1.11286;1.11221;1.11269;504;1
2024.09.18 04:00;1.11268;1.11286;1.11267;1.11274;372;1
2024.09.18 04:10;1.11276;1.11281;1.11261;1.11279;283;1
2024.09.18 04:20;1.11279;1.11304;1.11261;1.11262;268;1
2024.09.18 04:30;1.11263;1.11280;1.11253;1.11262;254;1
2024.09.18 04:40;1.11261;1.11285;1.11261;1.11268;245;1
2024.09.18 04:50;1.11270;1.11291;1.11266;1.11278;209;1
2024.09.18 05:00;1.11279;1.11287;1.11252;1.11268;232;1
2024.09.18 05:10;1.11269;1.11270;1.11247;1.11260;196;1
2024.09.18 05:20;1.11259;1.11263;1.11250;1.11251;141;1
2024.09.18 05:30;1.11250;1.11281;1.11250;1.11273;145;1
2024.09.18 05:40;1.11273;1.11274;1.11255;1.11258;151;1
2024.09.18 05:50;1.11258;1.11280;1.11255;1.11280;158;1
2024.09.18 06:00;1.11281;1.11286;1.11264;1.11269;205;1
2024.09.18 06:10;1.11268;1.11269;1.11253;1.11256;112;1
2024.09.18 06:20;1.11258;1.11278;1.11257;1.11273;117;1
2024.09.18 06:30;1.11273;1.11279;1.11271;1.11272;140;1
2024.09.18 06:40;1.11271;1.11274;1.11265;1.11267;103;1
2024.09.18 06:50;1.11267;1.11270;1.11256;1.11262;116;1
2024.09.18 07:00;1.11262;1.11263;1.11250;1.11258;144;1
2024.09.18 07:10;1.11258;1.11263;1.11249;1.11250;109;1
2024.09.18 07:20;1.11249;1.11249;1.11231;1.11238;128;1
2024.09.18 07:30;1.11239;1.11243;1.11225;1.11236;87;1
2024.09.18 07:40;1.11237;1.11238;1.11219;1.11222;60;1
2024.09.18 07:50;1.11221;1.11227;1.11199;1.11200;151;1
2024.09.18 08:00;1.11200;1.11213;1.11192;1.11208;126;1
2024.09.18 08:10;1.11207;1.11208;1.11191;1.11193;97;1
2024.09.18 08:20;1.11194;1.11203;1.11190;1.11192;93;1
2024.09.18 08:30;1.11192;1.11196;1.11184;1.11188;107;1
2024.09.18 08:40;1.11189;1.11192;1.11176;1.11182;158;1
2024.09.18 08:50;1.11183;1.11215;1.11180;1.11205;236;1
2024.09.18 09:00;1.11204;1.11262;1.11199;1.11244;449;0
2024.09.18 09:10;1.11245;1.11246;1.11209;1.11238;367;0
2024.09.18 09:20;1.11237;1.11239;1.11200;1.11206;394;0
2024.09.18 09:30;1.11205;1.11223;1.11181;1.11215;369;0
2024.09.18 09:40;1.11216;1.11233;1.11176;1.11196;425;0
2024.09.18 09:50;1.11199;1.11218;1.11153;1.11187;488;0
2024.09.18 10:00;1.11186;1.11222;1.11174;1.11202;557;0
2024.09.18 10:10;1.11203;1.11253;1.11191;1.11253;546;0
2024.09.18 10:20;1.11253;1.11276;1.11235;1.11238;621;0
2024.09.18 10:30;1.11237;1.11255;1.11223;1.11241;475;0
2024.09.18 10:40;1.11242;1.11304;1.11239;1.11304;449;0
2024.09.18 10:50;1.11303;1.11312;1.11277;1.11311;479;0
2024.09.18 11:00;1.11311;1.11323;1.11289;1.11320;609;0
2024.09.18 11:10;1.11321;1.11321;1.11278;1.11294;482;0
2024.09.18 11:20;1.11293;1.11330;1.11288;1.11313;439;0
2024.09.18 11:30;1.11314;1.11332;1.11300;1.11309;447;0
2024.09.18 11:40;1.11310;1.11328;1.11300;1.11310;420;0
2024.09.18 11:50;1.11311;1.11329;1.11290;1.11297;377;0
2024.09.18 12:00;1.11297;1.11304;1.11268;1.11273;456;0
2024.09.18 12:10;1.11272;1.11349;1.11271;1.11326;387;0
2024.09.18 12:20;1.11326;1.11366;1.11322;1.11332;415;0
2024.09.18 12:30;1.11333;1.11369;1.11328;1.11366;413;0
2024.09.18 12:40;1.11366;1.11391;1.11342;1.11390;380;0
2024.09.18 12:50;1.11390;1.11399;1.11369;1.11383;367;0
2024.09.18 13:00;1.11381;1.11387;1.11367;1.11374;352;0
2024.09.18 13:10;1.11374;1.11378;1.11342;1.11354;294;0
2024.09.18 13:20;1.11354;1.11379;1.11343;1.11379;274;0
2024.09.18 13:30;1.11379;1.11379;1.11338;1.11350;254;0
2024.09.18 13:40;1.11351;1.11368;1.11325;1.11352;321;0
2024.09.18 13:50;1.11352;1.11352;1.11297;1.11300;381;0
2024.09.18 14:00;1.11299;1.11301;1.11247;1.11288;349;0
2024.09.18 14:10;1.11287;1.11291;1.11255;1.11257;312;0
2024.09.18 14:20;1.11258;1.11270;1.11238;1.11258;398;0
2024.09.18 14:30;1.11259;1.11259;1.11224;1.11231;260;0
2024.09.18 14:40;1.11233;1.11264;1.11227;1.11257;416;0
2024.09.18 14:50;1.11258;1.11260;1.11227;1.11244;409;0
2024.09.18 15:00;1.11245;1.11261;1.11236;1.11241;410;0
2024.09.18 15:10;1.11241;1.11258;1.11225;1.11251;353;0
2024.09.18 15:20;1.11251;1.11286;1.11223;1.11233;472;0
2024.09.18 15:30;1.11232;1.11232;1.11194;1.11209;499;0
2024.09.18 15:40;1.11210;1.11219;1.11179;1.11208;346;0
2024.09.18 15:50;1.11208;1.11238;1.11191;1.11222;554;0
2024.09.18 16:00;1.11222;1.11320;1.11222;1.11289;608;0
2024.09.18 16:10;1.11290;1.11354;1.11283;1.11354;587;0
2024.09.18 16:20;1.11354;1.11398;1.11341;1.11393;562;0
2024.09.18 16:30;1.11392;1.11394;1.11366;1.11387;528;0
2024.09.18 16:40;1.11387;1.11390;1.11354;1.11354;498;0
2024.09.18 16:50;1.11355;1.11361;1.11303;1.11352;728;0
2024.09.18 17:00;1.11352;1.11362;1.11308;1.11320;615;0
2024.09.18 17:10;1.11321;1.11321;1.11227;1.11230;648;0
2024.09.18 17:20;1.11230;1.11233;1.11158;1.11159;693;0
2024.09.18 17:30;1.11159;1.11165;1.11080;1.11130;794;0
2024.09.18 17:40;1.11132;1.11182;1.11128;1.11141;666;0
2024.09.18 17:50;1.11141;1.11182;1.11119;1.11179;785;0
2024.09.18 18:00;1.11180;1.11221;1.11166;1.11189;669;0
2024.09.18 18:10;1.11190;1.11213;1.11168;1.11182;511;0
2024.09.18 18:20;1.11181;1.11217;1.11150;1.11206;440;0
2024.09.18 18:30;1.11207;1.11210;1.11117;1.11129;605;0
2024.09.18 18:40;1.11130;1.11158;1.11119;1.11135;477;0
2024.09.18 18:50;1.11137;1.11164;1.11137;1.11157;444;0
2024.09.18 19:00;1.11157;1.11201;1.11154;1.11180;342;0
2024.09.18 19:10;1.11181;1.11246;1.11180;1.11245;379;0
2024.09.18 19:20;1.11245;1.11262;1.11242;1.11256;371;0
2024.09.18 19:30;1.11257;1.11259;1.11233;1.11240;365;0
2024.09.18 19:40;1.11240;1.11247;1.11209;1.11247;335;0
2024.09.18 19:50;1.11247;1.11258;1.11235;1.11242;324;0
2024.09.18 20:00;1.11242;1.11264;1.11216;1.11220;371;0
2024.09.18 20:10;1.11219;1.11227;1.11192;1.11198;331;0
2024.09.18 20:20;1.11199;1.11210;1.11171;1.11207;386;0
2024.09.18 20:30;1.11207;1.11283;1.11207;1.11257;439;0
2024.09.18 20:40;1.11256;1.11305;1.11253;1.11280;462;0
2024.09.18 20:50;1.11279;1.11290;1.11216;1.11240;565;0
2024.09.18 21:00;1.11242;1.11777;1.11242;1.11644;1902;0
2024.09.18 21:10;1.11639;1.11763;1.11482;1.11759;1725;0
2024.09.18 21:20;1.11760;1.11790;1.11664;1.11715;1545;0
2024.09.18 21:30;1.11715;1.11893;1.11702;1.11831;1656;1
2024.09.18 21:40;1.11832;1.11850;1.11521;1.11537;1830;1
2024.09.18 21:50;1.11534;1.11679;1.11466;1.11493;1778;1
2024.09.18 22:00;1.11486;1.11487;1.11284;1.11307;1732;0
2024.09.18 22:10;1.11305;1.11478;1.11288;1.11407;1615;0
2024.09.18 22:20;1.11407;1.11407;1.11198;1.11322;1630;0
2024.09.18 22:30;1.11321;1.11325;1.11191;1.11237;1199;0
2024.09.18 22:40;1.11236;1.11256;1.10994;1.10994;1271;0
2024.09.18 22:50;1.10990;1.11079;1.10966;1.11058;1103;0
2024.09.18 23:00;1.11056;1.11147;1.11045;1.11133;542;0
2024.09.18 23:10;1.11132;1.11143;1.11085;1.11139;406;0
2024.09.18 23:20;1.11139;1.11190;1.11130;1.11182;312;0
2024.09.18 23:30;1.11183;1.11205;1.11175;1.11180;221;0
2024.09.18 23:40;1.11181;1.11198;1.11162;1.11198;520;0
2024.09.18 23:50;1.11197;1.11201;1.11172;1.11185;252;0
2024.09.19 00:00;1.11186;1.11186;1.11064;1.11141;68;5
2024.09.19 00:10;1.11140;1.11175;1.11139;1.11159;132;16
2024.09.19 00:20;1.11159;1.11159;1.11148;1.11150;44;19
2024.09.19 00:30;1.11148;1.11162;1.11148;1.11152;46;10
2024.09.19 00:40;1.11153;1.11162;1.11152;1.11154;53;13
2024.09.19 00:50;1.11153;1.11165;1.11153;1.11161;49;9
2024.09.19 01:00;1.11166;1.11208;1.11151;1.11164;269;0
2024.09.19 01:10;1.11165;1.11229;1.11165;1.11228;173;0
2024.09.19 01:20;1.11229;1.11234;1.11213;1.11225;204;0
2024.09.19 01:30;1.11227;1.11239;1.11225;1.11230;171;0
2024.09.19 01:40;1.11230;1.11234;1.11218;1.11228;138;0
2024.09.19 01:50;1.11228;1.11231;1.11197;1.11216;151;0
2024.09.19 02:00;1.11217;1.11217;1.11161;1.11164;183;0
2024.09.19 02:10;1.11164;1.11173;1.11128;1.11130;175;0
2024.09.19 02:20;1.11130;1.11145;1.11121;1.11130;174;0
2024.09.19 02:30;1.11130;1.11146;1.11110;1.11134;233;0
2024.09.19 02:40;1.11134;1.11149;1.11109;1.11115;254;0
2024.09.19 02:50;1.11115;1.11149;1.11111;1.11139;352;0
2024.09.19 03:00;1.11140;1.11166;1.11077;1.11077;656;0
2024.09.19 03:10;1.11076;1.11118;1.11063;1.11084;530;0
2024.09.19 03:20;1.11083;1.11107;1.11066;1.11079;567;0
2024.09.19 03:30;1.11077;1.11086;1.11018;1.11028;514;0
2024.09.19 03:40;1.11028;1.11032;1.10939;1.10940;481;0
2024.09.19 03:50;1.10940;1.10946;1.10788;1.10815;921;0
2024.09.19 04:00;1.10814;1.10848;1.10795;1.10819;581;0
2024.09.19 04:10;1.10820;1.10856;1.10801;1.10835;461;0
2024.09.19 04:20;1.10834;1.10839;1.10756;1.10762;402;0
2024.09.19 04:30;1.10761;1.10777;1.10686;1.10744;662;0
2024.09.19 04:40;1.10743;1.10801;1.10736;1.10797;546;0
2024.09.19 04:50;1.10796;1.10845;1.10796;1.10834;571;0
2024.09.19 05:00;1.10833;1.10913;1.10833;1.10903;595;0
2024.09.19 05:10;1.10904;1.10940;1.10900;1.10935;523;0
2024.09.19 05:20;1.10934;1.10994;1.10934;1.10993;588;0
2024.09.19 05:30;1.10997;1.11005;1.10961;1.10980;497;0
2024.09.19 05:40;1.10981;1.10987;1.10957;1.10978;392;0
2024.09.19 05:50;1.10978;1.11036;1.10978;1.11019;411;0
2024.09.19 06:00;1.11018;1.11041;1.10994;1.11030;377;0
2024.09.19 06:10;1.11029;1.11060;1.11022;1.11048;403;0
2024.09.19 06:20;1.11049;1.11121;1.11045;1.11120;375;0
2024.09.19 06:30;1.11122;1.11179;1.11111;1.11148;394;0
2024.09.19 06:40;1.11147;1.11184;1.11136;1.11180;416;0
2024.09.19 06:50;1.11180;1.11194;1.11145;1.11185;414;0
2024.09.19 07:00;1.11185;1.11201;1.11168;1.11193;376;0
2024.09.19 07:10;1.11194;1.11195;1.11168;1.11173;263;0
2024.09.19 07:20;1.11174;1.11177;1.11149;1.11152;251;0
2024.09.19 07:30;1.11153;1.11200;1.11153;1.11171;243;0
2024.09.19 07:40;1.11170;1.11198;1.11151;1.11171;261;0
2024.09.19 07:50;1.11172;1.11213;1.11168;1.11200;258;0
2024.09.19 08:00;1.11201;1.11247;1.11201;1.11244;356;0
2024.09.19 08:10;1.11244;1.11269;1.11235;1.11268;302;0
2024.09.19 08:20;1.11268;1.11297;1.11262;1.11287;403;0
2024.09.19 08:30;1.11290;1.11307;1.11280;1.11284;391;0
2024.09.19 08:40;1.11283;1.11304;1.11256;1.11272;434;0
2024.09.19 08:50;1.11272;1.11312;1.11259;1.11310;441;0
2024.09.19 09:00;1.11310;1.11348;1.11297;1.11333;669;0
2024.09.19 09:10;1.11334;1.11339;1.11288;1.11316;590;0
2024.09.19 09:20;1.11317;1.11348;1.11304;1.11314;599;0
2024.09.19 09:30;1.11311;1.11335;1.11300;1.11317;536;0
2024.09.19 09:40;1.11317;1.11415;1.11315;1.11387;680;0
2024.09.19 09:50;1.11386;1.11452;1.11373;1.11452;883;0
2024.09.19 10:00;1.11452;1.11529;1.11428;1.11518;981;0
2024.09.19 10:10;1.11519;1.11526;1.11437;1.11443;796;0
2024.09.19 10:20;1.11444;1.11476;1.11402;1.11444;839;0
2024.09.19 10:30;1.11445;1.11459;1.11400;1.11430;817;0
2024.09.19 10:40;1.11430;1.11509;1.11427;1.11488;786;0
2024.09.19 10:50;1.11490;1.11529;1.11445;1.11458;736;0
2024.09.19 11:00;1.11458;1.11497;1.11450;1.11482;729;0
2024.09.19 11:10;1.11481;1.11528;1.11467;1.11526;696;0
2024.09.19 11:20;1.11526;1.11580;1.11478;1.11575;752;0
2024.09.19 11:30;1.11574;1.11640;1.11570;1.11628;664;0
2024.09.19 11:40;1.11627;1.11691;1.11627;1.11649;617;0
2024.09.19 11:50;1.11649;1.11672;1.11611;1.11626;490;0
2024.09.19 12:00;1.11625;1.11717;1.11622;1.11695;736;0
2024.09.19 12:10;1.11696;1.11750;1.11681;1.11738;654;0
2024.09.19 12:20;1.11739;1.11758;1.11704;1.11706;566;0
2024.09.19 12:30;1.11704;1.11749;1.11691;1.11702;617;0
2024.09.19 12:40;1.11702;1.11778;1.11702;1.11777;527;0
2024.09.19 12:50;1.11777;1.11788;1.11740;1.11778;508;0
2024.09.19 13:00;1.11778;1.11788;1.11689;1.11696;669;0
2024.09.19 13:10;1.11696;1.11750;1.11685;1.11701;559;0
2024.09.19 13:20;1.11702;1.11753;1.11689;1.11730;426;0
2024.09.19 13:30;1.11729;1.11735;1.11692;1.11729;456;0
2024.09.19 13:40;1.11730;1.11754;1.11704;1.11728;535;0
2024.09.19 13:50;1.11728;1.11738;1.11690;1.11702;508;0
2024.09.19 14:00;1.11702;1.11760;1.11688;1.11702;944;0
2024.09.19 14:10;1.11703;1.11703;1.11528;1.11537;864;0
2024.09.19 14:20;1.11538;1.11591;1.11521;1.11590;799;0
2024.09.19 14:30;1.11590;1.11623;1.11563;1.11621;648;0
2024.09.19 14:40;1.11621;1.11637;1.11559;1.11566;676;0
2024.09.19 14:50;1.11567;1.11583;1.11538;1.11580;679;0
2024.09.19 15:00;1.11579;1.11582;1.11525;1.11560;926;0
2024.09.19 15:10;1.11559;1.11582;1.11490;1.11542;813;0
2024.09.19 15:20;1.11542;1.11580;1.11522;1.11531;710;0
2024.09.19 15:30;1.11520;1.11520;1.11309;1.11368;1474;0
2024.09.19 15:40;1.11365;1.11368;1.11264;1.11290;1101;0
2024.09.19 15:50;1.11290;1.11332;1.11256;1.11259;1033;0
2024.09.19 16:00;1.11257;1.11351;1.11248;1.11340;1092;0
2024.09.19 16:10;1.11340;1.11406;1.11327;1.11400;1096;0
2024.09.19 16:20;1.11399;1.11400;1.11292;1.11304;987;0
2024.09.19 16:30;1.11306;1.11336;1.11251;1.11262;1212;0
2024.09.19 16:40;1.11264;1.11265;1.11177;1.11205;1144;0
2024.09.19 16:50;1.11206;1.11229;1.11174;1.11219;922;0
2024.09.19 17:00;1.11220;1.11315;1.11170;1.11176;1133;0
2024.09.19 17:10;1.11177;1.11229;1.11164;1.11227;1052;0
2024.09.19 17:20;1.11229;1.11332;1.11220;1.11275;1096;0
2024.09.19 17:30;1.11276;1.11314;1.11256;1.11268;949;0
2024.09.19 17:40;1.11269;1.11272;1.11177;1.11188;973;0
2024.09.19 17:50;1.11189;1.11300;1.11186;1.11292;965;0
2024.09.19 18:00;1.11292;1.11322;1.11255;1.11283;905;0
2024.09.19 18:10;1.11283;1.11339;1.11273;1.11329;704;0
2024.09.19 18:20;1.11330;1.11433;1.11328;1.11430;680;0
2024.09.19 18:30;1.11437;1.11461;1.11417;1.11434;674;0
2024.09.19 18:40;1.11435;1.11465;1.11408;1.11462;569;0
2024.09.19 18:50;1.11463;1.11488;1.11444;1.11467;688;0
2024.09.19 19:00;1.11467;1.11521;1.11452;1.11518;520;0
2024.09.19 19:10;1.11518;1.11525;1.11476;1.11490;526;0
2024.09.19 19:20;1.11496;1.11571;1.11479;1.11543;623;0
2024.09.19 19:30;1.11544;1.11566;1.11527;1.11536;634;0
2024.09.19 19:40;1.11535;1.11577;1.11501;1.11574;513;0
2024.09.19 19:50;1.11572;1.11582;1.11537;1.11555;553;0
2024.09.19 20:00;1.11554;1.11564;1.11523;1.11559;577;0
2024.09.19 20:10;1.11560;1.11582;1.11538;1.11570;534;0
2024.09.19 20:20;1.11568;1.11571;1.11527;1.11539;414;0
2024.09.19 20:30;1.11539;1.11582;1.11537;1.11581;453;0
2024.09.19 20:40;1.11580;1.11601;1.11563;1.11586;384;0
2024.09.19 20:50;1.11586;1.11614;1.11575;1.11605;386;0
2024.09.19 21:00;1.11606;1.11632;1.11606;1.11630;496;0
2024.09.19 21:10;1.11632;1.11653;1.11612;1.11619;490;0
2024.09.19 21:20;1.11620;1.11673;1.11618;1.11673;484;0
2024.09.19 21:30;1.11673;1.11679;1.11658;1.11669;366;0
2024.09.19 21:40;1.11667;1.11668;1.11630;1.11632;314;0
2024.09.19 21:50;1.11631;1.11656;1.11631;1.11655;399;0
2024.09.19 22:00;1.11655;1.11666;1.11627;1.11628;369;0
2024.09.19 22:10;1.11627;1.11641;1.11601;1.11609;423;0
2024.09.19 22:20;1.11609;1.11616;1.11596;1.11602;432;0
2024.09.19 22:30;1.11601;1.11624;1.11597;1.11620;378;0
2024.09.19 22:40;1.11620;1.11621;1.11587;1.11620;349;0
2024.09.19 22:50;1.11616;1.11636;1.11602;1.11621;503;0
2024.09.19 23:00;1.11621;1.11636;1.11611;1.11627;230;0
2024.09.19 23:10;1.11627;1.11642;1.11626;1.11641;115;0
2024.09.19 23:20;1.11641;1.11643;1.11608;1.11613;167;0
2024.09.19 23:30;1.11615;1.11629;1.11604;1.11624;230;0
2024.09.19 23:40;1.11623;1.11638;1.11616;1.11622;136;0
2024.09.19 23:50;1.11622;1.11624;1.11611;1.11613;197;0
2024.09.20 00:00;1.11561;1.11615;1.11561;1.11604;15;23
2024.09.20 00:10;1.11604;1.11612;1.11600;1.11609;21;8
2024.09.20 00:20;1.11600;1.11612;1.11599;1.11612;16;4
2024.09.20 00:30;1.11611;1.11611;1.11609;1.11610;15;14
2024.09.20 00:40;1.11610;1.11614;1.11610;1.11614;17;8
2024.09.20 00:50;1.11614;1.11616;1.11614;1.11615;9;10
2024.09.20 01:00;1.11621;1.11626;1.11619;1.11622;105;0
2024.09.20 01:10;1.11621;1.11625;1.11617;1.11619;58;0
2024.09.20 01:20;1.11618;1.11620;1.11607;1.11616;45;0
2024.09.20 01:30;1.11615;1.11622;1.11605;1.11608;67;0
2024.09.20 01:40;1.11607;1.11617;1.11606;1.11615;64;0
2024.09.20 01:50;1.11617;1.11618;1.11603;1.11607;63;0
2024.09.20 02:00;1.11608;1.11609;1.11587;1.11591;117;0
2024.09.20 02:10;1.11590;1.11594;1.11583;1.11593;120;0
2024.09.20 02:20;1.11595;1.11600;1.11588;1.11591;86;0
2024.09.20 02:30;1.11592;1.11600;1.11586;1.11591;113;0
2024.09.20 02:40;1.11593;1.11603;1.11590;1.11597;114;0
2024.09.20 02:50;1.11597;1.11598;1.11585;1.11593;137;0
2024.09.20 03:00;1.11594;1.11613;1.11574;1.11583;325;0
2024.09.20 03:10;1.11583;1.11597;1.11571;1.11589;274;0
2024.09.20 03:20;1.11590;1.11615;1.11582;1.11612;250;0
2024.09.20 03:30;1.11613;1.11617;1.11600;1.11609;246;0
2024.09.20 03:40;1.11610;1.11616;1.11593;1.11597;294;0
2024.09.20 03:50;1.11597;1.11615;1.11578;1.11603;326;0
2024.09.20 04:00;1.11604;1.11633;1.11601;1.11606;394;0
2024.09.20 04:10;1.11607;1.11620;1.11589;1.11589;305;0
2024.09.20 04:20;1.11589;1.11621;1.11586;1.11611;276;0
2024.09.20 04:30;1.11611;1.11638;1.11604;1.11607;356;0
2024.09.20 04:40;1.11608;1.11611;1.11582;1.11605;322;0
2024.09.20 04:50;1.11604;1.11613;1.11583;1.11591;322;0
2024.09.20 05:00;1.11590;1.11614;1.11578;1.11583;302;0
2024.09.20 05:10;1.11584;1.11599;1.11578;1.11584;234;0
2024.09.20 05:20;1.11585;1.11597;1.11572;1.11596;189;0
2024.09.20 05:30;1.11597;1.11616;1.11596;1.11607;221;0
2024.09.20 05:40;1.11608;1.11620;1.11602;1.11609;190;0
2024.09.20 05:50;1.11610;1.11634;1.11591;1.11613;472;0
2024.09.20 06:00;1.11613;1.11663;1.11612;1.11640;499;0
2024.09.20 06:10;1.11641;1.11664;1.11634;1.11656;335;0
2024.09.20 06:20;1.11656;1.11682;1.11651;1.11666;332;0
2024.09.20 06:30;1.11666;1.11693;1.11660;1.11684;281;0
2024.09.20 06:40;1.11684;1.11688;1.11650;1.11664;292;0
2024.09.20 06:50;1.11663;1.11663;1.11641;1.11656;241;0
2024.09.20 07:00;1.11656;1.11669;1.11656;1.11662;218;0
2024.09.20 07:10;1.11663;1.11671;1.11655;1.11661;151;0
2024.09.20 07:20;1.11663;1.11678;1.11663;1.11670;163;0
2024.09.20 07:30;1.11670;1.11671;1.11644;1.11650;201;0
2024.09.20 07:40;1.11650;1.11660;1.11645;1.11655;152;0
2024.09.20 07:50;1.11654;1.11655;1.11637;1.11650;160;0
2024.09.20 08:00;1.11649;1.11656;1.11627;1.11629;230;0
2024.09.20 08:10;1.11628;1.11637;1.11618;1.11620;208;0
2024.09.20 08:20;1.11620;1.11626;1.11610;1.11616;211;0
2024.09.20 08:30;1.11617;1.11655;1.11616;1.11638;257;0
2024.09.20 08:40;1.11638;1.11655;1.11633;1.11634;213;0
2024.09.20 08:50;1.11635;1.11666;1.11633;1.11637;312;0
2024.09.20 09:00;1.11637;1.11710;1.11637;1.11708;657;0
2024.09.20 09:10;1.11707;1.11735;1.11704;1.11713;488;0
2024.09.20 09:20;1.11713;1.11731;1.11698;1.11724;511;0
2024.09.20 09:30;1.11724;1.11778;1.11722;1.11737;782;0
2024.09.20 09:40;1.11736;1.11784;1.11733;1.11771;670;0
2024.09.20 09:50;1.11771;1.11779;1.11719;1.11764;800;0
2024.09.20 10:00;1.11763;1.11798;1.11735;1.11787;824;0
2024.09.20 10:10;1.11786;1.11819;1.11758;1.11758;698;0
2024.09.20 10:20;1.11758;1.11779;1.11736;1.11764;661;0
2024.09.20 10:30;1.11765;1.11773;1.11697;1.11728;784;0
2024.09.20 10:40;1.11729;1.11730;1.11630;1.11642;853;0
2024.09.20 10:50;1.11643;1.11648;1.11593;1.11626;639;0
2024.09.20 11:00;1.11623;1.11653;1.11578;1.11599;702;0
2024.09.20 11:10;1.11600;1.11602;1.11523;1.11551;719;0
2024.09.20 11:20;1.11552;1.11599;1.11540;1.11588;636;0
2024.09.20 11:30;1.11590;1.11678;1.11585;1.11676;608;0
2024.09.20 11:40;1.11677;1.11691;1.11662;1.11678;526;0
2024.09.20 11:50;1.11678;1.11678;1.11609;1.11644;651;0
2024.09.20 12:00;1.11645;1.11660;1.11611;1.11633;443;0
2024.09.20 12:10;1.11631;1.11655;1.11612;1.11648;468;0
2024.09.20 12:20;1.11648;1.11653;1.11613;1.11640;428;0
2024.09.20 12:30;1.11641;1.11649;1.11607;1.11612;346;0
2024.09.20 12:40;1.11611;1.11637;1.11589;1.11608;390;0
2024.09.20 12:50;1.11609;1.11621;1.11570;1.11607;605;0
2024.09.20 13:00;1.11607;1.11628;1.11595;1.11611;449;0
2024.09.20 13:10;1.11612;1.11613;1.11570;1.11576;385;0
2024.09.20 13:20;1.11577;1.11596;1.11550;1.11586;351;0
2024.09.20 13:30;1.11585;1.11601;1.11572;1.11577;414;0
2024.09.20 13:40;1.11576;1.11605;1.11573;1.11592;380;0
2024.09.20 13:50;1.11591;1.11599;1.11583;1.11592;307;0
2024.09.20 14:00;1.11593;1.11601;1.11582;1.11598;355;0
2024.09.20 14:10;1.11599;1.11605;1.11540;1.11580;373;0
2024.09.20 14:20;1.11581;1.11611;1.11577;1.11588;544;0
2024.09.20 14:30;1.11588;1.11590;1.11552;1.11571;482;0
2024.09.20 14:40;1.11571;1.11595;1.11560;1.11575;407;0
2024.09.20 14:50;1.11575;1.11623;1.11575;1.11614;378;0
2024.09.20 15:00;1.11615;1.11667;1.11615;1.11654;556;0
2024.09.20 15:10;1.11655;1.11698;1.11644;1.11685;496;0
2024.09.20 15:20;1.11684;1.11722;1.11666;1.11712;560;0
2024.09.20 15:30;1.11713;1.11724;1.11663;1.11679;636;0
2024.09.20 15:40;1.11681;1.11735;1.11679;1.11724;610;0
2024.09.20 15:50;1.11724;1.11768;1.11704;1.11744;730;0
2024.09.20 16:00;1.11744;1.11761;1.11715;1.11730;780;0
2024.09.20 16:10;1.11731;1.11735;1.11629;1.11647;866;0
2024.09.20 16:20;1.11648;1.11655;1.11573;1.11586;780;0
2024.09.20 16:30;1.11585;1.11622;1.11564;1.11607;928;0
2024.09.20 16:40;1.11607;1.11626;1.11570;1.11578;896;0
2024.09.20 16:50;1.11581;1.11582;1.11539;1.11546;777;0
2024.09.20 17:00;1.11545;1.11545;1.11444;1.11482;986;0
2024.09.20 17:10;1.11483;1.11509;1.11420;1.11441;860;0
2024.09.20 17:20;1.11441;1.11448;1.11380;1.11443;857;0
2024.09.20 17:30;1.11443;1.11466;1.11423;1.11457;715;0
2024.09.20 17:40;1.11458;1.11530;1.11457;1.11529;733;0
2024.09.20 17:50;1.11528;1.11546;1.11410;1.11437;969;0
2024.09.20 18:00;1.11437;1.11458;1.11424;1.11434;865;0
2024.09.20 18:10;1.11434;1.11439;1.11394;1.11418;718;0
2024.09.20 18:20;1.11418;1.11418;1.11360;1.11374;546;0
2024.09.20 18:30;1.11372;1.11507;1.11366;1.11483;1124;0
2024.09.20 18:40;1.11482;1.11590;1.11465;1.11562;1281;0
2024.09.20 18:50;1.11560;1.11594;1.11542;1.11589;1042;0
2024.09.20 19:00;1.11590;1.11664;1.11588;1.11654;1071;0
2024.09.20 19:10;1.11655;1.11727;1.11652;1.11715;894;0
2024.09.20 19:20;1.11711;1.11735;1.11697;1.11714;784;0
2024.09.20 19:30;1.11712;1.11727;1.11670;1.11708;753;0
2024.09.20 19:40;1.11709;1.11736;1.11683;1.11730;619;0
2024.09.20 19:50;1.11730;1.11757;1.11722;1.11738;631;0
2024.09.20 20:00;1.11736;1.11742;1.11702;1.11707;648;0
2024.09.20 20:10;1.11708;1.11716;1.11657;1.11683;579;0
2024.09.20 20:20;1.11683;1.11698;1.11658;1.11663;491;0
2024.09.20 20:30;1.11664;1.11671;1.11618;1.11625;415;0
2024.09.20 20:40;1.11626;1.11631;1.11597;1.11620;444;0
2024.09.20 20:50;1.11619;1.11622;1.11581;1.11594;476;0
2024.09.20 21:00;1.11594;1.11605;1.11571;1.11598;614;0
2024.09.20 21:10;1.11598;1.11605;1.11576;1.11586;518;0
2024.09.20 21:20;1.11586;1.11593;1.11577;1.11585;456;0
2024.09.20 21:30;1.11585;1.11612;1.11578;1.11603;470;0
2024.09.20 21:40;1.11602;1.11636;1.11590;1.11627;324;0
2024.09.20 21:50;1.11626;1.11662;1.11625;1.11650;530;0
2024.09.20 22:00;1.11651;1.11653;1.11627;1.11647;419;0
2024.09.20 22:10;1.11647;1.11654;1.11628;1.11629;364;0
2024.09.20 22:20;1.11629;1.11652;1.11620;1.11648;355;0
2024.09.20 22:30;1.11648;1.11660;1.11644;1.11650;358;0
2024.09.20 22:40;1.11650;1.11658;1.11645;1.11648;402;0
2024.09.20 22:50;1.11648;1.11648;1.11616;1.11620;437;0
2024.09.20 23:00;1.11620;1.11620;1.11595;1.11596;296;0
2024.09.20 23:10;1.11596;1.11596;1.11573;1.11579;249;0
2024.09.20 23:20;1.11578;1.11581;1.11565;1.11575;272;0
2024.09.20 23:30;1.11575;1.11600;1.11559;1.11597;236;0
2024.09.20 23:40;1.11597;1.11638;1.11595;1.11632;255;0
2024.09.20 23:50;1.11631;1.11635;1.11627;1.11630;124;0
2024.09.23 00:00;1.11573;1.11587;1.11554;1.11587;26;67
2024.09.23 00:10;1.11588;1.11638;1.11588;1.11610;50;30
2024.09.23 00:20;1.11613;1.11613;1.11591;1.11591;44;30
2024.09.23 00:30;1.11587;1.11606;1.11582;1.11606;53;34
2024.09.23 00:40;1.11607;1.11610;1.11607;1.11609;18;30
2024.09.23 00:50;1.11609;1.11610;1.11585;1.11608;26;30
2024.09.23 01:00;1.11598;1.11629;1.11598;1.11617;178;0
2024.09.23 01:10;1.11618;1.11633;1.11617;1.11631;116;0
2024.09.23 01:20;1.11631;1.11647;1.11631;1.11642;86;0
2024.09.23 01:30;1.11641;1.11645;1.11634;1.11641;93;0
2024.09.23 01:40;1.11640;1.11644;1.11624;1.11626;77;0
2024.09.23 01:50;1.11627;1.11641;1.11618;1.11621;108;0
2024.09.23 02:00;1.11623;1.11631;1.11595;1.11599;162;0
2024.09.23 02:10;1.11599;1.11635;1.11597;1.11628;103;0
2024.09.23 02:20;1.11628;1.11637;1.11622;1.11632;103;0
2024.09.23 02:30;1.11632;1.11638;1.11619;1.11634;122;0
2024.09.23 02:40;1.11635;1.11638;1.11613;1.11617;121;0
2024.09.23 02:50;1.11617;1.11628;1.11590;1.11590;166;0
2024.09.23 03:00;1.11589;1.11608;1.11572;1.11572;311;0
2024.09.23 03:10;1.11573;1.11590;1.11563;1.11574;302;0
2024.09.23 03:20;1.11575;1.11587;1.11560;1.11581;352;0
2024.09.23 03:30;1.11582;1.11590;1.11569;1.11576;233;0
2024.09.23 03:40;1.11575;1.11586;1.11565;1.11586;169;0
2024.09.23 03:50;1.11587;1.11595;1.11574;1.11588;198;0
2024.09.23 04:00;1.11587;1.11591;1.11574;1.11590;295;0
2024.09.23 04:10;1.11592;1.11610;1.11584;1.11585;264;0
2024.09.23 04:20;1.11586;1.11606;1.11557;1.11578;247;0
2024.09.23 04:30;1.11577;1.11595;1.11574;1.11582;300;0
2024.09.23 04:40;1.11583;1.11615;1.11578;1.11610;271;0
2024.09.23 04:50;1.11611;1.11615;1.11584;1.11590;233;0
2024.09.23 05:00;1.11590;1.11592;1.11564;1.11587;266;0
2024.09.23 05:10;1.11586;1.11603;1.11580;1.11590;167;0
2024.09.23 05:20;1.11590;1.11598;1.11586;1.11592;122;0
2024.09.23 05:30;1.11593;1.11609;1.11585;1.11609;175;0
2024.09.23 05:40;1.11609;1.11633;1.11609;1.11631;160;0
2024.09.23 05:50;1.11631;1.11637;1.11616;1.11623;119;0
2024.09.23 06:00;1.11622;1.11635;1.11621;1.11633;144;0
2024.09.23 06:10;1.11634;1.11650;1.11627;1.11642;162;0
2024.09.23 06:20;1.11644;1.11648;1.11639;1.11644;144;0
2024.09.23 06:30;1.11643;1.11643;1.11627;1.11629;119;0
2024.09.23 06:40;1.11630;1.11631;1.11615;1.11616;122;0
2024.09.23 06:50;1.11616;1.11628;1.11609;1.11615;119;0
2024.09.23 07:00;1.11615;1.11621;1.11599;1.11619;171;0
2024.09.23 07:10;1.11620;1.11631;1.11610;1.11630;154;0
2024.09.23 07:20;1.11630;1.11642;1.11624;1.11639;151;0
2024.09.23 07:30;1.11639;1.11642;1.11635;1.11638;90;0
2024.09.23 07:40;1.11641;1.11650;1.11638;1.11648;78;0
2024.09.23 07:50;1.11647;1.11650;1.11635;1.11635;77;0
2024.09.23 08:00;1.11635;1.11642;1.11630;1.11634;132;0
2024.09.23 08:10;1.11634;1.11648;1.11634;1.11646;105;0
2024.09.23 08:20;1.11647;1.11650;1.11640;1.11643;92;0
2024.09.23 08:30;1.11643;1.11650;1.11640;1.11649;84;0
2024.09.23 08:40;1.11649;1.11673;1.11645;1.11658;106;0
2024.09.23 08:50;1.11658;1.11663;1.11614;1.11632;248;0
2024.09.23 09:00;1.11631;1.11643;1.11582;1.11591;491;0
2024.09.23 09:10;1.11589;1.11615;1.11582;1.11590;433;0
2024.09.23 09:20;1.11589;1.11592;1.11551;1.11584;423;0
2024.09.23 09:30;1.11585;1.11596;1.11561;1.11575;460;0
2024.09.23 09:40;1.11576;1.11600;1.11567;1.11588;356;0
2024.09.23 09:50;1.11587;1.11589;1.11552;1.11588;508;0
2024.09.23 10:00;1.11588;1.11593;1.11412;1.11419;832;0
2024.09.23 10:10;1.11418;1.11418;1.11152;1.11198;1097;0
2024.09.23 10:20;1.11197;1.11273;1.11170;1.11265;1085;0
2024.09.23 10:30;1.11262;1.11262;1.11061;1.11121;1181;0
2024.09.23 10:40;1.11122;1.11140;1.11062;1.11063;880;0
2024.09.23 10:50;1.11063;1.11066;1.10979;1.11014;900;0
2024.09.23 11:00;1.11014;1.11019;1.10908;1.10928;972;0
2024.09.23 11:10;1.10928;1.10937;1.10831;1.10895;842;0
2024.09.23 11:20;1.10896;1.10936;1.10868;1.10927;823;0
2024.09.23 11:30;1.10924;1.10947;1.10903;1.10914;890;0
2024.09.23 11:40;1.10913;1.10970;1.10863;1.10967;674;0
2024.09.23 11:50;1.10966;1.10990;1.10921;1.10924;593;0
2024.09.23 12:00;1.10923;1.10970;1.10921;1.10960;566;0
2024.09.23 12:10;1.10959;1.11051;1.10957;1.11051;606;0
2024.09.23 12:20;1.11051;1.11123;1.11042;1.11082;535;0
2024.09.23 12:30;1.11081;1.11099;1.11050;1.11064;476;0
2024.09.23 12:40;1.11066;1.11080;1.11042;1.11074;395;0
2024.09.23 12:50;1.11075;1.11094;1.11058;1.11059;376;0
2024.09.23 13:00;1.11059;1.11089;1.11053;1.11085;417;0
2024.09.23 13:10;1.11086;1.11130;1.11083;1.11115;405;0
2024.09.23 13:20;1.11114;1.11120;1.11083;1.11088;328;0
2024.09.23 13:30;1.11089;1.11181;1.11086;1.11165;526;0
2024.09.23 13:40;1.11164;1.11190;1.11137;1.11143;515;0
2024.09.23 13:50;1.11144;1.11149;1.11114;1.11131;470;0
2024.09.23 14:00;1.11131;1.11194;1.11124;1.11188;500;0
2024.09.23 14:10;1.11188;1.11235;1.11179;1.11235;399;0
2024.09.23 14:20;1.11235;1.11236;1.11179;1.11200;475;0
2024.09.23 14:30;1.11201;1.11243;1.11198;1.11224;454;0
2024.09.23 14:40;1.11226;1.11253;1.11210;1.11250;454;0
2024.09.23 14:50;1.11251;1.11257;1.11193;1.11198;535;0
2024.09.23 15:00;1.11197;1.11228;1.11181;1.11186;530;0
2024.09.23 15:10;1.11186;1.11189;1.11083;1.11083;697;0
2024.09.23 15:20;1.11085;1.11132;1.11085;1.11119;623;0
2024.09.23 15:30;1.11120;1.11159;1.11120;1.11148;634;0
2024.09.23 15:40;1.11147;1.11207;1.11147;1.11183;650;0
2024.09.23 15:50;1.11185;1.11237;1.11182;1.11225;694;0
2024.09.23 16:00;1.11226;1.11277;1.11226;1.11273;617;0
2024.09.23 16:10;1.11275;1.11314;1.11268;1.11280;624;0
2024.09.23 16:20;1.11281;1.11347;1.11280;1.11327;698;0
2024.09.23 16:30;1.11326;1.11337;1.11296;1.11316;901;0
2024.09.23 16:40;1.11316;1.11392;1.11202;1.11257;1105;0
2024.09.23 16:50;1.11260;1.11308;1.11227;1.11293;1116;0
2024.09.23 17:00;1.11284;1.11311;1.11151;1.11192;1052;0
2024.09.23 17:10;1.11190;1.11320;1.11184;1.11300;914;0
2024.09.23 17:20;1.11299;1.11353;1.11260;1.11350;821;0
2024.09.23 17:30;1.11350;1.11434;1.11343;1.11364;923;0
2024.09.23 17:40;1.11363;1.11405;1.11304;1.11306;809;0
2024.09.23 17:50;1.11306;1.11334;1.11280;1.11324;889;0
2024.09.23 18:00;1.11325;1.11344;1.11236;1.11263;885;0
2024.09.23 18:10;1.11259;1.11324;1.11254;1.11323;719;0
2024.09.23 18:20;1.11322;1.11367;1.11319;1.11339;641;0
2024.09.23 18:30;1.11340;1.11370;1.11325;1.11366;561;0
2024.09.23 18:40;1.11366;1.11371;1.11338;1.11341;485;0
2024.09.23 18:50;1.11341;1.11347;1.11261;1.11303;680;0
2024.09.23 19:00;1.11299;1.11299;1.11228;1.11236;822;0
2024.09.23 19:10;1.11236;1.11256;1.11213;1.11251;676;0
2024.09.23 19:20;1.11250;1.11284;1.11226;1.11263;539;0
2024.09.23 19:30;1.11262;1.11266;1.11214;1.11239;614;0
2024.09.23 19:40;1.11238;1.11247;1.11213;1.11221;488;0
2024.09.23 19:50;1.11219;1.11263;1.11216;1.11252;516;0
2024.09.23 20:00;1.11252;1.11254;1.11211;1.11223;532;0
2024.09.23 20:10;1.11222;1.11252;1.11215;1.11235;367;0
2024.09.23 20:20;1.11235;1.11257;1.11228;1.11254;375;0
2024.09.23 20:30;1.11254;1.11285;1.11244;1.11271;283;0
2024.09.23 20:40;1.11272;1.11285;1.11217;1.11222;421;0
2024.09.23 20:50;1.11222;1.11248;1.11201;1.11206;411;0
2024.09.23 21:00;1.11206;1.11206;1.11181;1.11193;490;0
2024.09.23 21:10;1.11194;1.11228;1.11191;1.11211;406;0
2024.09.23 21:20;1.11212;1.11235;1.11212;1.11225;379;0
2024.09.23 21:30;1.11223;1.11239;1.11211;1.11216;288;0
2024.09.23 21:40;1.11218;1.11224;1.11195;1.11198;273;0
2024.09.23 21:50;1.11198;1.11198;1.11159;1.11167;332;0
2024.09.23 22:00;1.11167;1.11173;1.11151;1.11152;362;0
2024.09.23 22:10;1.11153;1.11163;1.11141;1.11146;321;0
2024.09.23 22:20;1.11147;1.11158;1.11143;1.11152;222;0
2024.09.23 22:30;1.11152;1.11174;1.11141;1.11166;262;0
2024.09.23 22:40;1.11166;1.11178;1.11158;1.11158;315;0
2024.09.23 22:50;1.11157;1.11161;1.11118;1.11147;434;0
2024.09.23 23:00;1.11146;1.11149;1.11125;1.11134;220;0
2024.09.23 23:10;1.11135;1.11137;1.11115;1.11128;190;0
2024.09.23 23:20;1.11127;1.11129;1.11118;1.11125;211;0
2024.09.23 23:30;1.11125;1.11128;1.11120;1.11124;98;0
2024.09.23 23:40;1.11124;1.11128;1.11108;1.11114;104;0
2024.09.23 23:50;1.11113;1.11125;1.11098;1.11109;248;0
2024.09.24 00:00;1.11094;1.11119;1.11094;1.11111;44;18
2024.09.24 00:10;1.11111;1.11137;1.11111;1.11131;38;5
2024.09.24 00:20;1.11131;1.11147;1.11124;1.11125;46;7
2024.09.24 00:30;1.11127;1.11134;1.11119;1.11126;40;9
2024.09.24 00:40;1.11126;1.11127;1.11110;1.11110;17;8
2024.09.24 00:50;1.11110;1.11115;1.11110;1.11115;12;11
2024.09.24 01:00;1.11117;1.11141;1.11111;1.11128;158;1
2024.09.24 01:10;1.11128;1.11133;1.11119;1.11123;117;1
2024.09.24 01:20;1.11123;1.11131;1.11115;1.11119;100;1
2024.09.24 01:30;1.11118;1.11123;1.11114;1.11118;58;1
2024.09.24 01:40;1.11119;1.11130;1.11118;1.11123;56;1
2024.09.24 01:50;1.11123;1.11123;1.11108;1.11109;67;1
2024.09.24 02:00;1.11112;1.11116;1.11106;1.11107;94;1
2024.09.24 02:10;1.11107;1.11108;1.11091;1.11091;95;1
2024.09.24 02:20;1.11091;1.11096;1.11084;1.11085;78;1
2024.09.24 02:30;1.11084;1.11096;1.11084;1.11087;83;1
2024.09.24 02:40;1.11086;1.11097;1.11074;1.11095;121;1
2024.09.24 02:50;1.11094;1.11115;1.11094;1.11108;110;1
2024.09.24 03:00;1.11109;1.11123;1.11083;1.11115;405;1
2024.09.24 03:10;1.11116;1.11138;1.11101;1.11101;303;1
2024.09.24 03:20;1.11102;1.11111;1.11074;1.11078;285;1
2024.09.24 03:30;1.11079;1.11079;1.11058;1.11075;260;1
2024.09.24 03:40;1.11074;1.11075;1.11052;1.11057;226;1
2024.09.24 03:50;1.11056;1.11060;1.11042;1.11058;297;1
2024.09.24 04:00;1.11057;1.11085;1.11050;1.11053;447;1
2024.09.24 04:10;1.11054;1.11086;1.11048;1.11057;376;1
2024.09.24 04:20;1.11059;1.11065;1.11044;1.11062;271;1
2024.09.24 04:30;1.11063;1.11105;1.11058;1.11069;400;1
2024.09.24 04:40;1.11068;1.11113;1.11062;1.11081;349;1
2024.09.24 04:50;1.11080;1.11086;1.11067;1.11074;326;1
2024.09.24 05:00;1.11074;1.11084;1.11060;1.11060;327;1
2024.09.24 05:10;1.11060;1.11061;1.11043;1.11048;254;1
2024.09.24 05:20;1.11047;1.11050;1.11036;1.11045;173;1
2024.09.24 05:30;1.11045;1.11050;1.11036;1.11036;152;1
2024.09.24 05:40;1.11036;1.11053;1.11035;1.11037;133;1
2024.09.24 05:50;1.11038;1.11068;1.11033;1.11054;274;1
2024.09.24 06:00;1.11054;1.11102;1.11054;1.11100;293;1
2024.09.24 06:10;1.11100;1.11116;1.11092;1.11093;271;1
2024.09.24 06:20;1.11094;1.11120;1.11087;1.11119;213;1
2024.09.24 06:30;1.11119;1.11120;1.11100;1.11115;294;1
2024.09.24 06:40;1.11115;1.11132;1.11114;1.11127;208;1
2024.09.24 06:50;1.11128;1.11136;1.11123;1.11126;125;1
2024.09.24 07:00;1.11125;1.11135;1.11095;1.11096;209;1
2024.09.24 07:10;1.11096;1.11127;1.11092;1.11126;174;1
2024.09.24 07:20;1.11127;1.11152;1.11125;1.11140;242;1
2024.09.24 07:30;1.11141;1.11162;1.11138;1.11156;229;1
2024.09.24 07:40;1.11156;1.11175;1.11156;1.11171;146;1
2024.09.24 07:50;1.11171;1.11176;1.11159;1.11168;161;1
2024.09.24 08:00;1.11169;1.11178;1.11139;1.11162;323;1
2024.09.24 08:10;1.11161;1.11175;1.11157;1.11172;265;0
2024.09.24 08:20;1.11173;1.11195;1.11171;1.11189;193;1
2024.09.24 08:30;1.11189;1.11192;1.11152;1.11157;403;1
2024.09.24 08:40;1.11158;1.11178;1.11141;1.11158;386;1
2024.09.24 08:50;1.11157;1.11182;1.11157;1.11163;402;1
2024.09.24 09:00;1.11155;1.11160;1.11111;1.11113;661;1
2024.09.24 09:10;1.11111;1.11118;1.11071;1.11075;559;1
2024.09.24 09:20;1.11075;1.11082;1.11050;1.11051;492;1
2024.09.24 09:30;1.11050;1.11109;1.11043;1.11099;490;1
2024.09.24 09:40;1.11100;1.11162;1.11080;1.11162;572;1
2024.09.24 09:50;1.11162;1.11190;1.11140;1.11149;631;2
2024.09.24 10:00;1.11150;1.11201;1.11125;1.11194;779;2
2024.09.24 10:10;1.11193;1.11265;1.11184;1.11239;664;1
2024.09.24 10:20;1.11238;1.11243;1.11207;1.11223;632;1
2024.09.24 10:30;1.11223;1.11265;1.11202;1.11249;679;1
2024.09.24 10:40;1.11250;1.11322;1.11227;1.11293;620;0
2024.09.24 10:50;1.11292;1.11316;1.11269;1.11275;487;0
2024.09.24 11:00;1.11274;1.11354;1.11265;1.11343;685;0
2024.09.24 11:10;1.11342;1.11381;1.11336;1.11356;600;0
2024.09.24 11:20;1.11357;1.11396;1.11339;1.11376;583;0
2024.09.24 11:30;1.11375;1.11430;1.11373;1.11410;588;1
2024.09.24 11:40;1.11409;1.11448;1.11408;1.11427;565;1
2024.09.24 11:50;1.11427;1.11434;1.11397;1.11401;521;1
2024.09.24 12:00;1.11400;1.11424;1.11383;1.11400;483;1
2024.09.24 12:10;1.11400;1.11423;1.11395;1.11418;408;0
2024.09.24 12:20;1.11418;1.11437;1.11406;1.11419;333;0
2024.09.24 12:30;1.11418;1.11460;1.11410;1.11430;425;0
2024.09.24 12:40;1.11431;1.11434;1.11353;1.11356;503;1
2024.09.24 12:50;1.11355;1.11365;1.11315;1.11355;438;0
2024.09.24 13:00;1.11355;1.11411;1.11354;1.11404;477;1
2024.09.24 13:10;1.11405;1.11409;1.11358;1.11395;489;0
2024.09.24 13:20;1.11395;1.11401;1.11336;1.11339;387;1
2024.09.24 13:30;1.11338;1.11369;1.11289;1.11318;544;1
2024.09.24 13:40;1.11319;1.11343;1.11306;1.11325;390;0
2024.09.24 13:50;1.11325;1.11325;1.11269;1.11280;510;0
2024.09.24 14:00;1.11279;1.11281;1.11235;1.11242;500;0
2024.09.24 14:10;1.11243;1.11262;1.11231;1.11248;379;0
2024.09.24 14:20;1.11247;1.11251;1.11229;1.11250;312;0
2024.09.24 14:30;1.11251;1.11265;1.11220;1.11249;416;0
2024.09.24 14:40;1.11249;1.11283;1.11239;1.11283;379;0
2024.09.24 14:50;1.11282;1.11299;1.11265;1.11290;439;0
2024.09.24 15:00;1.11291;1.11374;1.11291;1.11332;581;0
2024.09.24 15:10;1.11333;1.11383;1.11332;1.11371;548;0
2024.09.24 15:20;1.11372;1.11388;1.11342;1.11346;534;0
2024.09.24 15:30;1.11345;1.11446;1.11334;1.11439;659;0
2024.09.24 15:40;1.11440;1.11477;1.11418;1.11428;748;0
2024.09.24 15:50;1.11429;1.11433;1.11396;1.11408;600;0
2024.09.24 16:00;1.11408;1.11444;1.11380;1.11420;778;0
2024.09.24 16:10;1.11420;1.11428;1.11367;1.11380;665;0
2024.09.24 16:20;1.11380;1.11431;1.11374;1.11410;674;0
2024.09.24 16:30;1.11413;1.11425;1.11344;1.11377;944;0
2024.09.24 16:40;1.11378;1.11379;1.11324;1.11354;823;0
2024.09.24 16:50;1.11353;1.11399;1.11327;1.11394;646;0
2024.09.24 17:00;1.11391;1.11546;1.11388;1.11543;1261;0
2024.09.24 17:10;1.11547;1.11608;1.11543;1.11578;1079;0
2024.09.24 17:20;1.11581;1.11635;1.11567;1.11605;994;0
2024.09.24 17:30;1.11606;1.11610;1.11469;1.11492;908;0
2024.09.24 17:40;1.11492;1.11565;1.11492;1.11513;906;0
2024.09.24 17:50;1.11513;1.11519;1.11455;1.11507;889;0
2024.09.24 18:00;1.11507;1.11551;1.11493;1.11533;852;0
2024.09.24 18:10;1.11533;1.11554;1.11500;1.11537;745;0
2024.09.24 18:20;1.11537;1.11562;1.11478;1.11540;700;0
2024.09.24 18:30;1.11542;1.11548;1.11482;1.11503;583;0
2024.09.24 18:40;1.11503;1.11506;1.11467;1.11482;468;0
2024.09.24 18:50;1.11482;1.11511;1.11474;1.11497;505;0
2024.09.24 19:00;1.11498;1.11567;1.11494;1.11556;512;0
2024.09.24 19:10;1.11555;1.11588;1.11541;1.11575;426;0
2024.09.24 19:20;1.11577;1.11583;1.11545;1.11557;456;0
2024.09.24 19:30;1.11558;1.11559;1.11524;1.11549;409;0
2024.09.24 19:40;1.11548;1.11608;1.11546;1.11608;383;0
2024.09.24 19:50;1.11608;1.11620;1.11577;1.11586;400;0
2024.09.24 20:00;1.11586;1.11589;1.11567;1.11571;419;0
2024.09.24 20:10;1.11571;1.11603;1.11559;1.11560;450;0
2024.09.24 20:20;1.11560;1.11582;1.11555;1.11569;369;0
2024.09.24 20:30;1.11570;1.11588;1.11547;1.11580;282;0
2024.09.24 20:40;1.11580;1.11609;1.11576;1.11590;249;0
2024.09.24 20:50;1.11591;1.11638;1.11591;1.11626;336;0
2024.09.24 21:00;1.11627;1.11641;1.11613;1.11632;329;0
2024.09.24 21:10;1.11633;1.11641;1.11597;1.11621;349;0
2024.09.24 21:20;1.11621;1.11669;1.11620;1.11645;357;0
2024.09.24 21:30;1.11647;1.11655;1.11634;1.11641;300;0
2024.09.24 21:40;1.11642;1.11648;1.11630;1.11644;293;0
2024.09.24 21:50;1.11644;1.11669;1.11644;1.11663;264;0
2024.09.24 22:00;1.11663;1.11709;1.11649;1.11704;397;0
2024.09.24 22:10;1.11705;1.11732;1.11697;1.11732;411;0
2024.09.24 22:20;1.11733;1.11735;1.11711;1.11725;295;0
2024.09.24 22:30;1.11725;1.11753;1.11721;1.11737;284;0
2024.09.24 22:40;1.11738;1.11749;1.11733;1.11742;261;0
2024.09.24 22:50;1.11743;1.11767;1.11736;1.11766;278;0
2024.09.24 23:00;1.11767;1.11772;1.11758;1.11764;202;0
2024.09.24 23:10;1.11765;1.11774;1.11752;1.11752;129;0
2024.09.24 23:20;1.11754;1.11785;1.11749;1.11766;211;0
2024.09.24 23:30;1.11767;1.11789;1.11767;1.11787;145;0
2024.09.24 23:40;1.11786;1.11793;1.11774;1.11790;131;0
2024.09.24 23:50;1.11790;1.11809;1.11788;1.11793;233;0
2024.09.25 00:00;1.11710;1.11801;1.11710;1.11787;82;4
2024.09.25 00:10;1.11788;1.11790;1.11775;1.11782;35;7
2024.09.25 00:20;1.11781;1.11788;1.11774;1.11788;23;9
2024.09.25 00:30;1.11788;1.11790;1.11788;1.11788;6;8
2024.09.25 00:40;1.11788;1.11790;1.11788;1.11790;11;9
2024.09.25 00:50;1.11790;1.11790;1.11786;1.11790;14;9
2024.09.25 01:00;1.11793;1.11805;1.11787;1.11800;64;1
2024.09.25 01:10;1.11799;1.11800;1.11789;1.11795;62;1
2024.09.25 01:20;1.11795;1.11802;1.11794;1.11800;40;1
2024.09.25 01:30;1.11800;1.11839;1.11798;1.11835;79;1
2024.09.25 01:40;1.11835;1.11869;1.11831;1.11868;172;1
2024.09.25 01:50;1.11868;1.11887;1.11864;1.11886;198;1
2024.09.25 02:00;1.11886;1.11887;1.11847;1.11869;220;1
2024.09.25 02:10;1.11870;1.11870;1.11839;1.11841;206;1
2024.09.25 02:20;1.11841;1.11856;1.11837;1.11837;71;1
2024.09.25 02:30;1.11838;1.11854;1.11831;1.11853;124;1
2024.09.25 02:40;1.11852;1.11886;1.11851;1.11885;149;1
2024.09.25 02:50;1.11886;1.11911;1.11884;1.11909;188;1
2024.09.25 03:00;1.11911;1.11929;1.11892;1.11892;455;1
2024.09.25 03:10;1.11893;1.11900;1.11873;1.11889;327;1
2024.09.25 03:20;1.11888;1.11910;1.11875;1.11875;361;1
2024.09.25 03:30;1.11876;1.11922;1.11874;1.11911;263;1
2024.09.25 03:40;1.11910;1.11938;1.11909;1.11925;271;1
2024.09.25 03:50;1.11926;1.11939;1.11906;1.11932;414;0
2024.09.25 04:00;1.11932;1.11936;1.11907;1.11918;408;1
2024.09.25 04:10;1.11917;1.11936;1.11893;1.11936;338;1
2024.09.25 04:20;1.11936;1.11936;1.11906;1.11907;320;1
2024.09.25 04:30;1.11907;1.11928;1.11861;1.11895;486;1
2024.09.25 04:40;1.11893;1.11899;1.11860;1.11862;293;1
2024.09.25 04:50;1.11862;1.11882;1.11852;1.11880;275;1
2024.09.25 05:00;1.11880;1.11899;1.11876;1.11898;222;1
2024.09.25 05:10;1.11898;1.11914;1.11893;1.11896;200;1
2024.09.25 05:20;1.11897;1.11923;1.11895;1.11922;195;1
2024.09.25 05:30;1.11923;1.11933;1.11907;1.11927;217;1
2024.09.25 05:40;1.11926;1.11949;1.11922;1.11937;237;1
2024.09.25 05:50;1.11938;1.11961;1.11931;1.11949;174;1
2024.09.25 06:00;1.11948;1.11957;1.11917;1.11926;261;1
2024.09.25 06:10;1.11926;1.11954;1.11923;1.11953;162;1
2024.09.25 06:20;1.11953;1.11983;1.11947;1.11980;211;1
2024.09.25 06:30;1.11979;1.11986;1.11960;1.11961;135;1
2024.09.25 06:40;1.11962;1.11965;1.11953;1.11960;165;1
2024.09.25 06:50;1.11960;1.11988;1.11956;1.11982;160;1
2024.09.25 07:00;1.11982;1.11987;1.11956;1.11970;179;1
2024.09.25 07:10;1.11971;1.11980;1.11967;1.11973;131;1
2024.09.25 07:20;1.11973;1.11985;1.11969;1.11983;159;1
2024.09.25 07:30;1.11982;1.11982;1.11962;1.11969;185;1
2024.09.25 07:40;1.11969;1.11975;1.11936;1.11951;189;1
2024.09.25 07:50;1.11952;1.11964;1.11948;1.11957;140;1
2024.09.25 08:00;1.11957;1.11960;1.11941;1.11942;194;1
2024.09.25 08:10;1.11942;1.11960;1.11942;1.11949;123;1
2024.09.25 08:20;1.11948;1.11958;1.11925;1.11932;181;1
2024.09.25 08:30;1.11931;1.11951;1.11923;1.11949;280;1
2024.09.25 08:40;1.11948;1.11959;1.11924;1.11928;312;1
2024.09.25 08:50;1.11927;1.11959;1.11925;1.11955;300;1
2024.09.25 09:00;1.11956;1.11957;1.11909;1.11911;373;2
2024.09.25 09:10;1.11910;1.11911;1.11870;1.11884;477;1
2024.09.25 09:20;1.11885;1.11927;1.11869;1.11927;369;1
2024.09.25 09:30;1.11928;1.11940;1.11896;1.11910;452;1
2024.09.25 09:40;1.11910;1.11944;1.11906;1.11937;399;1
2024.09.25 09:50;1.11937;1.11938;1.11893;1.11904;537;1
2024.09.25 10:00;1.11905;1.11963;1.11898;1.11942;740;2
2024.09.25 10:10;1.11943;1.11963;1.11886;1.11887;591;1
2024.09.25 10:20;1.11887;1.11913;1.11858;1.11888;625;1
2024.09.25 10:30;1.11888;1.11959;1.11873;1.11895;661;1
2024.09.25 10:40;1.11896;1.11911;1.11873;1.11891;597;1
2024.09.25 10:50;1.11891;1.11923;1.11872;1.11918;505;0
2024.09.25 11:00;1.11917;1.11955;1.11886;1.11892;615;1
2024.09.25 11:10;1.11891;1.11916;1.11855;1.11885;545;0
2024.09.25 11:20;1.11886;1.11896;1.11842;1.11846;498;0
2024.09.25 11:30;1.11845;1.11915;1.11840;1.11881;574;1
2024.09.25 11:40;1.11881;1.11891;1.11830;1.11837;507;1
2024.09.25 11:50;1.11837;1.11858;1.11822;1.11848;489;0
2024.09.25 12:00;1.11847;1.11877;1.11826;1.11861;526;0
2024.09.25 12:10;1.11860;1.11864;1.11787;1.11796;569;0
2024.09.25 12:20;1.11796;1.11812;1.11784;1.11786;511;0
2024.09.25 12:30;1.11786;1.11818;1.11782;1.11817;507;0
2024.09.25 12:40;1.11818;1.11836;1.11807;1.11816;463;0
2024.09.25 12:50;1.11815;1.11843;1.11791;1.11833;446;0
2024.09.25 13:00;1.11832;1.11889;1.11832;1.11848;523;1
2024.09.25 13:10;1.11847;1.11854;1.11813;1.11849;435;0
2024.09.25 13:20;1.11850;1.11864;1.11838;1.11856;425;0
2024.09.25 13:30;1.11857;1.11859;1.11810;1.11816;351;0
2024.09.25 13:40;1.11816;1.11855;1.11811;1.11854;382;0
2024.09.25 13:50;1.11855;1.11885;1.11852;1.11870;354;1
2024.09.25 14:00;1.11871;1.11922;1.11863;1.11916;410;0
2024.09.25 14:10;1.11916;1.11923;1.11851;1.11855;439;0
2024.09.25 14:20;1.11857;1.11876;1.11830;1.11840;453;0
2024.09.25 14:30;1.11839;1.11879;1.11837;1.11871;403;0
2024.09.25 14:40;1.11872;1.11888;1.11869;1.11886;304;0
2024.09.25 14:50;1.11885;1.11974;1.11882;1.11957;557;0
2024.09.25 15:00;1.11958;1.11964;1.11929;1.11937;490;0
2024.09.25 15:10;1.11936;1.11970;1.11930;1.11932;410;0
2024.09.25 15:20;1.11934;1.11961;1.11918;1.11956;568;0
2024.09.25 15:30;1.11956;1.12078;1.11943;1.11945;1086;0
2024.09.25 15:40;1.11947;1.11970;1.11918;1.11946;763;0
2024.09.25 15:50;1.11947;1.11989;1.11936;1.11976;622;0
2024.09.25 16:00;1.11977;1.12138;1.11970;1.12122;982;0
2024.09.25 16:10;1.12122;1.12128;1.12047;1.12084;735;0
2024.09.25 16:20;1.12083;1.12109;1.12046;1.12049;719;0
2024.09.25 16:30;1.12051;1.12076;1.12027;1.12056;882;0
2024.09.25 16:40;1.12054;1.12070;1.11976;1.11999;959;0
2024.09.25 16:50;1.12001;1.12070;1.11951;1.11951;969;0
2024.09.25 17:00;1.11954;1.11954;1.11880;1.11923;996;0
2024.09.25 17:10;1.11922;1.11932;1.11791;1.11791;813;0
2024.09.25 17:20;1.11792;1.11852;1.11790;1.11812;737;0
2024.09.25 17:30;1.11813;1.11865;1.11808;1.11819;589;0
2024.09.25 17:40;1.11816;1.11826;1.11706;1.11724;764;0
2024.09.25 17:50;1.11722;1.11742;1.11653;1.11725;928;0
2024.09.25 18:00;1.11727;1.11753;1.11623;1.11638;846;0
2024.09.25 18:10;1.11639;1.11679;1.11583;1.11607;764;0
2024.09.25 18:20;1.11607;1.11619;1.11538;1.11573;632;0
2024.09.25 18:30;1.11572;1.11582;1.11533;1.11567;766;0
2024.09.25 18:40;1.11566;1.11586;1.11543;1.11557;683;0
2024.09.25 18:50;1.11557;1.11557;1.11417;1.11431;802;0
2024.09.25 19:00;1.11429;1.11477;1.11416;1.11455;708;0
2024.09.25 19:10;1.11455;1.11460;1.11389;1.11397;572;0
2024.09.25 19:20;1.11396;1.11408;1.11380;1.11405;478;0
2024.09.25 19:30;1.11406;1.11420;1.11362;1.11366;457;0
2024.09.25 19:40;1.11367;1.11371;1.11327;1.11333;446;0
2024.09.25 19:50;1.11332;1.11351;1.11329;1.11343;484;0
2024.09.25 20:00;1.11344;1.11344;1.11216;1.11216;616;0
2024.09.25 20:10;1.11215;1.11307;1.11215;1.11298;667;0
2024.09.25 20:20;1.11298;1.11337;1.11281;1.11334;417;0
2024.09.25 20:30;1.11332;1.11362;1.11328;1.11343;412;0
2024.09.25 20:40;1.11343;1.11343;1.11309;1.11330;328;0
2024.09.25 20:50;1.11329;1.11379;1.11328;1.11369;409;0
2024.09.25 21:00;1.11369;1.11385;1.11353;1.11375;419;0
2024.09.25 21:10;1.11374;1.11374;1.11329;1.11332;425;0
2024.09.25 21:20;1.11333;1.11368;1.11326;1.11368;358;0
2024.09.25 21:30;1.11368;1.11382;1.11353;1.11370;293;0
2024.09.25 21:40;1.11371;1.11380;1.11358;1.11380;329;0
2024.09.25 21:50;1.11379;1.11389;1.11332;1.11342;389;0
2024.09.25 22:00;1.11343;1.11359;1.11327;1.11337;503;0
2024.09.25 22:10;1.11338;1.11344;1.11310;1.11321;414;0
2024.09.25 22:20;1.11321;1.11322;1.11300;1.11301;199;0
2024.09.25 22:30;1.11301;1.11311;1.11274;1.11281;259;0
2024.09.25 22:40;1.11281;1.11301;1.11279;1.11300;285;0
2024.09.25 22:50;1.11300;1.11305;1.11253;1.11259;354;0
2024.09.25 23:00;1.11259;1.11270;1.11249;1.11268;289;0
2024.09.25 23:10;1.11268;1.11291;1.11268;1.11286;156;0
2024.09.25 23:20;1.11287;1.11289;1.11268;1.11271;147;0
2024.09.25 23:30;1.11269;1.11277;1.11258;1.11271;134;0
2024.09.25 23:40;1.11271;1.11316;1.11271;1.11314;155;0
2024.09.25 23:50;1.11313;1.11330;1.11310;1.11327;240;0
2024.09.26 00:00;1.11320;1.11321;1.11258;1.11314;55;18
2024.09.26 00:10;1.11313;1.11321;1.11305;1.11305;173;7
2024.09.26 00:20;1.11306;1.11315;1.11301;1.11310;83;11
2024.09.26 00:30;1.11310;1.11320;1.11309;1.11309;51;9
2024.09.26 00:40;1.11312;1.11333;1.11310;1.11330;203;10
2024.09.26 00:50;1.11328;1.11333;1.11325;1.11328;159;16
2024.09.26 01:00;1.11325;1.11325;1.11302;1.11315;227;1
2024.09.26 01:10;1.11315;1.11325;1.11313;1.11321;94;1
2024.09.26 01:20;1.11320;1.11323;1.11316;1.11320;86;1
2024.09.26 01:30;1.11321;1.11329;1.11319;1.11328;89;1
2024.09.26 01:40;1.11329;1.11330;1.11320;1.11321;90;1
2024.09.26 01:50;1.11320;1.11323;1.11313;1.11319;78;1
2024.09.26 02:00;1.11317;1.11323;1.11302;1.11307;97;1
2024.09.26 02:10;1.11308;1.11314;1.11305;1.11312;89;1
2024.09.26 02:20;1.11311;1.11317;1.11306;1.11307;79;1
2024.09.26 02:30;1.11306;1.11310;1.11298;1.11305;95;1
2024.09.26 02:40;1.11306;1.11321;1.11305;1.11306;101;1
2024.09.26 02:50;1.11307;1.11313;1.11294;1.11296;128;1
2024.09.26 03:00;1.11296;1.11351;1.11288;1.11341;372;1
2024.09.26 03:10;1.11340;1.11354;1.11335;1.11353;293;1
2024.09.26 03:20;1.11353;1.11366;1.11342;1.11365;201;1
2024.09.26 03:30;1.11365;1.11370;1.11355;1.11363;180;1
2024.09.26 03:40;1.11364;1.11368;1.11345;1.11360;195;1
2024.09.26 03:50;1.11360;1.11371;1.11341;1.11365;240;1
2024.09.26 04:00;1.11365;1.11372;1.11357;1.11362;171;1
2024.09.26 04:10;1.11361;1.11372;1.11355;1.11359;219;1
2024.09.26 04:20;1.11359;1.11367;1.11316;1.11331;205;1
2024.09.26 04:30;1.11331;1.11363;1.11315;1.11347;421;1
2024.09.26 04:40;1.11348;1.11376;1.11344;1.11372;278;1
2024.09.26 04:50;1.11372;1.11412;1.11369;1.11394;424;1
2024.09.26 05:00;1.11395;1.11407;1.11379;1.11389;288;1
2024.09.26 05:10;1.11390;1.11397;1.11371;1.11390;180;1
2024.09.26 05:20;1.11389;1.11412;1.11389;1.11412;133;1
2024.09.26 05:30;1.11413;1.11414;1.11399;1.11402;188;1
2024.09.26 05:40;1.11401;1.11418;1.11384;1.11386;186;1
2024.09.26 05:50;1.11387;1.11416;1.11385;1.11410;161;1
2024.09.26 06:00;1.11411;1.11428;1.11409;1.11427;136;1
2024.09.26 06:10;1.11427;1.11453;1.11424;1.11446;142;1
2024.09.26 06:20;1.11446;1.11446;1.11414;1.11426;189;1
2024.09.26 06:30;1.11426;1.11428;1.11400;1.11401;129;1
2024.09.26 06:40;1.11401;1.11404;1.11378;1.11379;180;1
2024.09.26 06:50;1.11378;1.11409;1.11378;1.11403;159;1
2024.09.26 07:00;1.11404;1.11406;1.11377;1.11389;160;1
2024.09.26 07:10;1.11390;1.11422;1.11381;1.11406;149;1
2024.09.26 07:20;1.11406;1.11410;1.11399;1.11407;158;1
2024.09.26 07:30;1.11407;1.11435;1.11406;1.11434;106;1
2024.09.26 07:40;1.11434;1.11435;1.11419;1.11419;130;1
2024.09.26 07:50;1.11420;1.11425;1.11409;1.11416;205;1
2024.09.26 08:00;1.11415;1.11436;1.11405;1.11431;196;1
2024.09.26 08:10;1.11431;1.11467;1.11431;1.11458;250;1
2024.09.26 08:20;1.11458;1.11473;1.11455;1.11471;237;1
2024.09.26 08:30;1.11471;1.11479;1.11462;1.11467;273;1
2024.09.26 08:40;1.11466;1.11484;1.11460;1.11482;232;1
2024.09.26 08:50;1.11481;1.11519;1.11469;1.11502;271;1
2024.09.26 09:00;1.11498;1.11514;1.11475;1.11503;549;1
2024.09.26 09:10;1.11504;1.11515;1.11470;1.11497;463;1
2024.09.26 09:20;1.11496;1.11528;1.11484;1.11521;395;1
2024.09.26 09:30;1.11522;1.11530;1.11504;1.11518;329;1
2024.09.26 09:40;1.11518;1.11564;1.11513;1.11558;466;1
2024.09.26 09:50;1.11558;1.11558;1.11522;1.11535;533;1
2024.09.26 10:00;1.11534;1.11578;1.11527;1.11560;635;1
2024.09.26 10:10;1.11559;1.11580;1.11533;1.11556;467;1
2024.09.26 10:20;1.11557;1.11562;1.11466;1.11483;539;1
2024.09.26 10:30;1.11482;1.11540;1.11442;1.11489;905;2
2024.09.26 10:40;1.11487;1.11523;1.11471;1.11515;663;1
2024.09.26 10:50;1.11515;1.11515;1.11336;1.11348;1026;1
2024.09.26 11:00;1.11348;1.11348;1.11256;1.11328;908;1
2024.09.26 11:10;1.11329;1.11382;1.11322;1.11339;628;1
2024.09.26 11:20;1.11339;1.11356;1.11257;1.11355;771;1
2024.09.26 11:30;1.11354;1.11435;1.11339;1.11411;686;1
2024.09.26 11:40;1.11411;1.11412;1.11352;1.11371;643;2
2024.09.26 11:50;1.11370;1.11416;1.11342;1.11414;630;1
2024.09.26 12:00;1.11415;1.11478;1.11415;1.11468;544;1
2024.09.26 12:10;1.11468;1.11477;1.11438;1.11445;430;1
2024.09.26 12:20;1.11444;1.11516;1.11444;1.11485;534;1
2024.09.26 12:30;1.11485;1.11523;1.11467;1.11473;515;1
2024.09.26 12:40;1.11473;1.11494;1.11470;1.11492;455;0
2024.09.26 12:50;1.11491;1.11503;1.11428;1.11437;484;0
2024.09.26 13:00;1.11437;1.11442;1.11396;1.11429;597;1
2024.09.26 13:10;1.11429;1.11458;1.11408;1.11455;602;1
2024.09.26 13:20;1.11454;1.11486;1.11435;1.11464;514;1
2024.09.26 13:30;1.11463;1.11550;1.11442;1.11542;550;0
2024.09.26 13:40;1.11541;1.11549;1.11507;1.11514;576;0
2024.09.26 13:50;1.11513;1.11543;1.11508;1.11539;405;0
2024.09.26 14:00;1.11540;1.11584;1.11539;1.11581;492;0
2024.09.26 14:10;1.11581;1.11600;1.11511;1.11520;549;0
2024.09.26 14:20;1.11521;1.11523;1.11480;1.11520;531;0
2024.09.26 14:30;1.11520;1.11564;1.11504;1.11549;577;0
2024.09.26 14:40;1.11549;1.11595;1.11531;1.11589;517;0
2024.09.26 14:50;1.11589;1.11615;1.11501;1.11540;642;0
2024.09.26 15:00;1.11541;1.11597;1.11526;1.11548;768;0
2024.09.26 15:10;1.11547;1.11627;1.11537;1.11610;759;0
2024.09.26 15:20;1.11611;1.11654;1.11591;1.11612;718;0
2024.09.26 15:30;1.11607;1.11625;1.11382;1.11385;1461;0
2024.09.26 15:40;1.11380;1.11561;1.11373;1.11525;1239;0
2024.09.26 15:50;1.11524;1.11557;1.11501;1.11511;1017;0
2024.09.26 16:00;1.11511;1.11523;1.11435;1.11510;1106;0
2024.09.26 16:10;1.11511;1.11513;1.11367;1.11401;961;0
2024.09.26 16:20;1.11401;1.11560;1.11366;1.11555;944;2
2024.09.26 16:30;1.11555;1.11598;1.11461;1.11462;1192;0
2024.09.26 16:40;1.11459;1.11475;1.11405;1.11412;1114;0
2024.09.26 16:50;1.11411;1.11418;1.11346;1.11401;942;0
2024.09.26 17:00;1.11401;1.11417;1.11256;1.11269;1078;0
2024.09.26 17:10;1.11269;1.11423;1.11263;1.11408;952;0
2024.09.26 17:20;1.11409;1.11528;1.11402;1.11415;1021;0
2024.09.26 17:30;1.11417;1.11582;1.11403;1.11567;1067;0
2024.09.26 17:40;1.11573;1.11745;1.11568;1.11741;1068;0
2024.09.26 17:50;1.11741;1.11746;1.11641;1.11647;1122;0
2024.09.26 18:00;1.11648;1.11707;1.11642;1.11695;1005;0
2024.09.26 18:10;1.11694;1.11755;1.11669;1.11731;801;0
2024.09.26 18:20;1.11730;1.11789;1.11725;1.11751;799;0
2024.09.26 18:30;1.11752;1.11809;1.11748;1.11808;602;0
2024.09.26 18:40;1.11807;1.11878;1.11807;1.11862;749;0
2024.09.26 18:50;1.11862;1.11892;1.11825;1.11828;571;0
2024.09.26 19:00;1.11828;1.11828;1.11719;1.11736;686;0
2024.09.26 19:10;1.11737;1.11753;1.11701;1.11744;560;0
2024.09.26 19:20;1.11743;1.11744;1.11676;1.11728;726;0
2024.09.26 19:30;1.11728;1.11733;1.11693;1.11720;632;0
2024.09.26 19:40;1.11722;1.11728;1.11679;1.11708;631;0
2024.09.26 19:50;1.11707;1.11728;1.11662;1.11692;586;0
2024.09.26 20:00;1.11692;1.11740;1.11684;1.11708;655;0
2024.09.26 20:10;1.11708;1.11778;1.11701;1.11708;604;0
2024.09.26 20:20;1.11707;1.11774;1.11707;1.11758;630;0
2024.09.26 20:30;1.11759;1.11773;1.11747;1.11767;426;0
2024.09.26 20:40;1.11764;1.11779;1.11737;1.11771;355;0
2024.09.26 20:50;1.11771;1.11801;1.11747;1.11796;491;0
2024.09.26 21:00;1.11797;1.11813;1.11776;1.11797;487;0
2024.09.26 21:10;1.11797;1.11824;1.11779;1.11814;427;0
2024.09.26 21:20;1.11814;1.11817;1.11770;1.11770;340;0
2024.09.26 21:30;1.11770;1.11777;1.11748;1.11753;381;0
2024.09.26 21:40;1.11753;1.11796;1.11732;1.11791;410;0
2024.09.26 21:50;1.11792;1.11805;1.11782;1.11796;489;0
2024.09.26 22:00;1.11797;1.11820;1.11790;1.11812;385;0
2024.09.26 22:10;1.11811;1.11840;1.11808;1.11836;412;0
2024.09.26 22:20;1.11835;1.11841;1.11799;1.11810;269;0
2024.09.26 22:30;1.11810;1.11811;1.11771;1.11781;309;0
2024.09.26 22:40;1.11780;1.11801;1.11773;1.11774;282;0
2024.09.26 22:50;1.11774;1.11792;1.11762;1.11777;307;0
2024.09.26 23:00;1.11779;1.11787;1.11763;1.11783;197;0
2024.09.26 23:10;1.11783;1.11783;1.11749;1.11753;177;0
2024.09.26 23:20;1.11752;1.11756;1.11744;1.11748;163;0
2024.09.26 23:30;1.11749;1.11774;1.11749;1.11754;194;0
2024.09.26 23:40;1.11754;1.11756;1.11745;1.11751;184;0
2024.09.26 23:50;1.11751;1.11768;1.11744;1.11767;380;0
2024.09.27 00:00;1.11708;1.11770;1.11708;1.11766;35;6
2024.09.27 00:10;1.11766;1.11773;1.11740;1.11740;40;4
2024.09.27 00:20;1.11739;1.11749;1.11735;1.11748;106;4
2024.09.27 00:30;1.11748;1.11771;1.11747;1.11766;153;10
2024.09.27 00:40;1.11766;1.11776;1.11761;1.11766;69;4
2024.09.27 00:50;1.11766;1.11767;1.11753;1.11754;22;8
2024.09.27 01:00;1.11752;1.11774;1.11752;1.11763;390;1
2024.09.27 01:10;1.11763;1.11769;1.11761;1.11763;388;1
2024.09.27 01:20;1.11764;1.11770;1.11763;1.11765;219;1
2024.09.27 01:30;1.11765;1.11767;1.11762;1.11764;83;1
2024.09.27 01:40;1.11764;1.11766;1.11761;1.11763;38;1
2024.09.27 01:50;1.11764;1.11765;1.11760;1.11760;72;1
2024.09.27 02:00;1.11764;1.11765;1.11757;1.11758;79;1
2024.09.27 02:10;1.11758;1.11759;1.11747;1.11750;84;1
2024.09.27 02:20;1.11751;1.11753;1.11736;1.11740;193;1
2024.09.27 02:30;1.11740;1.11767;1.11737;1.11764;113;1
2024.09.27 02:40;1.11765;1.11772;1.11754;1.11758;142;1
2024.09.27 02:50;1.11758;1.11772;1.11747;1.11769;153;1
2024.09.27 03:00;1.11769;1.11775;1.11716;1.11719;496;1
2024.09.27 03:10;1.11718;1.11728;1.11707;1.11714;317;0
2024.09.27 03:20;1.11715;1.11722;1.11701;1.11714;206;1
2024.09.27 03:30;1.11714;1.11718;1.11680;1.11690;245;1
2024.09.27 03:40;1.11690;1.11733;1.11681;1.11730;288;1
2024.09.27 03:50;1.11730;1.11738;1.11691;1.11692;458;1
2024.09.27 04:00;1.11693;1.11713;1.11682;1.11702;403;1
2024.09.27 04:10;1.11702;1.11717;1.11679;1.11691;334;1
2024.09.27 04:20;1.11692;1.11719;1.11684;1.11696;357;1
2024.09.27 04:30;1.11696;1.11701;1.11655;1.11659;494;1
2024.09.27 04:40;1.11658;1.11670;1.11628;1.11630;392;1
2024.09.27 04:50;1.11629;1.11658;1.11624;1.11643;420;1
2024.09.27 05:00;1.11642;1.11665;1.11624;1.11663;398;1
2024.09.27 05:10;1.11662;1.11691;1.11660;1.11674;327;1
2024.09.27 05:20;1.11675;1.11675;1.11650;1.11656;269;1
2024.09.27 05:30;1.11655;1.11670;1.11654;1.11666;195;1
2024.09.27 05:40;1.11667;1.11692;1.11662;1.11691;217;1
2024.09.27 05:50;1.11690;1.11697;1.11681;1.11690;287;1
2024.09.27 06:00;1.11689;1.11717;1.11689;1.11716;211;1
2024.09.27 06:10;1.11715;1.11721;1.11692;1.11699;269;1
2024.09.27 06:20;1.11700;1.11723;1.11699;1.11718;243;1
2024.09.27 06:30;1.11720;1.11731;1.11710;1.11710;229;1
2024.09.27 06:40;1.11709;1.11719;1.11699;1.11706;205;1
2024.09.27 06:50;1.11705;1.11707;1.11687;1.11691;196;1
2024.09.27 07:00;1.11690;1.11696;1.11684;1.11686;203;1
2024.09.27 07:10;1.11686;1.11686;1.11653;1.11656;189;1
2024.09.27 07:20;1.11656;1.11656;1.11637;1.11646;232;1
2024.09.27 07:30;1.11646;1.11668;1.11646;1.11655;194;1
2024.09.27 07:40;1.11655;1.11667;1.11646;1.11648;239;0
2024.09.27 07:50;1.11648;1.11656;1.11638;1.11646;240;1
2024.09.27 08:00;1.11646;1.11665;1.11640;1.11655;420;1
2024.09.27 08:10;1.11655;1.11683;1.11609;1.11609;613;0
2024.09.27 08:20;1.11610;1.11628;1.11590;1.11594;589;1
2024.09.27 08:30;1.11594;1.11637;1.11592;1.11617;496;1
2024.09.27 08:40;1.11618;1.11638;1.11605;1.11606;392;1
2024.09.27 08:50;1.11606;1.11650;1.11583;1.11639;409;1
2024.09.27 09:00;1.11637;1.11658;1.11606;1.11610;525;1
2024.09.27 09:10;1.11609;1.11662;1.11607;1.11644;386;1
2024.09.27 09:20;1.11644;1.11745;1.11625;1.11711;1244;1
2024.09.27 09:30;1.11711;1.11759;1.11664;1.11686;1086;1
2024.09.27 09:40;1.11687;1.11700;1.11421;1.11474;1197;1
2024.09.27 09:50;1.11476;1.11522;1.11403;1.11509;960;1
2024.09.27 10:00;1.11509;1.11509;1.11357;1.11362;1220;1
2024.09.27 10:10;1.11362;1.11380;1.11329;1.11345;893;1
2024.09.27 10:20;1.11345;1.11351;1.11250;1.11308;960;1
2024.09.27 10:30;1.11308;1.11349;1.11257;1.11285;942;1
2024.09.27 10:40;1.11285;1.11365;1.11285;1.11352;803;1
2024.09.27 10:50;1.11352;1.11380;1.11289;1.11330;747;1
2024.09.27 11:00;1.11329;1.11339;1.11263;1.11329;770;1
2024.09.27 11:10;1.11329;1.11370;1.11306;1.11358;669;1
2024.09.27 11:20;1.11358;1.11405;1.11355;1.11369;744;1
2024.09.27 11:30;1.11367;1.11399;1.11339;1.11378;610;1
2024.09.27 11:40;1.11378;1.11405;1.11357;1.11374;607;1
2024.09.27 11:50;1.11373;1.11452;1.11372;1.11444;575;1
2024.09.27 12:00;1.11445;1.11447;1.11371;1.11412;614;0
2024.09.27 12:10;1.11411;1.11449;1.11395;1.11429;507;0
2024.09.27 12:20;1.11430;1.11503;1.11411;1.11497;571;0
2024.09.27 12:30;1.11496;1.11523;1.11471;1.11520;597;0
2024.09.27 12:40;1.11521;1.11542;1.11484;1.11540;557;0
2024.09.27 12:50;1.11540;1.11599;1.11523;1.11595;520;0
2024.09.27 13:00;1.11595;1.11633;1.11557;1.11585;599;0
2024.09.27 13:10;1.11586;1.11599;1.11570;1.11598;481;0
2024.09.27 13:20;1.11599;1.11636;1.11596;1.11632;477;0
2024.09.27 13:30;1.11632;1.11708;1.11631;1.11679;533;0
2024.09.27 13:40;1.11679;1.11688;1.11630;1.11642;438;1
2024.09.27 13:50;1.11643;1.11656;1.11609;1.11633;527;1
2024.09.27 14:00;1.11631;1.11668;1.11630;1.11640;525;0
2024.09.27 14:10;1.11639;1.11657;1.11625;1.11642;522;0
2024.09.27 14:20;1.11632;1.11657;1.11589;1.11607;557;0
2024.09.27 14:30;1.11608;1.11630;1.11598;1.11613;461;0
2024.09.27 14:40;1.11612;1.11677;1.11606;1.11661;447;0
2024.09.27 14:50;1.11661;1.11677;1.11613;1.11624;557;0
2024.09.27 15:00;1.11625;1.11638;1.11577;1.11577;783;0
2024.09.27 15:10;1.11578;1.11590;1.11546;1.11584;555;0
2024.09.27 15:20;1.11584;1.11605;1.11539;1.11555;622;0
2024.09.27 15:30;1.11553;1.11748;1.11547;1.11744;1364;2
2024.09.27 15:40;1.11744;1.11867;1.11707;1.11833;1223;0
2024.09.27 15:50;1.11834;1.12017;1.11811;1.11998;1253;0
2024.09.27 16:00;1.11997;1.11997;1.11913;1.11986;1243;0
2024.09.27 16:10;1.11987;1.12030;1.11939;1.11944;1014;0
2024.09.27 16:20;1.11945;1.11946;1.11853;1.11879;921;0
2024.09.27 16:30;1.11879;1.11941;1.11854;1.11911;1062;0
2024.09.27 16:40;1.11910;1.11922;1.11830;1.11857;946;0
2024.09.27 16:50;1.11858;1.11860;1.11794;1.11852;724;0
2024.09.27 17:00;1.11856;1.11860;1.11796;1.11815;971;0
2024.09.27 17:10;1.11814;1.11817;1.11752;1.11758;867;0
2024.09.27 17:20;1.11759;1.11812;1.11733;1.11811;958;0
2024.09.27 17:30;1.11812;1.11920;1.11808;1.11851;886;0
2024.09.27 17:40;1.11852;1.11854;1.11690;1.11711;970;0
2024.09.27 17:50;1.11711;1.11830;1.11708;1.11784;1086;0
2024.09.27 18:00;1.11784;1.11784;1.11679;1.11706;988;0
2024.09.27 18:10;1.11707;1.11743;1.11666;1.11666;714;0
2024.09.27 18:20;1.11665;1.11683;1.11635;1.11658;709;0
2024.09.27 18:30;1.11657;1.11687;1.11618;1.11631;623;0
2024.09.27 18:40;1.11630;1.11630;1.11571;1.11581;627;0
2024.09.27 18:50;1.11581;1.11603;1.11539;1.11585;707;0
2024.09.27 19:00;1.11584;1.11600;1.11559;1.11598;627;0
2024.09.27 19:10;1.11598;1.11600;1.11502;1.11525;714;0
2024.09.27 19:20;1.11526;1.11565;1.11507;1.11549;616;0
2024.09.27 19:30;1.11549;1.11572;1.11472;1.11473;575;0
2024.09.27 19:40;1.11472;1.11524;1.11462;1.11515;565;0
2024.09.27 19:50;1.11515;1.11549;1.11506;1.11517;539;0
2024.09.27 20:00;1.11517;1.11545;1.11503;1.11540;505;0
2024.09.27 20:10;1.11540;1.11589;1.11532;1.11586;536;0
2024.09.27 20:20;1.11587;1.11617;1.11581;1.11596;477;0
2024.09.27 20:30;1.11596;1.11633;1.11567;1.11568;482;0
2024.09.27 20:40;1.11567;1.11634;1.11551;1.11626;566;0
2024.09.27 20:50;1.11625;1.11657;1.11602;1.11635;518;0
2024.09.27 21:00;1.11635;1.11651;1.11608;1.11618;405;0
2024.09.27 21:10;1.11619;1.11653;1.11618;1.11642;389;0
2024.09.27 21:20;1.11642;1.11648;1.11611;1.11618;428;0
2024.09.27 21:30;1.11618;1.11639;1.11596;1.11637;417;0
2024.09.27 21:40;1.11636;1.11665;1.11625;1.11664;384;0
2024.09.27 21:50;1.11663;1.11678;1.11642;1.11677;434;0
2024.09.27 22:00;1.11677;1.11678;1.11642;1.11646;412;0
2024.09.27 22:10;1.11645;1.11671;1.11628;1.11669;333;0
2024.09.27 22:20;1.11668;1.11679;1.11663;1.11669;305;0
2024.09.27 22:30;1.11670;1.11676;1.11656;1.11658;262;0
2024.09.27 22:40;1.11658;1.11665;1.11648;1.11651;336;0
2024.09.27 22:50;1.11652;1.11659;1.11634;1.11641;348;0
2024.09.27 23:00;1.11637;1.11638;1.11622;1.11634;253;0
2024.09.27 23:10;1.11635;1.11645;1.11629;1.11637;212;0
2024.09.27 23:20;1.11639;1.11678;1.11639;1.11673;209;0
2024.09.27 23:30;1.11671;1.11672;1.11636;1.11637;107;0
2024.09.27 23:40;1.11637;1.11639;1.11607;1.11609;118;0
2024.09.27 23:50;1.11608;1.11611;1.11590;1.11591;105;0
2024.09.30 00:00;1.11540;1.11565;1.11530;1.11564;63;90
2024.09.30 00:10;1.11560;1.11584;1.11538;1.11574;214;61
2024.09.30 00:20;1.11575;1.11602;1.11552;1.11552;183;42
2024.09.30 00:30;1.11553;1.11590;1.11552;1.11583;90;31
2024.09.30 00:40;1.11582;1.11606;1.11582;1.11601;147;31
2024.09.30 00:50;1.11600;1.11605;1.11586;1.11590;127;31
2024.09.30 01:00;1.11605;1.11698;1.11596;1.11686;293;0
2024.09.30 01:10;1.11686;1.11703;1.11678;1.11698;145;0
2024.09.30 01:20;1.11698;1.11710;1.11695;1.11707;108;0
2024.09.30 01:30;1.11706;1.11723;1.11695;1.11709;169;0
2024.09.30 01:40;1.11710;1.11724;1.11707;1.11716;131;0
2024.09.30 01:50;1.11716;1.11720;1.11706;1.11708;137;0
2024.09.30 02:00;1.11708;1.11716;1.11699;1.11700;190;0
2024.09.30 02:10;1.11700;1.11704;1.11687;1.11696;123;0
2024.09.30 02:20;1.11697;1.11713;1.11696;1.11701;153;0
2024.09.30 02:30;1.11702;1.11704;1.11694;1.11696;131;0
2024.09.30 02:40;1.11697;1.11697;1.11675;1.11683;202;0
2024.09.30 02:50;1.11682;1.11699;1.11677;1.11689;223;0
2024.09.30 03:00;1.11689;1.11710;1.11684;1.11708;384;0
2024.09.30 03:10;1.11709;1.11736;1.11695;1.11729;284;0
2024.09.30 03:20;1.11728;1.11738;1.11695;1.11706;273;0
2024.09.30 03:30;1.11705;1.11719;1.11691;1.11716;267;0
2024.09.30 03:40;1.11716;1.11728;1.11707;1.11725;293;0
2024.09.30 03:50;1.11724;1.11736;1.11689;1.11707;451;0
2024.09.30 04:00;1.11707;1.11727;1.11706;1.11707;317;0
2024.09.30 04:10;1.11706;1.11706;1.11655;1.11698;325;0
2024.09.30 04:20;1.11699;1.11709;1.11685;1.11689;326;0
2024.09.30 04:30;1.11690;1.11703;1.11654;1.11655;446;0
2024.09.30 04:40;1.11655;1.11668;1.11634;1.11634;480;0
2024.09.30 04:50;1.11633;1.11643;1.11604;1.11604;462;0
2024.09.30 05:00;1.11603;1.11623;1.11586;1.11621;427;0
2024.09.30 05:10;1.11620;1.11621;1.11582;1.11590;368;0
2024.09.30 05:20;1.11588;1.11590;1.11564;1.11572;263;0
2024.09.30 05:30;1.11572;1.11582;1.11564;1.11574;273;0
2024.09.30 05:40;1.11574;1.11605;1.11572;1.11604;247;0
2024.09.30 05:50;1.11605;1.11609;1.11587;1.11604;204;0
2024.09.30 06:00;1.11605;1.11617;1.11580;1.11580;212;0
2024.09.30 06:10;1.11582;1.11608;1.11581;1.11581;185;0
2024.09.30 06:20;1.11582;1.11616;1.11582;1.11612;153;0
2024.09.30 06:30;1.11611;1.11611;1.11571;1.11577;226;0
2024.09.30 06:40;1.11578;1.11593;1.11571;1.11576;208;0
2024.09.30 06:50;1.11576;1.11586;1.11562;1.11581;119;0
2024.09.30 07:00;1.11581;1.11613;1.11581;1.11608;165;0
2024.09.30 07:10;1.11609;1.11615;1.11602;1.11615;144;0
2024.09.30 07:20;1.11615;1.11615;1.11603;1.11607;181;0
2024.09.30 07:30;1.11606;1.11620;1.11586;1.11611;176;0
2024.09.30 07:40;1.11611;1.11618;1.11603;1.11616;194;0
2024.09.30 07:50;1.11615;1.11619;1.11602;1.11616;178;0
2024.09.30 08:00;1.11617;1.11644;1.11612;1.11643;288;0
2024.09.30 08:10;1.11643;1.11663;1.11637;1.11661;352;0
2024.09.30 08:20;1.11662;1.11686;1.11655;1.11661;252;0
2024.09.30 08:30;1.11661;1.11684;1.11654;1.11681;332;0
2024.09.30 08:40;1.11682;1.11693;1.11659;1.11661;267;0
2024.09.30 08:50;1.11660;1.11676;1.11656;1.11666;297;0
2024.09.30 09:00;1.11661;1.11687;1.11622;1.11632;438;0
2024.09.30 09:10;1.11631;1.11639;1.11560;1.11564;414;0
2024.09.30 09:20;1.11564;1.11633;1.11564;1.11633;511;0
2024.09.30 09:30;1.11632;1.11654;1.11626;1.11640;456;0
2024.09.30 09:40;1.11641;1.11664;1.11630;1.11648;328;0
2024.09.30 09:50;1.11647;1.11688;1.11647;1.11680;437;0
2024.09.30 10:00;1.11681;1.11697;1.11614;1.11618;555;0
2024.09.30 10:10;1.11617;1.11667;1.11612;1.11630;540;0
2024.09.30 10:20;1.11632;1.11665;1.11607;1.11638;484;0
2024.09.30 10:30;1.11640;1.11644;1.11593;1.11634;575;0
2024.09.30 10:40;1.11635;1.11719;1.11635;1.11717;463;0
2024.09.30 10:50;1.11716;1.11754;1.11705;1.11719;640;0
2024.09.30 11:00;1.11720;1.11837;1.11720;1.11810;944;0
2024.09.30 11:10;1.11810;1.11855;1.11795;1.11821;703;0
2024.09.30 11:20;1.11821;1.11907;1.11816;1.11896;578;0
2024.09.30 11:30;1.11897;1.11949;1.11895;1.11931;580;0
2024.09.30 11:40;1.11933;1.11998;1.11925;1.11949;734;0
2024.09.30 11:50;1.11950;1.12089;1.11943;1.12052;846;0
2024.09.30 12:00;1.12057;1.12057;1.11964;1.11966;795;0
2024.09.30 12:10;1.11967;1.11987;1.11907;1.11965;648;0
2024.09.30 12:20;1.11966;1.11998;1.11915;1.11940;571;0
2024.09.30 12:30;1.11940;1.11956;1.11923;1.11935;523;0
2024.09.30 12:40;1.11934;1.11965;1.11933;1.11945;483;0
2024.09.30 12:50;1.11946;1.11952;1.11885;1.11895;585;0
2024.09.30 13:00;1.11894;1.11898;1.11866;1.11881;435;0
2024.09.30 13:10;1.11879;1.11898;1.11855;1.11855;299;0
2024.09.30 13:20;1.11855;1.11870;1.11844;1.11870;381;0
2024.09.30 13:30;1.11869;1.11899;1.11832;1.11857;475;0
2024.09.30 13:40;1.11856;1.11875;1.11836;1.11871;387;0
2024.09.30 13:50;1.11871;1.11911;1.11859;1.11900;499;0
2024.09.30 14:00;1.11899;1.11931;1.11889;1.11925;494;0
2024.09.30 14:10;1.11925;1.11949;1.11918;1.11923;377;0
2024.09.30 14:20;1.11924;1.11937;1.11910;1.11931;423;0
2024.09.30 14:30;1.11931;1.12011;1.11931;1.11991;487;0
2024.09.30 14:40;1.11991;1.12029;1.11971;1.12016;465;0
2024.09.30 14:50;1.12014;1.12016;1.11955;1.11976;456;0
2024.09.30 15:00;1.11978;1.12013;1.11962;1.11963;560;0
2024.09.30 15:10;1.11964;1.11979;1.11890;1.11905;501;0
2024.09.30 15:20;1.11907;1.11930;1.11900;1.11920;436;0
2024.09.30 15:30;1.11919;1.11925;1.11867;1.11896;428;0
2024.09.30 15:40;1.11896;1.11923;1.11862;1.11878;509;0
2024.09.30 15:50;1.11878;1.11916;1.11863;1.11898;604;0
2024.09.30 16:00;1.11899;1.11911;1.11682;1.11688;964;0
2024.09.30 16:10;1.11688;1.11835;1.11666;1.11779;885;0
2024.09.30 16:20;1.11780;1.11799;1.11736;1.11743;720;0
2024.09.30 16:30;1.11743;1.11781;1.11697;1.11772;847;0
2024.09.30 16:40;1.11772;1.11772;1.11690;1.11742;636;0
2024.09.30 16:50;1.11742;1.11761;1.11683;1.11684;746;0
2024.09.30 17:00;1.11684;1.11687;1.11630;1.11631;847;0
2024.09.30 17:10;1.11631;1.11656;1.11600;1.11617;735;0
2024.09.30 17:20;1.11618;1.11632;1.11408;1.11454;970;0
2024.09.30 17:30;1.11454;1.11542;1.11454;1.11532;916;0
2024.09.30 17:40;1.11533;1.11593;1.11447;1.11564;1065;0
2024.09.30 17:50;1.11566;1.11653;1.11525;1.11581;1218;0
2024.09.30 18:00;1.11581;1.11642;1.11561;1.11565;959;0
2024.09.30 18:10;1.11564;1.11591;1.11505;1.11509;826;0
2024.09.30 18:20;1.11509;1.11566;1.11479;1.11493;690;0
2024.09.30 18:30;1.11494;1.11494;1.11408;1.11411;691;0
2024.09.30 18:40;1.11410;1.11435;1.11405;1.11405;520;0
2024.09.30 18:50;1.11405;1.11444;1.11349;1.11442;632;0
2024.09.30 19:00;1.11446;1.11485;1.11420;1.11457;618;0
2024.09.30 19:10;1.11457;1.11472;1.11418;1.11422;483;0
2024.09.30 19:20;1.11421;1.11480;1.11399;1.11415;693;0
2024.09.30 19:30;1.11414;1.11468;1.11399;1.11452;682;0
2024.09.30 19:40;1.11453;1.11479;1.11450;1.11468;514;0
2024.09.30 19:50;1.11469;1.11499;1.11453;1.11483;405;0
2024.09.30 20:00;1.11483;1.11540;1.11480;1.11538;377;0
2024.09.30 20:10;1.11538;1.11567;1.11534;1.11546;401;0
2024.09.30 20:20;1.11548;1.11581;1.11548;1.11557;358;0
2024.09.30 20:30;1.11556;1.11586;1.11551;1.11581;318;0
2024.09.30 20:40;1.11581;1.11597;1.11525;1.11592;378;0
2024.09.30 20:50;1.11591;1.11622;1.11525;1.11529;636;0
2024.09.30 21:00;1.11526;1.11547;1.11353;1.11417;966;0
2024.09.30 21:10;1.11416;1.11417;1.11151;1.11157;1535;0
2024.09.30 21:20;1.11157;1.11261;1.11137;1.11213;1328;0
2024.09.30 21:30;1.11214;1.11289;1.11201;1.11274;1008;0
2024.09.30 21:40;1.11275;1.11352;1.11274;1.11346;926;0
2024.09.30 21:50;1.11348;1.11359;1.11318;1.11322;686;0
2024.09.30 22:00;1.11321;1.11328;1.11246;1.11257;608;0
2024.09.30 22:10;1.11257;1.11260;1.11215;1.11248;487;0
2024.09.30 22:20;1.11248;1.11295;1.11237;1.11268;378;0
2024.09.30 22:30;1.11267;1.11316;1.11248;1.11313;394;0
2024.09.30 22:40;1.11313;1.11350;1.11298;1.11339;411;0
2024.09.30 22:50;1.11339;1.11361;1.11312;1.11323;545;0
2024.09.30 23:00;1.11327;1.11339;1.11303;1.11325;319;0
2024.09.30 23:10;1.11324;1.11336;1.11324;1.11330;191;0
2024.09.30 23:20;1.11332;1.11364;1.11332;1.11357;151;0
2024.09.30 23:30;1.11356;1.11362;1.11331;1.11361;176;0
2024.09.30 23:40;1.11361;1.11362;1.11344;1.11354;114;0
2024.09.30 23:50;1.11354;1.11356;1.11345;1.11346;196;0
2024.10.01 00:00;1.11286;1.11336;1.11277;1.11336;58;13
2024.10.01 00:10;1.11331;1.11334;1.11317;1.11327;162;18
2024.10.01 00:20;1.11328;1.11343;1.11325;1.11337;131;11
2024.10.01 00:30;1.11337;1.11343;1.11334;1.11343;54;11
2024.10.01 00:40;1.11335;1.11350;1.11335;1.11349;97;6
2024.10.01 00:50;1.11350;1.11360;1.11349;1.11353;56;4
2024.10.01 01:00;1.11354;1.11365;1.11346;1.11352;88;0
2024.10.01 01:10;1.11352;1.11386;1.11352;1.11384;111;0
2024.10.01 01:20;1.11383;1.11400;1.11380;1.11394;75;0
2024.10.01 01:30;1.11395;1.11413;1.11390;1.11409;97;0
2024.10.01 01:40;1.11410;1.11418;1.11399;1.11416;116;0
2024.10.01 01:50;1.11416;1.11419;1.11411;1.11413;104;0
2024.10.01 02:00;1.11414;1.11424;1.11407;1.11410;227;0
2024.10.01 02:10;1.11410;1.11426;1.11408;1.11425;115;0
2024.10.01 02:20;1.11424;1.11424;1.11383;1.11388;158;0
2024.10.01 02:30;1.11389;1.11393;1.11366;1.11371;125;0
2024.10.01 02:40;1.11372;1.11390;1.11363;1.11363;120;0
2024.10.01 02:50;1.11363;1.11378;1.11355;1.11366;129;0
2024.10.01 03:00;1.11365;1.11373;1.11343;1.11354;422;0
2024.10.01 03:10;1.11354;1.11373;1.11340;1.11346;327;0
2024.10.01 03:20;1.11346;1.11356;1.11335;1.11343;277;0
2024.10.01 03:30;1.11343;1.11348;1.11304;1.11305;267;0
2024.10.01 03:40;1.11304;1.11320;1.11270;1.11317;312;0
2024.10.01 03:50;1.11316;1.11330;1.11303;1.11322;342;0
2024.10.01 04:00;1.11323;1.11345;1.11313;1.11327;303;0
2024.10.01 04:10;1.11328;1.11352;1.11324;1.11341;315;0
2024.10.01 04:20;1.11340;1.11381;1.11336;1.11373;275;0
2024.10.01 04:30;1.11373;1.11400;1.11373;1.11390;341;0
2024.10.01 04:40;1.11390;1.11419;1.11390;1.11415;266;0
2024.10.01 04:50;1.11414;1.11434;1.11402;1.11430;347;0
2024.10.01 05:00;1.11431;1.11434;1.11392;1.11394;229;0
2024.10.01 05:10;1.11393;1.11410;1.11376;1.11408;216;0
2024.10.01 05:20;1.11409;1.11413;1.11392;1.11393;168;0
2024.10.01 05:30;1.11395;1.11395;1.11360;1.11369;167;0
2024.10.01 05:40;1.11369;1.11408;1.11369;1.11403;184;0
2024.10.01 05:50;1.11404;1.11407;1.11385;1.11388;160;0
2024.10.01 06:00;1.11389;1.11401;1.11385;1.11388;187;0
2024.10.01 06:10;1.11388;1.11399;1.11388;1.11393;180;0
2024.10.01 06:20;1.11392;1.11395;1.11359;1.11370;194;0
2024.10.01 06:30;1.11369;1.11379;1.11353;1.11366;222;0
2024.10.01 06:40;1.11366;1.11388;1.11358;1.11381;138;0
2024.10.01 06:50;1.11383;1.11399;1.11377;1.11377;184;0
2024.10.01 07:00;1.11376;1.11383;1.11358;1.11365;152;0
2024.10.01 07:10;1.11366;1.11370;1.11346;1.11368;133;0
2024.10.01 07:20;1.11368;1.11375;1.11362;1.11372;78;0
2024.10.01 07:30;1.11372;1.11394;1.11371;1.11392;141;0
2024.10.01 07:40;1.11393;1.11395;1.11376;1.11390;168;0
2024.10.01 07:50;1.11390;1.11414;1.11388;1.11405;154;0
2024.10.01 08:00;1.11406;1.11417;1.11388;1.11397;207;0
2024.10.01 08:10;1.11396;1.11410;1.11380;1.11394;207;0
2024.10.01 08:20;1.11394;1.11421;1.11387;1.11417;160;0
2024.10.01 08:30;1.11417;1.11434;1.11413;1.11426;243;0
2024.10.01 08:40;1.11425;1.11441;1.11379;1.11392;262;0
2024.10.01 08:50;1.11393;1.11399;1.11362;1.11374;328;0
2024.10.01 09:00;1.11373;1.11379;1.11311;1.11323;572;0
2024.10.01 09:10;1.11324;1.11339;1.11308;1.11325;476;0
2024.10.01 09:20;1.11327;1.11410;1.11321;1.11380;446;0
2024.10.01 09:30;1.11379;1.11408;1.11372;1.11377;442;0
2024.10.01 09:40;1.11377;1.11378;1.11322;1.11341;458;0
2024.10.01 09:50;1.11342;1.11349;1.11320;1.11344;580;0
2024.10.01 10:00;1.11345;1.11369;1.11124;1.11128;1157;0
2024.10.01 10:10;1.11131;1.11193;1.11117;1.11161;1048;0
2024.10.01 10:20;1.11160;1.11270;1.11154;1.11201;918;0
2024.10.01 10:30;1.11201;1.11236;1.11171;1.11211;879;0
2024.10.01 10:40;1.11211;1.11226;1.11162;1.11174;786;0
2024.10.01 10:50;1.11174;1.11203;1.11127;1.11150;658;0
2024.10.01 11:00;1.11151;1.11180;1.11060;1.11074;774;0
2024.10.01 11:10;1.11074;1.11088;1.11005;1.11047;870;0
2024.10.01 11:20;1.11047;1.11117;1.11040;1.11113;666;0
2024.10.01 11:30;1.11113;1.11201;1.11113;1.11147;581;0
2024.10.01 11:40;1.11145;1.11159;1.11069;1.11071;644;0
2024.10.01 11:50;1.11070;1.11075;1.10980;1.11031;723;0
2024.10.01 12:00;1.11030;1.11100;1.11027;1.11079;790;0
2024.10.01 12:10;1.11081;1.11147;1.11074;1.11090;621;0
2024.10.01 12:20;1.11089;1.11091;1.11032;1.11054;393;0
2024.10.01 12:30;1.11053;1.11073;1.10994;1.11000;449;0
2024.10.01 12:40;1.11000;1.11000;1.10928;1.10935;668;0
2024.10.01 12:50;1.10935;1.10955;1.10921;1.10950;471;0
2024.10.01 13:00;1.10949;1.10977;1.10895;1.10900;576;0
2024.10.01 13:10;1.10900;1.10937;1.10899;1.10916;536;0
2024.10.01 13:20;1.10916;1.10921;1.10872;1.10879;554;0
2024.10.01 13:30;1.10878;1.10891;1.10849;1.10868;523;0
2024.10.01 13:40;1.10869;1.10876;1.10840;1.10853;472;0
2024.10.01 13:50;1.10852;1.10869;1.10838;1.10868;446;0
2024.10.01 14:00;1.10871;1.11000;1.10871;1.10951;729;0
2024.10.01 14:10;1.10951;1.10971;1.10914;1.10935;497;0
2024.10.01 14:20;1.10935;1.10935;1.10858;1.10863;497;0
2024.10.01 14:30;1.10862;1.10873;1.10817;1.10824;465;0
2024.10.01 14:40;1.10823;1.10862;1.10813;1.10819;587;0
2024.10.01 14:50;1.10820;1.10866;1.10786;1.10845;866;0
2024.10.01 15:00;1.10845;1.10888;1.10821;1.10861;784;0
2024.10.01 15:10;1.10861;1.10866;1.10751;1.10764;811;0
2024.10.01 15:20;1.10761;1.10795;1.10750;1.10795;750;0
2024.10.01 15:30;1.10794;1.10807;1.10736;1.10741;723;0
2024.10.01 15:40;1.10740;1.10782;1.10727;1.10749;673;0
2024.10.01 15:50;1.10750;1.10765;1.10700;1.10711;633;0
2024.10.01 16:00;1.10712;1.10801;1.10707;1.10794;750;0
2024.10.01 16:10;1.10794;1.10807;1.10752;1.10801;644;0
2024.10.01 16:20;1.10801;1.10823;1.10767;1.10767;606;0
2024.10.01 16:30;1.10768;1.10831;1.10642;1.10668;1459;0
2024.10.01 16:40;1.10672;1.10691;1.10584;1.10680;1271;0
2024.10.01 16:50;1.10681;1.10741;1.10624;1.10711;1236;0
2024.10.01 17:00;1.10712;1.10809;1.10579;1.10791;1662;0
2024.10.01 17:10;1.10787;1.10868;1.10766;1.10829;1200;0
2024.10.01 17:20;1.10828;1.10846;1.10729;1.10752;1165;0
2024.10.01 17:30;1.10754;1.10820;1.10715;1.10790;1230;0
2024.10.01 17:40;1.10789;1.10812;1.10747;1.10755;1020;0
2024.10.01 17:50;1.10755;1.10782;1.10718;1.10764;886;0
2024.10.01 18:00;1.10765;1.10777;1.10630;1.10630;915;0
2024.10.01 18:10;1.10631;1.10715;1.10628;1.10715;775;0
2024.10.01 18:20;1.10715;1.10717;1.10652;1.10664;650;0
2024.10.01 18:30;1.10664;1.10673;1.10598;1.10651;880;0
2024.10.01 18:40;1.10651;1.10678;1.10634;1.10674;726;0
2024.10.01 18:50;1.10675;1.10698;1.10656;1.10662;711;0
2024.10.01 19:00;1.10661;1.10717;1.10623;1.10644;764;0
2024.10.01 19:10;1.10645;1.10670;1.10638;1.10656;492;0
2024.10.01 19:20;1.10656;1.10659;1.10597;1.10599;516;0
2024.10.01 19:30;1.10599;1.10612;1.10541;1.10572;843;0
2024.10.01 19:40;1.10573;1.10573;1.10481;1.10508;843;0
2024.10.01 19:50;1.10507;1.10590;1.10506;1.10544;918;0
2024.10.01 20:00;1.10544;1.10553;1.10492;1.10524;818;0
2024.10.01 20:10;1.10524;1.10571;1.10474;1.10490;836;0
2024.10.01 20:20;1.10490;1.10525;1.10458;1.10524;666;0
2024.10.01 20:30;1.10523;1.10634;1.10523;1.10589;945;0
2024.10.01 20:40;1.10588;1.10651;1.10567;1.10623;767;0
2024.10.01 20:50;1.10623;1.10627;1.10594;1.10622;749;0
2024.10.01 21:00;1.10623;1.10664;1.10623;1.10648;580;0
2024.10.01 21:10;1.10646;1.10663;1.10631;1.10648;453;0
2024.10.01 21:20;1.10649;1.10685;1.10643;1.10669;605;0
2024.10.01 21:30;1.10668;1.10699;1.10664;1.10682;497;0
2024.10.01 21:40;1.10683;1.10712;1.10673;1.10712;418;0
2024.10.01 21:50;1.10712;1.10722;1.10687;1.10715;478;0
2024.10.01 22:00;1.10716;1.10743;1.10698;1.10701;542;0
2024.10.01 22:10;1.10702;1.10722;1.10694;1.10709;414;0
2024.10.01 22:20;1.10710;1.10765;1.10708;1.10764;334;0
2024.10.01 22:30;1.10765;1.10773;1.10716;1.10742;417;0
2024.10.01 22:40;1.10742;1.10755;1.10685;1.10699;510;0
2024.10.01 22:50;1.10701;1.10701;1.10661;1.10675;526;0
2024.10.01 23:00;1.10675;1.10702;1.10663;1.10690;372;0
2024.10.01 23:10;1.10691;1.10727;1.10682;1.10718;239;0
2024.10.01 23:20;1.10717;1.10719;1.10675;1.10676;183;0
2024.10.01 23:30;1.10677;1.10678;1.10656;1.10665;129;0
2024.10.01 23:40;1.10664;1.10698;1.10664;1.10695;233;0
2024.10.01 23:50;1.10695;1.10702;1.10673;1.10676;316;0
2024.10.02 00:00;1.10664;1.10712;1.10608;1.10672;120;18
2024.10.02 00:10;1.10672;1.10682;1.10663;1.10680;75;19
2024.10.02 00:20;1.10680;1.10696;1.10677;1.10687;74;12
2024.10.02 00:30;1.10688;1.10688;1.10681;1.10687;50;10
2024.10.02 00:40;1.10687;1.10697;1.10686;1.10687;19;8
2024.10.02 00:50;1.10687;1.10691;1.10684;1.10687;26;14
2024.10.02 01:00;1.10690;1.10703;1.10677;1.10699;126;0
2024.10.02 01:10;1.10699;1.10699;1.10686;1.10695;82;0
2024.10.02 01:20;1.10696;1.10696;1.10688;1.10692;48;0
2024.10.02 01:30;1.10693;1.10706;1.10693;1.10702;64;0
2024.10.02 01:40;1.10702;1.10702;1.10676;1.10679;78;0
2024.10.02 01:50;1.10679;1.10682;1.10671;1.10672;55;0
2024.10.02 02:00;1.10672;1.10673;1.10654;1.10655;66;0
2024.10.02 02:10;1.10655;1.10664;1.10655;1.10657;109;0
2024.10.02 02:20;1.10657;1.10669;1.10656;1.10663;137;0
2024.10.02 02:30;1.10663;1.10663;1.10642;1.10656;100;0
2024.10.02 02:40;1.10657;1.10663;1.10649;1.10654;78;0
2024.10.02 02:50;1.10652;1.10652;1.10633;1.10645;147;0
2024.10.02 03:00;1.10645;1.10686;1.10645;1.10653;358;0
2024.10.02 03:10;1.10653;1.10682;1.10653;1.10671;207;0
2024.10.02 03:20;1.10670;1.10712;1.10670;1.10712;252;0
2024.10.02 03:30;1.10713;1.10720;1.10693;1.10717;209;0
2024.10.02 03:40;1.10718;1.10719;1.10685;1.10691;204;0
2024.10.02 03:50;1.10690;1.10691;1.10634;1.10655;388;0
2024.10.02 04:00;1.10655;1.10695;1.10655;1.10691;248;0
2024.10.02 04:10;1.10691;1.10692;1.10666;1.10676;316;0
2024.10.02 04:20;1.10675;1.10716;1.10660;1.10715;216;0
2024.10.02 04:30;1.10714;1.10739;1.10706;1.10732;387;0
2024.10.02 04:40;1.10731;1.10739;1.10715;1.10735;336;0
2024.10.02 04:50;1.10736;1.10740;1.10718;1.10721;252;0
2024.10.02 05:00;1.10720;1.10731;1.10705;1.10715;254;0
2024.10.02 05:10;1.10715;1.10715;1.10691;1.10700;232;0
2024.10.02 05:20;1.10701;1.10709;1.10693;1.10705;250;0
2024.10.02 05:30;1.10705;1.10705;1.10651;1.10654;271;0
2024.10.02 05:40;1.10653;1.10660;1.10638;1.10641;151;0
2024.10.02 05:50;1.10643;1.10677;1.10633;1.10665;277;0
2024.10.02 06:00;1.10665;1.10689;1.10644;1.10644;280;0
2024.10.02 06:10;1.10643;1.10697;1.10640;1.10692;283;0
2024.10.02 06:20;1.10691;1.10712;1.10683;1.10707;229;0
2024.10.02 06:30;1.10707;1.10710;1.10694;1.10705;266;0
2024.10.02 06:40;1.10705;1.10708;1.10688;1.10688;210;0
2024.10.02 06:50;1.10687;1.10711;1.10684;1.10708;194;0
2024.10.02 07:00;1.10707;1.10724;1.10707;1.10722;101;0
2024.10.02 07:10;1.10720;1.10737;1.10719;1.10736;99;0
2024.10.02 07:20;1.10736;1.10736;1.10699;1.10702;214;0
2024.10.02 07:30;1.10701;1.10706;1.10652;1.10661;268;0
2024.10.02 07:40;1.10662;1.10675;1.10650;1.10660;307;0
2024.10.02 07:50;1.10659;1.10668;1.10604;1.10630;451;0
2024.10.02 08:00;1.10631;1.10636;1.10595;1.10604;358;0
2024.10.02 08:10;1.10604;1.10616;1.10583;1.10595;258;0
2024.10.02 08:20;1.10595;1.10596;1.10552;1.10568;422;0
2024.10.02 08:30;1.10570;1.10595;1.10540;1.10556;472;0
2024.10.02 08:40;1.10555;1.10587;1.10549;1.10587;511;0
2024.10.02 08:50;1.10588;1.10631;1.10580;1.10621;499;0
2024.10.02 09:00;1.10620;1.10633;1.10599;1.10612;469;0
2024.10.02 09:10;1.10612;1.10648;1.10600;1.10628;384;0
2024.10.02 09:20;1.10630;1.10681;1.10621;1.10678;430;0
2024.10.02 09:30;1.10677;1.10683;1.10635;1.10679;547;0
2024.10.02 09:40;1.10680;1.10701;1.10649;1.10651;512;0
2024.10.02 09:50;1.10652;1.10683;1.10632;1.10663;571;0
2024.10.02 10:00;1.10666;1.10682;1.10632;1.10659;668;0
2024.10.02 10:10;1.10659;1.10727;1.10644;1.10672;661;0
2024.10.02 10:20;1.10672;1.10683;1.10640;1.10678;552;0
2024.10.02 10:30;1.10678;1.10719;1.10657;1.10677;593;0
2024.10.02 10:40;1.10677;1.10711;1.10661;1.10678;578;0
2024.10.02 10:50;1.10678;1.10679;1.10632;1.10666;592;0
2024.10.02 11:00;1.10665;1.10683;1.10640;1.10667;556;0
2024.10.02 11:10;1.10667;1.10784;1.10667;1.10778;607;0
2024.10.02 11:20;1.10778;1.10799;1.10758;1.10789;517;0
2024.10.02 11:30;1.10788;1.10828;1.10780;1.10821;577;0
2024.10.02 11:40;1.10821;1.10821;1.10728;1.10732;525;0
2024.10.02 11:50;1.10732;1.10748;1.10716;1.10723;532;0
2024.10.02 12:00;1.10723;1.10723;1.10637;1.10675;539;0
2024.10.02 12:10;1.10676;1.10694;1.10651;1.10658;433;0
2024.10.02 12:20;1.10659;1.10673;1.10637;1.10652;460;0
2024.10.02 12:30;1.10653;1.10666;1.10611;1.10633;346;0
2024.10.02 12:40;1.10632;1.10710;1.10626;1.10698;345;0
2024.10.02 12:50;1.10696;1.10714;1.10668;1.10714;367;0
2024.10.02 13:00;1.10713;1.10758;1.10701;1.10703;438;0
2024.10.02 13:10;1.10703;1.10765;1.10684;1.10733;337;0
2024.10.02 13:20;1.10733;1.10738;1.10687;1.10720;482;0
2024.10.02 13:30;1.10720;1.10734;1.10673;1.10679;647;0
2024.10.02 13:40;1.10680;1.10717;1.10668;1.10706;481;0
2024.10.02 13:50;1.10709;1.10715;1.10664;1.10667;532;0
2024.10.02 14:00;1.10672;1.10699;1.10645;1.10688;502;0
2024.10.02 14:10;1.10688;1.10750;1.10687;1.10716;468;0
2024.10.02 14:20;1.10716;1.10728;1.10701;1.10717;502;0
2024.10.02 14:30;1.10716;1.10732;1.10700;1.10719;448;0
2024.10.02 14:40;1.10720;1.10739;1.10702;1.10733;478;0
2024.10.02 14:50;1.10734;1.10767;1.10729;1.10755;439;0
2024.10.02 15:00;1.10754;1.10773;1.10708;1.10711;503;0
2024.10.02 15:10;1.10711;1.10754;1.10625;1.10659;940;0
2024.10.02 15:20;1.10658;1.10677;1.10602;1.10607;825;0
2024.10.02 15:30;1.10607;1.10622;1.10565;1.10586;714;0
2024.10.02 15:40;1.10585;1.10586;1.10509;1.10557;703;0
2024.10.02 15:50;1.10558;1.10569;1.10520;1.10533;590;0
2024.10.02 16:00;1.10536;1.10656;1.10508;1.10632;727;0
2024.10.02 16:10;1.10632;1.10640;1.10564;1.10600;644;0
2024.10.02 16:20;1.10600;1.10605;1.10526;1.10546;634;0
2024.10.02 16:30;1.10545;1.10545;1.10481;1.10492;750;0
2024.10.02 16:40;1.10492;1.10554;1.10470;1.10550;909;0
2024.10.02 16:50;1.10549;1.10582;1.10500;1.10512;746;0
2024.10.02 17:00;1.10511;1.10563;1.10490;1.10529;868;0
2024.10.02 17:10;1.10530;1.10535;1.10422;1.10441;750;0
2024.10.02 17:20;1.10442;1.10497;1.10426;1.10430;847;0
2024.10.02 17:30;1.10430;1.10448;1.10375;1.10415;746;0
2024.10.02 17:40;1.10415;1.10448;1.10360;1.10398;786;0
2024.10.02 17:50;1.10399;1.10419;1.10354;1.10361;1094;0
2024.10.02 18:00;1.10362;1.10396;1.10326;1.10392;985;0
2024.10.02 18:10;1.10392;1.10428;1.10375;1.10428;736;0
2024.10.02 18:20;1.10427;1.10448;1.10411;1.10419;562;0
2024.10.02 18:30;1.10421;1.10467;1.10397;1.10460;571;0
2024.10.02 18:40;1.10460;1.10470;1.10429;1.10466;475;0
2024.10.02 18:50;1.10466;1.10503;1.10449;1.10495;481;0
2024.10.02 19:00;1.10496;1.10549;1.10495;1.10521;608;0
2024.10.02 19:10;1.10522;1.10538;1.10504;1.10522;480;0
2024.10.02 19:20;1.10522;1.10527;1.10481;1.10482;509;0
2024.10.02 19:30;1.10482;1.10501;1.10447;1.10452;479;0
2024.10.02 19:40;1.10452;1.10475;1.10436;1.10444;458;0
2024.10.02 19:50;1.10443;1.10466;1.10439;1.10466;400;0
2024.10.02 20:00;1.10466;1.10487;1.10450;1.10487;403;0
2024.10.02 20:10;1.10487;1.10500;1.10468;1.10479;342;0
2024.10.02 20:20;1.10477;1.10491;1.10459;1.10465;449;0
2024.10.02 20:30;1.10466;1.10468;1.10446;1.10452;420;0
2024.10.02 20:40;1.10452;1.10486;1.10445;1.10482;349;0
2024.10.02 20:50;1.10483;1.10493;1.10465;1.10471;277;0
2024.10.02 21:00;1.10470;1.10484;1.10421;1.10426;373;0
2024.10.02 21:10;1.10426;1.10432;1.10413;1.10416;303;0
2024.10.02 21:20;1.10417;1.10421;1.10386;1.10396;372;0
2024.10.02 21:30;1.10396;1.10402;1.10380;1.10390;288;0
2024.10.02 21:40;1.10389;1.10404;1.10376;1.10385;324;0
2024.10.02 21:50;1.10386;1.10397;1.10378;1.10383;340;0
2024.10.02 22:00;1.10384;1.10388;1.10368;1.10375;309;0
2024.10.02 22:10;1.10375;1.10408;1.10375;1.10404;233;0
2024.10.02 22:20;1.10403;1.10412;1.10400;1.10409;179;0
2024.10.02 22:30;1.10408;1.10432;1.10400;1.10432;218;0
2024.10.02 22:40;1.10431;1.10482;1.10430;1.10481;288;0
2024.10.02 22:50;1.10479;1.10535;1.10466;1.10489;330;0
2024.10.02 23:00;1.10488;1.10513;1.10486;1.10493;223;0
2024.10.02 23:10;1.10492;1.10526;1.10488;1.10508;269;0
2024.10.02 23:20;1.10508;1.10509;1.10481;1.10483;223;0
2024.10.02 23:30;1.10484;1.10490;1.10467;1.10485;189;0
2024.10.02 23:40;1.10485;1.10492;1.10467;1.10471;169;0
2024.10.02 23:50;1.10472;1.10480;1.10441;1.10444;470;0
2024.10.03 00:00;1.10418;1.10482;1.10416;1.10482;96;10
2024.10.03 00:10;1.10476;1.10484;1.10475;1.10478;75;16
2024.10.03 00:20;1.10477;1.10481;1.10473;1.10480;84;14
2024.10.03 00:30;1.10482;1.10483;1.10463;1.10469;61;4
2024.10.03 00:40;1.10469;1.10472;1.10465;1.10467;51;15
2024.10.03 00:50;1.10467;1.10481;1.10465;1.10477;86;16
2024.10.03 01:00;1.10479;1.10495;1.10472;1.10487;117;0
2024.10.03 01:10;1.10486;1.10487;1.10472;1.10477;53;0
2024.10.03 01:20;1.10478;1.10483;1.10467;1.10473;91;0
2024.10.03 01:30;1.10474;1.10475;1.10460;1.10463;199;0
2024.10.03 01:40;1.10463;1.10474;1.10459;1.10472;76;0
2024.10.03 01:50;1.10472;1.10473;1.10455;1.10461;87;0
2024.10.03 02:00;1.10462;1.10462;1.10436;1.10448;155;0
2024.10.03 02:10;1.10447;1.10457;1.10446;1.10453;127;0
2024.10.03 02:20;1.10453;1.10464;1.10450;1.10464;67;0
2024.10.03 02:30;1.10464;1.10471;1.10461;1.10468;73;0
2024.10.03 02:40;1.10467;1.10473;1.10462;1.10467;109;0
2024.10.03 02:50;1.10468;1.10478;1.10457;1.10459;121;0
2024.10.03 03:00;1.10459;1.10466;1.10437;1.10462;418;0
2024.10.03 03:10;1.10459;1.10460;1.10419;1.10424;344;0
2024.10.03 03:20;1.10423;1.10434;1.10379;1.10382;331;0
2024.10.03 03:30;1.10383;1.10423;1.10372;1.10416;345;0
2024.10.03 03:40;1.10417;1.10417;1.10381;1.10386;272;0
2024.10.03 03:50;1.10386;1.10398;1.10377;1.10392;338;0
2024.10.03 04:00;1.10390;1.10398;1.10352;1.10354;301;0
2024.10.03 04:10;1.10354;1.10391;1.10351;1.10375;293;0
2024.10.03 04:20;1.10375;1.10398;1.10363;1.10396;346;0
2024.10.03 04:30;1.10397;1.10407;1.10364;1.10367;438;0
2024.10.03 04:40;1.10367;1.10380;1.10356;1.10376;414;0
2024.10.03 04:50;1.10375;1.10395;1.10372;1.10393;308;0
2024.10.03 05:00;1.10393;1.10394;1.10353;1.10359;275;0
2024.10.03 05:10;1.10359;1.10369;1.10352;1.10359;247;0
2024.10.03 05:20;1.10358;1.10380;1.10358;1.10374;285;0
2024.10.03 05:30;1.10372;1.10384;1.10360;1.10361;193;0
2024.10.03 05:40;1.10363;1.10389;1.10358;1.10378;202;0
2024.10.03 05:50;1.10379;1.10383;1.10357;1.10359;276;0
2024.10.03 06:00;1.10358;1.10368;1.10354;1.10361;240;0
2024.10.03 06:10;1.10362;1.10364;1.10342;1.10348;254;0
2024.10.03 06:20;1.10347;1.10351;1.10332;1.10334;252;0
2024.10.03 06:30;1.10334;1.10350;1.10319;1.10346;251;0
2024.10.03 06:40;1.10347;1.10359;1.10344;1.10348;190;0
2024.10.03 06:50;1.10348;1.10363;1.10347;1.10356;277;0
2024.10.03 07:00;1.10354;1.10354;1.10321;1.10334;213;0
2024.10.03 07:10;1.10336;1.10346;1.10333;1.10341;177;0
2024.10.03 07:20;1.10342;1.10351;1.10338;1.10347;188;0
2024.10.03 07:30;1.10346;1.10348;1.10328;1.10338;183;0
2024.10.03 07:40;1.10337;1.10341;1.10330;1.10333;164;0
2024.10.03 07:50;1.10334;1.10339;1.10323;1.10328;223;0
2024.10.03 08:00;1.10329;1.10348;1.10288;1.10299;434;0
2024.10.03 08:10;1.10300;1.10310;1.10258;1.10258;555;0
2024.10.03 08:20;1.10258;1.10274;1.10248;1.10264;395;0
2024.10.03 08:30;1.10264;1.10285;1.10255;1.10279;431;0
2024.10.03 08:40;1.10280;1.10284;1.10251;1.10258;367;0
2024.10.03 08:50;1.10257;1.10293;1.10257;1.10286;404;0
2024.10.03 09:00;1.10285;1.10298;1.10265;1.10282;571;0
2024.10.03 09:10;1.10282;1.10300;1.10274;1.10289;432;0
2024.10.03 09:20;1.10289;1.10324;1.10282;1.10296;408;0
2024.10.03 09:30;1.10299;1.10376;1.10276;1.10363;832;0
2024.10.03 09:40;1.10363;1.10419;1.10352;1.10414;531;0
2024.10.03 09:50;1.10415;1.10421;1.10367;1.10378;508;0
2024.10.03 10:00;1.10379;1.10395;1.10325;1.10341;780;0
2024.10.03 10:10;1.10343;1.10395;1.10324;1.10392;665;0
2024.10.03 10:20;1.10391;1.10399;1.10352;1.10357;687;0
2024.10.03 10:30;1.10358;1.10374;1.10326;1.10336;720;0
2024.10.03 10:40;1.10337;1.10339;1.10275;1.10295;553;0
2024.10.03 10:50;1.10302;1.10346;1.10284;1.10330;605;0
2024.10.03 11:00;1.10331;1.10359;1.10294;1.10348;700;0
2024.10.03 11:10;1.10346;1.10397;1.10337;1.10393;725;0
2024.10.03 11:20;1.10393;1.10459;1.10382;1.10415;609;0
2024.10.03 11:30;1.10412;1.10461;1.10406;1.10425;670;0
2024.10.03 11:40;1.10424;1.10428;1.10358;1.10386;650;0
2024.10.03 11:50;1.10387;1.10392;1.10365;1.10375;634;0
2024.10.03 12:00;1.10376;1.10411;1.10352;1.10400;672;0
2024.10.03 12:10;1.10400;1.10426;1.10364;1.10369;538;0
2024.10.03 12:20;1.10369;1.10456;1.10369;1.10420;548;0
2024.10.03 12:30;1.10419;1.10466;1.10418;1.10431;436;0
2024.10.03 12:40;1.10432;1.10455;1.10400;1.10410;407;0
2024.10.03 12:50;1.10411;1.10412;1.10346;1.10358;481;0
2024.10.03 13:00;1.10357;1.10396;1.10352;1.10375;556;0
2024.10.03 13:10;1.10374;1.10391;1.10354;1.10366;515;0
2024.10.03 13:20;1.10367;1.10380;1.10356;1.10369;330;0
2024.10.03 13:30;1.10369;1.10394;1.10343;1.10355;424;0
2024.10.03 13:40;1.10355;1.10414;1.10350;1.10399;451;0
2024.10.03 13:50;1.10397;1.10439;1.10386;1.10427;417;0
2024.10.03 14:00;1.10428;1.10449;1.10390;1.10413;426;0
2024.10.03 14:10;1.10414;1.10424;1.10381;1.10388;448;0
2024.10.03 14:20;1.10388;1.10416;1.10383;1.10415;467;0
2024.10.03 14:30;1.10416;1.10456;1.10403;1.10443;515;0
2024.10.03 14:40;1.10441;1.10448;1.10414;1.10419;540;0
2024.10.03 14:50;1.10417;1.10461;1.10415;1.10427;553;0
2024.10.03 15:00;1.10427;1.10461;1.10376;1.10394;612;0
2024.10.03 15:10;1.10394;1.10401;1.10363;1.10390;492;0
2024.10.03 15:20;1.10389;1.10399;1.10356;1.10381;624;0
2024.10.03 15:30;1.10377;1.10470;1.10314;1.10326;1324;0
2024.10.03 15:40;1.10323;1.10375;1.10281;1.10324;1006;0
2024.10.03 15:50;1.10321;1.10374;1.10288;1.10322;983;0
2024.10.03 16:00;1.10320;1.10361;1.10283;1.10304;920;0
2024.10.03 16:10;1.10302;1.10397;1.10293;1.10388;882;0
2024.10.03 16:20;1.10387;1.10409;1.10356;1.10406;670;0
2024.10.03 16:30;1.10406;1.10423;1.10359;1.10381;880;0
2024.10.03 16:40;1.10381;1.10438;1.10352;1.10381;865;0
2024.10.03 16:50;1.10382;1.10399;1.10346;1.10375;918;0
2024.10.03 17:00;1.10307;1.10387;1.10173;1.10310;1593;0
2024.10.03 17:10;1.10311;1.10357;1.10219;1.10238;1464;0
2024.10.03 17:20;1.10237;1.10310;1.10229;1.10285;1300;0
2024.10.03 17:30;1.10285;1.10285;1.10199;1.10200;1165;0
2024.10.03 17:40;1.10199;1.10199;1.10082;1.10151;1157;0
2024.10.03 17:50;1.10152;1.10211;1.10147;1.10171;1049;0
2024.10.03 18:00;1.10170;1.10197;1.10141;1.10160;1001;0
2024.10.03 18:10;1.10159;1.10194;1.10146;1.10154;892;0
2024.10.03 18:20;1.10153;1.10170;1.10121;1.10127;857;0
2024.10.03 18:30;1.10125;1.10187;1.10120;1.10167;765;0
2024.10.03 18:40;1.10166;1.10218;1.10163;1.10212;631;0
2024.10.03 18:50;1.10212;1.10240;1.10141;1.10146;645;0
2024.10.03 19:00;1.10148;1.10177;1.10140;1.10167;619;0
2024.10.03 19:10;1.10167;1.10230;1.10167;1.10226;566;0
2024.10.03 19:20;1.10227;1.10255;1.10220;1.10248;480;0
2024.10.03 19:30;1.10249;1.10302;1.10220;1.10300;478;0
2024.10.03 19:40;1.10300;1.10338;1.10286;1.10303;649;0
2024.10.03 19:50;1.10302;1.10307;1.10268;1.10304;644;0
2024.10.03 20:00;1.10305;1.10359;1.10300;1.10358;568;0
2024.10.03 20:10;1.10357;1.10358;1.10310;1.10319;540;0
2024.10.03 20:20;1.10319;1.10345;1.10318;1.10318;459;0
2024.10.03 20:30;1.10318;1.10360;1.10315;1.10337;371;0
2024.10.03 20:40;1.10336;1.10361;1.10330;1.10346;388;0
2024.10.03 20:50;1.10345;1.10352;1.10320;1.10328;331;0
2024.10.03 21:00;1.10329;1.10342;1.10309;1.10314;373;0
2024.10.03 21:10;1.10315;1.10335;1.10296;1.10334;367;0
2024.10.03 21:20;1.10334;1.10347;1.10329;1.10331;326;0
2024.10.03 21:30;1.10331;1.10331;1.10279;1.10288;348;0
2024.10.03 21:40;1.10287;1.10313;1.10285;1.10303;303;0
2024.10.03 21:50;1.10302;1.10309;1.10256;1.10260;367;0
2024.10.03 22:00;1.10261;1.10276;1.10253;1.10255;335;0
2024.10.03 22:10;1.10255;1.10289;1.10249;1.10285;301;0
2024.10.03 22:20;1.10286;1.10318;1.10285;1.10310;274;0
2024.10.03 22:30;1.10310;1.10313;1.10295;1.10296;266;0
2024.10.03 22:40;1.10297;1.10302;1.10282;1.10296;267;0
2024.10.03 22:50;1.10297;1.10298;1.10283;1.10284;312;0
2024.10.03 23:00;1.10283;1.10289;1.10260;1.10261;265;0
2024.10.03 23:10;1.10262;1.10272;1.10261;1.10271;121;0
2024.10.03 23:20;1.10271;1.10296;1.10271;1.10291;129;0
2024.10.03 23:30;1.10291;1.10292;1.10276;1.10280;144;0
2024.10.03 23:40;1.10279;1.10292;1.10278;1.10287;208;0
2024.10.03 23:50;1.10286;1.10312;1.10283;1.10301;237;0
2024.10.04 00:00;1.10286;1.10338;1.10286;1.10312;112;18
2024.10.04 00:10;1.10311;1.10317;1.10306;1.10308;120;22
2024.10.04 00:20;1.10308;1.10317;1.10308;1.10315;72;18
2024.10.04 00:30;1.10314;1.10328;1.10309;1.10327;159;19
2024.10.04 00:40;1.10327;1.10330;1.10313;1.10317;119;7
2024.10.04 00:50;1.10317;1.10322;1.10315;1.10318;41;10
2024.10.04 01:00;1.10310;1.10336;1.10299;1.10331;112;0
2024.10.04 01:10;1.10331;1.10340;1.10329;1.10335;114;0
2024.10.04 01:20;1.10335;1.10340;1.10331;1.10337;87;0
2024.10.04 01:30;1.10338;1.10345;1.10336;1.10342;83;0
2024.10.04 01:40;1.10343;1.10347;1.10341;1.10345;65;0
2024.10.04 01:50;1.10346;1.10351;1.10342;1.10342;102;0
2024.10.04 02:00;1.10343;1.10352;1.10334;1.10339;102;0
2024.10.04 02:10;1.10338;1.10350;1.10333;1.10344;64;0
2024.10.04 02:20;1.10344;1.10349;1.10339;1.10349;57;0
2024.10.04 02:30;1.10349;1.10355;1.10344;1.10350;85;0
2024.10.04 02:40;1.10351;1.10370;1.10349;1.10366;99;0
2024.10.04 02:50;1.10366;1.10366;1.10347;1.10350;144;0
2024.10.04 03:00;1.10350;1.10384;1.10341;1.10375;352;0
2024.10.04 03:10;1.10381;1.10395;1.10363;1.10369;255;0
2024.10.04 03:20;1.10367;1.10389;1.10360;1.10380;231;0
2024.10.04 03:30;1.10381;1.10384;1.10349;1.10362;302;0
2024.10.04 03:40;1.10362;1.10364;1.10333;1.10339;229;0
2024.10.04 03:50;1.10338;1.10360;1.10330;1.10346;342;0
2024.10.04 04:00;1.10347;1.10361;1.10329;1.10344;374;0
2024.10.04 04:10;1.10345;1.10346;1.10319;1.10323;331;0
2024.10.04 04:20;1.10323;1.10340;1.10315;1.10317;404;0
2024.10.04 04:30;1.10318;1.10325;1.10300;1.10314;439;0
2024.10.04 04:40;1.10315;1.10343;1.10314;1.10329;473;0
2024.10.04 04:50;1.10328;1.10341;1.10286;1.10299;470;0
2024.10.04 05:00;1.10298;1.10307;1.10280;1.10299;420;0
2024.10.04 05:10;1.10300;1.10332;1.10295;1.10328;378;0
2024.10.04 05:20;1.10327;1.10346;1.10325;1.10329;250;0
2024.10.04 05:30;1.10330;1.10341;1.10299;1.10336;373;0
2024.10.04 05:40;1.10335;1.10341;1.10312;1.10312;325;0
2024.10.04 05:50;1.10312;1.10325;1.10300;1.10305;251;0
2024.10.04 06:00;1.10305;1.10315;1.10280;1.10284;252;0
2024.10.04 06:10;1.10283;1.10300;1.10263;1.10268;264;0
2024.10.04 06:20;1.10269;1.10271;1.10257;1.10264;226;0
2024.10.04 06:30;1.10265;1.10273;1.10258;1.10267;263;0
2024.10.04 06:40;1.10268;1.10275;1.10253;1.10272;192;0
2024.10.04 06:50;1.10270;1.10291;1.10268;1.10270;200;0
2024.10.04 07:00;1.10271;1.10280;1.10254;1.10275;210;0
2024.10.04 07:10;1.10275;1.10284;1.10264;1.10271;193;0
2024.10.04 07:20;1.10270;1.10294;1.10270;1.10288;208;0
2024.10.04 07:30;1.10287;1.10299;1.10265;1.10268;203;0
2024.10.04 07:40;1.10267;1.10267;1.10252;1.10256;165;0
2024.10.04 07:50;1.10257;1.10278;1.10257;1.10277;152;0
2024.10.04 08:00;1.10278;1.10289;1.10264;1.10264;269;0
2024.10.04 08:10;1.10264;1.10296;1.10264;1.10295;225;0
2024.10.04 08:20;1.10296;1.10301;1.10285;1.10299;258;0
2024.10.04 08:30;1.10299;1.10311;1.10284;1.10305;284;0
2024.10.04 08:40;1.10306;1.10337;1.10305;1.10336;258;0
2024.10.04 08:50;1.10336;1.10352;1.10329;1.10334;289;0
2024.10.04 09:00;1.10331;1.10331;1.10272;1.10286;486;0
2024.10.04 09:10;1.10286;1.10328;1.10285;1.10320;411;0
2024.10.04 09:20;1.10320;1.10326;1.10301;1.10310;384;0
2024.10.04 09:30;1.10309;1.10347;1.10302;1.10338;501;0
2024.10.04 09:40;1.10339;1.10340;1.10303;1.10317;385;0
2024.10.04 09:50;1.10317;1.10347;1.10308;1.10319;468;0
2024.10.04 10:00;1.10318;1.10334;1.10284;1.10295;724;0
2024.10.04 10:10;1.10295;1.10355;1.10288;1.10289;544;0
2024.10.04 10:20;1.10289;1.10346;1.10288;1.10325;474;0
2024.10.04 10:30;1.10326;1.10347;1.10302;1.10324;578;0
2024.10.04 10:40;1.10323;1.10344;1.10263;1.10271;496;0
2024.10.04 10:50;1.10272;1.10300;1.10254;1.10279;867;0
2024.10.04 11:00;1.10279;1.10294;1.10262;1.10267;647;0
2024.10.04 11:10;1.10266;1.10299;1.10239;1.10255;500;0
2024.10.04 11:20;1.10255;1.10265;1.10232;1.10244;413;0
2024.10.04 11:30;1.10251;1.10261;1.10211;1.10237;492;0
2024.10.04 11:40;1.10236;1.10298;1.10230;1.10285;516;0
2024.10.04 11:50;1.10284;1.10295;1.10233;1.10255;491;0
2024.10.04 12:00;1.10255;1.10255;1.10211;1.10217;483;0
2024.10.04 12:10;1.10216;1.10242;1.10201;1.10212;507;0
2024.10.04 12:20;1.10213;1.10266;1.10199;1.10255;474;0
2024.10.04 12:30;1.10256;1.10274;1.10245;1.10266;435;0
2024.10.04 12:40;1.10267;1.10281;1.10248;1.10266;390;0
2024.10.04 12:50;1.10265;1.10274;1.10229;1.10271;499;0
2024.10.04 13:00;1.10272;1.10293;1.10260;1.10283;373;0
2024.10.04 13:10;1.10284;1.10296;1.10273;1.10280;394;0
2024.10.04 13:20;1.10279;1.10296;1.10274;1.10289;403;0
2024.10.04 13:30;1.10290;1.10308;1.10279;1.10304;383;0
2024.10.04 13:40;1.10305;1.10335;1.10298;1.10303;391;0
2024.10.04 13:50;1.10302;1.10313;1.10271;1.10275;417;0
2024.10.04 14:00;1.10274;1.10316;1.10270;1.10310;363;0
2024.10.04 14:10;1.10309;1.10326;1.10281;1.10325;348;0
2024.10.04 14:20;1.10326;1.10333;1.10300;1.10318;374;0
2024.10.04 14:30;1.10318;1.10368;1.10315;1.10341;412;0
2024.10.04 14:40;1.10341;1.10350;1.10319;1.10324;368;0
2024.10.04 14:50;1.10323;1.10332;1.10298;1.10324;462;0
2024.10.04 15:00;1.10321;1.10331;1.10282;1.10287;510;0
2024.10.04 15:10;1.10287;1.10299;1.10261;1.10285;523;0
2024.10.04 15:20;1.10283;1.10330;1.10259;1.10303;624;0
2024.10.04 15:30;1.10303;1.10303;1.09651;1.09776;1861;2
2024.10.04 15:40;1.09782;1.09853;1.09632;1.09655;1542;0
2024.10.04 15:50;1.09655;1.09666;1.09590;1.09609;1341;0
2024.10.04 16:00;1.09609;1.09749;1.09588;1.09708;1228;0
2024.10.04 16:10;1.09707;1.09777;1.09672;1.09702;1142;0
2024.10.04 16:20;1.09703;1.09703;1.09598;1.09643;1036;0
2024.10.04 16:30;1.09642;1.09752;1.09619;1.09738;1196;0
2024.10.04 16:40;1.09739;1.09791;1.09720;1.09756;1009;0
2024.10.04 16:50;1.09757;1.09779;1.09709;1.09731;966;0
2024.10.04 17:00;1.09732;1.09817;1.09700;1.09801;943;0
2024.10.04 17:10;1.09800;1.09806;1.09746;1.09792;909;0
2024.10.04 17:20;1.09792;1.09800;1.09704;1.09713;854;0
2024.10.04 17:30;1.09712;1.09740;1.09673;1.09678;809;0
2024.10.04 17:40;1.09678;1.09754;1.09669;1.09710;808;0
2024.10.04 17:50;1.09710;1.09794;1.09687;1.09693;1185;0
2024.10.04 18:00;1.09693;1.09740;1.09672;1.09682;895;0
2024.10.04 18:10;1.09682;1.09725;1.09642;1.09650;655;0
2024.10.04 18:20;1.09652;1.09652;1.09573;1.09575;674;0
2024.10.04 18:30;1.09576;1.09663;1.09574;1.09639;840;0
2024.10.04 18:40;1.09638;1.09642;1.09550;1.09557;701;0
2024.10.04 18:50;1.09557;1.09614;1.09548;1.09605;657;0
2024.10.04 19:00;1.09606;1.09608;1.09562;1.09568;775;0
2024.10.04 19:10;1.09567;1.09569;1.09535;1.09548;650;0
2024.10.04 19:20;1.09547;1.09548;1.09523;1.09535;538;0
2024.10.04 19:30;1.09536;1.09573;1.09513;1.09569;435;0
2024.10.04 19:40;1.09570;1.09619;1.09565;1.09613;408;0
2024.10.04 19:50;1.09613;1.09615;1.09576;1.09597;465;0
2024.10.04 20:00;1.09597;1.09613;1.09577;1.09608;428;0
2024.10.04 20:10;1.09608;1.09655;1.09608;1.09648;387;0
2024.10.04 20:20;1.09647;1.09680;1.09635;1.09638;386;0
2024.10.04 20:30;1.09638;1.09665;1.09626;1.09644;365;0
2024.10.04 20:40;1.09645;1.09688;1.09645;1.09682;343;0
2024.10.04 20:50;1.09681;1.09695;1.09667;1.09679;324;0
2024.10.04 21:00;1.09681;1.09692;1.09655;1.09672;305;0
2024.10.04 21:10;1.09672;1.09679;1.09651;1.09660;296;0
2024.10.04 21:20;1.09660;1.09684;1.09657;1.09681;261;0
2024.10.04 21:30;1.09682;1.09686;1.09674;1.09676;282;0
2024.10.04 21:40;1.09677;1.09714;1.09667;1.09712;257;0
2024.10.04 21:50;1.09714;1.09739;1.09698;1.09725;285;0
2024.10.04 22:00;1.09725;1.09733;1.09707;1.09729;272;0
2024.10.04 22:10;1.09728;1.09738;1.09721;1.09734;349;0
2024.10.04 22:20;1.09734;1.09743;1.09730;1.09738;272;0
2024.10.04 22:30;1.09739;1.09770;1.09738;1.09764;260;0
2024.10.04 22:40;1.09763;1.09778;1.09761;1.09772;291;0
2024.10.04 22:50;1.09772;1.09773;1.09749;1.09760;351;0
2024.10.04 23:00;1.09761;1.09776;1.09761;1.09764;314;0
2024.10.04 23:10;1.09763;1.09770;1.09755;1.09765;313;0
2024.10.04 23:20;1.09767;1.09776;1.09758;1.09765;238;0
2024.10.04 23:30;1.09763;1.09763;1.09730;1.09731;184;0
2024.10.04 23:40;1.09732;1.09748;1.09725;1.09741;107;0
2024.10.04 23:50;1.09741;1.09758;1.09738;1.09756;88;0
2024.10.07 00:00;1.09667;1.09687;1.09628;1.09660;74;55
2024.10.07 00:10;1.09661;1.09674;1.09639;1.09667;92;47
2024.10.07 00:20;1.09664;1.09673;1.09646;1.09654;31;49
2024.10.07 00:30;1.09658;1.09710;1.09658;1.09709;85;35
2024.10.07 00:40;1.09707;1.09707;1.09636;1.09683;242;35
2024.10.07 00:50;1.09684;1.09699;1.09662;1.09677;304;35
2024.10.07 01:00;1.09682;1.09712;1.09640;1.09647;418;1
2024.10.07 01:10;1.09647;1.09709;1.09632;1.09704;240;1
2024.10.07 01:20;1.09705;1.09717;1.09688;1.09704;245;1
2024.10.07 01:30;1.09703;1.09705;1.09671;1.09679;201;0
2024.10.07 01:40;1.09678;1.09702;1.09672;1.09699;160;1
2024.10.07 01:50;1.09698;1.09706;1.09687;1.09693;128;1
2024.10.07 02:00;1.09694;1.09708;1.09683;1.09698;261;0
2024.10.07 02:10;1.09698;1.09709;1.09692;1.09695;202;1
2024.10.07 02:20;1.09694;1.09696;1.09682;1.09692;179;1
2024.10.07 02:30;1.09692;1.09707;1.09692;1.09706;158;0
2024.10.07 02:40;1.09706;1.09716;1.09697;1.09710;186;1
2024.10.07 02:50;1.09710;1.09717;1.09678;1.09703;214;1
2024.10.07 03:00;1.09704;1.09719;1.09692;1.09715;397;1
2024.10.07 03:10;1.09716;1.09743;1.09705;1.09740;359;0
2024.10.07 03:20;1.09740;1.09754;1.09730;1.09748;313;0
2024.10.07 03:30;1.09749;1.09754;1.09724;1.09727;288;0
2024.10.07 03:40;1.09728;1.09733;1.09692;1.09693;258;1
2024.10.07 03:50;1.09692;1.09730;1.09681;1.09698;446;1
2024.10.07 04:00;1.09697;1.09755;1.09697;1.09745;418;0
2024.10.07 04:10;1.09744;1.09747;1.09695;1.09716;369;0
2024.10.07 04:20;1.09714;1.09726;1.09705;1.09718;391;0
2024.10.07 04:30;1.09718;1.09777;1.09715;1.09762;471;0
2024.10.07 04:40;1.09763;1.09764;1.09715;1.09729;518;0
2024.10.07 04:50;1.09728;1.09746;1.09716;1.09733;560;0
2024.10.07 05:00;1.09734;1.09758;1.09729;1.09743;452;0
2024.10.07 05:10;1.09744;1.09768;1.09728;1.09763;397;0
2024.10.07 05:20;1.09764;1.09774;1.09740;1.09755;373;0
2024.10.07 05:30;1.09754;1.09773;1.09753;1.09769;318;0
2024.10.07 05:40;1.09769;1.09773;1.09734;1.09745;299;0
2024.10.07 05:50;1.09746;1.09750;1.09713;1.09714;239;0
2024.10.07 06:00;1.09713;1.09732;1.09709;1.09716;262;1
2024.10.07 06:10;1.09716;1.09724;1.09703;1.09714;194;1
2024.10.07 06:20;1.09713;1.09713;1.09697;1.09712;269;1
2024.10.07 06:30;1.09713;1.09722;1.09706;1.09718;246;1
2024.10.07 06:40;1.09718;1.09722;1.09710;1.09710;221;0
2024.10.07 06:50;1.09711;1.09730;1.09710;1.09721;208;1
2024.10.07 07:00;1.09720;1.09725;1.09714;1.09719;229;1
2024.10.07 07:10;1.09719;1.09733;1.09717;1.09729;140;1
2024.10.07 07:20;1.09730;1.09736;1.09721;1.09722;193;1
2024.10.07 07:30;1.09723;1.09732;1.09709;1.09710;151;1
2024.10.07 07:40;1.09710;1.09720;1.09698;1.09700;165;1
2024.10.07 07:50;1.09701;1.09702;1.09682;1.09684;145;1
2024.10.07 08:00;1.09683;1.09688;1.09662;1.09666;200;1
2024.10.07 08:10;1.09665;1.09671;1.09656;1.09670;184;1
2024.10.07 08:20;1.09670;1.09676;1.09643;1.09643;222;1
2024.10.07 08:30;1.09644;1.09659;1.09643;1.09656;206;1
2024.10.07 08:40;1.09655;1.09676;1.09654;1.09656;190;1
2024.10.07 08:50;1.09655;1.09703;1.09654;1.09693;280;1
2024.10.07 09:00;1.09680;1.09684;1.09634;1.09670;496;0
2024.10.07 09:10;1.09670;1.09699;1.09652;1.09691;490;0
2024.10.07 09:20;1.09690;1.09713;1.09637;1.09666;554;0
2024.10.07 09:30;1.09665;1.09695;1.09660;1.09683;599;0
2024.10.07 09:40;1.09683;1.09723;1.09676;1.09684;628;0
2024.10.07 09:50;1.09683;1.09717;1.09665;1.09712;543;0
2024.10.07 10:00;1.09712;1.09727;1.09681;1.09708;812;0
2024.10.07 10:10;1.09707;1.09715;1.09625;1.09626;685;0
2024.10.07 10:20;1.09625;1.09635;1.09581;1.09631;743;0
2024.10.07 10:30;1.09630;1.09691;1.09613;1.09684;723;0
2024.10.07 10:40;1.09685;1.09705;1.09637;1.09693;654;0
2024.10.07 10:50;1.09692;1.09700;1.09657;1.09694;588;0
2024.10.07 11:00;1.09696;1.09748;1.09654;1.09743;681;0
2024.10.07 11:10;1.09743;1.09747;1.09708;1.09724;542;0
2024.10.07 11:20;1.09724;1.09789;1.09722;1.09745;667;0
2024.10.07 11:30;1.09745;1.09785;1.09730;1.09753;551;0
2024.10.07 11:40;1.09753;1.09765;1.09689;1.09693;619;0
2024.10.07 11:50;1.09693;1.09727;1.09685;1.09701;542;0
2024.10.07 12:00;1.09701;1.09701;1.09637;1.09637;662;0
2024.10.07 12:10;1.09638;1.09655;1.09621;1.09637;595;0
2024.10.07 12:20;1.09638;1.09650;1.09590;1.09600;629;0
2024.10.07 12:30;1.09600;1.09615;1.09580;1.09606;483;0
2024.10.07 12:40;1.09610;1.09642;1.09581;1.09586;534;0
2024.10.07 12:50;1.09586;1.09603;1.09542;1.09586;615;0
2024.10.07 13:00;1.09588;1.09642;1.09579;1.09626;537;0
2024.10.07 13:10;1.09626;1.09693;1.09616;1.09684;549;0
2024.10.07 13:20;1.09683;1.09685;1.09637;1.09640;483;0
2024.10.07 13:30;1.09638;1.09687;1.09633;1.09671;525;0
2024.10.07 13:40;1.09672;1.09687;1.09654;1.09677;461;0
2024.10.07 13:50;1.09677;1.09698;1.09651;1.09651;420;0
2024.10.07 14:00;1.09649;1.09677;1.09620;1.09645;557;0
2024.10.07 14:10;1.09646;1.09723;1.09645;1.09723;597;0
2024.10.07 14:20;1.09722;1.09745;1.09699;1.09721;452;0
2024.10.07 14:30;1.09721;1.09774;1.09715;1.09771;575;0
2024.10.07 14:40;1.09771;1.09797;1.09765;1.09780;460;0
2024.10.07 14:50;1.09780;1.09806;1.09755;1.09768;660;0
2024.10.07 15:00;1.09768;1.09835;1.09768;1.09821;657;0
2024.10.07 15:10;1.09822;1.09834;1.09793;1.09805;515;0
2024.10.07 15:20;1.09807;1.09807;1.09735;1.09753;624;0
2024.10.07 15:30;1.09752;1.09752;1.09715;1.09752;644;0
2024.10.07 15:40;1.09751;1.09786;1.09726;1.09782;575;0
2024.10.07 15:50;1.09782;1.09800;1.09749;1.09772;680;0
2024.10.07 16:00;1.09771;1.09814;1.09750;1.09791;883;0
2024.10.07 16:10;1.09791;1.09829;1.09754;1.09801;762;0
2024.10.07 16:20;1.09801;1.09806;1.09734;1.09746;725;0
2024.10.07 16:30;1.09746;1.09793;1.09721;1.09770;862;0
2024.10.07 16:40;1.09769;1.09799;1.09759;1.09760;830;0
2024.10.07 16:50;1.09759;1.09805;1.09750;1.09798;821;0
2024.10.07 17:00;1.09797;1.09848;1.09757;1.09761;930;0
2024.10.07 17:10;1.09762;1.09833;1.09751;1.09756;864;0
2024.10.07 17:20;1.09754;1.09791;1.09736;1.09763;719;0
2024.10.07 17:30;1.09763;1.09790;1.09711;1.09760;859;0
2024.10.07 17:40;1.09761;1.09786;1.09710;1.09711;741;0
2024.10.07 17:50;1.09711;1.09775;1.09696;1.09748;887;0
2024.10.07 18:00;1.09747;1.09776;1.09730;1.09737;867;0
2024.10.07 18:10;1.09736;1.09760;1.09731;1.09737;682;0
2024.10.07 18:20;1.09738;1.09781;1.09734;1.09767;685;0
2024.10.07 18:30;1.09767;1.09783;1.09736;1.09764;566;0
2024.10.07 18:40;1.09764;1.09792;1.09729;1.09765;514;0
2024.10.07 18:50;1.09764;1.09782;1.09749;1.09760;547;0
2024.10.07 19:00;1.09759;1.09791;1.09753;1.09784;548;0
2024.10.07 19:10;1.09783;1.09805;1.09768;1.09801;430;0
2024.10.07 19:20;1.09802;1.09837;1.09800;1.09806;407;0
2024.10.07 19:30;1.09806;1.09812;1.09782;1.09795;426;0
2024.10.07 19:40;1.09794;1.09828;1.09793;1.09820;381;0
2024.10.07 19:50;1.09820;1.09847;1.09818;1.09839;407;0
2024.10.07 20:00;1.09837;1.09855;1.09831;1.09841;344;0
2024.10.07 20:10;1.09840;1.09852;1.09823;1.09827;283;0
2024.10.07 20:20;1.09826;1.09848;1.09812;1.09838;327;0
2024.10.07 20:30;1.09838;1.09863;1.09833;1.09863;298;0
2024.10.07 20:40;1.09863;1.09869;1.09839;1.09844;266;0
2024.10.07 20:50;1.09846;1.09850;1.09811;1.09822;361;0
2024.10.07 21:00;1.09822;1.09824;1.09779;1.09781;338;0
2024.10.07 21:10;1.09781;1.09787;1.09750;1.09754;230;0
2024.10.07 21:20;1.09754;1.09761;1.09739;1.09742;250;0
2024.10.07 21:30;1.09742;1.09759;1.09736;1.09740;457;0
2024.10.07 21:40;1.09741;1.09754;1.09719;1.09725;352;0
2024.10.07 21:50;1.09725;1.09725;1.09681;1.09690;429;0
2024.10.07 22:00;1.09690;1.09693;1.09657;1.09678;451;0
2024.10.07 22:10;1.09677;1.09711;1.09669;1.09711;494;0
2024.10.07 22:20;1.09710;1.09728;1.09697;1.09700;292;0
2024.10.07 22:30;1.09700;1.09701;1.09680;1.09684;402;0
2024.10.07 22:40;1.09683;1.09697;1.09683;1.09688;369;0
2024.10.07 22:50;1.09688;1.09727;1.09683;1.09723;563;0
2024.10.07 23:00;1.09722;1.09738;1.09711;1.09737;241;0
2024.10.07 23:10;1.09737;1.09738;1.09727;1.09734;142;0
2024.10.07 23:20;1.09734;1.09734;1.09725;1.09732;132;0
2024.10.07 23:30;1.09732;1.09740;1.09710;1.09739;178;0
2024.10.07 23:40;1.09738;1.09747;1.09735;1.09745;227;0
2024.10.07 23:50;1.09744;1.09751;1.09706;1.09713;295;0
2024.10.08 00:00;1.09712;1.09736;1.09696;1.09712;69;40
2024.10.08 00:10;1.09708;1.09753;1.09708;1.09740;332;18
2024.10.08 00:20;1.09741;1.09748;1.09734;1.09743;148;17
2024.10.08 00:30;1.09748;1.09758;1.09735;1.09747;136;7
2024.10.08 00:40;1.09746;1.09747;1.09739;1.09742;127;13
2024.10.08 00:50;1.09743;1.09745;1.09737;1.09737;123;12
2024.10.08 01:00;1.09736;1.09764;1.09736;1.09764;119;1
2024.10.08 01:10;1.09763;1.09780;1.09762;1.09777;52;1
2024.10.08 01:20;1.09777;1.09780;1.09770;1.09771;28;1
2024.10.08 01:30;1.09771;1.09788;1.09769;1.09776;169;1
2024.10.08 01:40;1.09777;1.09786;1.09777;1.09781;44;1
2024.10.08 01:50;1.09781;1.09787;1.09759;1.09778;148;1
2024.10.08 02:00;1.09783;1.09791;1.09772;1.09777;179;0
2024.10.08 02:10;1.09778;1.09780;1.09764;1.09772;114;1
2024.10.08 02:20;1.09772;1.09781;1.09765;1.09767;95;1
2024.10.08 02:30;1.09767;1.09773;1.09752;1.09767;128;1
2024.10.08 02:40;1.09767;1.09767;1.09748;1.09755;150;1
2024.10.08 02:50;1.09755;1.09761;1.09742;1.09743;166;1
2024.10.08 03:00;1.09742;1.09763;1.09736;1.09755;320;1
2024.10.08 03:10;1.09756;1.09785;1.09751;1.09782;242;0
2024.10.08 03:20;1.09784;1.09803;1.09781;1.09795;260;1
2024.10.08 03:30;1.09795;1.09816;1.09791;1.09810;336;0
2024.10.08 03:40;1.09808;1.09826;1.09808;1.09824;240;0
2024.10.08 03:50;1.09823;1.09839;1.09803;1.09817;378;1
2024.10.08 04:00;1.09816;1.09838;1.09805;1.09836;440;1
2024.10.08 04:10;1.09836;1.09849;1.09821;1.09836;422;1
2024.10.08 04:20;1.09835;1.09841;1.09825;1.09827;276;0
2024.10.08 04:30;1.09828;1.09837;1.09817;1.09832;466;0
2024.10.08 04:40;1.09833;1.09844;1.09831;1.09841;425;1
2024.10.08 04:50;1.09842;1.09842;1.09829;1.09836;415;1
2024.10.08 05:00;1.09837;1.09846;1.09807;1.09816;421;1
2024.10.08 05:10;1.09816;1.09821;1.09780;1.09781;474;1
2024.10.08 05:20;1.09781;1.09792;1.09761;1.09767;532;1
2024.10.08 05:30;1.09767;1.09774;1.09727;1.09755;740;0
2024.10.08 05:40;1.09754;1.09791;1.09740;1.09789;592;0
2024.10.08 05:50;1.09788;1.09817;1.09776;1.09817;523;0
2024.10.08 06:00;1.09816;1.09862;1.09816;1.09832;450;0
2024.10.08 06:10;1.09831;1.09853;1.09820;1.09843;364;0
2024.10.08 06:20;1.09844;1.09845;1.09822;1.09830;351;0
2024.10.08 06:30;1.09831;1.09867;1.09830;1.09859;279;0
2024.10.08 06:40;1.09859;1.09860;1.09840;1.09845;292;0
2024.10.08 06:50;1.09844;1.09847;1.09825;1.09832;240;0
2024.10.08 07:00;1.09831;1.09853;1.09831;1.09843;204;1
2024.10.08 07:10;1.09844;1.09855;1.09832;1.09848;207;0
2024.10.08 07:20;1.09849;1.09850;1.09835;1.09843;214;1
2024.10.08 07:30;1.09842;1.09856;1.09836;1.09853;207;0
2024.10.08 07:40;1.09852;1.09862;1.09847;1.09856;186;0
2024.10.08 07:50;1.09856;1.09867;1.09854;1.09854;179;1
2024.10.08 08:00;1.09854;1.09858;1.09835;1.09835;367;0
2024.10.08 08:10;1.09832;1.09868;1.09824;1.09867;342;0
2024.10.08 08:20;1.09866;1.09869;1.09837;1.09841;326;0
2024.10.08 08:30;1.09840;1.09846;1.09815;1.09817;324;1
2024.10.08 08:40;1.09818;1.09843;1.09818;1.09829;387;1
2024.10.08 08:50;1.09829;1.09833;1.09815;1.09831;351;1
2024.10.08 09:00;1.09829;1.09871;1.09824;1.09850;581;0
2024.10.08 09:10;1.09849;1.09868;1.09835;1.09853;503;0
2024.10.08 09:20;1.09852;1.09855;1.09826;1.09835;522;0
2024.10.08 09:30;1.09835;1.09856;1.09813;1.09852;497;0
2024.10.08 09:40;1.09851;1.09888;1.09845;1.09884;415;0
2024.10.08 09:50;1.09883;1.09885;1.09836;1.09836;427;0
2024.10.08 10:00;1.09837;1.09850;1.09794;1.09806;747;0
2024.10.08 10:10;1.09806;1.09851;1.09796;1.09821;709;0
2024.10.08 10:20;1.09821;1.09825;1.09784;1.09806;616;0
2024.10.08 10:30;1.09805;1.09879;1.09800;1.09873;638;0
2024.10.08 10:40;1.09871;1.09949;1.09866;1.09923;772;0
2024.10.08 10:50;1.09923;1.09956;1.09921;1.09953;735;0
2024.10.08 11:00;1.09953;1.09970;1.09912;1.09918;675;0
2024.10.08 11:10;1.09921;1.09932;1.09870;1.09876;508;0
2024.10.08 11:20;1.09875;1.09911;1.09860;1.09887;525;0
2024.10.08 11:30;1.09886;1.09897;1.09830;1.09868;517;0
2024.10.08 11:40;1.09868;1.09879;1.09846;1.09861;542;0
2024.10.08 11:50;1.09862;1.09942;1.09855;1.09938;575;0
2024.10.08 12:00;1.09939;1.09947;1.09902;1.09920;543;0
2024.10.08 12:10;1.09918;1.09932;1.09897;1.09924;472;0
2024.10.08 12:20;1.09925;1.09926;1.09876;1.09891;469;0
2024.10.08 12:30;1.09893;1.09939;1.09880;1.09907;447;0
2024.10.08 12:40;1.09907;1.09911;1.09876;1.09905;375;0
2024.10.08 12:50;1.09904;1.09907;1.09855;1.09874;375;0
2024.10.08 13:00;1.09873;1.09907;1.09872;1.09903;401;0
2024.10.08 13:10;1.09903;1.09919;1.09877;1.09881;407;0
2024.10.08 13:20;1.09880;1.09920;1.09875;1.09897;384;0
2024.10.08 13:30;1.09897;1.09914;1.09847;1.09847;389;0
2024.10.08 13:40;1.09846;1.09852;1.09822;1.09836;401;0
2024.10.08 13:50;1.09836;1.09877;1.09825;1.09852;480;0
2024.10.08 14:00;1.09851;1.09879;1.09842;1.09842;473;0
2024.10.08 14:10;1.09842;1.09843;1.09812;1.09825;412;0
2024.10.08 14:20;1.09825;1.09830;1.09806;1.09812;346;0
2024.10.08 14:30;1.09813;1.09838;1.09785;1.09821;358;0
2024.10.08 14:40;1.09824;1.09850;1.09821;1.09846;364;0
2024.10.08 14:50;1.09845;1.09896;1.09836;1.09877;571;0
2024.10.08 15:00;1.09876;1.09897;1.09812;1.09815;528;0
2024.10.08 15:10;1.09814;1.09854;1.09802;1.09852;489;0
2024.10.08 15:20;1.09852;1.09859;1.09782;1.09792;520;0
2024.10.08 15:30;1.09792;1.09792;1.09733;1.09747;623;0
2024.10.08 15:40;1.09745;1.09769;1.09737;1.09739;588;0
2024.10.08 15:50;1.09739;1.09761;1.09714;1.09759;614;0
2024.10.08 16:00;1.09756;1.09839;1.09745;1.09821;659;0
2024.10.08 16:10;1.09822;1.09828;1.09776;1.09791;718;0
2024.10.08 16:20;1.09791;1.09830;1.09789;1.09791;660;0
2024.10.08 16:30;1.09790;1.09812;1.09762;1.09766;843;0
2024.10.08 16:40;1.09768;1.09838;1.09755;1.09818;717;0
2024.10.08 16:50;1.09819;1.09823;1.09750;1.09777;760;0
2024.10.08 17:00;1.09779;1.09792;1.09752;1.09774;690;0
2024.10.08 17:10;1.09773;1.09792;1.09752;1.09790;582;0
2024.10.08 17:20;1.09790;1.09803;1.09726;1.09740;668;0
2024.10.08 17:30;1.09741;1.09741;1.09669;1.09698;756;0
2024.10.08 17:40;1.09698;1.09705;1.09663;1.09692;728;0
2024.10.08 17:50;1.09692;1.09712;1.09669;1.09709;756;0
2024.10.08 18:00;1.09708;1.09720;1.09677;1.09699;594;0
2024.10.08 18:10;1.09699;1.09721;1.09674;1.09712;526;0
2024.10.08 18:20;1.09713;1.09716;1.09650;1.09653;602;0
2024.10.08 18:30;1.09653;1.09655;1.09608;1.09648;575;0
2024.10.08 18:40;1.09648;1.09683;1.09645;1.09668;517;0
2024.10.08 18:50;1.09669;1.09713;1.09667;1.09698;631;0
2024.10.08 19:00;1.09698;1.09725;1.09686;1.09714;465;0
2024.10.08 19:10;1.09716;1.09754;1.09704;1.09750;427;0
2024.10.08 19:20;1.09751;1.09768;1.09743;1.09758;343;0
2024.10.08 19:30;1.09759;1.09778;1.09749;1.09758;329;0
2024.10.08 19:40;1.09759;1.09778;1.09749;1.09773;284;0
2024.10.08 19:50;1.09773;1.09778;1.09749;1.09756;328;0
2024.10.08 20:00;1.09756;1.09756;1.09675;1.09677;542;0
2024.10.08 20:10;1.09677;1.09693;1.09657;1.09666;507;0
2024.10.08 20:20;1.09669;1.09737;1.09668;1.09728;516;0
2024.10.08 20:30;1.09727;1.09751;1.09710;1.09711;364;0
2024.10.08 20:40;1.09710;1.09740;1.09698;1.09712;329;0
2024.10.08 20:50;1.09712;1.09746;1.09704;1.09745;346;0
2024.10.08 21:00;1.09744;1.09754;1.09738;1.09752;327;0
2024.10.08 21:10;1.09751;1.09764;1.09736;1.09739;308;0
2024.10.08 21:20;1.09738;1.09742;1.09709;1.09717;268;0
2024.10.08 21:30;1.09717;1.09739;1.09707;1.09722;256;0
2024.10.08 21:40;1.09721;1.09727;1.09686;1.09697;243;0
2024.10.08 21:50;1.09697;1.09728;1.09697;1.09723;393;0
2024.10.08 22:00;1.09723;1.09731;1.09694;1.09700;316;0
2024.10.08 22:10;1.09701;1.09720;1.09698;1.09714;244;0
2024.10.08 22:20;1.09714;1.09738;1.09702;1.09730;284;0
2024.10.08 22:30;1.09729;1.09741;1.09709;1.09740;301;0
2024.10.08 22:40;1.09740;1.09758;1.09737;1.09753;288;0
2024.10.08 22:50;1.09752;1.09782;1.09749;1.09778;275;0
2024.10.08 23:00;1.09774;1.09783;1.09766;1.09776;167;0
2024.10.08 23:10;1.09777;1.09789;1.09776;1.09778;83;0
2024.10.08 23:20;1.09779;1.09792;1.09777;1.09786;169;0
2024.10.08 23:30;1.09786;1.09792;1.09776;1.09791;162;0
2024.10.08 23:40;1.09792;1.09798;1.09781;1.09798;115;0
2024.10.08 23:50;1.09797;1.09806;1.09728;1.09736;309;0
2024.10.09 00:00;1.09691;1.09776;1.09684;1.09752;296;21
2024.10.09 00:10;1.09755;1.09785;1.09737;1.09784;179;9
2024.10.09 00:20;1.09782;1.09788;1.09772;1.09777;152;11
2024.10.09 00:30;1.09778;1.09788;1.09776;1.09781;98;13
2024.10.09 00:40;1.09782;1.09789;1.09776;1.09780;148;12
2024.10.09 00:50;1.09781;1.09791;1.09779;1.09790;51;9
2024.10.09 01:00;1.09795;1.09805;1.09787;1.09793;160;1
2024.10.09 01:10;1.09794;1.09795;1.09784;1.09790;92;1
2024.10.09 01:20;1.09790;1.09791;1.09784;1.09785;53;1
2024.10.09 01:30;1.09785;1.09792;1.09783;1.09792;23;1
2024.10.09 01:40;1.09791;1.09796;1.09784;1.09795;56;1
2024.10.09 01:50;1.09794;1.09809;1.09794;1.09808;85;1
2024.10.09 02:00;1.09809;1.09810;1.09766;1.09768;124;1
2024.10.09 02:10;1.09768;1.09772;1.09760;1.09767;93;1
2024.10.09 02:20;1.09766;1.09770;1.09761;1.09766;116;1
2024.10.09 02:30;1.09767;1.09771;1.09761;1.09765;83;1
2024.10.09 02:40;1.09765;1.09780;1.09765;1.09765;122;1
2024.10.09 02:50;1.09766;1.09766;1.09750;1.09753;127;1
2024.10.09 03:00;1.09754;1.09769;1.09742;1.09756;296;1
2024.10.09 03:10;1.09755;1.09767;1.09743;1.09765;186;1
2024.10.09 03:20;1.09764;1.09771;1.09757;1.09761;163;1
2024.10.09 03:30;1.09758;1.09762;1.09737;1.09741;185;1
2024.10.09 03:40;1.09741;1.09771;1.09741;1.09768;190;0
2024.10.09 03:50;1.09768;1.09787;1.09754;1.09754;238;1
2024.10.09 04:00;1.09754;1.09772;1.09725;1.09726;465;0
2024.10.09 04:10;1.09724;1.09752;1.09701;1.09742;409;1
2024.10.09 04:20;1.09741;1.09758;1.09714;1.09722;347;1
2024.10.09 04:30;1.09723;1.09726;1.09685;1.09701;534;1
2024.10.09 04:40;1.09700;1.09738;1.09700;1.09728;457;1
2024.10.09 04:50;1.09728;1.09748;1.09723;1.09736;366;1
2024.10.09 05:00;1.09736;1.09736;1.09704;1.09706;378;0
2024.10.09 05:10;1.09705;1.09739;1.09701;1.09731;333;0
2024.10.09 05:20;1.09731;1.09741;1.09706;1.09708;368;0
2024.10.09 05:30;1.09706;1.09720;1.09687;1.09687;314;0
2024.10.09 05:40;1.09689;1.09720;1.09685;1.09717;272;1
2024.10.09 05:50;1.09718;1.09733;1.09702;1.09706;312;0
2024.10.09 06:00;1.09705;1.09711;1.09691;1.09695;258;1
2024.10.09 06:10;1.09694;1.09700;1.09673;1.09684;280;0
2024.10.09 06:20;1.09683;1.09702;1.09678;1.09698;221;1
2024.10.09 06:30;1.09697;1.09706;1.09688;1.09698;200;0
2024.10.09 06:40;1.09699;1.09710;1.09684;1.09688;227;1
2024.10.09 06:50;1.09687;1.09688;1.09667;1.09677;334;0
2024.10.09 07:00;1.09677;1.09684;1.09662;1.09677;230;1
2024.10.09 07:10;1.09677;1.09678;1.09655;1.09655;139;1
2024.10.09 07:20;1.09655;1.09655;1.09640;1.09652;175;1
2024.10.09 07:30;1.09653;1.09657;1.09633;1.09636;154;1
2024.10.09 07:40;1.09636;1.09636;1.09629;1.09630;122;1
2024.10.09 07:50;1.09629;1.09633;1.09620;1.09632;162;1
2024.10.09 08:00;1.09632;1.09761;1.09632;1.09742;836;0
2024.10.09 08:10;1.09743;1.09745;1.09693;1.09701;585;0
2024.10.09 08:20;1.09700;1.09719;1.09684;1.09690;558;0
2024.10.09 08:30;1.09691;1.09744;1.09675;1.09722;722;0
2024.10.09 08:40;1.09720;1.09733;1.09705;1.09707;594;0
2024.10.09 08:50;1.09707;1.09733;1.09704;1.09731;339;1
2024.10.09 09:00;1.09729;1.09729;1.09686;1.09686;474;0
2024.10.09 09:10;1.09685;1.09693;1.09663;1.09663;415;0
2024.10.09 09:20;1.09664;1.09678;1.09654;1.09665;416;0
2024.10.09 09:30;1.09664;1.09679;1.09650;1.09674;394;0
2024.10.09 09:40;1.09674;1.09679;1.09630;1.09633;426;0
2024.10.09 09:50;1.09633;1.09658;1.09621;1.09629;533;0
2024.10.09 10:00;1.09628;1.09643;1.09555;1.09559;714;0
2024.10.09 10:10;1.09560;1.09579;1.09511;1.09549;801;0
2024.10.09 10:20;1.09548;1.09604;1.09547;1.09581;571;0
2024.10.09 10:30;1.09582;1.09670;1.09561;1.09663;624;0
2024.10.09 10:40;1.09663;1.09663;1.09607;1.09616;559;0
2024.10.09 10:50;1.09616;1.09617;1.09582;1.09603;527;0
2024.10.09 11:00;1.09603;1.09628;1.09585;1.09628;596;0
2024.10.09 11:10;1.09629;1.09643;1.09601;1.09612;426;0
2024.10.09 11:20;1.09612;1.09630;1.09572;1.09576;479;0
2024.10.09 11:30;1.09576;1.09596;1.09540;1.09558;518;0
2024.10.09 11:40;1.09558;1.09572;1.09550;1.09552;388;0
2024.10.09 11:50;1.09554;1.09584;1.09532;1.09577;436;0
2024.10.09 12:00;1.09578;1.09619;1.09571;1.09618;556;0
2024.10.09 12:10;1.09618;1.09619;1.09581;1.09607;474;0
2024.10.09 12:20;1.09607;1.09631;1.09595;1.09612;388;0
2024.10.09 12:30;1.09611;1.09645;1.09610;1.09643;438;0
2024.10.09 12:40;1.09644;1.09661;1.09628;1.09656;374;0
2024.10.09 12:50;1.09655;1.09676;1.09646;1.09666;426;0
2024.10.09 13:00;1.09665;1.09698;1.09655;1.09685;395;0
2024.10.09 13:10;1.09686;1.09708;1.09681;1.09693;399;0
2024.10.09 13:20;1.09694;1.09698;1.09663;1.09664;335;0
2024.10.09 13:30;1.09665;1.09687;1.09659;1.09669;383;0
2024.10.09 13:40;1.09670;1.09671;1.09634;1.09660;324;0
2024.10.09 13:50;1.09660;1.09668;1.09650;1.09655;334;0
2024.10.09 14:00;1.09655;1.09667;1.09639;1.09640;397;0
2024.10.09 14:10;1.09642;1.09668;1.09635;1.09655;326;0
2024.10.09 14:20;1.09656;1.09669;1.09626;1.09626;290;0
2024.10.09 14:30;1.09626;1.09632;1.09602;1.09632;310;0
2024.10.09 14:40;1.09632;1.09641;1.09577;1.09579;369;0
2024.10.09 14:50;1.09580;1.09583;1.09540;1.09540;416;0
2024.10.09 15:00;1.09541;1.09592;1.09540;1.09573;401;0
2024.10.09 15:10;1.09574;1.09585;1.09556;1.09563;433;0
2024.10.09 15:20;1.09563;1.09569;1.09535;1.09545;482;0
2024.10.09 15:30;1.09545;1.09589;1.09527;1.09565;474;0
2024.10.09 15:40;1.09564;1.09581;1.09542;1.09581;469;0
2024.10.09 15:50;1.09580;1.09586;1.09532;1.09568;546;0
2024.10.09 16:00;1.09567;1.09584;1.09527;1.09531;469;0
2024.10.09 16:10;1.09529;1.09545;1.09462;1.09471;532;0
2024.10.09 16:20;1.09472;1.09532;1.09472;1.09520;547;0
2024.10.09 16:30;1.09521;1.09548;1.09516;1.09545;624;0
2024.10.09 16:40;1.09544;1.09584;1.09543;1.09553;626;0
2024.10.09 16:50;1.09552;1.09567;1.09515;1.09531;659;0
2024.10.09 17:00;1.09530;1.09532;1.09476;1.09531;608;0
2024.10.09 17:10;1.09531;1.09597;1.09531;1.09570;692;0
2024.10.09 17:20;1.09570;1.09581;1.09489;1.09538;662;0
2024.10.09 17:30;1.09537;1.09543;1.09482;1.09482;690;0
2024.10.09 17:40;1.09485;1.09488;1.09397;1.09436;763;0
2024.10.09 17:50;1.09436;1.09480;1.09436;1.09479;748;0
2024.10.09 18:00;1.09478;1.09543;1.09469;1.09543;624;0
2024.10.09 18:10;1.09543;1.09561;1.09517;1.09545;659;0
2024.10.09 18:20;1.09545;1.09562;1.09520;1.09536;548;0
2024.10.09 18:30;1.09535;1.09535;1.09490;1.09532;556;0
2024.10.09 18:40;1.09531;1.09537;1.09503;1.09515;458;0
2024.10.09 18:50;1.09513;1.09522;1.09486;1.09507;543;0
2024.10.09 19:00;1.09504;1.09504;1.09456;1.09460;459;0
2024.10.09 19:10;1.09462;1.09501;1.09456;1.09491;327;0
2024.10.09 19:20;1.09491;1.09494;1.09464;1.09472;367;0
2024.10.09 19:30;1.09470;1.09472;1.09441;1.09451;332;0
2024.10.09 19:40;1.09452;1.09464;1.09407;1.09426;353;0
2024.10.09 19:50;1.09426;1.09437;1.09402;1.09414;525;0
2024.10.09 20:00;1.09415;1.09423;1.09382;1.09393;436;0
2024.10.09 20:10;1.09394;1.09404;1.09374;1.09387;353;0
2024.10.09 20:20;1.09388;1.09389;1.09370;1.09378;308;0
2024.10.09 20:30;1.09377;1.09392;1.09374;1.09383;304;0
2024.10.09 20:40;1.09386;1.09399;1.09377;1.09382;278;0
2024.10.09 20:50;1.09382;1.09401;1.09370;1.09390;326;0
2024.10.09 21:00;1.09391;1.09402;1.09372;1.09386;407;0
2024.10.09 21:10;1.09386;1.09392;1.09362;1.09382;336;0
2024.10.09 21:20;1.09381;1.09425;1.09374;1.09420;319;0
2024.10.09 21:30;1.09420;1.09426;1.09395;1.09412;327;0
2024.10.09 21:40;1.09412;1.09422;1.09387;1.09387;302;0
2024.10.09 21:50;1.09387;1.09388;1.09362;1.09366;338;0
2024.10.09 22:00;1.09365;1.09392;1.09365;1.09371;290;0
2024.10.09 22:10;1.09370;1.09414;1.09370;1.09413;281;0
2024.10.09 22:20;1.09414;1.09414;1.09394;1.09401;220;0
2024.10.09 22:30;1.09402;1.09409;1.09379;1.09380;268;0
2024.10.09 22:40;1.09380;1.09381;1.09369;1.09374;198;0
2024.10.09 22:50;1.09375;1.09396;1.09373;1.09384;273;0
2024.10.09 23:00;1.09385;1.09389;1.09373;1.09375;216;0
2024.10.09 23:10;1.09375;1.09385;1.09369;1.09384;165;0
2024.10.09 23:20;1.09385;1.09388;1.09374;1.09380;95;0
2024.10.09 23:30;1.09380;1.09382;1.09366;1.09377;98;0
2024.10.09 23:40;1.09378;1.09387;1.09377;1.09385;138;0
2024.10.09 23:50;1.09384;1.09409;1.09379;1.09388;276;0
2024.10.10 00:00;1.09388;1.09388;1.09375;1.09378;16;12
2024.10.10 00:10;1.09378;1.09386;1.09377;1.09378;50;13
2024.10.10 00:20;1.09379;1.09387;1.09374;1.09384;91;14
2024.10.10 00:30;1.09384;1.09394;1.09382;1.09389;168;16
2024.10.10 00:40;1.09390;1.09420;1.09389;1.09416;318;8
2024.10.10 00:50;1.09416;1.09417;1.09402;1.09409;263;7
2024.10.10 01:00;1.09416;1.09428;1.09400;1.09402;167;1
2024.10.10 01:10;1.09401;1.09401;1.09380;1.09393;93;1
2024.10.10 01:20;1.09393;1.09400;1.09386;1.09399;84;1
2024.10.10 01:30;1.09398;1.09410;1.09396;1.09409;88;1
2024.10.10 01:40;1.09409;1.09411;1.09401;1.09407;90;1
2024.10.10 01:50;1.09406;1.09409;1.09401;1.09407;52;1
2024.10.10 02:00;1.09406;1.09407;1.09388;1.09399;112;1
2024.10.10 02:10;1.09400;1.09411;1.09399;1.09408;69;1
2024.10.10 02:20;1.09408;1.09408;1.09400;1.09405;62;1
2024.10.10 02:30;1.09405;1.09416;1.09399;1.09414;83;1
2024.10.10 02:40;1.09415;1.09423;1.09406;1.09413;118;1
2024.10.10 02:50;1.09413;1.09421;1.09406;1.09415;161;1
2024.10.10 03:00;1.09415;1.09426;1.09407;1.09412;295;0
2024.10.10 03:10;1.09412;1.09425;1.09400;1.09406;270;1
2024.10.10 03:20;1.09405;1.09421;1.09392;1.09419;290;1
2024.10.10 03:30;1.09419;1.09421;1.09402;1.09415;263;1
2024.10.10 03:40;1.09416;1.09429;1.09407;1.09428;245;1
2024.10.10 03:50;1.09428;1.09429;1.09399;1.09405;323;0
2024.10.10 04:00;1.09405;1.09438;1.09397;1.09423;329;1
2024.10.10 04:10;1.09422;1.09450;1.09421;1.09438;279;1
2024.10.10 04:20;1.09438;1.09440;1.09409;1.09415;353;1
2024.10.10 04:30;1.09416;1.09439;1.09413;1.09434;582;0
2024.10.10 04:40;1.09434;1.09461;1.09433;1.09451;473;0
2024.10.10 04:50;1.09450;1.09455;1.09418;1.09429;421;0
2024.10.10 05:00;1.09428;1.09443;1.09397;1.09401;344;0
2024.10.10 05:10;1.09402;1.09419;1.09388;1.09417;406;0
2024.10.10 05:20;1.09417;1.09435;1.09416;1.09431;338;1
2024.10.10 05:30;1.09432;1.09454;1.09431;1.09437;418;0
2024.10.10 05:40;1.09437;1.09445;1.09433;1.09437;282;1
2024.10.10 05:50;1.09437;1.09437;1.09419;1.09419;299;1
2024.10.10 06:00;1.09418;1.09441;1.09414;1.09440;336;1
2024.10.10 06:10;1.09440;1.09459;1.09429;1.09455;245;1
2024.10.10 06:20;1.09454;1.09454;1.09427;1.09434;310;1
2024.10.10 06:30;1.09433;1.09436;1.09418;1.09433;256;0
2024.10.10 06:40;1.09432;1.09439;1.09421;1.09435;217;1
2024.10.10 06:50;1.09434;1.09436;1.09421;1.09435;146;1
2024.10.10 07:00;1.09434;1.09446;1.09429;1.09431;117;1
2024.10.10 07:10;1.09431;1.09441;1.09429;1.09433;73;1
2024.10.10 07:20;1.09434;1.09438;1.09424;1.09424;115;1
2024.10.10 07:30;1.09423;1.09423;1.09396;1.09397;213;1
2024.10.10 07:40;1.09396;1.09404;1.09383;1.09383;204;1
2024.10.10 07:50;1.09383;1.09413;1.09383;1.09409;199;1
2024.10.10 08:00;1.09410;1.09424;1.09393;1.09394;301;1
2024.10.10 08:10;1.09395;1.09409;1.09388;1.09392;214;1
2024.10.10 08:20;1.09392;1.09398;1.09368;1.09398;299;0
2024.10.10 08:30;1.09398;1.09400;1.09383;1.09389;250;1
2024.10.10 08:40;1.09388;1.09416;1.09388;1.09407;242;1
2024.10.10 08:50;1.09407;1.09407;1.09383;1.09391;264;1
2024.10.10 09:00;1.09388;1.09388;1.09363;1.09375;407;0
2024.10.10 09:10;1.09375;1.09397;1.09368;1.09378;374;0
2024.10.10 09:20;1.09377;1.09420;1.09376;1.09416;335;0
2024.10.10 09:30;1.09416;1.09432;1.09397;1.09411;333;0
2024.10.10 09:40;1.09411;1.09417;1.09377;1.09394;326;0
2024.10.10 09:50;1.09393;1.09403;1.09367;1.09368;479;0
2024.10.10 10:00;1.09368;1.09391;1.09349;1.09389;502;0
2024.10.10 10:10;1.09389;1.09391;1.09345;1.09352;503;0
2024.10.10 10:20;1.09353;1.09363;1.09330;1.09353;396;0
2024.10.10 10:30;1.09353;1.09404;1.09342;1.09397;564;0
2024.10.10 10:40;1.09398;1.09431;1.09393;1.09406;496;0
2024.10.10 10:50;1.09408;1.09411;1.09366;1.09373;509;0
2024.10.10 11:00;1.09375;1.09393;1.09324;1.09325;524;0
2024.10.10 11:10;1.09324;1.09324;1.09282;1.09287;464;0
2024.10.10 11:20;1.09288;1.09339;1.09288;1.09327;510;0
2024.10.10 11:30;1.09326;1.09360;1.09318;1.09350;360;0
2024.10.10 11:40;1.09351;1.09353;1.09329;1.09337;367;0
2024.10.10 11:50;1.09339;1.09339;1.09327;1.09329;403;0
2024.10.10 12:00;1.09330;1.09331;1.09290;1.09303;301;0
2024.10.10 12:10;1.09304;1.09320;1.09277;1.09320;308;0
2024.10.10 12:20;1.09320;1.09329;1.09311;1.09316;363;0
2024.10.10 12:30;1.09317;1.09338;1.09308;1.09329;378;0
2024.10.10 12:40;1.09330;1.09333;1.09298;1.09305;331;0
2024.10.10 12:50;1.09305;1.09339;1.09305;1.09336;346;0
2024.10.10 13:00;1.09335;1.09347;1.09325;1.09325;284;0
2024.10.10 13:10;1.09324;1.09331;1.09308;1.09325;281;0
2024.10.10 13:20;1.09326;1.09341;1.09317;1.09339;285;0
2024.10.10 13:30;1.09340;1.09388;1.09340;1.09361;364;0
2024.10.10 13:40;1.09361;1.09372;1.09339;1.09342;314;0
2024.10.10 13:50;1.09342;1.09396;1.09342;1.09391;394;0
2024.10.10 14:00;1.09390;1.09395;1.09377;1.09379;353;0
2024.10.10 14:10;1.09379;1.09383;1.09344;1.09344;336;0
2024.10.10 14:20;1.09343;1.09360;1.09321;1.09343;458;0
2024.10.10 14:30;1.09343;1.09357;1.09271;1.09303;508;0
2024.10.10 14:40;1.09302;1.09308;1.09281;1.09289;384;0
2024.10.10 14:50;1.09290;1.09331;1.09289;1.09309;529;0
2024.10.10 15:00;1.09309;1.09339;1.09300;1.09313;575;0
2024.10.10 15:10;1.09313;1.09347;1.09310;1.09317;525;0
2024.10.10 15:20;1.09316;1.09339;1.09297;1.09319;695;0
2024.10.10 15:30;1.09313;1.09549;1.09079;1.09270;1938;0
2024.10.10 15:40;1.09269;1.09436;1.09240;1.09435;1581;0
2024.10.10 15:50;1.09435;1.09497;1.09418;1.09441;1393;0
2024.10.10 16:00;1.09439;1.09498;1.09394;1.09473;1319;0
2024.10.10 16:10;1.09472;1.09498;1.09401;1.09477;1151;0
2024.10.10 16:20;1.09477;1.09494;1.09444;1.09449;995;0
2024.10.10 16:30;1.09449;1.09459;1.09377;1.09387;1041;0
2024.10.10 16:40;1.09388;1.09444;1.09341;1.09403;1080;0
2024.10.10 16:50;1.09403;1.09429;1.09356;1.09373;1082;0
2024.10.10 17:00;1.09372;1.09423;1.09312;1.09323;1078;0
2024.10.10 17:10;1.09322;1.09394;1.09321;1.09334;1226;0
2024.10.10 17:20;1.09334;1.09352;1.09224;1.09224;1001;0
2024.10.10 17:30;1.09224;1.09232;1.09153;1.09165;1035;0
2024.10.10 17:40;1.09166;1.09202;1.09136;1.09198;921;0
2024.10.10 17:50;1.09198;1.09252;1.09189;1.09223;943;0
2024.10.10 18:00;1.09223;1.09253;1.09165;1.09196;843;0
2024.10.10 18:10;1.09195;1.09275;1.09192;1.09271;852;0
2024.10.10 18:20;1.09270;1.09277;1.09238;1.09269;707;0
2024.10.10 18:30;1.09268;1.09299;1.09232;1.09293;620;0
2024.10.10 18:40;1.09292;1.09295;1.09264;1.09269;504;0
2024.10.10 18:50;1.09268;1.09278;1.09244;1.09248;468;0
2024.10.10 19:00;1.09248;1.09277;1.09245;1.09256;517;0
2024.10.10 19:10;1.09255;1.09282;1.09252;1.09257;435;0
2024.10.10 19:20;1.09256;1.09276;1.09245;1.09265;343;0
2024.10.10 19:30;1.09266;1.09266;1.09243;1.09249;405;0
2024.10.10 19:40;1.09251;1.09253;1.09046;1.09048;890;0
2024.10.10 19:50;1.09045;1.09090;1.09030;1.09060;911;0
2024.10.10 20:00;1.09061;1.09092;1.09001;1.09020;917;0
2024.10.10 20:10;1.09019;1.09075;1.09005;1.09074;744;0
2024.10.10 20:20;1.09075;1.09161;1.09074;1.09153;541;0
2024.10.10 20:30;1.09154;1.09189;1.09154;1.09189;542;0
2024.10.10 20:40;1.09188;1.09207;1.09175;1.09204;423;0
2024.10.10 20:50;1.09205;1.09206;1.09159;1.09189;450;0
2024.10.10 21:00;1.09191;1.09215;1.09181;1.09212;398;0
2024.10.10 21:10;1.09211;1.09252;1.09203;1.09208;421;0
2024.10.10 21:20;1.09208;1.09222;1.09201;1.09220;306;0
2024.10.10 21:30;1.09220;1.09260;1.09220;1.09257;340;0
2024.10.10 21:40;1.09257;1.09267;1.09224;1.09241;396;0
2024.10.10 21:50;1.09240;1.09240;1.09209;1.09220;380;0
2024.10.10 22:00;1.09219;1.09252;1.09212;1.09235;405;0
2024.10.10 22:10;1.09236;1.09259;1.09236;1.09254;288;0
2024.10.10 22:20;1.09253;1.09282;1.09253;1.09267;307;0
2024.10.10 22:30;1.09267;1.09293;1.09266;1.09288;331;0
2024.10.10 22:40;1.09289;1.09320;1.09288;1.09315;284;0
2024.10.10 22:50;1.09316;1.09346;1.09316;1.09343;478;0
2024.10.10 23:00;1.09346;1.09368;1.09342;1.09367;223;0
2024.10.10 23:10;1.09367;1.09368;1.09346;1.09350;164;0
2024.10.10 23:20;1.09349;1.09377;1.09348;1.09367;185;0
2024.10.10 23:30;1.09368;1.09368;1.09342;1.09343;120;0
2024.10.10 23:40;1.09344;1.09365;1.09338;1.09363;96;0
2024.10.10 23:50;1.09363;1.09376;1.09233;1.09233;131;0
2024.10.11 00:00;1.09233;1.09340;1.09232;1.09330;18;20
2024.10.11 00:10;1.09330;1.09331;1.09328;1.09330;18;18
2024.10.11 00:20;1.09330;1.09334;1.09330;1.09330;33;15
2024.10.11 00:30;1.09330;1.09350;1.09330;1.09347;189;4
2024.10.11 00:40;1.09348;1.09349;1.09344;1.09349;148;6
2024.10.11 00:50;1.09349;1.09370;1.09347;1.09352;117;6
2024.10.11 01:00;1.09353;1.09361;1.09329;1.09344;115;1
2024.10.11 01:10;1.09345;1.09351;1.09341;1.09341;82;1
2024.10.11 01:20;1.09341;1.09344;1.09334;1.09336;95;1
2024.10.11 01:30;1.09339;1.09340;1.09335;1.09336;91;1
2024.10.11 01:40;1.09335;1.09342;1.09334;1.09341;69;1
2024.10.11 01:50;1.09342;1.09343;1.09330;1.09340;93;1
2024.10.11 02:00;1.09340;1.09344;1.09325;1.09341;92;1
2024.10.11 02:10;1.09340;1.09342;1.09335;1.09340;72;1
2024.10.11 02:20;1.09340;1.09340;1.09324;1.09330;94;1
2024.10.11 02:30;1.09329;1.09340;1.09328;1.09335;117;1
2024.10.11 02:40;1.09335;1.09342;1.09329;1.09340;155;1
2024.10.11 02:50;1.09340;1.09341;1.09328;1.09335;87;1
2024.10.11 03:00;1.09335;1.09348;1.09320;1.09330;256;1
2024.10.11 03:10;1.09331;1.09342;1.09327;1.09339;216;1
2024.10.11 03:20;1.09339;1.09359;1.09331;1.09339;228;1
2024.10.11 03:30;1.09340;1.09356;1.09335;1.09340;191;1
2024.10.11 03:40;1.09341;1.09351;1.09336;1.09340;153;1
2024.10.11 03:50;1.09340;1.09379;1.09338;1.09373;349;1
2024.10.11 04:00;1.09375;1.09378;1.09342;1.09346;305;1
2024.10.11 04:10;1.09345;1.09375;1.09344;1.09363;285;1
2024.10.11 04:20;1.09363;1.09366;1.09338;1.09341;223;1
2024.10.11 04:30;1.09340;1.09340;1.09295;1.09298;258;1
2024.10.11 04:40;1.09299;1.09309;1.09298;1.09306;211;0
2024.10.11 04:50;1.09306;1.09321;1.09300;1.09319;256;0
2024.10.11 05:00;1.09318;1.09336;1.09308;1.09328;195;1
2024.10.11 05:10;1.09327;1.09342;1.09320;1.09333;170;1
2024.10.11 05:20;1.09332;1.09353;1.09325;1.09340;182;0
2024.10.11 05:30;1.09341;1.09362;1.09330;1.09360;196;1
2024.10.11 05:40;1.09361;1.09376;1.09357;1.09371;189;1
2024.10.11 05:50;1.09371;1.09374;1.09363;1.09368;128;1
2024.10.11 06:00;1.09369;1.09383;1.09362;1.09383;168;0
2024.10.11 06:10;1.09383;1.09390;1.09370;1.09381;169;1
2024.10.11 06:20;1.09381;1.09397;1.09379;1.09397;159;1
2024.10.11 06:30;1.09397;1.09405;1.09379;1.09396;180;1
2024.10.11 06:40;1.09395;1.09400;1.09378;1.09383;113;1
2024.10.11 06:50;1.09382;1.09405;1.09381;1.09395;202;0
2024.10.11 07:00;1.09396;1.09403;1.09383;1.09394;164;1
2024.10.11 07:10;1.09394;1.09405;1.09387;1.09389;118;1
2024.10.11 07:20;1.09389;1.09389;1.09373;1.09375;110;1
2024.10.11 07:30;1.09377;1.09377;1.09369;1.09373;129;1
2024.10.11 07:40;1.09372;1.09374;1.09361;1.09363;135;1
2024.10.11 07:50;1.09363;1.09364;1.09352;1.09355;151;1
2024.10.11 08:00;1.09356;1.09365;1.09350;1.09350;132;1
2024.10.11 08:10;1.09350;1.09351;1.09341;1.09342;127;1
2024.10.11 08:20;1.09343;1.09356;1.09342;1.09356;102;1
2024.10.11 08:30;1.09355;1.09375;1.09355;1.09367;115;1
2024.10.11 08:40;1.09367;1.09378;1.09334;1.09335;198;1
2024.10.11 08:50;1.09336;1.09354;1.09325;1.09354;171;1
2024.10.11 09:00;1.09351;1.09351;1.09324;1.09343;390;0
2024.10.11 09:10;1.09343;1.09358;1.09325;1.09356;235;0
2024.10.11 09:20;1.09355;1.09377;1.09347;1.09377;248;0
2024.10.11 09:30;1.09376;1.09384;1.09340;1.09345;337;0
2024.10.11 09:40;1.09345;1.09373;1.09326;1.09365;428;0
2024.10.11 09:50;1.09365;1.09407;1.09349;1.09401;474;0
2024.10.11 10:00;1.09399;1.09427;1.09366;1.09375;558;0
2024.10.11 10:10;1.09374;1.09382;1.09337;1.09340;397;0
2024.10.11 10:20;1.09341;1.09372;1.09322;1.09369;416;0
2024.10.11 10:30;1.09369;1.09400;1.09349;1.09400;337;0
2024.10.11 10:40;1.09398;1.09419;1.09386;1.09409;362;0
2024.10.11 10:50;1.09409;1.09454;1.09407;1.09446;388;0
2024.10.11 11:00;1.09446;1.09453;1.09417;1.09430;413;0
2024.10.11 11:10;1.09429;1.09452;1.09424;1.09448;339;0
2024.10.11 11:20;1.09447;1.09501;1.09440;1.09491;394;0
2024.10.11 11:30;1.09492;1.09537;1.09462;1.09518;443;0
2024.10.11 11:40;1.09517;1.09521;1.09488;1.09490;321;0
2024.10.11 11:50;1.09490;1.09508;1.09476;1.09495;353;0
2024.10.11 12:00;1.09494;1.09511;1.09472;1.09476;364;0
2024.10.11 12:10;1.09477;1.09487;1.09462;1.09482;300;0
2024.10.11 12:20;1.09481;1.09485;1.09459;1.09465;344;0
2024.10.11 12:30;1.09464;1.09478;1.09458;1.09470;219;0
2024.10.11 12:40;1.09469;1.09476;1.09420;1.09430;265;0
2024.10.11 12:50;1.09426;1.09431;1.09380;1.09389;447;0
2024.10.11 13:00;1.09388;1.09392;1.09364;1.09391;418;0
2024.10.11 13:10;1.09393;1.09394;1.09360;1.09376;280;0
2024.10.11 13:20;1.09375;1.09385;1.09350;1.09351;268;0
2024.10.11 13:30;1.09350;1.09357;1.09343;1.09356;221;0
2024.10.11 13:40;1.09357;1.09365;1.09309;1.09331;416;0
2024.10.11 13:50;1.09331;1.09376;1.09322;1.09351;413;0
2024.10.11 14:00;1.09350;1.09360;1.09331;1.09358;333;0
2024.10.11 14:10;1.09359;1.09361;1.09274;1.09274;370;0
2024.10.11 14:20;1.09275;1.09308;1.09272;1.09286;368;0
2024.10.11 14:30;1.09286;1.09341;1.09279;1.09331;369;0
2024.10.11 14:40;1.09332;1.09341;1.09311;1.09326;295;0
2024.10.11 14:50;1.09325;1.09340;1.09299;1.09308;429;0
2024.10.11 15:00;1.09308;1.09381;1.09308;1.09376;422;0
2024.10.11 15:10;1.09377;1.09421;1.09368;1.09414;408;0
2024.10.11 15:20;1.09414;1.09417;1.09392;1.09413;467;0
2024.10.11 15:30;1.09414;1.09506;1.09324;1.09333;1299;0
2024.10.11 15:40;1.09333;1.09333;1.09267;1.09277;1045;0
2024.10.11 15:50;1.09278;1.09340;1.09260;1.09330;888;0
2024.10.11 16:00;1.09330;1.09341;1.09280;1.09290;709;0
2024.10.11 16:10;1.09291;1.09384;1.09284;1.09358;656;0
2024.10.11 16:20;1.09359;1.09370;1.09327;1.09336;720;0
2024.10.11 16:30;1.09337;1.09394;1.09329;1.09388;749;0
2024.10.11 16:40;1.09389;1.09398;1.09330;1.09355;783;0
2024.10.11 16:50;1.09356;1.09406;1.09347;1.09388;719;0
2024.10.11 17:00;1.09394;1.09438;1.09336;1.09351;1058;0
2024.10.11 17:10;1.09352;1.09448;1.09342;1.09444;869;0
2024.10.11 17:20;1.09447;1.09473;1.09399;1.09430;735;0
2024.10.11 17:30;1.09430;1.09474;1.09422;1.09471;654;0
2024.10.11 17:40;1.09470;1.09491;1.09415;1.09436;710;0
2024.10.11 17:50;1.09437;1.09455;1.09414;1.09428;649;0
2024.10.11 18:00;1.09427;1.09466;1.09423;1.09454;558;0
2024.10.11 18:10;1.09455;1.09502;1.09450;1.09481;611;0
2024.10.11 18:20;1.09481;1.09510;1.09478;1.09499;501;0
2024.10.11 18:30;1.09499;1.09524;1.09479;1.09492;434;0
2024.10.11 18:40;1.09493;1.09501;1.09413;1.09414;483;0
2024.10.11 18:50;1.09415;1.09432;1.09411;1.09413;381;0
2024.10.11 19:00;1.09413;1.09440;1.09402;1.09440;320;0
2024.10.11 19:10;1.09439;1.09462;1.09420;1.09461;311;0
2024.10.11 19:20;1.09463;1.09475;1.09443;1.09461;275;0
2024.10.11 19:30;1.09462;1.09467;1.09445;1.09451;273;0
2024.10.11 19:40;1.09452;1.09453;1.09426;1.09445;288;0
2024.10.11 19:50;1.09446;1.09461;1.09442;1.09449;318;0
2024.10.11 20:00;1.09451;1.09474;1.09434;1.09435;299;0
2024.10.11 20:10;1.09435;1.09449;1.09434;1.09438;228;0
2024.10.11 20:20;1.09439;1.09449;1.09429;1.09441;279;0
2024.10.11 20:30;1.09442;1.09445;1.09431;1.09439;235;0
2024.10.11 20:40;1.09440;1.09454;1.09439;1.09445;206;0
2024.10.11 20:50;1.09444;1.09448;1.09427;1.09433;283;0
2024.10.11 21:00;1.09432;1.09446;1.09422;1.09430;189;0
2024.10.11 21:10;1.09431;1.09460;1.09421;1.09460;186;0
2024.10.11 21:20;1.09460;1.09460;1.09434;1.09438;187;0
2024.10.11 21:30;1.09438;1.09439;1.09427;1.09429;167;0
2024.10.11 21:40;1.09428;1.09436;1.09421;1.09431;167;0
2024.10.11 21:50;1.09430;1.09430;1.09388;1.09390;241;0
2024.10.11 22:00;1.09390;1.09393;1.09386;1.09389;194;0
2024.10.11 22:10;1.09390;1.09392;1.09386;1.09390;124;0
2024.10.11 22:20;1.09388;1.09390;1.09371;1.09376;174;0
2024.10.11 22:30;1.09376;1.09378;1.09364;1.09366;226;0
2024.10.11 22:40;1.09368;1.09369;1.09350;1.09365;213;0
2024.10.11 22:50;1.09365;1.09365;1.09331;1.09332;255;0
2024.10.11 23:00;1.09329;1.09350;1.09324;1.09350;236;0
2024.10.11 23:10;1.09351;1.09355;1.09337;1.09342;98;0
2024.10.11 23:20;1.09342;1.09374;1.09339;1.09371;187;0
2024.10.11 23:30;1.09369;1.09381;1.09360;1.09380;124;0
2024.10.11 23:40;1.09381;1.09381;1.09348;1.09363;140;0
2024.10.11 23:50;1.09363;1.09364;1.09338;1.09354;151;0
2024.10.14 00:00;1.09309;1.09309;1.09287;1.09309;14;37
2024.10.14 00:10;1.09305;1.09308;1.09305;1.09307;19;37
2024.10.14 00:20;1.09307;1.09314;1.09307;1.09308;56;37
2024.10.14 00:30;1.09304;1.09314;1.09303;1.09305;181;37
2024.10.14 00:40;1.09306;1.09310;1.09305;1.09308;116;37
2024.10.14 00:50;1.09307;1.09314;1.09306;1.09307;57;37
2024.10.14 01:00;1.09325;1.09334;1.09284;1.09317;254;0
2024.10.14 01:10;1.09318;1.09330;1.09292;1.09307;117;0
2024.10.14 01:20;1.09306;1.09315;1.09301;1.09305;120;0
2024.10.14 01:30;1.09306;1.09317;1.09288;1.09292;144;0
2024.10.14 01:40;1.09292;1.09301;1.09280;1.09284;142;0
2024.10.14 01:50;1.09284;1.09285;1.09269;1.09271;60;0
2024.10.14 02:00;1.09272;1.09284;1.09272;1.09282;107;0
2024.10.14 02:10;1.09283;1.09283;1.09240;1.09258;120;0
2024.10.14 02:20;1.09257;1.09268;1.09255;1.09258;87;0
2024.10.14 02:30;1.09259;1.09260;1.09229;1.09229;124;0
2024.10.14 02:40;1.09230;1.09240;1.09225;1.09227;147;0
2024.10.14 02:50;1.09228;1.09236;1.09221;1.09230;203;0
2024.10.14 03:00;1.09231;1.09244;1.09151;1.09165;394;0
2024.10.14 03:10;1.09166;1.09217;1.09166;1.09215;358;0
2024.10.14 03:20;1.09216;1.09242;1.09216;1.09223;225;0
2024.10.14 03:30;1.09223;1.09236;1.09218;1.09221;199;0
2024.10.14 03:40;1.09223;1.09226;1.09188;1.09200;204;0
2024.10.14 03:50;1.09199;1.09226;1.09199;1.09215;243;0
2024.10.14 04:00;1.09214;1.09214;1.09179;1.09194;361;0
2024.10.14 04:10;1.09195;1.09235;1.09183;1.09232;348;0
2024.10.14 04:20;1.09232;1.09232;1.09204;1.09222;316;0
2024.10.14 04:30;1.09223;1.09255;1.09193;1.09235;557;0
2024.10.14 04:40;1.09235;1.09253;1.09223;1.09231;411;0
2024.10.14 04:50;1.09231;1.09244;1.09225;1.09233;342;0
2024.10.14 05:00;1.09232;1.09233;1.09183;1.09210;464;0
2024.10.14 05:10;1.09209;1.09238;1.09209;1.09222;325;0
2024.10.14 05:20;1.09222;1.09249;1.09215;1.09243;320;0
2024.10.14 05:30;1.09243;1.09267;1.09241;1.09260;277;0
2024.10.14 05:40;1.09259;1.09264;1.09247;1.09253;232;0
2024.10.14 05:50;1.09253;1.09264;1.09240;1.09247;206;0
2024.10.14 06:00;1.09246;1.09264;1.09235;1.09261;225;0
2024.10.14 06:10;1.09260;1.09272;1.09258;1.09261;138;0
2024.10.14 06:20;1.09263;1.09292;1.09257;1.09292;221;0
2024.10.14 06:30;1.09292;1.09293;1.09273;1.09284;163;0
2024.10.14 06:40;1.09285;1.09292;1.09265;1.09268;156;0
2024.10.14 06:50;1.09268;1.09268;1.09253;1.09254;146;0
2024.10.14 07:00;1.09255;1.09258;1.09242;1.09246;109;0
2024.10.14 07:10;1.09247;1.09255;1.09237;1.09238;95;0
2024.10.14 07:20;1.09239;1.09245;1.09233;1.09239;91;0
2024.10.14 07:30;1.09239;1.09246;1.09235;1.09235;91;0
2024.10.14 07:40;1.09237;1.09246;1.09234;1.09246;74;0
2024.10.14 07:50;1.09246;1.09247;1.09236;1.09237;84;0
2024.10.14 08:00;1.09237;1.09248;1.09223;1.09230;163;0
2024.10.14 08:10;1.09229;1.09250;1.09222;1.09247;138;0
2024.10.14 08:20;1.09247;1.09256;1.09239;1.09245;206;0
2024.10.14 08:30;1.09246;1.09249;1.09236;1.09240;221;0
2024.10.14 08:40;1.09239;1.09260;1.09234;1.09251;136;0
2024.10.14 08:50;1.09250;1.09264;1.09245;1.09260;206;0
2024.10.14 09:00;1.09259;1.09303;1.09259;1.09300;286;0
2024.10.14 09:10;1.09299;1.09302;1.09278;1.09280;199;0
2024.10.14 09:20;1.09280;1.09301;1.09272;1.09287;349;0
2024.10.14 09:30;1.09288;1.09300;1.09270;1.09286;297;0
2024.10.14 09:40;1.09286;1.09295;1.09260;1.09271;271;0
2024.10.14 09:50;1.09271;1.09283;1.09248;1.09251;329;0
2024.10.14 10:00;1.09250;1.09265;1.09237;1.09249;516;0
2024.10.14 10:10;1.09249;1.09303;1.09240;1.09279;446;0
2024.10.14 10:20;1.09280;1.09298;1.09259;1.09262;392;0
2024.10.14 10:30;1.09262;1.09304;1.09253;1.09299;453;0
2024.10.14 10:40;1.09298;1.09312;1.09258;1.09260;332;0
2024.10.14 10:50;1.09260;1.09290;1.09250;1.09284;371;0
2024.10.14 11:00;1.09283;1.09315;1.09277;1.09304;401;0
2024.10.14 11:10;1.09305;1.09316;1.09272;1.09288;378;0
2024.10.14 11:20;1.09287;1.09289;1.09270;1.09270;371;0
2024.10.14 11:30;1.09271;1.09311;1.09261;1.09301;358;0
2024.10.14 11:40;1.09302;1.09310;1.09276;1.09286;301;0
2024.10.14 11:50;1.09287;1.09301;1.09236;1.09270;698;0
2024.10.14 12:00;1.09269;1.09323;1.09267;1.09323;299;0
2024.10.14 12:10;1.09324;1.09339;1.09316;1.09335;273;0
2024.10.14 12:20;1.09336;1.09367;1.09329;1.09347;291;0
2024.10.14 12:30;1.09346;1.09346;1.09317;1.09319;358;0
2024.10.14 12:40;1.09319;1.09334;1.09314;1.09317;254;0
2024.10.14 12:50;1.09317;1.09318;1.09275;1.09289;323;0
2024.10.14 13:00;1.09288;1.09296;1.09254;1.09282;312;0
2024.10.14 13:10;1.09285;1.09301;1.09275;1.09280;254;0
2024.10.14 13:20;1.09282;1.09298;1.09270;1.09273;252;0
2024.10.14 13:30;1.09272;1.09277;1.09252;1.09265;279;0
2024.10.14 13:40;1.09265;1.09268;1.09231;1.09241;273;0
2024.10.14 13:50;1.09243;1.09245;1.09221;1.09228;395;0
2024.10.14 14:00;1.09227;1.09245;1.09189;1.09190;435;0
2024.10.14 14:10;1.09190;1.09206;1.09186;1.09195;345;0
2024.10.14 14:20;1.09195;1.09213;1.09147;1.09154;372;0
2024.10.14 14:30;1.09154;1.09168;1.09143;1.09143;351;0
2024.10.14 14:40;1.09143;1.09153;1.09089;1.09112;406;0
2024.10.14 14:50;1.09112;1.09143;1.09107;1.09127;386;0
2024.10.14 15:00;1.09127;1.09151;1.09112;1.09144;428;0
2024.10.14 15:10;1.09145;1.09149;1.09123;1.09134;414;0
2024.10.14 15:20;1.09133;1.09168;1.09115;1.09150;553;0
2024.10.14 15:30;1.09150;1.09161;1.09079;1.09084;563;0
2024.10.14 15:40;1.09084;1.09121;1.09072;1.09099;549;0
2024.10.14 15:50;1.09099;1.09110;1.09082;1.09096;445;0
2024.10.14 16:00;1.09094;1.09109;1.09045;1.09057;518;0
2024.10.14 16:10;1.09056;1.09107;1.09050;1.09102;522;0
2024.10.14 16:20;1.09103;1.09138;1.09099;1.09106;415;0
2024.10.14 16:30;1.09105;1.09121;1.09085;1.09099;590;0
2024.10.14 16:40;1.09098;1.09266;1.09086;1.09253;992;0
2024.10.14 16:50;1.09254;1.09273;1.09190;1.09190;795;0
2024.10.14 17:00;1.09190;1.09190;1.09101;1.09107;749;0
2024.10.14 17:10;1.09108;1.09114;1.09080;1.09100;577;0
2024.10.14 17:20;1.09099;1.09162;1.09093;1.09107;574;0
2024.10.14 17:30;1.09108;1.09112;1.09050;1.09062;620;0
2024.10.14 17:40;1.09063;1.09131;1.09051;1.09114;681;0
2024.10.14 17:50;1.09115;1.09151;1.09101;1.09149;635;0
2024.10.14 18:00;1.09149;1.09161;1.09126;1.09140;508;0
2024.10.14 18:10;1.09141;1.09164;1.09124;1.09134;428;0
2024.10.14 18:20;1.09135;1.09139;1.09103;1.09123;398;0
2024.10.14 18:30;1.09121;1.09163;1.09111;1.09129;346;0
2024.10.14 18:40;1.09128;1.09128;1.09066;1.09068;346;0
2024.10.14 18:50;1.09067;1.09080;1.09048;1.09069;311;0
2024.10.14 19:00;1.09070;1.09086;1.09036;1.09042;343;0
2024.10.14 19:10;1.09043;1.09048;1.09028;1.09033;242;0
2024.10.14 19:20;1.09032;1.09032;1.09007;1.09016;229;0
2024.10.14 19:30;1.09016;1.09036;1.09016;1.09023;188;0
2024.10.14 19:40;1.09022;1.09027;1.09011;1.09015;177;0
2024.10.14 19:50;1.09015;1.09027;1.09008;1.09016;207;0
2024.10.14 20:00;1.09015;1.09023;1.09010;1.09014;181;0
2024.10.14 20:10;1.09014;1.09019;1.08979;1.08979;206;0
2024.10.14 20:20;1.08979;1.08991;1.08972;1.08989;233;0
2024.10.14 20:30;1.08990;1.09020;1.08989;1.09020;176;0
2024.10.14 20:40;1.09019;1.09033;1.09002;1.09032;186;0
2024.10.14 20:50;1.09032;1.09043;1.09023;1.09041;195;0
2024.10.14 21:00;1.09041;1.09050;1.09031;1.09045;233;0
2024.10.14 21:10;1.09047;1.09048;1.09039;1.09041;147;0
2024.10.14 21:20;1.09038;1.09038;1.09025;1.09025;98;0
2024.10.14 21:30;1.09022;1.09027;1.09005;1.09026;142;0
2024.10.14 21:40;1.09025;1.09025;1.08989;1.08989;162;0
2024.10.14 21:50;1.08991;1.08994;1.08950;1.08972;292;0
2024.10.14 22:00;1.08971;1.09029;1.08881;1.09004;920;0
2024.10.14 22:10;1.09004;1.09031;1.08986;1.09029;389;0
2024.10.14 22:20;1.09028;1.09060;1.09024;1.09036;345;0
2024.10.14 22:30;1.09035;1.09045;1.09028;1.09038;278;0
2024.10.14 22:40;1.09037;1.09046;1.09021;1.09034;196;0
2024.10.14 22:50;1.09033;1.09057;1.09022;1.09038;321;0
2024.10.14 23:00;1.09038;1.09058;1.09028;1.09057;138;0
2024.10.14 23:10;1.09056;1.09072;1.09056;1.09068;130;0
2024.10.14 23:20;1.09069;1.09086;1.09063;1.09071;107;0
2024.10.14 23:30;1.09072;1.09075;1.09067;1.09068;79;0
2024.10.14 23:40;1.09068;1.09077;1.09062;1.09075;160;0
2024.10.14 23:50;1.09074;1.09094;1.09062;1.09085;268;0
2024.10.15 00:00;1.09085;1.09085;1.08960;1.09063;44;6
2024.10.15 00:10;1.09064;1.09069;1.09054;1.09066;133;11
2024.10.15 00:20;1.09066;1.09079;1.09058;1.09078;62;13
2024.10.15 00:30;1.09076;1.09079;1.09075;1.09077;28;12
2024.10.15 00:40;1.09075;1.09077;1.09072;1.09077;27;12
2024.10.15 00:50;1.09077;1.09084;1.09073;1.09082;64;11
2024.10.15 01:00;1.09080;1.09083;1.09059;1.09062;70;0
2024.10.15 01:10;1.09062;1.09066;1.09053;1.09066;75;0
2024.10.15 01:20;1.09065;1.09068;1.09049;1.09064;91;0
2024.10.15 01:30;1.09065;1.09066;1.09057;1.09059;76;0
2024.10.15 01:40;1.09060;1.09086;1.09060;1.09083;90;0
2024.10.15 01:50;1.09083;1.09096;1.09083;1.09086;103;0
2024.10.15 02:00;1.09086;1.09095;1.09066;1.09083;108;0
2024.10.15 02:10;1.09082;1.09095;1.09078;1.09092;100;0
2024.10.15 02:20;1.09092;1.09105;1.09092;1.09100;153;0
2024.10.15 02:30;1.09098;1.09099;1.09072;1.09083;122;0
2024.10.15 02:40;1.09084;1.09089;1.09070;1.09079;124;0
2024.10.15 02:50;1.09078;1.09094;1.09077;1.09088;114;0
2024.10.15 03:00;1.09089;1.09097;1.09051;1.09051;373;0
2024.10.15 03:10;1.09052;1.09060;1.09044;1.09054;260;0
2024.10.15 03:20;1.09055;1.09073;1.09054;1.09059;269;0
2024.10.15 03:30;1.09060;1.09063;1.09039;1.09047;233;0
2024.10.15 03:40;1.09047;1.09062;1.09040;1.09049;244;0
2024.10.15 03:50;1.09049;1.09077;1.09046;1.09073;385;0
2024.10.15 04:00;1.09071;1.09080;1.09045;1.09059;267;0
2024.10.15 04:10;1.09059;1.09079;1.09057;1.09079;169;0
2024.10.15 04:20;1.09078;1.09083;1.09066;1.09080;168;0
2024.10.15 04:30;1.09079;1.09087;1.09069;1.09079;221;0
2024.10.15 04:40;1.09080;1.09080;1.09052;1.09072;286;0
2024.10.15 04:50;1.09072;1.09080;1.09062;1.09071;235;0
2024.10.15 05:00;1.09071;1.09088;1.09050;1.09064;392;0
2024.10.15 05:10;1.09063;1.09064;1.09042;1.09047;237;0
2024.10.15 05:20;1.09048;1.09064;1.09043;1.09044;266;0
2024.10.15 05:30;1.09044;1.09050;1.09027;1.09039;239;0
2024.10.15 05:40;1.09040;1.09040;1.09013;1.09013;200;0
2024.10.15 05:50;1.09015;1.09028;1.09003;1.09020;276;0
2024.10.15 06:00;1.09021;1.09030;1.09009;1.09019;196;0
2024.10.15 06:10;1.09018;1.09023;1.08999;1.09003;247;0
2024.10.15 06:20;1.09002;1.09025;1.08981;1.09018;318;0
2024.10.15 06:30;1.09017;1.09020;1.08999;1.09005;258;0
2024.10.15 06:40;1.09005;1.09006;1.08979;1.08985;216;0
2024.10.15 06:50;1.08984;1.08985;1.08956;1.08965;241;0
2024.10.15 07:00;1.08964;1.08964;1.08935;1.08948;290;0
2024.10.15 07:10;1.08946;1.08952;1.08934;1.08942;163;0
2024.10.15 07:20;1.08942;1.08945;1.08917;1.08922;167;0
2024.10.15 07:30;1.08924;1.08933;1.08915;1.08930;166;0
2024.10.15 07:40;1.08932;1.08942;1.08927;1.08928;153;0
2024.10.15 07:50;1.08929;1.08938;1.08927;1.08929;179;0
2024.10.15 08:00;1.08929;1.08929;1.08907;1.08914;243;0
2024.10.15 08:10;1.08915;1.08919;1.08894;1.08896;232;0
2024.10.15 08:20;1.08895;1.08909;1.08894;1.08895;183;0
2024.10.15 08:30;1.08894;1.08902;1.08881;1.08893;302;0
2024.10.15 08:40;1.08894;1.08901;1.08882;1.08893;311;0
2024.10.15 08:50;1.08893;1.08925;1.08892;1.08916;382;0
2024.10.15 09:00;1.08916;1.08921;1.08859;1.08876;610;0
2024.10.15 09:10;1.08875;1.08887;1.08850;1.08879;482;0
2024.10.15 09:20;1.08880;1.08924;1.08874;1.08898;464;0
2024.10.15 09:30;1.08899;1.08946;1.08893;1.08946;449;0
2024.10.15 09:40;1.08946;1.08957;1.08913;1.08926;405;0
2024.10.15 09:50;1.08925;1.08949;1.08919;1.08925;420;0
2024.10.15 10:00;1.08925;1.08936;1.08863;1.08873;746;0
2024.10.15 10:10;1.08874;1.08876;1.08856;1.08862;527;0
2024.10.15 10:20;1.08861;1.08926;1.08849;1.08911;582;0
2024.10.15 10:30;1.08911;1.08935;1.08900;1.08902;501;0
2024.10.15 10:40;1.08901;1.08972;1.08876;1.08937;534;0
2024.10.15 10:50;1.08938;1.08987;1.08931;1.08985;426;0
2024.10.15 11:00;1.08987;1.09046;1.08970;1.09040;556;0
2024.10.15 11:10;1.09039;1.09095;1.09027;1.09094;425;0
2024.10.15 11:20;1.09094;1.09094;1.09046;1.09048;458;0
2024.10.15 11:30;1.09049;1.09090;1.09020;1.09086;479;0
2024.10.15 11:40;1.09086;1.09163;1.09086;1.09134;537;0
2024.10.15 11:50;1.09134;1.09147;1.09090;1.09104;371;0
2024.10.15 12:00;1.09104;1.09146;1.09094;1.09097;527;0
2024.10.15 12:10;1.09097;1.09122;1.09074;1.09118;474;0
2024.10.15 12:20;1.09121;1.09123;1.09069;1.09075;396;0
2024.10.15 12:30;1.09074;1.09084;1.09064;1.09073;301;0
2024.10.15 12:40;1.09074;1.09086;1.09061;1.09064;377;0
2024.10.15 12:50;1.09064;1.09141;1.09060;1.09136;443;0
2024.10.15 13:00;1.09136;1.09150;1.09124;1.09129;351;0
2024.10.15 13:10;1.09128;1.09135;1.09086;1.09088;334;0
2024.10.15 13:20;1.09089;1.09134;1.09066;1.09111;398;0
2024.10.15 13:30;1.09111;1.09123;1.09076;1.09080;424;0
2024.10.15 13:40;1.09079;1.09089;1.09041;1.09047;354;0
2024.10.15 13:50;1.09047;1.09084;1.09026;1.09026;408;0
2024.10.15 14:00;1.09026;1.09056;1.09012;1.09014;430;0
2024.10.15 14:10;1.09014;1.09032;1.09002;1.09011;306;0
2024.10.15 14:20;1.09010;1.09014;1.08971;1.08992;461;0
2024.10.15 14:30;1.08993;1.09048;1.08993;1.09045;411;0
2024.10.15 14:40;1.09045;1.09092;1.09038;1.09080;567;0
2024.10.15 14:50;1.09080;1.09082;1.08980;1.09010;629;0
2024.10.15 15:00;1.09014;1.09041;1.08994;1.09025;672;0
2024.10.15 15:10;1.09025;1.09091;1.09020;1.09072;575;0
2024.10.15 15:20;1.09073;1.09088;1.09057;1.09074;484;0
2024.10.15 15:30;1.09075;1.09120;1.09070;1.09117;711;0
2024.10.15 15:40;1.09118;1.09125;1.09046;1.09061;661;0
2024.10.15 15:50;1.09061;1.09107;1.09050;1.09101;607;0
2024.10.15 16:00;1.09101;1.09143;1.09088;1.09109;729;0
2024.10.15 16:10;1.09108;1.09146;1.09103;1.09125;698;0
2024.10.15 16:20;1.09125;1.09149;1.09081;1.09124;561;0
2024.10.15 16:30;1.09123;1.09148;1.09095;1.09107;813;0
2024.10.15 16:40;1.09107;1.09162;1.09095;1.09161;656;0
2024.10.15 16:50;1.09161;1.09167;1.09092;1.09097;566;0
2024.10.15 17:00;1.09098;1.09117;1.09066;1.09074;614;0
2024.10.15 17:10;1.09075;1.09078;1.09042;1.09072;531;0
2024.10.15 17:20;1.09071;1.09091;1.09041;1.09041;590;0
2024.10.15 17:30;1.09042;1.09048;1.09004;1.09013;854;0
2024.10.15 17:40;1.09012;1.09060;1.08987;1.09052;734;0
2024.10.15 17:50;1.09051;1.09089;1.09023;1.09026;912;0
2024.10.15 18:00;1.09028;1.09052;1.09008;1.09032;797;0
2024.10.15 18:10;1.09032;1.09064;1.09010;1.09052;567;0
2024.10.15 18:20;1.09052;1.09071;1.09040;1.09060;468;0
2024.10.15 18:30;1.09059;1.09072;1.09018;1.09019;454;0
2024.10.15 18:40;1.09020;1.09040;1.09002;1.09009;500;0
2024.10.15 18:50;1.09009;1.09025;1.08985;1.08989;396;0
2024.10.15 19:00;1.08990;1.08997;1.08972;1.08993;369;0
2024.10.15 19:10;1.08993;1.09024;1.08988;1.08997;356;0
2024.10.15 19:20;1.08997;1.08997;1.08931;1.08949;428;0
2024.10.15 19:30;1.08950;1.08951;1.08924;1.08930;285;0
2024.10.15 19:40;1.08929;1.08934;1.08901;1.08910;229;0
2024.10.15 19:50;1.08911;1.08925;1.08893;1.08894;260;0
2024.10.15 20:00;1.08893;1.08903;1.08869;1.08871;255;0
2024.10.15 20:10;1.08870;1.08894;1.08863;1.08872;313;0
2024.10.15 20:20;1.08872;1.08875;1.08834;1.08844;334;0
2024.10.15 20:30;1.08844;1.08873;1.08838;1.08855;279;0
2024.10.15 20:40;1.08855;1.08864;1.08843;1.08851;315;0
2024.10.15 20:50;1.08851;1.08861;1.08818;1.08850;373;0
2024.10.15 21:00;1.08851;1.08882;1.08839;1.08881;303;0
2024.10.15 21:10;1.08882;1.08897;1.08872;1.08884;278;0
2024.10.15 21:20;1.08883;1.08898;1.08880;1.08890;281;0
2024.10.15 21:30;1.08891;1.08900;1.08888;1.08898;200;0
2024.10.15 21:40;1.08898;1.08904;1.08869;1.08876;244;0
2024.10.15 21:50;1.08875;1.08897;1.08868;1.08871;305;0
2024.10.15 22:00;1.08872;1.08893;1.08865;1.08889;461;0
2024.10.15 22:10;1.08891;1.08894;1.08881;1.08888;316;0
2024.10.15 22:20;1.08887;1.08901;1.08883;1.08885;310;0
2024.10.15 22:30;1.08884;1.08886;1.08860;1.08871;302;0
2024.10.15 22:40;1.08872;1.08886;1.08859;1.08866;279;0
2024.10.15 22:50;1.08866;1.08881;1.08859;1.08867;415;0
2024.10.15 23:00;1.08868;1.08889;1.08866;1.08889;209;0
2024.10.15 23:10;1.08889;1.08894;1.08867;1.08868;134;0
2024.10.15 23:20;1.08869;1.08879;1.08865;1.08871;116;0
2024.10.15 23:30;1.08871;1.08902;1.08857;1.08902;141;0
2024.10.15 23:40;1.08902;1.08906;1.08890;1.08905;150;0
2024.10.15 23:50;1.08904;1.08925;1.08883;1.08883;264;0
2024.10.16 00:00;1.08858;1.08920;1.08855;1.08920;34;10
2024.10.16 00:10;1.08918;1.08921;1.08914;1.08915;33;9
2024.10.16 00:20;1.08915;1.08922;1.08914;1.08922;21;16
2024.10.16 00:30;1.08921;1.08924;1.08921;1.08923;30;10
2024.10.16 00:40;1.08923;1.08925;1.08922;1.08924;50;5
2024.10.16 00:50;1.08923;1.08926;1.08920;1.08922;43;5
2024.10.16 01:00;1.08931;1.08931;1.08887;1.08901;109;0
2024.10.16 01:10;1.08900;1.08910;1.08891;1.08901;78;0
2024.10.16 01:20;1.08901;1.08907;1.08897;1.08900;55;0
2024.10.16 01:30;1.08901;1.08901;1.08880;1.08881;50;0
2024.10.16 01:40;1.08882;1.08885;1.08879;1.08880;62;0
2024.10.16 01:50;1.08880;1.08898;1.08876;1.08897;105;0
2024.10.16 02:00;1.08897;1.08901;1.08869;1.08870;135;0
2024.10.16 02:10;1.08871;1.08876;1.08865;1.08872;100;0
2024.10.16 02:20;1.08871;1.08878;1.08870;1.08878;67;0
2024.10.16 02:30;1.08877;1.08886;1.08868;1.08876;123;0
2024.10.16 02:40;1.08875;1.08881;1.08859;1.08860;90;0
2024.10.16 02:50;1.08862;1.08868;1.08830;1.08832;296;0
2024.10.16 03:00;1.08832;1.08851;1.08821;1.08825;410;0
2024.10.16 03:10;1.08825;1.08844;1.08820;1.08842;250;0
2024.10.16 03:20;1.08842;1.08846;1.08830;1.08832;175;0
2024.10.16 03:30;1.08831;1.08865;1.08831;1.08865;238;0
2024.10.16 03:40;1.08865;1.08868;1.08836;1.08841;223;0
2024.10.16 03:50;1.08840;1.08862;1.08839;1.08854;260;0
2024.10.16 04:00;1.08854;1.08864;1.08847;1.08852;255;0
2024.10.16 04:10;1.08852;1.08871;1.08843;1.08860;231;0
2024.10.16 04:20;1.08859;1.08876;1.08858;1.08875;223;0
2024.10.16 04:30;1.08876;1.08892;1.08866;1.08888;525;0
2024.10.16 04:40;1.08887;1.08914;1.08883;1.08902;439;0
2024.10.16 04:50;1.08901;1.08920;1.08899;1.08917;344;0
2024.10.16 05:00;1.08918;1.08929;1.08889;1.08895;342;0
2024.10.16 05:10;1.08896;1.08905;1.08885;1.08891;293;0
2024.10.16 05:20;1.08890;1.08911;1.08888;1.08897;267;0
2024.10.16 05:30;1.08897;1.08923;1.08890;1.08923;240;0
2024.10.16 05:40;1.08922;1.08932;1.08913;1.08927;215;0
2024.10.16 05:50;1.08926;1.08933;1.08916;1.08926;259;0
2024.10.16 06:00;1.08927;1.08943;1.08924;1.08941;269;0
2024.10.16 06:10;1.08940;1.08956;1.08936;1.08938;249;0
2024.10.16 06:20;1.08938;1.08947;1.08931;1.08941;268;0
2024.10.16 06:30;1.08941;1.08944;1.08917;1.08925;222;0
2024.10.16 06:40;1.08925;1.08940;1.08917;1.08919;178;0
2024.10.16 06:50;1.08919;1.08925;1.08906;1.08908;158;0
2024.10.16 07:00;1.08908;1.08931;1.08906;1.08928;162;0
2024.10.16 07:10;1.08928;1.08928;1.08904;1.08906;131;0
2024.10.16 07:20;1.08906;1.08907;1.08896;1.08905;135;0
2024.10.16 07:30;1.08904;1.08907;1.08895;1.08895;107;0
2024.10.16 07:40;1.08895;1.08903;1.08884;1.08884;138;0
2024.10.16 07:50;1.08885;1.08895;1.08875;1.08893;120;0
2024.10.16 08:00;1.08894;1.08898;1.08869;1.08877;252;0
2024.10.16 08:10;1.08877;1.08879;1.08868;1.08875;219;0
2024.10.16 08:20;1.08875;1.08887;1.08870;1.08887;185;0
2024.10.16 08:30;1.08886;1.08896;1.08881;1.08892;194;0
2024.10.16 08:40;1.08892;1.08902;1.08885;1.08898;276;0
2024.10.16 08:50;1.08897;1.08901;1.08865;1.08879;263;0
2024.10.16 09:00;1.08889;1.08891;1.08781;1.08818;915;0
2024.10.16 09:10;1.08819;1.08832;1.08789;1.08821;636;0
2024.10.16 09:20;1.08820;1.08820;1.08789;1.08813;562;0
2024.10.16 09:30;1.08813;1.08813;1.08766;1.08769;633;0
2024.10.16 09:40;1.08769;1.08815;1.08761;1.08803;489;0
2024.10.16 09:50;1.08803;1.08806;1.08763;1.08777;591;0
2024.10.16 10:00;1.08775;1.08831;1.08751;1.08828;752;0
2024.10.16 10:10;1.08828;1.08840;1.08799;1.08836;583;0
2024.10.16 10:20;1.08834;1.08845;1.08800;1.08831;549;0
2024.10.16 10:30;1.08831;1.08847;1.08801;1.08806;595;0
2024.10.16 10:40;1.08805;1.08837;1.08780;1.08831;521;0
2024.10.16 10:50;1.08831;1.08854;1.08816;1.08821;541;0
2024.10.16 11:00;1.08820;1.08843;1.08800;1.08825;540;0
2024.10.16 11:10;1.08825;1.08836;1.08785;1.08792;523;0
2024.10.16 11:20;1.08792;1.08827;1.08782;1.08811;478;0
2024.10.16 11:30;1.08810;1.08822;1.08778;1.08806;362;0
2024.10.16 11:40;1.08807;1.08817;1.08787;1.08808;402;0
2024.10.16 11:50;1.08807;1.08836;1.08798;1.08832;557;0
2024.10.16 12:00;1.08832;1.08897;1.08824;1.08894;522;0
2024.10.16 12:10;1.08893;1.08958;1.08876;1.08931;632;0
2024.10.16 12:20;1.08932;1.08971;1.08913;1.08954;451;0
2024.10.16 12:30;1.08952;1.08972;1.08952;1.08961;443;0
2024.10.16 12:40;1.08959;1.08959;1.08924;1.08937;423;0
2024.10.16 12:50;1.08936;1.08962;1.08929;1.08946;392;0
2024.10.16 13:00;1.08947;1.08954;1.08923;1.08927;348;0
2024.10.16 13:10;1.08927;1.08938;1.08907;1.08916;329;0
2024.10.16 13:20;1.08915;1.08951;1.08915;1.08941;410;0
2024.10.16 13:30;1.08942;1.08951;1.08920;1.08927;311;0
2024.10.16 13:40;1.08926;1.08948;1.08906;1.08916;295;0
2024.10.16 13:50;1.08916;1.08916;1.08893;1.08899;269;0
2024.10.16 14:00;1.08897;1.08907;1.08868;1.08907;380;0
2024.10.16 14:10;1.08907;1.08933;1.08907;1.08914;420;0
2024.10.16 14:20;1.08917;1.08927;1.08897;1.08909;361;0
2024.10.16 14:30;1.08909;1.08938;1.08909;1.08931;411;0
2024.10.16 14:40;1.08931;1.08941;1.08913;1.08926;383;0
2024.10.16 14:50;1.08927;1.08958;1.08915;1.08943;424;0
2024.10.16 15:00;1.08943;1.08983;1.08929;1.08966;530;0
2024.10.16 15:10;1.08965;1.08989;1.08961;1.08969;345;0
2024.10.16 15:20;1.08970;1.09014;1.08950;1.08981;544;0
2024.10.16 15:30;1.08980;1.08995;1.08918;1.08921;511;0
2024.10.16 15:40;1.08921;1.08923;1.08863;1.08864;596;0
2024.10.16 15:50;1.08864;1.08889;1.08863;1.08888;560;0
2024.10.16 16:00;1.08889;1.08898;1.08864;1.08868;530;0
2024.10.16 16:10;1.08867;1.08948;1.08850;1.08933;625;0
2024.10.16 16:20;1.08935;1.08974;1.08924;1.08924;575;0
2024.10.16 16:30;1.08924;1.08940;1.08901;1.08908;641;0
2024.10.16 16:40;1.08907;1.08943;1.08893;1.08905;653;0
2024.10.16 16:50;1.08905;1.08905;1.08862;1.08901;633;0
2024.10.16 17:00;1.08902;1.08907;1.08813;1.08825;656;0
2024.10.16 17:10;1.08825;1.08850;1.08809;1.08816;560;0
2024.10.16 17:20;1.08817;1.08817;1.08721;1.08755;597;0
2024.10.16 17:30;1.08756;1.08781;1.08713;1.08726;684;0
2024.10.16 17:40;1.08726;1.08790;1.08721;1.08775;653;0
2024.10.16 17:50;1.08775;1.08816;1.08773;1.08795;743;0
2024.10.16 18:00;1.08796;1.08800;1.08742;1.08745;694;0
2024.10.16 18:10;1.08745;1.08794;1.08743;1.08769;512;0
2024.10.16 18:20;1.08769;1.08784;1.08734;1.08739;508;0
2024.10.16 18:30;1.08739;1.08753;1.08727;1.08740;456;0
2024.10.16 18:40;1.08740;1.08748;1.08660;1.08694;408;0
2024.10.16 18:50;1.08694;1.08750;1.08694;1.08724;486;0
2024.10.16 19:00;1.08724;1.08739;1.08710;1.08720;380;0
2024.10.16 19:10;1.08720;1.08757;1.08719;1.08756;305;0
2024.10.16 19:20;1.08756;1.08767;1.08729;1.08731;267;0
2024.10.16 19:30;1.08730;1.08731;1.08686;1.08693;268;0
2024.10.16 19:40;1.08692;1.08697;1.08669;1.08671;320;0
2024.10.16 19:50;1.08671;1.08693;1.08669;1.08681;273;0
2024.10.16 20:00;1.08682;1.08684;1.08660;1.08665;246;0
2024.10.16 20:10;1.08666;1.08666;1.08630;1.08652;290;0
2024.10.16 20:20;1.08652;1.08661;1.08633;1.08635;307;0
2024.10.16 20:30;1.08634;1.08634;1.08615;1.08621;176;0
2024.10.16 20:40;1.08622;1.08635;1.08616;1.08617;157;0
2024.10.16 20:50;1.08618;1.08638;1.08615;1.08621;197;0
2024.10.16 21:00;1.08621;1.08629;1.08596;1.08612;275;0
2024.10.16 21:10;1.08611;1.08626;1.08583;1.08606;318;0
2024.10.16 21:20;1.08606;1.08611;1.08574;1.08587;285;0
2024.10.16 21:30;1.08589;1.08593;1.08557;1.08566;224;0
2024.10.16 21:40;1.08566;1.08582;1.08565;1.08577;234;0
2024.10.16 21:50;1.08575;1.08590;1.08553;1.08557;299;0
2024.10.16 22:00;1.08556;1.08561;1.08540;1.08548;318;0
2024.10.16 22:10;1.08549;1.08565;1.08540;1.08542;205;0
2024.10.16 22:20;1.08542;1.08551;1.08532;1.08550;160;0
2024.10.16 22:30;1.08550;1.08601;1.08549;1.08597;275;0
2024.10.16 22:40;1.08596;1.08603;1.08562;1.08566;209;0
2024.10.16 22:50;1.08566;1.08584;1.08561;1.08577;308;0
2024.10.16 23:00;1.08577;1.08587;1.08572;1.08585;201;0
2024.10.16 23:10;1.08585;1.08592;1.08582;1.08589;86;0
2024.10.16 23:20;1.08589;1.08595;1.08586;1.08591;120;0
2024.10.16 23:30;1.08592;1.08610;1.08581;1.08608;95;0
2024.10.16 23:40;1.08608;1.08620;1.08597;1.08616;169;0
2024.10.16 23:50;1.08618;1.08626;1.08608;1.08617;422;0
2024.10.17 00:00;1.08506;1.08687;1.08506;1.08635;173;4
2024.10.17 00:10;1.08639;1.08658;1.08612;1.08613;115;17
2024.10.17 00:20;1.08615;1.08616;1.08605;1.08613;79;14
2024.10.17 00:30;1.08613;1.08623;1.08610;1.08616;210;14
2024.10.17 00:40;1.08616;1.08618;1.08612;1.08615;137;14
2024.10.17 00:50;1.08617;1.08632;1.08613;1.08623;187;12
2024.10.17 01:00;1.08613;1.08639;1.08610;1.08615;186;0
2024.10.17 01:10;1.08614;1.08615;1.08606;1.08608;82;0
2024.10.17 01:20;1.08608;1.08609;1.08605;1.08608;57;0
2024.10.17 01:30;1.08607;1.08610;1.08604;1.08608;53;0
2024.10.17 01:40;1.08607;1.08608;1.08582;1.08582;86;0
2024.10.17 01:50;1.08582;1.08592;1.08574;1.08586;126;0
2024.10.17 02:00;1.08586;1.08586;1.08562;1.08573;203;0
2024.10.17 02:10;1.08573;1.08586;1.08569;1.08585;120;0
2024.10.17 02:20;1.08586;1.08588;1.08580;1.08584;127;0
2024.10.17 02:30;1.08585;1.08593;1.08579;1.08588;158;0
2024.10.17 02:40;1.08589;1.08595;1.08572;1.08579;129;0
2024.10.17 02:50;1.08578;1.08596;1.08576;1.08588;141;0
2024.10.17 03:00;1.08589;1.08600;1.08577;1.08596;306;0
2024.10.17 03:10;1.08595;1.08602;1.08591;1.08600;230;0
2024.10.17 03:20;1.08600;1.08623;1.08599;1.08618;249;0
2024.10.17 03:30;1.08618;1.08639;1.08612;1.08624;447;2
2024.10.17 03:40;1.08623;1.08624;1.08602;1.08602;308;0
2024.10.17 03:50;1.08602;1.08642;1.08602;1.08632;473;0
2024.10.17 04:00;1.08632;1.08632;1.08614;1.08630;304;0
2024.10.17 04:10;1.08630;1.08631;1.08604;1.08608;338;0
2024.10.17 04:20;1.08608;1.08616;1.08591;1.08604;272;0
2024.10.17 04:30;1.08605;1.08631;1.08596;1.08625;392;0
2024.10.17 04:40;1.08626;1.08637;1.08610;1.08625;305;0
2024.10.17 04:50;1.08625;1.08630;1.08616;1.08625;308;0
2024.10.17 05:00;1.08625;1.08651;1.08625;1.08643;302;0
2024.10.17 05:10;1.08642;1.08644;1.08594;1.08604;344;0
2024.10.17 05:20;1.08605;1.08616;1.08598;1.08607;276;0
2024.10.17 05:30;1.08608;1.08615;1.08597;1.08600;300;0
2024.10.17 05:40;1.08601;1.08614;1.08591;1.08610;296;0
2024.10.17 05:50;1.08610;1.08621;1.08599;1.08618;291;0
2024.10.17 06:00;1.08618;1.08620;1.08587;1.08591;293;0
2024.10.17 06:10;1.08592;1.08602;1.08567;1.08568;206;0
2024.10.17 06:20;1.08568;1.08569;1.08536;1.08538;250;0
2024.10.17 06:30;1.08540;1.08541;1.08512;1.08512;194;0
2024.10.17 06:40;1.08513;1.08520;1.08512;1.08516;135;0
2024.10.17 06:50;1.08517;1.08537;1.08514;1.08530;156;0
2024.10.17 07:00;1.08530;1.08540;1.08523;1.08533;201;0
2024.10.17 07:10;1.08535;1.08551;1.08531;1.08543;149;0
2024.10.17 07:20;1.08544;1.08555;1.08542;1.08553;117;0
2024.10.17 07:30;1.08552;1.08555;1.08536;1.08538;125;0
2024.10.17 07:40;1.08538;1.08549;1.08530;1.08539;184;0
2024.10.17 07:50;1.08539;1.08546;1.08532;1.08532;142;0
2024.10.17 08:00;1.08532;1.08539;1.08524;1.08532;248;0
2024.10.17 08:10;1.08534;1.08544;1.08525;1.08544;279;0
2024.10.17 08:20;1.08544;1.08555;1.08540;1.08544;199;0
2024.10.17 08:30;1.08543;1.08544;1.08526;1.08543;232;0
2024.10.17 08:40;1.08544;1.08544;1.08524;1.08528;233;0
2024.10.17 08:50;1.08528;1.08545;1.08524;1.08544;226;0
2024.10.17 09:00;1.08537;1.08537;1.08513;1.08524;356;0
2024.10.17 09:10;1.08525;1.08531;1.08515;1.08525;305;0
2024.10.17 09:20;1.08525;1.08537;1.08522;1.08533;294;0
2024.10.17 09:30;1.08532;1.08556;1.08532;1.08556;248;0
2024.10.17 09:40;1.08557;1.08583;1.08553;1.08554;309;0
2024.10.17 09:50;1.08554;1.08554;1.08497;1.08507;450;0
2024.10.17 10:00;1.08506;1.08540;1.08489;1.08528;548;0
2024.10.17 10:10;1.08529;1.08545;1.08513;1.08520;470;0
2024.10.17 10:20;1.08521;1.08546;1.08490;1.08536;569;0
2024.10.17 10:30;1.08536;1.08575;1.08534;1.08572;452;0
2024.10.17 10:40;1.08571;1.08573;1.08504;1.08514;412;0
2024.10.17 10:50;1.08516;1.08555;1.08515;1.08547;403;0
2024.10.17 11:00;1.08546;1.08563;1.08521;1.08562;445;0
2024.10.17 11:10;1.08562;1.08567;1.08537;1.08557;381;0
2024.10.17 11:20;1.08558;1.08562;1.08530;1.08552;428;0
2024.10.17 11:30;1.08551;1.08551;1.08503;1.08503;397;0
2024.10.17 11:40;1.08504;1.08524;1.08498;1.08512;336;0
2024.10.17 11:50;1.08513;1.08523;1.08490;1.08518;328;0
2024.10.17 12:00;1.08518;1.08532;1.08502;1.08527;313;0
2024.10.17 12:10;1.08526;1.08552;1.08526;1.08527;355;0
2024.10.17 12:20;1.08527;1.08530;1.08505;1.08522;303;0
2024.10.17 12:30;1.08523;1.08573;1.08519;1.08572;384;0
2024.10.17 12:40;1.08572;1.08639;1.08572;1.08605;416;0
2024.10.17 12:50;1.08605;1.08608;1.08570;1.08587;301;0
2024.10.17 13:00;1.08586;1.08601;1.08581;1.08597;313;0
2024.10.17 13:10;1.08598;1.08610;1.08587;1.08603;356;0
2024.10.17 13:20;1.08601;1.08632;1.08600;1.08613;348;0
2024.10.17 13:30;1.08614;1.08627;1.08603;1.08609;251;0
2024.10.17 13:40;1.08609;1.08633;1.08603;1.08619;341;0
2024.10.17 13:50;1.08620;1.08648;1.08603;1.08642;381;0
2024.10.17 14:00;1.08642;1.08659;1.08640;1.08654;299;0
2024.10.17 14:10;1.08655;1.08674;1.08652;1.08658;303;0
2024.10.17 14:20;1.08656;1.08671;1.08644;1.08665;331;0
2024.10.17 14:30;1.08664;1.08672;1.08658;1.08668;269;0
2024.10.17 14:40;1.08667;1.08669;1.08646;1.08662;307;0
2024.10.17 14:50;1.08661;1.08664;1.08629;1.08631;280;0
2024.10.17 15:00;1.08631;1.08661;1.08617;1.08655;415;0
2024.10.17 15:10;1.08654;1.08738;1.08599;1.08658;824;0
2024.10.17 15:20;1.08659;1.08687;1.08621;1.08652;761;0
2024.10.17 15:30;1.08654;1.08654;1.08334;1.08351;1507;0
2024.10.17 15:40;1.08352;1.08491;1.08339;1.08460;1205;0
2024.10.17 15:50;1.08461;1.08492;1.08412;1.08428;972;0
2024.10.17 16:00;1.08428;1.08447;1.08249;1.08251;1166;0
2024.10.17 16:10;1.08250;1.08261;1.08135;1.08244;1211;0
2024.10.17 16:20;1.08242;1.08283;1.08110;1.08140;1037;0
2024.10.17 16:30;1.08140;1.08255;1.08121;1.08239;1040;0
2024.10.17 16:40;1.08240;1.08326;1.08228;1.08231;909;0
2024.10.17 16:50;1.08233;1.08356;1.08230;1.08331;791;0
2024.10.17 17:00;1.08332;1.08350;1.08217;1.08222;880;0
2024.10.17 17:10;1.08223;1.08269;1.08182;1.08189;1002;0
2024.10.17 17:20;1.08191;1.08250;1.08181;1.08208;862;0
2024.10.17 17:30;1.08208;1.08209;1.08140;1.08188;746;0
2024.10.17 17:40;1.08189;1.08257;1.08182;1.08245;868;0
2024.10.17 17:50;1.08244;1.08288;1.08211;1.08286;965;0
2024.10.17 18:00;1.08287;1.08296;1.08268;1.08283;689;0
2024.10.17 18:10;1.08283;1.08329;1.08263;1.08269;543;0
2024.10.17 18:20;1.08269;1.08385;1.08245;1.08372;662;0
2024.10.17 18:30;1.08371;1.08407;1.08358;1.08384;626;0
2024.10.17 18:40;1.08385;1.08388;1.08359;1.08377;439;0
2024.10.17 18:50;1.08377;1.08379;1.08359;1.08365;512;0
2024.10.17 19:00;1.08367;1.08369;1.08278;1.08288;472;0
2024.10.17 19:10;1.08288;1.08309;1.08270;1.08278;452;0
2024.10.17 19:20;1.08278;1.08279;1.08248;1.08252;435;0
2024.10.17 19:30;1.08251;1.08260;1.08226;1.08238;341;0
2024.10.17 19:40;1.08238;1.08259;1.08222;1.08252;337;0
2024.10.17 19:50;1.08252;1.08258;1.08242;1.08248;237;0
2024.10.17 20:00;1.08248;1.08275;1.08248;1.08266;271;0
2024.10.17 20:10;1.08265;1.08265;1.08233;1.08233;198;0
2024.10.17 20:20;1.08233;1.08249;1.08228;1.08229;203;0
2024.10.17 20:30;1.08229;1.08231;1.08208;1.08220;207;0
2024.10.17 20:40;1.08219;1.08265;1.08218;1.08264;237;0
2024.10.17 20:50;1.08265;1.08282;1.08252;1.08255;289;0
2024.10.17 21:00;1.08257;1.08274;1.08247;1.08260;343;0
2024.10.17 21:10;1.08259;1.08266;1.08244;1.08250;265;0
2024.10.17 21:20;1.08249;1.08275;1.08246;1.08272;215;0
2024.10.17 21:30;1.08272;1.08280;1.08252;1.08279;245;0
2024.10.17 21:40;1.08279;1.08320;1.08277;1.08283;340;0
2024.10.17 21:50;1.08284;1.08284;1.08248;1.08249;263;0
2024.10.17 22:00;1.08249;1.08275;1.08234;1.08269;309;0
2024.10.17 22:10;1.08268;1.08275;1.08257;1.08272;277;0
2024.10.17 22:20;1.08273;1.08275;1.08258;1.08269;293;0
2024.10.17 22:30;1.08269;1.08276;1.08263;1.08273;289;0
2024.10.17 22:40;1.08274;1.08285;1.08259;1.08284;247;0
2024.10.17 22:50;1.08283;1.08285;1.08276;1.08279;224;0
2024.10.17 23:00;1.08279;1.08291;1.08273;1.08279;218;0
2024.10.17 23:10;1.08280;1.08282;1.08276;1.08280;108;0
2024.10.17 23:20;1.08280;1.08285;1.08267;1.08283;107;0
2024.10.17 23:30;1.08284;1.08300;1.08282;1.08299;98;0
2024.10.17 23:40;1.08299;1.08309;1.08297;1.08308;142;0
2024.10.17 23:50;1.08308;1.08311;1.08303;1.08311;301;0
2024.10.18 00:00;1.08250;1.08301;1.08240;1.08300;43;29
2024.10.18 00:10;1.08299;1.08311;1.08287;1.08305;89;22
2024.10.18 00:20;1.08307;1.08319;1.08302;1.08318;107;17
2024.10.18 00:30;1.08318;1.08321;1.08313;1.08316;82;4
2024.10.18 00:40;1.08315;1.08319;1.08313;1.08318;82;5
2024.10.18 00:50;1.08317;1.08321;1.08314;1.08321;78;10
2024.10.18 01:00;1.08320;1.08332;1.08308;1.08314;111;0
2024.10.18 01:10;1.08314;1.08324;1.08309;1.08316;104;0
2024.10.18 01:20;1.08317;1.08320;1.08311;1.08312;100;0
2024.10.18 01:30;1.08313;1.08317;1.08310;1.08315;65;0
2024.10.18 01:40;1.08314;1.08314;1.08302;1.08309;58;0
2024.10.18 01:50;1.08309;1.08309;1.08290;1.08290;87;0
2024.10.18 02:00;1.08291;1.08292;1.08271;1.08278;119;0
2024.10.18 02:10;1.08279;1.08286;1.08277;1.08282;89;0
2024.10.18 02:20;1.08283;1.08284;1.08274;1.08275;73;0
2024.10.18 02:30;1.08274;1.08275;1.08253;1.08261;84;0
2024.10.18 02:40;1.08262;1.08290;1.08262;1.08289;87;0
2024.10.18 02:50;1.08290;1.08301;1.08287;1.08291;137;0
2024.10.18 03:00;1.08292;1.08306;1.08279;1.08292;282;0
2024.10.18 03:10;1.08292;1.08315;1.08292;1.08292;309;0
2024.10.18 03:20;1.08291;1.08294;1.08276;1.08280;296;0
2024.10.18 03:30;1.08280;1.08298;1.08274;1.08295;302;0
2024.10.18 03:40;1.08294;1.08323;1.08290;1.08320;230;0
2024.10.18 03:50;1.08321;1.08321;1.08289;1.08289;414;0
2024.10.18 04:00;1.08289;1.08319;1.08275;1.08314;328;0
2024.10.18 04:10;1.08313;1.08320;1.08295;1.08315;315;0
2024.10.18 04:20;1.08315;1.08325;1.08306;1.08316;263;0
2024.10.18 04:30;1.08317;1.08322;1.08309;1.08318;339;0
2024.10.18 04:40;1.08317;1.08340;1.08310;1.08329;344;0
2024.10.18 04:50;1.08329;1.08362;1.08325;1.08352;312;0
2024.10.18 05:00;1.08351;1.08369;1.08347;1.08360;293;0
2024.10.18 05:10;1.08362;1.08362;1.08332;1.08339;213;0
2024.10.18 05:20;1.08339;1.08348;1.08334;1.08346;195;0
2024.10.18 05:30;1.08347;1.08390;1.08347;1.08390;344;0
2024.10.18 05:40;1.08389;1.08396;1.08378;1.08380;238;0
2024.10.18 05:50;1.08379;1.08390;1.08369;1.08389;197;0
2024.10.18 06:00;1.08389;1.08397;1.08378;1.08390;234;0
2024.10.18 06:10;1.08390;1.08391;1.08371;1.08378;208;0
2024.10.18 06:20;1.08379;1.08389;1.08375;1.08383;191;0
2024.10.18 06:30;1.08383;1.08392;1.08371;1.08381;198;0
2024.10.18 06:40;1.08381;1.08391;1.08380;1.08388;123;0
2024.10.18 06:50;1.08388;1.08390;1.08378;1.08385;128;0
2024.10.18 07:00;1.08386;1.08393;1.08383;1.08390;113;0
2024.10.18 07:10;1.08389;1.08394;1.08382;1.08391;128;0
2024.10.18 07:20;1.08392;1.08397;1.08390;1.08395;55;0
2024.10.18 07:30;1.08396;1.08398;1.08390;1.08398;127;0
2024.10.18 07:40;1.08397;1.08406;1.08395;1.08402;70;0
2024.10.18 07:50;1.08403;1.08405;1.08399;1.08404;140;0
2024.10.18 08:00;1.08405;1.08415;1.08404;1.08411;183;0
2024.10.18 08:10;1.08411;1.08418;1.08407;1.08410;160;0
2024.10.18 08:20;1.08410;1.08410;1.08384;1.08398;220;0
2024.10.18 08:30;1.08399;1.08411;1.08397;1.08397;289;0
2024.10.18 08:40;1.08395;1.08422;1.08394;1.08416;191;0
2024.10.18 08:50;1.08416;1.08441;1.08408;1.08431;279;0
2024.10.18 09:00;1.08430;1.08434;1.08383;1.08394;644;0
2024.10.18 09:10;1.08395;1.08438;1.08382;1.08418;455;0
2024.10.18 09:20;1.08418;1.08458;1.08410;1.08456;405;0
2024.10.18 09:30;1.08455;1.08486;1.08450;1.08453;425;0
2024.10.18 09:40;1.08453;1.08459;1.08420;1.08457;474;0
2024.10.18 09:50;1.08456;1.08466;1.08433;1.08443;421;0
2024.10.18 10:00;1.08441;1.08442;1.08403;1.08404;544;0
2024.10.18 10:10;1.08405;1.08425;1.08369;1.08387;569;0
2024.10.18 10:20;1.08387;1.08417;1.08375;1.08377;448;0
2024.10.18 10:30;1.08378;1.08401;1.08370;1.08392;429;0
2024.10.18 10:40;1.08391;1.08399;1.08376;1.08392;478;0
2024.10.18 10:50;1.08392;1.08439;1.08386;1.08410;538;0
2024.10.18 11:00;1.08409;1.08440;1.08409;1.08434;475;0
2024.10.18 11:10;1.08433;1.08450;1.08426;1.08441;390;0
2024.10.18 11:20;1.08441;1.08468;1.08441;1.08448;305;0
2024.10.18 11:30;1.08450;1.08450;1.08370;1.08372;318;0
2024.10.18 11:40;1.08371;1.08385;1.08345;1.08366;389;0
2024.10.18 11:50;1.08365;1.08398;1.08352;1.08377;457;0
2024.10.18 12:00;1.08378;1.08425;1.08366;1.08419;394;0
2024.10.18 12:10;1.08419;1.08456;1.08414;1.08418;385;0
2024.10.18 12:20;1.08418;1.08418;1.08360;1.08362;428;0
2024.10.18 12:30;1.08362;1.08380;1.08341;1.08363;424;0
2024.10.18 12:40;1.08363;1.08379;1.08353;1.08374;339;0
2024.10.18 12:50;1.08375;1.08443;1.08375;1.08443;374;0
2024.10.18 13:00;1.08443;1.08450;1.08401;1.08407;299;0
2024.10.18 13:10;1.08407;1.08439;1.08381;1.08435;507;0
2024.10.18 13:20;1.08434;1.08449;1.08417;1.08432;289;0
2024.10.18 13:30;1.08433;1.08459;1.08432;1.08458;293;0
2024.10.18 13:40;1.08458;1.08478;1.08457;1.08473;229;0
2024.10.18 13:50;1.08474;1.08489;1.08448;1.08450;312;0
2024.10.18 14:00;1.08450;1.08455;1.08426;1.08448;355;0
2024.10.18 14:10;1.08448;1.08448;1.08418;1.08439;316;0
2024.10.18 14:20;1.08438;1.08461;1.08436;1.08448;306;0
2024.10.18 14:30;1.08449;1.08484;1.08441;1.08479;324;0
2024.10.18 14:40;1.08480;1.08505;1.08475;1.08505;351;0
2024.10.18 14:50;1.08506;1.08519;1.08459;1.08482;482;0
2024.10.18 15:00;1.08482;1.08506;1.08466;1.08471;426;0
2024.10.18 15:10;1.08471;1.08509;1.08466;1.08501;412;0
2024.10.18 15:20;1.08500;1.08504;1.08471;1.08490;425;0
2024.10.18 15:30;1.08490;1.08595;1.08487;1.08587;578;0
2024.10.18 15:40;1.08588;1.08589;1.08533;1.08566;585;0
2024.10.18 15:50;1.08567;1.08602;1.08557;1.08592;549;0
2024.10.18 16:00;1.08592;1.08628;1.08588;1.08612;560;0
2024.10.18 16:10;1.08613;1.08633;1.08576;1.08597;432;0
2024.10.18 16:20;1.08597;1.08619;1.08588;1.08607;450;0
2024.10.18 16:30;1.08607;1.08622;1.08581;1.08585;519;0
2024.10.18 16:40;1.08584;1.08588;1.08539;1.08548;517;0
2024.10.18 16:50;1.08549;1.08572;1.08511;1.08569;493;0
2024.10.18 17:00;1.08570;1.08604;1.08564;1.08587;574;0
2024.10.18 17:10;1.08587;1.08644;1.08584;1.08598;540;0
2024.10.18 17:20;1.08598;1.08633;1.08593;1.08595;541;0
2024.10.18 17:30;1.08595;1.08623;1.08580;1.08602;547;0
2024.10.18 17:40;1.08602;1.08615;1.08575;1.08575;479;0
2024.10.18 17:50;1.08576;1.08577;1.08548;1.08572;652;0
2024.10.18 18:00;1.08572;1.08602;1.08566;1.08581;610;0
2024.10.18 18:10;1.08579;1.08600;1.08550;1.08576;450;0
2024.10.18 18:20;1.08575;1.08600;1.08561;1.08597;450;0
2024.10.18 18:30;1.08597;1.08602;1.08570;1.08571;337;0
2024.10.18 18:40;1.08570;1.08571;1.08536;1.08557;379;0
2024.10.18 18:50;1.08557;1.08570;1.08530;1.08534;337;0
2024.10.18 19:00;1.08535;1.08568;1.08529;1.08564;363;0
2024.10.18 19:10;1.08563;1.08605;1.08560;1.08584;340;0
2024.10.18 19:20;1.08582;1.08635;1.08577;1.08632;308;0
2024.10.18 19:30;1.08634;1.08639;1.08610;1.08634;272;0
2024.10.18 19:40;1.08635;1.08668;1.08634;1.08649;238;0
2024.10.18 19:50;1.08649;1.08682;1.08647;1.08667;288;0
2024.10.18 20:00;1.08666;1.08666;1.08630;1.08645;276;0
2024.10.18 20:10;1.08645;1.08649;1.08630;1.08639;241;0
2024.10.18 20:20;1.08639;1.08645;1.08618;1.08621;252;0
2024.10.18 20:30;1.08621;1.08625;1.08611;1.08614;276;0
2024.10.18 20:40;1.08613;1.08615;1.08590;1.08592;259;0
2024.10.18 20:50;1.08592;1.08620;1.08592;1.08618;207;0
2024.10.18 21:00;1.08618;1.08633;1.08614;1.08627;212;0
2024.10.18 21:10;1.08627;1.08632;1.08616;1.08631;222;0
2024.10.18 21:20;1.08631;1.08647;1.08627;1.08641;185;0
2024.10.18 21:30;1.08642;1.08643;1.08628;1.08631;208;0
2024.10.18 21:40;1.08632;1.08662;1.08618;1.08660;193;0
2024.10.18 21:50;1.08661;1.08679;1.08651;1.08654;277;0
2024.10.18 22:00;1.08654;1.08654;1.08628;1.08635;337;0
2024.10.18 22:10;1.08635;1.08642;1.08622;1.08641;283;0
2024.10.18 22:20;1.08640;1.08659;1.08637;1.08650;300;0
2024.10.18 22:30;1.08651;1.08651;1.08631;1.08640;269;0
2024.10.18 22:40;1.08640;1.08648;1.08630;1.08639;283;0
2024.10.18 22:50;1.08638;1.08651;1.08636;1.08638;270;0
2024.10.18 23:00;1.08637;1.08670;1.08630;1.08669;213;0
2024.10.18 23:10;1.08670;1.08677;1.08659;1.08674;104;0
2024.10.18 23:20;1.08675;1.08692;1.08669;1.08689;162;0
2024.10.18 23:30;1.08690;1.08695;1.08669;1.08670;208;0
2024.10.18 23:40;1.08669;1.08678;1.08668;1.08673;160;0
2024.10.18 23:50;1.08672;1.08678;1.08669;1.08675;100;0
2024.10.21 00:00;1.08597;1.08604;1.08597;1.08602;18;34
2024.10.21 00:10;1.08602;1.08649;1.08602;1.08643;88;34
2024.10.21 00:20;1.08643;1.08646;1.08630;1.08631;105;34
2024.10.21 00:30;1.08631;1.08652;1.08630;1.08650;89;34
2024.10.21 00:40;1.08651;1.08651;1.08648;1.08648;8;34
2024.10.21 00:50;1.08647;1.08650;1.08647;1.08650;41;34
2024.10.21 01:00;1.08663;1.08716;1.08649;1.08695;201;0
2024.10.21 01:10;1.08695;1.08695;1.08684;1.08688;49;0
2024.10.21 01:20;1.08688;1.08700;1.08675;1.08678;149;0
2024.10.21 01:30;1.08679;1.08697;1.08677;1.08681;172;0
2024.10.21 01:40;1.08680;1.08687;1.08672;1.08683;132;0
2024.10.21 01:50;1.08683;1.08692;1.08678;1.08691;142;0
2024.10.21 02:00;1.08692;1.08698;1.08679;1.08685;141;0
2024.10.21 02:10;1.08685;1.08698;1.08676;1.08690;125;0
2024.10.21 02:20;1.08689;1.08692;1.08668;1.08670;113;0
2024.10.21 02:30;1.08670;1.08687;1.08669;1.08672;191;0
2024.10.21 02:40;1.08671;1.08677;1.08660;1.08664;183;0
2024.10.21 02:50;1.08665;1.08684;1.08653;1.08682;221;0
2024.10.21 03:00;1.08683;1.08690;1.08668;1.08670;302;0
2024.10.21 03:10;1.08669;1.08673;1.08645;1.08652;330;0
2024.10.21 03:20;1.08653;1.08660;1.08640;1.08659;207;0
2024.10.21 03:30;1.08659;1.08674;1.08658;1.08660;287;0
2024.10.21 03:40;1.08660;1.08661;1.08639;1.08646;224;0
2024.10.21 03:50;1.08646;1.08658;1.08643;1.08648;273;0
2024.10.21 04:00;1.08648;1.08668;1.08646;1.08646;315;0
2024.10.21 04:10;1.08645;1.08659;1.08636;1.08656;273;0
2024.10.21 04:20;1.08658;1.08673;1.08651;1.08671;318;0
2024.10.21 04:30;1.08672;1.08681;1.08646;1.08660;439;0
2024.10.21 04:40;1.08660;1.08681;1.08658;1.08659;351;0
2024.10.21 04:50;1.08659;1.08669;1.08646;1.08651;311;0
2024.10.21 05:00;1.08652;1.08664;1.08647;1.08648;278;0
2024.10.21 05:10;1.08647;1.08657;1.08644;1.08650;245;0
2024.10.21 05:20;1.08650;1.08672;1.08649;1.08668;242;0
2024.10.21 05:30;1.08669;1.08674;1.08653;1.08664;305;0
2024.10.21 05:40;1.08664;1.08669;1.08654;1.08659;272;0
2024.10.21 05:50;1.08658;1.08665;1.08639;1.08644;248;0
2024.10.21 06:00;1.08644;1.08667;1.08643;1.08661;196;0
2024.10.21 06:10;1.08660;1.08665;1.08651;1.08655;199;0
2024.10.21 06:20;1.08654;1.08662;1.08647;1.08650;166;0
2024.10.21 06:30;1.08649;1.08679;1.08647;1.08679;165;0
2024.10.21 06:40;1.08678;1.08678;1.08658;1.08667;138;0
2024.10.21 06:50;1.08668;1.08668;1.08661;1.08663;113;0
2024.10.21 07:00;1.08662;1.08663;1.08645;1.08648;155;0
2024.10.21 07:10;1.08647;1.08650;1.08639;1.08639;94;0
2024.10.21 07:20;1.08639;1.08648;1.08638;1.08643;101;0
2024.10.21 07:30;1.08643;1.08644;1.08616;1.08619;143;0
2024.10.21 07:40;1.08619;1.08622;1.08602;1.08602;142;0
2024.10.21 07:50;1.08602;1.08602;1.08582;1.08588;223;0
2024.10.21 08:00;1.08587;1.08622;1.08587;1.08622;271;0
2024.10.21 08:10;1.08623;1.08634;1.08611;1.08619;201;0
2024.10.21 08:20;1.08618;1.08630;1.08612;1.08617;208;0
2024.10.21 08:30;1.08617;1.08619;1.08597;1.08603;289;0
2024.10.21 08:40;1.08603;1.08620;1.08602;1.08612;214;0
2024.10.21 08:50;1.08612;1.08618;1.08586;1.08598;221;0
2024.10.21 09:00;1.08597;1.08597;1.08566;1.08567;416;0
2024.10.21 09:10;1.08566;1.08566;1.08548;1.08550;348;0
2024.10.21 09:20;1.08549;1.08562;1.08542;1.08561;302;0
2024.10.21 09:30;1.08560;1.08565;1.08543;1.08556;274;0
2024.10.21 09:40;1.08556;1.08556;1.08513;1.08524;368;0
2024.10.21 09:50;1.08525;1.08529;1.08495;1.08522;313;0
2024.10.21 10:00;1.08522;1.08546;1.08489;1.08545;458;0
2024.10.21 10:10;1.08546;1.08557;1.08529;1.08549;410;0
2024.10.21 10:20;1.08550;1.08571;1.08526;1.08531;430;0
2024.10.21 10:30;1.08529;1.08529;1.08507;1.08528;448;0
2024.10.21 10:40;1.08527;1.08534;1.08491;1.08508;333;0
2024.10.21 10:50;1.08508;1.08509;1.08461;1.08483;377;0
2024.10.21 11:00;1.08482;1.08499;1.08481;1.08488;318;0
2024.10.21 11:10;1.08487;1.08522;1.08485;1.08511;292;0
2024.10.21 11:20;1.08511;1.08546;1.08504;1.08518;314;0
2024.10.21 11:30;1.08518;1.08529;1.08508;1.08521;350;0
2024.10.21 11:40;1.08521;1.08558;1.08517;1.08533;299;0
2024.10.21 11:50;1.08532;1.08579;1.08524;1.08552;444;0
2024.10.21 12:00;1.08552;1.08569;1.08541;1.08559;282;0
2024.10.21 12:10;1.08558;1.08567;1.08545;1.08567;270;0
2024.10.21 12:20;1.08568;1.08573;1.08557;1.08563;344;0
2024.10.21 12:30;1.08563;1.08583;1.08547;1.08576;380;0
2024.10.21 12:40;1.08576;1.08577;1.08517;1.08517;341;0
2024.10.21 12:50;1.08516;1.08520;1.08464;1.08466;376;0
2024.10.21 13:00;1.08466;1.08482;1.08447;1.08460;352;0
2024.10.21 13:10;1.08459;1.08487;1.08455;1.08486;295;0
2024.10.21 13:20;1.08486;1.08489;1.08452;1.08461;280;0
2024.10.21 13:30;1.08459;1.08483;1.08455;1.08462;315;0
2024.10.21 13:40;1.08461;1.08486;1.08458;1.08483;329;0
2024.10.21 13:50;1.08483;1.08494;1.08463;1.08474;371;0
2024.10.21 14:00;1.08476;1.08488;1.08466;1.08481;303;0
2024.10.21 14:10;1.08481;1.08498;1.08480;1.08481;293;0
2024.10.21 14:20;1.08480;1.08520;1.08478;1.08511;335;0
2024.10.21 14:30;1.08512;1.08521;1.08489;1.08501;289;0
2024.10.21 14:40;1.08501;1.08523;1.08496;1.08522;264;0
2024.10.21 14:50;1.08521;1.08563;1.08517;1.08557;365;0
2024.10.21 15:00;1.08558;1.08561;1.08514;1.08529;421;0
2024.10.21 15:10;1.08529;1.08561;1.08514;1.08516;429;0
2024.10.21 15:20;1.08514;1.08567;1.08511;1.08566;401;0
2024.10.21 15:30;1.08565;1.08590;1.08564;1.08575;468;0
2024.10.21 15:40;1.08576;1.08590;1.08547;1.08580;430;0
2024.10.21 15:50;1.08580;1.08590;1.08550;1.08573;453;0
2024.10.21 16:00;1.08572;1.08580;1.08539;1.08568;490;0
2024.10.21 16:10;1.08567;1.08574;1.08524;1.08533;435;0
2024.10.21 16:20;1.08534;1.08535;1.08508;1.08525;386;0
2024.10.21 16:30;1.08525;1.08552;1.08514;1.08548;549;0
2024.10.21 16:40;1.08549;1.08550;1.08494;1.08500;530;0
2024.10.21 16:50;1.08499;1.08509;1.08438;1.08473;573;0
2024.10.21 17:00;1.08474;1.08487;1.08449;1.08457;490;0
2024.10.21 17:10;1.08458;1.08466;1.08435;1.08456;382;0
2024.10.21 17:20;1.08455;1.08458;1.08396;1.08406;496;0
2024.10.21 17:30;1.08406;1.08407;1.08361;1.08377;568;0
2024.10.21 17:40;1.08378;1.08390;1.08352;1.08353;558;0
2024.10.21 17:50;1.08353;1.08372;1.08331;1.08348;612;0
2024.10.21 18:00;1.08347;1.08350;1.08280;1.08286;641;0
2024.10.21 18:10;1.08284;1.08311;1.08274;1.08301;564;0
2024.10.21 18:20;1.08302;1.08302;1.08248;1.08255;493;0
2024.10.21 18:30;1.08254;1.08261;1.08231;1.08232;370;0
2024.10.21 18:40;1.08233;1.08248;1.08224;1.08228;419;0
2024.10.21 18:50;1.08228;1.08230;1.08198;1.08199;437;0
2024.10.21 19:00;1.08199;1.08230;1.08198;1.08214;385;0
2024.10.21 19:10;1.08215;1.08219;1.08195;1.08205;317;0
2024.10.21 19:20;1.08204;1.08205;1.08175;1.08193;264;0
2024.10.21 19:30;1.08194;1.08217;1.08187;1.08193;304;0
2024.10.21 19:40;1.08193;1.08194;1.08169;1.08176;266;0
2024.10.21 19:50;1.08176;1.08197;1.08176;1.08186;256;0
2024.10.21 20:00;1.08188;1.08230;1.08188;1.08222;306;0
2024.10.21 20:10;1.08223;1.08228;1.08154;1.08168;402;0
2024.10.21 20:20;1.08168;1.08192;1.08157;1.08187;296;0
2024.10.21 20:30;1.08188;1.08197;1.08177;1.08186;255;0
2024.10.21 20:40;1.08186;1.08187;1.08160;1.08176;230;0
2024.10.21 20:50;1.08177;1.08182;1.08155;1.08161;246;0
2024.10.21 21:00;1.08160;1.08166;1.08146;1.08156;251;0
2024.10.21 21:10;1.08157;1.08163;1.08149;1.08161;231;0
2024.10.21 21:20;1.08162;1.08172;1.08152;1.08157;217;0
2024.10.21 21:30;1.08156;1.08159;1.08147;1.08152;260;0
2024.10.21 21:40;1.08152;1.08164;1.08147;1.08150;238;0
2024.10.21 21:50;1.08152;1.08153;1.08111;1.08113;284;0
2024.10.21 22:00;1.08117;1.08127;1.08111;1.08113;258;0
2024.10.21 22:10;1.08112;1.08143;1.08112;1.08143;209;0
2024.10.21 22:20;1.08144;1.08148;1.08129;1.08132;194;0
2024.10.21 22:30;1.08131;1.08132;1.08118;1.08124;140;0
2024.10.21 22:40;1.08124;1.08144;1.08113;1.08143;159;0
2024.10.21 22:50;1.08142;1.08154;1.08134;1.08153;278;0
2024.10.21 23:00;1.08151;1.08168;1.08145;1.08167;159;0
2024.10.21 23:10;1.08166;1.08166;1.08155;1.08157;150;0
2024.10.21 23:20;1.08155;1.08166;1.08147;1.08165;127;0
2024.10.21 23:30;1.08166;1.08166;1.08142;1.08143;145;0
2024.10.21 23:40;1.08144;1.08144;1.08125;1.08128;243;0
2024.10.21 23:50;1.08127;1.08150;1.08123;1.08150;327;0
2024.10.22 00:00;1.08117;1.08170;1.08117;1.08167;29;14
2024.10.22 00:10;1.08169;1.08176;1.08136;1.08151;101;12
2024.10.22 00:20;1.08151;1.08154;1.08135;1.08154;96;21
2024.10.22 00:30;1.08145;1.08162;1.08145;1.08161;108;16
2024.10.22 00:40;1.08162;1.08165;1.08147;1.08151;56;6
2024.10.22 00:50;1.08151;1.08156;1.08151;1.08155;54;12
2024.10.22 01:00;1.08160;1.08173;1.08153;1.08169;132;0
2024.10.22 01:10;1.08171;1.08176;1.08167;1.08173;55;0
2024.10.22 01:20;1.08172;1.08175;1.08169;1.08174;40;0
2024.10.22 01:30;1.08172;1.08177;1.08164;1.08168;121;0
2024.10.22 01:40;1.08170;1.08175;1.08163;1.08163;115;0
2024.10.22 01:50;1.08164;1.08173;1.08153;1.08155;154;0
2024.10.22 02:00;1.08155;1.08157;1.08141;1.08154;154;0
2024.10.22 02:10;1.08154;1.08163;1.08153;1.08162;138;0
2024.10.22 02:20;1.08163;1.08166;1.08140;1.08142;154;0
2024.10.22 02:30;1.08144;1.08146;1.08139;1.08146;88;0
2024.10.22 02:40;1.08145;1.08158;1.08143;1.08155;127;0
2024.10.22 02:50;1.08154;1.08160;1.08147;1.08154;117;0
2024.10.22 03:00;1.08154;1.08164;1.08142;1.08154;296;0
2024.10.22 03:10;1.08154;1.08167;1.08143;1.08154;252;0
2024.10.22 03:20;1.08154;1.08183;1.08154;1.08173;210;0
2024.10.22 03:30;1.08172;1.08177;1.08158;1.08162;192;0
2024.10.22 03:40;1.08162;1.08163;1.08142;1.08145;214;0
2024.10.22 03:50;1.08145;1.08173;1.08145;1.08161;352;0
2024.10.22 04:00;1.08162;1.08187;1.08161;1.08186;233;0
2024.10.22 04:10;1.08184;1.08191;1.08179;1.08187;315;0
2024.10.22 04:20;1.08188;1.08197;1.08179;1.08196;256;0
2024.10.22 04:30;1.08197;1.08207;1.08188;1.08203;354;0
2024.10.22 04:40;1.08202;1.08204;1.08187;1.08188;398;0
2024.10.22 04:50;1.08188;1.08197;1.08184;1.08189;294;0
2024.10.22 05:00;1.08189;1.08213;1.08186;1.08207;284;0
2024.10.22 05:10;1.08206;1.08208;1.08189;1.08197;252;0
2024.10.22 05:20;1.08197;1.08199;1.08182;1.08187;201;0
2024.10.22 05:30;1.08187;1.08194;1.08171;1.08174;245;0
2024.10.22 05:40;1.08173;1.08187;1.08167;1.08178;225;0
2024.10.22 05:50;1.08180;1.08181;1.08149;1.08156;161;0
2024.10.22 06:00;1.08157;1.08167;1.08154;1.08167;230;0
2024.10.22 06:10;1.08167;1.08171;1.08157;1.08158;253;0
2024.10.22 06:20;1.08156;1.08167;1.08150;1.08162;286;0
2024.10.22 06:30;1.08161;1.08171;1.08157;1.08169;166;0
2024.10.22 06:40;1.08169;1.08179;1.08165;1.08178;160;0
2024.10.22 06:50;1.08177;1.08192;1.08175;1.08192;162;0
2024.10.22 07:00;1.08191;1.08193;1.08181;1.08192;144;0
2024.10.22 07:10;1.08192;1.08194;1.08184;1.08192;126;0
2024.10.22 07:20;1.08192;1.08196;1.08186;1.08192;135;0
2024.10.22 07:30;1.08192;1.08206;1.08191;1.08199;178;0
2024.10.22 07:40;1.08198;1.08200;1.08183;1.08188;202;0
2024.10.22 07:50;1.08188;1.08208;1.08188;1.08203;192;0
2024.10.22 08:00;1.08204;1.08215;1.08194;1.08213;292;0
2024.10.22 08:10;1.08214;1.08214;1.08202;1.08208;208;0
2024.10.22 08:20;1.08207;1.08220;1.08206;1.08218;225;0
2024.10.22 08:30;1.08217;1.08227;1.08210;1.08215;163;0
2024.10.22 08:40;1.08215;1.08236;1.08196;1.08198;231;0
2024.10.22 08:50;1.08197;1.08209;1.08192;1.08192;256;0
2024.10.22 09:00;1.08187;1.08229;1.08180;1.08229;436;0
2024.10.22 09:10;1.08228;1.08240;1.08220;1.08231;309;0
2024.10.22 09:20;1.08230;1.08256;1.08228;1.08253;332;0
2024.10.22 09:30;1.08253;1.08275;1.08241;1.08267;343;0
2024.10.22 09:40;1.08268;1.08277;1.08251;1.08271;292;0
2024.10.22 09:50;1.08271;1.08288;1.08251;1.08254;362;0
2024.10.22 10:00;1.08253;1.08287;1.08207;1.08271;628;0
2024.10.22 10:10;1.08271;1.08279;1.08256;1.08265;448;0
2024.10.22 10:20;1.08265;1.08300;1.08264;1.08280;471;0
2024.10.22 10:30;1.08280;1.08307;1.08272;1.08300;450;0
2024.10.22 10:40;1.08299;1.08380;1.08295;1.08335;583;0
2024.10.22 10:50;1.08336;1.08370;1.08330;1.08367;434;0
2024.10.22 11:00;1.08366;1.08371;1.08344;1.08353;424;0
2024.10.22 11:10;1.08353;1.08362;1.08333;1.08355;388;0
2024.10.22 11:20;1.08355;1.08370;1.08300;1.08304;394;0
2024.10.22 11:30;1.08303;1.08305;1.08266;1.08275;327;0
2024.10.22 11:40;1.08274;1.08310;1.08268;1.08298;318;0
2024.10.22 11:50;1.08298;1.08303;1.08259;1.08269;365;0
2024.10.22 12:00;1.08269;1.08281;1.08251;1.08272;366;0
2024.10.22 12:10;1.08274;1.08294;1.08269;1.08276;358;0
2024.10.22 12:20;1.08275;1.08306;1.08259;1.08271;468;0
2024.10.22 12:30;1.08271;1.08277;1.08254;1.08255;362;0
2024.10.22 12:40;1.08254;1.08259;1.08198;1.08206;340;0
2024.10.22 12:50;1.08207;1.08207;1.08145;1.08159;434;0
2024.10.22 13:00;1.08158;1.08170;1.08143;1.08153;411;0
2024.10.22 13:10;1.08152;1.08212;1.08148;1.08211;387;0
2024.10.22 13:20;1.08211;1.08273;1.08211;1.08242;453;0
2024.10.22 13:30;1.08242;1.08294;1.08242;1.08259;505;0
2024.10.22 13:40;1.08258;1.08273;1.08235;1.08269;388;0
2024.10.22 13:50;1.08269;1.08291;1.08266;1.08286;317;0
2024.10.22 14:00;1.08287;1.08290;1.08251;1.08258;306;0
2024.10.22 14:10;1.08258;1.08286;1.08258;1.08267;224;0
2024.10.22 14:20;1.08268;1.08288;1.08262;1.08279;273;0
2024.10.22 14:30;1.08279;1.08286;1.08218;1.08238;428;0
2024.10.22 14:40;1.08238;1.08245;1.08210;1.08224;403;0
2024.10.22 14:50;1.08224;1.08234;1.08149;1.08176;531;0
2024.10.22 15:00;1.08176;1.08216;1.08169;1.08210;583;0
2024.10.22 15:10;1.08209;1.08217;1.08163;1.08184;460;0
2024.10.22 15:20;1.08183;1.08200;1.08151;1.08175;381;0
2024.10.22 15:30;1.08176;1.08176;1.08130;1.08165;524;0
2024.10.22 15:40;1.08164;1.08175;1.08129;1.08137;490;0
2024.10.22 15:50;1.08137;1.08144;1.08111;1.08118;470;0
2024.10.22 16:00;1.08117;1.08132;1.08062;1.08119;615;0
2024.10.22 16:10;1.08119;1.08174;1.08111;1.08154;608;0
2024.10.22 16:20;1.08155;1.08184;1.08147;1.08171;566;0
2024.10.22 16:30;1.08171;1.08185;1.08076;1.08090;931;0
2024.10.22 16:40;1.08089;1.08090;1.08016;1.08045;825;0
2024.10.22 16:50;1.08044;1.08076;1.08013;1.08073;859;0
2024.10.22 17:00;1.08075;1.08078;1.08017;1.08045;755;0
2024.10.22 17:10;1.08046;1.08108;1.08010;1.08060;713;0
2024.10.22 17:20;1.08059;1.08071;1.08023;1.08052;610;0
2024.10.22 17:30;1.08053;1.08091;1.08040;1.08073;570;0
2024.10.22 17:40;1.08073;1.08133;1.08064;1.08095;680;0
2024.10.22 17:50;1.08093;1.08119;1.08070;1.08096;725;0
2024.10.22 18:00;1.08095;1.08108;1.08048;1.08103;613;0
2024.10.22 18:10;1.08103;1.08124;1.08078;1.08105;460;0
2024.10.22 18:20;1.08106;1.08146;1.08106;1.08137;403;0
2024.10.22 18:30;1.08136;1.08155;1.08085;1.08090;466;0
2024.10.22 18:40;1.08090;1.08091;1.08055;1.08070;376;0
2024.10.22 18:50;1.08071;1.08091;1.08040;1.08045;371;0
2024.10.22 19:00;1.08044;1.08058;1.08031;1.08040;356;0
2024.10.22 19:10;1.08042;1.08089;1.08038;1.08082;327;0
2024.10.22 19:20;1.08081;1.08093;1.08071;1.08085;267;0
2024.10.22 19:30;1.08086;1.08132;1.08081;1.08122;267;0
2024.10.22 19:40;1.08122;1.08143;1.08113;1.08117;226;0
2024.10.22 19:50;1.08116;1.08120;1.08058;1.08076;460;0
2024.10.22 20:00;1.08077;1.08088;1.08024;1.08037;419;0
2024.10.22 20:10;1.08036;1.08054;1.08030;1.08040;310;0
2024.10.22 20:20;1.08039;1.08042;1.08019;1.08029;280;0
2024.10.22 20:30;1.08030;1.08034;1.08014;1.08022;408;0
2024.10.22 20:40;1.08023;1.08042;1.08014;1.08019;269;0
2024.10.22 20:50;1.08019;1.08037;1.08018;1.08028;251;0
2024.10.22 21:00;1.08027;1.08040;1.08019;1.08019;254;0
2024.10.22 21:10;1.08019;1.08024;1.08008;1.08012;159;0
2024.10.22 21:20;1.08012;1.08026;1.08011;1.08019;182;0
2024.10.22 21:30;1.08018;1.08038;1.08017;1.08022;184;0
2024.10.22 21:40;1.08022;1.08024;1.08008;1.08011;162;0
2024.10.22 21:50;1.08011;1.08017;1.07997;1.07998;241;0
2024.10.22 22:00;1.07997;1.08003;1.07962;1.08001;333;0
2024.10.22 22:10;1.08003;1.08018;1.08001;1.08008;206;0
2024.10.22 22:20;1.08008;1.08018;1.08005;1.08014;109;0
2024.10.22 22:30;1.08014;1.08014;1.07969;1.07976;306;0
2024.10.22 22:40;1.07977;1.07991;1.07954;1.07958;217;0
2024.10.22 22:50;1.07958;1.07966;1.07939;1.07948;295;0
2024.10.22 23:00;1.07947;1.07982;1.07925;1.07979;299;0
2024.10.22 23:10;1.07979;1.07986;1.07951;1.07964;142;0
2024.10.22 23:20;1.07964;1.07980;1.07957;1.07980;118;0
2024.10.22 23:30;1.07981;1.07989;1.07978;1.07980;117;0
2024.10.22 23:40;1.07981;1.07985;1.07977;1.07977;227;0
2024.10.22 23:50;1.07978;1.07988;1.07974;1.07978;172;1
2024.10.23 00:00;1.07974;1.07975;1.07957;1.07960;51;24
2024.10.23 00:10;1.07962;1.07968;1.07956;1.07966;49;22
2024.10.23 00:20;1.07966;1.07966;1.07959;1.07964;57;21
2024.10.23 00:30;1.07965;1.07986;1.07963;1.07985;79;14
2024.10.23 00:40;1.07985;1.07985;1.07974;1.07984;104;15
2024.10.23 00:50;1.07983;1.07988;1.07982;1.07986;66;13
2024.10.23 01:00;1.07978;1.08008;1.07974;1.07980;154;0
2024.10.23 01:10;1.07980;1.07987;1.07968;1.07973;80;0
2024.10.23 01:20;1.07972;1.07983;1.07971;1.07983;55;0
2024.10.23 01:30;1.07983;1.07991;1.07981;1.07989;58;0
2024.10.23 01:40;1.07990;1.07991;1.07986;1.07991;67;0
2024.10.23 01:50;1.07990;1.07991;1.07971;1.07983;75;0
2024.10.23 02:00;1.07984;1.07985;1.07970;1.07978;109;0
2024.10.23 02:10;1.07978;1.07980;1.07972;1.07977;63;0
2024.10.23 02:20;1.07979;1.07981;1.07967;1.07972;73;0
2024.10.23 02:30;1.07973;1.07975;1.07965;1.07971;92;0
2024.10.23 02:40;1.07972;1.07975;1.07966;1.07966;116;0
2024.10.23 02:50;1.07966;1.07971;1.07962;1.07963;99;0
2024.10.23 03:00;1.07963;1.07964;1.07940;1.07947;278;0
2024.10.23 03:10;1.07946;1.07954;1.07942;1.07950;228;0
2024.10.23 03:20;1.07951;1.07977;1.07947;1.07974;203;0
2024.10.23 03:30;1.07974;1.07975;1.07961;1.07963;183;0
2024.10.23 03:40;1.07962;1.07962;1.07920;1.07928;187;0
2024.10.23 03:50;1.07927;1.08006;1.07923;1.07951;383;0
2024.10.23 04:00;1.07951;1.07984;1.07947;1.07953;233;0
2024.10.23 04:10;1.07954;1.07965;1.07946;1.07955;291;0
2024.10.23 04:20;1.07956;1.07959;1.07936;1.07952;255;0
2024.10.23 04:30;1.07952;1.07967;1.07947;1.07955;375;0
2024.10.23 04:40;1.07956;1.07969;1.07943;1.07957;371;0
2024.10.23 04:50;1.07958;1.07961;1.07945;1.07949;312;0
2024.10.23 05:00;1.07948;1.07965;1.07947;1.07959;376;0
2024.10.23 05:10;1.07957;1.07971;1.07953;1.07971;227;0
2024.10.23 05:20;1.07972;1.07996;1.07972;1.07988;243;0
2024.10.23 05:30;1.07989;1.08009;1.07986;1.08001;275;0
2024.10.23 05:40;1.08002;1.08046;1.07998;1.08040;294;0
2024.10.23 05:50;1.08039;1.08053;1.08036;1.08046;327;0
2024.10.23 06:00;1.08045;1.08052;1.08037;1.08041;263;0
2024.10.23 06:10;1.08040;1.08043;1.08013;1.08014;171;0
2024.10.23 06:20;1.08014;1.08019;1.08002;1.08006;204;0
2024.10.23 06:30;1.08006;1.08009;1.07987;1.08008;209;0
2024.10.23 06:40;1.08009;1.08017;1.08006;1.08014;211;0
2024.10.23 06:50;1.08013;1.08024;1.08013;1.08022;205;0
2024.10.23 07:00;1.08023;1.08025;1.07995;1.08002;325;0
2024.10.23 07:10;1.08002;1.08010;1.07997;1.08008;192;0
2024.10.23 07:20;1.08007;1.08015;1.08000;1.08013;173;0
2024.10.23 07:30;1.08014;1.08019;1.08012;1.08017;169;0
2024.10.23 07:40;1.08017;1.08028;1.08006;1.08009;248;0
2024.10.23 07:50;1.08009;1.08027;1.08003;1.08021;206;0
2024.10.23 08:00;1.08022;1.08039;1.08020;1.08035;304;0
2024.10.23 08:10;1.08036;1.08052;1.08035;1.08043;283;0
2024.10.23 08:20;1.08043;1.08061;1.08038;1.08048;238;0
2024.10.23 08:30;1.08048;1.08059;1.08038;1.08042;248;0
2024.10.23 08:40;1.08041;1.08043;1.08028;1.08034;246;0
2024.10.23 08:50;1.08033;1.08066;1.08030;1.08066;328;0
2024.10.23 09:00;1.08063;1.08063;1.08020;1.08028;451;0
2024.10.23 09:10;1.08027;1.08036;1.08005;1.08011;346;0
2024.10.23 09:20;1.08011;1.08018;1.07955;1.07969;430;0
2024.10.23 09:30;1.07970;1.07973;1.07932;1.07936;428;0
2024.10.23 09:40;1.07937;1.07962;1.07930;1.07942;356;0
2024.10.23 09:50;1.07941;1.07959;1.07924;1.07924;376;0
2024.10.23 10:00;1.07925;1.07925;1.07846;1.07886;693;0
2024.10.23 10:10;1.07885;1.07888;1.07835;1.07836;421;0
2024.10.23 10:20;1.07835;1.07866;1.07826;1.07849;435;0
2024.10.23 10:30;1.07850;1.07852;1.07806;1.07837;493;0
2024.10.23 10:40;1.07837;1.07859;1.07807;1.07858;508;0
2024.10.23 10:50;1.07859;1.07867;1.07814;1.07817;596;0
2024.10.23 11:00;1.07817;1.07844;1.07809;1.07826;500;0
2024.10.23 11:10;1.07825;1.07825;1.07793;1.07806;475;0
2024.10.23 11:20;1.07805;1.07833;1.07796;1.07814;432;0
2024.10.23 11:30;1.07813;1.07874;1.07802;1.07874;452;0
2024.10.23 11:40;1.07873;1.07893;1.07859;1.07892;368;0
2024.10.23 11:50;1.07891;1.07914;1.07881;1.07881;472;0
2024.10.23 12:00;1.07883;1.07893;1.07859;1.07866;362;0
2024.10.23 12:10;1.07866;1.07871;1.07837;1.07837;468;0
2024.10.23 12:20;1.07837;1.07851;1.07820;1.07836;403;0
2024.10.23 12:30;1.07836;1.07862;1.07813;1.07848;425;0
2024.10.23 12:40;1.07849;1.07868;1.07835;1.07836;396;0
2024.10.23 12:50;1.07835;1.07854;1.07817;1.07822;452;0
2024.10.23 13:00;1.07822;1.07832;1.07809;1.07827;343;0
2024.10.23 13:10;1.07826;1.07833;1.07811;1.07814;308;0
2024.10.23 13:20;1.07815;1.07819;1.07800;1.07811;325;0
2024.10.23 13:30;1.07810;1.07819;1.07799;1.07800;269;0
2024.10.23 13:40;1.07801;1.07815;1.07779;1.07787;418;0
2024.10.23 13:50;1.07786;1.07796;1.07773;1.07774;374;0
2024.10.23 14:00;1.07774;1.07790;1.07771;1.07775;309;0
2024.10.23 14:10;1.07774;1.07799;1.07769;1.07789;297;0
2024.10.23 14:20;1.07790;1.07796;1.07769;1.07778;349;0
2024.10.23 14:30;1.07777;1.07782;1.07758;1.07763;238;0
2024.10.23 14:40;1.07763;1.07763;1.07682;1.07685;545;0
2024.10.23 14:50;1.07683;1.07705;1.07629;1.07632;720;0
2024.10.23 15:00;1.07633;1.07693;1.07632;1.07667;748;0
2024.10.23 15:10;1.07668;1.07679;1.07641;1.07670;526;0
2024.10.23 15:20;1.07673;1.07684;1.07611;1.07636;630;0
2024.10.23 15:30;1.07635;1.07714;1.07634;1.07692;521;0
2024.10.23 15:40;1.07692;1.07749;1.07684;1.07715;488;0
2024.10.23 15:50;1.07715;1.07747;1.07715;1.07743;435;0
2024.10.23 16:00;1.07744;1.07752;1.07702;1.07707;464;0
2024.10.23 16:10;1.07708;1.07741;1.07694;1.07733;544;0
2024.10.23 16:20;1.07733;1.07795;1.07728;1.07790;495;0
2024.10.23 16:30;1.07783;1.07808;1.07774;1.07795;549;0
2024.10.23 16:40;1.07795;1.07831;1.07790;1.07803;442;0
2024.10.23 16:50;1.07803;1.07814;1.07728;1.07752;665;0
2024.10.23 17:00;1.07750;1.07811;1.07738;1.07782;724;0
2024.10.23 17:10;1.07782;1.07799;1.07765;1.07775;587;0
2024.10.23 17:20;1.07775;1.07824;1.07767;1.07801;682;0
2024.10.23 17:30;1.07802;1.07814;1.07720;1.07732;570;0
2024.10.23 17:40;1.07733;1.07748;1.07708;1.07711;548;0
2024.10.23 17:50;1.07710;1.07757;1.07707;1.07745;634;0
2024.10.23 18:00;1.07745;1.07826;1.07739;1.07826;563;0
2024.10.23 18:10;1.07825;1.07862;1.07823;1.07831;632;0
2024.10.23 18:20;1.07830;1.07833;1.07805;1.07809;421;0
2024.10.23 18:30;1.07809;1.07826;1.07805;1.07817;300;0
2024.10.23 18:40;1.07816;1.07822;1.07783;1.07787;449;0
2024.10.23 18:50;1.07788;1.07805;1.07774;1.07788;464;0
2024.10.23 19:00;1.07788;1.07791;1.07745;1.07750;425;0
2024.10.23 19:10;1.07752;1.07763;1.07737;1.07745;420;0
2024.10.23 19:20;1.07744;1.07744;1.07715;1.07717;445;0
2024.10.23 19:30;1.07716;1.07770;1.07705;1.07752;407;0
2024.10.23 19:40;1.07751;1.07762;1.07731;1.07754;405;0
2024.10.23 19:50;1.07753;1.07753;1.07726;1.07731;362;0
2024.10.23 20:00;1.07730;1.07745;1.07721;1.07721;416;0
2024.10.23 20:10;1.07721;1.07732;1.07711;1.07711;349;0
2024.10.23 20:20;1.07710;1.07718;1.07700;1.07708;332;0
2024.10.23 20:30;1.07707;1.07713;1.07685;1.07690;303;0
2024.10.23 20:40;1.07691;1.07699;1.07672;1.07686;346;0
2024.10.23 20:50;1.07686;1.07699;1.07679;1.07687;341;0
2024.10.23 21:00;1.07687;1.07731;1.07683;1.07723;427;0
2024.10.23 21:10;1.07722;1.07722;1.07688;1.07718;382;0
2024.10.23 21:20;1.07717;1.07777;1.07717;1.07777;448;0
2024.10.23 21:30;1.07778;1.07781;1.07747;1.07761;389;0
2024.10.23 21:40;1.07760;1.07791;1.07754;1.07791;335;0
2024.10.23 21:50;1.07791;1.07824;1.07791;1.07804;387;0
2024.10.23 22:00;1.07805;1.07814;1.07800;1.07813;201;0
2024.10.23 22:10;1.07814;1.07838;1.07813;1.07834;277;0
2024.10.23 22:20;1.07833;1.07853;1.07819;1.07819;288;0
2024.10.23 22:30;1.07818;1.07834;1.07816;1.07819;253;0
2024.10.23 22:40;1.07819;1.07864;1.07813;1.07860;320;0
2024.10.23 22:50;1.07860;1.07865;1.07848;1.07857;295;0
2024.10.23 23:00;1.07858;1.07863;1.07841;1.07851;309;0
2024.10.23 23:10;1.07849;1.07851;1.07836;1.07841;152;0
2024.10.23 23:20;1.07841;1.07851;1.07840;1.07847;99;0
2024.10.23 23:30;1.07848;1.07849;1.07826;1.07828;113;0
2024.10.23 23:40;1.07828;1.07836;1.07821;1.07829;157;0
2024.10.23 23:50;1.07828;1.07838;1.07812;1.07812;675;0
2024.10.24 00:00;1.07756;1.07831;1.07756;1.07831;29;14
2024.10.24 00:10;1.07830;1.07831;1.07814;1.07826;53;13
2024.10.24 00:20;1.07828;1.07837;1.07815;1.07837;79;16
2024.10.24 00:30;1.07834;1.07838;1.07832;1.07835;27;12
2024.10.24 00:40;1.07835;1.07835;1.07821;1.07824;19;7
2024.10.24 00:50;1.07823;1.07825;1.07823;1.07825;14;7
2024.10.24 01:00;1.07828;1.07829;1.07813;1.07816;76;0
2024.10.24 01:10;1.07816;1.07816;1.07805;1.07808;84;0
2024.10.24 01:20;1.07809;1.07833;1.07802;1.07824;91;0
2024.10.24 01:30;1.07822;1.07827;1.07817;1.07817;103;0
2024.10.24 01:40;1.07818;1.07822;1.07810;1.07813;73;0
2024.10.24 01:50;1.07814;1.07822;1.07812;1.07822;51;0
2024.10.24 02:00;1.07823;1.07832;1.07811;1.07813;102;0
2024.10.24 02:10;1.07813;1.07830;1.07812;1.07829;95;0
2024.10.24 02:20;1.07828;1.07839;1.07826;1.07835;102;0
2024.10.24 02:30;1.07833;1.07847;1.07832;1.07840;76;0
2024.10.24 02:40;1.07840;1.07840;1.07803;1.07812;153;0
2024.10.24 02:50;1.07811;1.07816;1.07793;1.07805;195;0
2024.10.24 03:00;1.07806;1.07826;1.07797;1.07812;402;0
2024.10.24 03:10;1.07813;1.07818;1.07798;1.07809;279;0
2024.10.24 03:20;1.07810;1.07837;1.07807;1.07829;292;0
2024.10.24 03:30;1.07830;1.07852;1.07823;1.07848;245;0
2024.10.24 03:40;1.07849;1.07873;1.07843;1.07873;270;0
2024.10.24 03:50;1.07872;1.07899;1.07868;1.07887;518;0
2024.10.24 04:00;1.07887;1.07892;1.07843;1.07851;366;0
2024.10.24 04:10;1.07851;1.07858;1.07832;1.07837;364;0
2024.10.24 04:20;1.07835;1.07835;1.07820;1.07828;284;0
2024.10.24 04:30;1.07828;1.07845;1.07826;1.07833;360;0
2024.10.24 04:40;1.07833;1.07837;1.07824;1.07827;269;0
2024.10.24 04:50;1.07827;1.07846;1.07825;1.07829;290;0
2024.10.24 05:00;1.07830;1.07830;1.07812;1.07817;316;0
2024.10.24 05:10;1.07817;1.07844;1.07814;1.07840;313;0
2024.10.24 05:20;1.07840;1.07883;1.07840;1.07874;264;0
2024.10.24 05:30;1.07874;1.07874;1.07848;1.07855;231;0
2024.10.24 05:40;1.07856;1.07886;1.07852;1.07882;258;0
2024.10.24 05:50;1.07882;1.07889;1.07868;1.07875;260;0
2024.10.24 06:00;1.07876;1.07886;1.07871;1.07881;224;0
2024.10.24 06:10;1.07880;1.07890;1.07878;1.07889;176;0
2024.10.24 06:20;1.07890;1.07890;1.07876;1.07879;169;0
2024.10.24 06:30;1.07879;1.07880;1.07854;1.07854;182;0
2024.10.24 06:40;1.07854;1.07876;1.07851;1.07874;179;0
2024.10.24 06:50;1.07874;1.07874;1.07858;1.07870;142;0
2024.10.24 07:00;1.07869;1.07892;1.07868;1.07884;201;0
2024.10.24 07:10;1.07884;1.07908;1.07883;1.07905;147;0
2024.10.24 07:20;1.07905;1.07919;1.07905;1.07914;201;0
2024.10.24 07:30;1.07914;1.07919;1.07900;1.07913;213;0
2024.10.24 07:40;1.07911;1.07931;1.07907;1.07928;184;0
2024.10.24 07:50;1.07929;1.07936;1.07924;1.07930;149;0
2024.10.24 08:00;1.07932;1.07932;1.07898;1.07905;264;0
2024.10.24 08:10;1.07906;1.07921;1.07904;1.07919;267;0
2024.10.24 08:20;1.07920;1.07921;1.07904;1.07909;209;0
2024.10.24 08:30;1.07911;1.07916;1.07903;1.07915;278;0
2024.10.24 08:40;1.07915;1.07915;1.07895;1.07904;247;0
2024.10.24 08:50;1.07904;1.07908;1.07883;1.07887;220;0
2024.10.24 09:00;1.07888;1.07897;1.07866;1.07896;448;0
2024.10.24 09:10;1.07897;1.07907;1.07875;1.07888;301;0
2024.10.24 09:20;1.07887;1.07890;1.07862;1.07866;344;0
2024.10.24 09:30;1.07866;1.07894;1.07864;1.07888;437;0
2024.10.24 09:40;1.07888;1.07888;1.07816;1.07849;469;0
2024.10.24 09:50;1.07849;1.07862;1.07818;1.07835;526;0
2024.10.24 10:00;1.07834;1.07865;1.07799;1.07845;771;0
2024.10.24 10:10;1.07845;1.07888;1.07724;1.07769;822;0
2024.10.24 10:20;1.07769;1.07770;1.07705;1.07728;687;0
2024.10.24 10:30;1.07843;1.07978;1.07843;1.07942;1199;0
2024.10.24 10:40;1.07941;1.07987;1.07921;1.07950;685;0
2024.10.24 10:50;1.07949;1.07956;1.07900;1.07955;622;0
2024.10.24 11:00;1.07954;1.08049;1.07954;1.07984;758;0
2024.10.24 11:10;1.07984;1.08010;1.07972;1.07989;549;0
2024.10.24 11:20;1.07990;1.08006;1.07960;1.07998;554;0
2024.10.24 11:30;1.07997;1.08020;1.07966;1.08011;711;0
2024.10.24 11:40;1.08011;1.08033;1.08005;1.08030;453;0
2024.10.24 11:50;1.08029;1.08081;1.08022;1.08032;664;0
2024.10.24 12:00;1.08031;1.08052;1.08014;1.08050;481;0
2024.10.24 12:10;1.08050;1.08050;1.07978;1.07985;497;0
2024.10.24 12:20;1.07984;1.08021;1.07963;1.08019;392;0
2024.10.24 12:30;1.08019;1.08037;1.08004;1.08024;379;0
2024.10.24 12:40;1.08025;1.08025;1.07957;1.07969;392;0
2024.10.24 12:50;1.07968;1.07991;1.07954;1.07970;276;0
2024.10.24 13:00;1.07971;1.07999;1.07961;1.07995;357;0
2024.10.24 13:10;1.07996;1.08030;1.07993;1.08000;351;0
2024.10.24 13:20;1.07999;1.08014;1.07973;1.08004;304;0
2024.10.24 13:30;1.08004;1.08043;1.08001;1.08022;441;0
2024.10.24 13:40;1.08022;1.08042;1.08010;1.08017;353;0
2024.10.24 13:50;1.08018;1.08024;1.07987;1.07989;323;0
2024.10.24 14:00;1.07988;1.08020;1.07986;1.08018;299;0
2024.10.24 14:10;1.08019;1.08029;1.07953;1.07980;386;0
2024.10.24 14:20;1.07979;1.07991;1.07940;1.07948;376;0
2024.10.24 14:30;1.07948;1.07966;1.07934;1.07944;423;0
2024.10.24 14:40;1.07945;1.07964;1.07919;1.07920;351;0
2024.10.24 14:50;1.07922;1.07958;1.07921;1.07951;471;0
2024.10.24 15:00;1.07952;1.08020;1.07951;1.08010;523;0
2024.10.24 15:10;1.08008;1.08031;1.07999;1.08025;445;0
2024.10.24 15:20;1.08023;1.08040;1.08014;1.08027;450;0
2024.10.24 15:30;1.08007;1.08014;1.07887;1.07966;1237;0
2024.10.24 15:40;1.07964;1.07983;1.07932;1.07955;944;0
2024.10.24 15:50;1.07956;1.07985;1.07948;1.07965;653;0
2024.10.24 16:00;1.07965;1.08008;1.07962;1.08003;626;0
2024.10.24 16:10;1.08004;1.08030;1.07981;1.08020;542;0
2024.10.24 16:20;1.08020;1.08056;1.08007;1.08048;539;0
2024.10.24 16:30;1.08047;1.08112;1.08046;1.08087;742;0
2024.10.24 16:40;1.08089;1.08092;1.07949;1.07996;961;0
2024.10.24 16:50;1.07994;1.08019;1.07983;1.07999;824;0
2024.10.24 17:00;1.08001;1.08098;1.07985;1.08097;786;0
2024.10.24 17:10;1.08096;1.08109;1.08027;1.08030;732;0
2024.10.24 17:20;1.08031;1.08056;1.07980;1.08007;782;0
2024.10.24 17:30;1.08008;1.08038;1.07992;1.08006;677;0
2024.10.24 17:40;1.08006;1.08053;1.08004;1.08012;667;0
2024.10.24 17:50;1.08012;1.08046;1.07970;1.07979;797;0
2024.10.24 18:00;1.07979;1.07994;1.07968;1.07980;580;0
2024.10.24 18:10;1.07979;1.08013;1.07975;1.08006;430;0
2024.10.24 18:20;1.08007;1.08029;1.08000;1.08012;467;0
2024.10.24 18:30;1.08011;1.08012;1.07964;1.07986;422;0
2024.10.24 18:40;1.07987;1.08047;1.07980;1.08032;508;0
2024.10.24 18:50;1.08030;1.08055;1.08010;1.08049;513;0
2024.10.24 19:00;1.08050;1.08058;1.08026;1.08041;461;0
2024.10.24 19:10;1.08043;1.08049;1.08026;1.08049;473;0
2024.10.24 19:20;1.08048;1.08059;1.08040;1.08045;413;0
2024.10.24 19:30;1.08045;1.08087;1.08043;1.08071;372;0
2024.10.24 19:40;1.08071;1.08097;1.08071;1.08097;311;0
2024.10.24 19:50;1.08097;1.08110;1.08085;1.08108;301;0
2024.10.24 20:00;1.08108;1.08162;1.08105;1.08160;404;0
2024.10.24 20:10;1.08159;1.08193;1.08153;1.08171;308;0
2024.10.24 20:20;1.08171;1.08232;1.08171;1.08218;306;0
2024.10.24 20:30;1.08219;1.08243;1.08205;1.08233;291;0
2024.10.24 20:40;1.08234;1.08243;1.08221;1.08229;279;0
2024.10.24 20:50;1.08228;1.08230;1.08195;1.08206;327;0
2024.10.24 21:00;1.08206;1.08209;1.08191;1.08195;351;0
2024.10.24 21:10;1.08196;1.08210;1.08191;1.08199;251;0
2024.10.24 21:20;1.08200;1.08209;1.08183;1.08183;256;0
2024.10.24 21:30;1.08182;1.08241;1.08177;1.08238;317;0
2024.10.24 21:40;1.08238;1.08246;1.08220;1.08244;255;0
2024.10.24 21:50;1.08244;1.08260;1.08228;1.08228;301;0
2024.10.24 22:00;1.08228;1.08235;1.08211;1.08224;238;0
2024.10.24 22:10;1.08224;1.08254;1.08219;1.08230;278;0
2024.10.24 22:20;1.08231;1.08239;1.08226;1.08239;219;0
2024.10.24 22:30;1.08239;1.08274;1.08238;1.08261;245;0
2024.10.24 22:40;1.08261;1.08280;1.08259;1.08264;195;0
2024.10.24 22:50;1.08263;1.08290;1.08261;1.08290;270;0
2024.10.24 23:00;1.08291;1.08296;1.08279;1.08293;162;0
2024.10.24 23:10;1.08294;1.08298;1.08278;1.08280;187;0
2024.10.24 23:20;1.08279;1.08283;1.08271;1.08277;161;0
2024.10.24 23:30;1.08278;1.08284;1.08274;1.08277;147;0
2024.10.24 23:40;1.08277;1.08289;1.08275;1.08288;144;0
2024.10.24 23:50;1.08288;1.08289;1.08272;1.08272;183;0
2024.10.25 00:00;1.08262;1.08271;1.08216;1.08271;20;9
2024.10.25 00:10;1.08270;1.08277;1.08270;1.08275;109;8
2024.10.25 00:20;1.08274;1.08279;1.08256;1.08277;53;4
2024.10.25 00:30;1.08278;1.08280;1.08274;1.08275;36;7
2024.10.25 00:40;1.08275;1.08282;1.08273;1.08277;113;7
2024.10.25 00:50;1.08277;1.08283;1.08275;1.08281;87;12
2024.10.25 01:00;1.08285;1.08287;1.08274;1.08283;86;1
2024.10.25 01:10;1.08284;1.08284;1.08274;1.08276;75;0
2024.10.25 01:20;1.08276;1.08279;1.08273;1.08273;60;1
2024.10.25 01:30;1.08274;1.08278;1.08269;1.08269;38;1
2024.10.25 01:40;1.08268;1.08270;1.08250;1.08259;87;1
2024.10.25 01:50;1.08259;1.08260;1.08243;1.08243;85;1
2024.10.25 02:00;1.08242;1.08246;1.08231;1.08235;144;1
2024.10.25 02:10;1.08235;1.08240;1.08230;1.08239;81;1
2024.10.25 02:20;1.08239;1.08243;1.08234;1.08239;75;1
2024.10.25 02:30;1.08239;1.08242;1.08231;1.08242;107;1
2024.10.25 02:40;1.08242;1.08245;1.08234;1.08241;121;1
2024.10.25 02:50;1.08241;1.08245;1.08226;1.08239;114;1
2024.10.25 03:00;1.08239;1.08249;1.08219;1.08221;331;1
2024.10.25 03:10;1.08220;1.08228;1.08203;1.08210;283;1
2024.10.25 03:20;1.08211;1.08220;1.08208;1.08220;227;1
2024.10.25 03:30;1.08220;1.08229;1.08209;1.08221;274;1
2024.10.25 03:40;1.08220;1.08223;1.08208;1.08208;257;1
2024.10.25 03:50;1.08208;1.08226;1.08200;1.08217;348;1
2024.10.25 04:00;1.08218;1.08218;1.08199;1.08201;207;1
2024.10.25 04:10;1.08201;1.08240;1.08201;1.08234;242;1
2024.10.25 04:20;1.08233;1.08236;1.08218;1.08219;271;1
2024.10.25 04:30;1.08219;1.08236;1.08212;1.08235;271;1
2024.10.25 04:40;1.08236;1.08246;1.08229;1.08237;282;1
2024.10.25 04:50;1.08237;1.08247;1.08228;1.08235;261;1
2024.10.25 05:00;1.08234;1.08248;1.08228;1.08245;269;1
2024.10.25 05:10;1.08245;1.08273;1.08245;1.08268;224;1
2024.10.25 05:20;1.08269;1.08270;1.08256;1.08264;211;0
2024.10.25 05:30;1.08264;1.08264;1.08239;1.08244;249;1
2024.10.25 05:40;1.08245;1.08260;1.08241;1.08256;203;1
2024.10.25 05:50;1.08255;1.08275;1.08255;1.08259;194;1
2024.10.25 06:00;1.08258;1.08258;1.08222;1.08231;182;1
2024.10.25 06:10;1.08231;1.08235;1.08216;1.08218;181;1
2024.10.25 06:20;1.08217;1.08235;1.08216;1.08232;162;1
2024.10.25 06:30;1.08233;1.08234;1.08208;1.08212;166;1
2024.10.25 06:40;1.08211;1.08217;1.08201;1.08210;151;1
2024.10.25 06:50;1.08210;1.08218;1.08205;1.08217;166;0
2024.10.25 07:00;1.08217;1.08223;1.08213;1.08218;198;1
2024.10.25 07:10;1.08218;1.08225;1.08207;1.08207;223;1
2024.10.25 07:20;1.08208;1.08215;1.08205;1.08208;161;1
2024.10.25 07:30;1.08208;1.08216;1.08205;1.08212;166;1
2024.10.25 07:40;1.08211;1.08218;1.08205;1.08212;133;1
2024.10.25 07:50;1.08211;1.08230;1.08211;1.08219;131;1
2024.10.25 08:00;1.08218;1.08226;1.08210;1.08222;266;1
2024.10.25 08:10;1.08221;1.08237;1.08219;1.08236;219;1
2024.10.25 08:20;1.08236;1.08252;1.08227;1.08251;215;1
2024.10.25 08:30;1.08251;1.08255;1.08228;1.08232;258;0
2024.10.25 08:40;1.08231;1.08242;1.08224;1.08227;178;1
2024.10.25 08:50;1.08226;1.08229;1.08208;1.08215;309;0
2024.10.25 09:00;1.08220;1.08226;1.08206;1.08217;360;0
2024.10.25 09:10;1.08216;1.08216;1.08186;1.08195;245;0
2024.10.25 09:20;1.08196;1.08198;1.08162;1.08183;356;0
2024.10.25 09:30;1.08184;1.08193;1.08163;1.08178;327;0
2024.10.25 09:40;1.08176;1.08176;1.08144;1.08146;362;0
2024.10.25 09:50;1.08144;1.08173;1.08144;1.08157;354;0
2024.10.25 10:00;1.08160;1.08192;1.08137;1.08173;522;0
2024.10.25 10:10;1.08173;1.08233;1.08171;1.08217;533;0
2024.10.25 10:20;1.08218;1.08249;1.08211;1.08246;443;0
2024.10.25 10:30;1.08246;1.08262;1.08223;1.08226;410;0
2024.10.25 10:40;1.08227;1.08252;1.08223;1.08232;374;0
2024.10.25 10:50;1.08232;1.08272;1.08205;1.08242;508;0
2024.10.25 11:00;1.08238;1.08269;1.08215;1.08248;656;0
2024.10.25 11:10;1.08248;1.08348;1.08242;1.08347;572;0
2024.10.25 11:20;1.08347;1.08372;1.08323;1.08333;602;0
2024.10.25 11:30;1.08333;1.08333;1.08261;1.08261;478;0
2024.10.25 11:40;1.08263;1.08273;1.08229;1.08232;371;0
2024.10.25 11:50;1.08233;1.08250;1.08223;1.08237;361;0
2024.10.25 12:00;1.08238;1.08243;1.08226;1.08231;354;0
2024.10.25 12:10;1.08230;1.08257;1.08224;1.08246;370;0
2024.10.25 12:20;1.08246;1.08272;1.08236;1.08262;384;0
2024.10.25 12:30;1.08263;1.08273;1.08242;1.08247;324;0
2024.10.25 12:40;1.08248;1.08249;1.08220;1.08243;304;0
2024.10.25 12:50;1.08243;1.08251;1.08224;1.08226;251;0
2024.10.25 13:00;1.08227;1.08257;1.08223;1.08251;216;0
2024.10.25 13:10;1.08251;1.08276;1.08249;1.08263;212;0
2024.10.25 13:20;1.08262;1.08275;1.08241;1.08256;262;0
2024.10.25 13:30;1.08256;1.08277;1.08243;1.08261;258;0
2024.10.25 13:40;1.08261;1.08263;1.08245;1.08260;264;0
2024.10.25 13:50;1.08259;1.08262;1.08231;1.08242;277;0
2024.10.25 14:00;1.08241;1.08263;1.08239;1.08252;277;0
2024.10.25 14:10;1.08252;1.08261;1.08240;1.08251;305;0
2024.10.25 14:20;1.08251;1.08253;1.08219;1.08226;294;0
2024.10.25 14:30;1.08226;1.08285;1.08221;1.08272;362;0
2024.10.25 14:40;1.08272;1.08290;1.08265;1.08288;330;0
2024.10.25 14:50;1.08287;1.08291;1.08212;1.08213;478;0
2024.10.25 15:00;1.08212;1.08256;1.08212;1.08252;419;0
2024.10.25 15:10;1.08251;1.08251;1.08220;1.08240;326;0
2024.10.25 15:20;1.08239;1.08261;1.08225;1.08246;422;0
2024.10.25 15:30;1.08247;1.08342;1.08209;1.08330;720;0
2024.10.25 15:40;1.08331;1.08389;1.08315;1.08385;605;0
2024.10.25 15:50;1.08387;1.08393;1.08372;1.08385;471;0
2024.10.25 16:00;1.08386;1.08387;1.08348;1.08372;469;0
2024.10.25 16:10;1.08370;1.08374;1.08306;1.08323;523;0
2024.10.25 16:20;1.08322;1.08324;1.08275;1.08298;474;0
2024.10.25 16:30;1.08298;1.08300;1.08256;1.08274;614;0
2024.10.25 16:40;1.08274;1.08307;1.08260;1.08301;579;0
2024.10.25 16:50;1.08302;1.08358;1.08295;1.08343;561;0
2024.10.25 17:00;1.08343;1.08375;1.08315;1.08320;733;0
2024.10.25 17:10;1.08321;1.08371;1.08315;1.08340;599;0
2024.10.25 17:20;1.08341;1.08370;1.08332;1.08361;525;0
2024.10.25 17:30;1.08361;1.08365;1.08268;1.08302;642;0
2024.10.25 17:40;1.08304;1.08331;1.08274;1.08295;638;0
2024.10.25 17:50;1.08294;1.08333;1.08289;1.08308;650;0
2024.10.25 18:00;1.08307;1.08348;1.08291;1.08342;557;0
2024.10.25 18:10;1.08343;1.08345;1.08246;1.08256;497;0
2024.10.25 18:20;1.08256;1.08256;1.08197;1.08201;482;0
2024.10.25 18:30;1.08200;1.08219;1.08112;1.08128;588;0
2024.10.25 18:40;1.08129;1.08148;1.08107;1.08142;463;0
2024.10.25 18:50;1.08141;1.08152;1.08113;1.08122;412;0
2024.10.25 19:00;1.08122;1.08122;1.08073;1.08073;421;0
2024.10.25 19:10;1.08074;1.08094;1.08073;1.08086;432;0
2024.10.25 19:20;1.08086;1.08097;1.08072;1.08089;364;0
2024.10.25 19:30;1.08090;1.08090;1.08049;1.08071;393;0
2024.10.25 19:40;1.08072;1.08074;1.08036;1.08036;340;0
2024.10.25 19:50;1.08034;1.08059;1.08024;1.08051;280;0
2024.10.25 20:00;1.08051;1.08065;1.08030;1.08043;296;0
2024.10.25 20:10;1.08042;1.08045;1.08027;1.08028;279;0
2024.10.25 20:20;1.08027;1.08041;1.08020;1.08034;278;0
2024.10.25 20:30;1.08034;1.08042;1.08024;1.08042;257;0
2024.10.25 20:40;1.08042;1.08058;1.08030;1.08054;319;0
2024.10.25 20:50;1.08052;1.08059;1.08021;1.08032;275;0
2024.10.25 21:00;1.08032;1.08044;1.08002;1.08005;339;0
2024.10.25 21:10;1.08005;1.08007;1.07988;1.08005;351;0
2024.10.25 21:20;1.08005;1.08016;1.07995;1.08011;329;0
2024.10.25 21:30;1.08012;1.08022;1.08002;1.08022;232;0
2024.10.25 21:40;1.08021;1.08047;1.08017;1.08040;244;0
2024.10.25 21:50;1.08040;1.08041;1.08015;1.08029;252;0
2024.10.25 22:00;1.08029;1.08029;1.07984;1.07993;366;0
2024.10.25 22:10;1.07992;1.07995;1.07961;1.07974;332;0
2024.10.25 22:20;1.07969;1.07974;1.07954;1.07955;361;0
2024.10.25 22:30;1.07954;1.07958;1.07934;1.07952;292;0
2024.10.25 22:40;1.07951;1.07956;1.07929;1.07941;213;0
2024.10.25 22:50;1.07942;1.07959;1.07935;1.07957;306;0
2024.10.25 23:00;1.07957;1.07971;1.07951;1.07964;226;0
2024.10.25 23:10;1.07963;1.07974;1.07963;1.07966;204;0
2024.10.25 23:20;1.07967;1.07968;1.07955;1.07960;163;0
2024.10.25 23:30;1.07960;1.07963;1.07948;1.07951;134;0
2024.10.25 23:40;1.07950;1.07956;1.07946;1.07951;219;0
2024.10.25 23:50;1.07950;1.07961;1.07948;1.07955;155;0
2024.10.28 00:00;1.07934;1.07941;1.07899;1.07921;89;31
2024.10.28 00:10;1.07922;1.07932;1.07875;1.07875;93;31
2024.10.28 00:20;1.07878;1.07937;1.07869;1.07900;117;31
2024.10.28 00:30;1.07900;1.07911;1.07886;1.07911;96;31
2024.10.28 00:40;1.07910;1.07934;1.07910;1.07929;136;31
2024.10.28 00:50;1.07928;1.07934;1.07913;1.07932;108;31
2024.10.28 01:00;1.07931;1.07931;1.07867;1.07917;335;0
2024.10.28 01:10;1.07916;1.07960;1.07909;1.07959;186;0
2024.10.28 01:20;1.07958;1.07963;1.07926;1.07954;237;0
2024.10.28 01:30;1.07955;1.07970;1.07934;1.07968;281;0
2024.10.28 01:40;1.07968;1.07983;1.07952;1.07967;243;0
2024.10.28 01:50;1.07967;1.07968;1.07943;1.07959;195;0
2024.10.28 02:00;1.07959;1.08000;1.07957;1.07985;267;0
2024.10.28 02:10;1.07985;1.07987;1.07960;1.07984;227;0
2024.10.28 02:20;1.07984;1.08015;1.07981;1.08008;269;0
2024.10.28 02:30;1.08009;1.08016;1.07991;1.07995;240;0
2024.10.28 02:40;1.07994;1.07996;1.07943;1.07946;271;0
2024.10.28 02:50;1.07947;1.07971;1.07939;1.07960;222;0
2024.10.28 03:00;1.07960;1.08006;1.07959;1.07972;415;0
2024.10.28 03:10;1.07973;1.07996;1.07973;1.07983;345;0
2024.10.28 03:20;1.07984;1.07989;1.07946;1.07952;309;0
2024.10.28 03:30;1.07953;1.07979;1.07951;1.07964;314;0
2024.10.28 03:40;1.07964;1.08012;1.07958;1.07990;333;0
2024.10.28 03:50;1.07991;1.07992;1.07939;1.07941;434;0
2024.10.28 04:00;1.07939;1.07959;1.07902;1.07951;525;0
2024.10.28 04:10;1.07950;1.07959;1.07935;1.07949;335;0
2024.10.28 04:20;1.07949;1.07954;1.07933;1.07937;287;0
2024.10.28 04:30;1.07936;1.07941;1.07910;1.07929;432;0
2024.10.28 04:40;1.07930;1.07943;1.07915;1.07923;390;0
2024.10.28 04:50;1.07922;1.07930;1.07909;1.07910;331;0
2024.10.28 05:00;1.07908;1.07937;1.07904;1.07936;319;0
2024.10.28 05:10;1.07938;1.07939;1.07912;1.07939;246;0
2024.10.28 05:20;1.07938;1.07956;1.07924;1.07929;318;0
2024.10.28 05:30;1.07928;1.07929;1.07907;1.07914;267;0
2024.10.28 05:40;1.07914;1.07914;1.07904;1.07910;195;0
2024.10.28 05:50;1.07911;1.07913;1.07857;1.07884;203;0
2024.10.28 06:00;1.07884;1.07898;1.07873;1.07876;228;0
2024.10.28 06:10;1.07875;1.07893;1.07874;1.07884;152;0
2024.10.28 06:20;1.07883;1.07898;1.07869;1.07875;183;0
2024.10.28 06:30;1.07875;1.07880;1.07867;1.07868;199;0
2024.10.28 06:40;1.07867;1.07869;1.07832;1.07843;171;0
2024.10.28 06:50;1.07845;1.07849;1.07820;1.07828;198;0
2024.10.28 07:00;1.07828;1.07850;1.07827;1.07847;194;0
2024.10.28 07:10;1.07847;1.07857;1.07836;1.07844;179;0
2024.10.28 07:20;1.07843;1.07856;1.07843;1.07852;222;0
2024.10.28 07:30;1.07851;1.07878;1.07846;1.07864;189;0
2024.10.28 07:40;1.07864;1.07885;1.07863;1.07884;203;0
2024.10.28 07:50;1.07885;1.07890;1.07874;1.07876;174;0
2024.10.28 08:00;1.07876;1.07881;1.07846;1.07846;238;0
2024.10.28 08:10;1.07845;1.07845;1.07820;1.07823;200;0
2024.10.28 08:20;1.07823;1.07846;1.07823;1.07841;158;0
2024.10.28 08:30;1.07840;1.07855;1.07833;1.07848;190;0
2024.10.28 08:40;1.07848;1.07863;1.07842;1.07856;156;0
2024.10.28 08:50;1.07855;1.07885;1.07854;1.07878;228;0
2024.10.28 09:00;1.07875;1.07921;1.07863;1.07916;336;0
2024.10.28 09:10;1.07916;1.07939;1.07916;1.07936;321;0
2024.10.28 09:20;1.07936;1.07948;1.07906;1.07908;339;0
2024.10.28 09:30;1.07907;1.07935;1.07903;1.07933;322;0
2024.10.28 09:40;1.07933;1.07959;1.07924;1.07950;234;0
2024.10.28 09:50;1.07950;1.07966;1.07936;1.07941;301;0
2024.10.28 10:00;1.07942;1.07954;1.07932;1.07952;363;0
2024.10.28 10:10;1.07951;1.07994;1.07939;1.07988;341;0
2024.10.28 10:20;1.07989;1.07999;1.07974;1.07991;347;0
2024.10.28 10:30;1.07990;1.07996;1.07965;1.07989;359;0
2024.10.28 10:40;1.07988;1.08003;1.07971;1.07989;326;0
2024.10.28 10:50;1.07988;1.08056;1.07987;1.08041;455;0
2024.10.28 11:00;1.08042;1.08066;1.08009;1.08053;677;0
2024.10.28 11:10;1.08054;1.08129;1.08051;1.08128;569;0
2024.10.28 11:20;1.08129;1.08163;1.08126;1.08141;566;0
2024.10.28 11:30;1.08141;1.08141;1.08103;1.08106;426;0
2024.10.28 11:40;1.08107;1.08149;1.08093;1.08146;461;0
2024.10.28 11:50;1.08146;1.08213;1.08144;1.08191;657;0
2024.10.28 12:00;1.08191;1.08199;1.08157;1.08179;584;0
2024.10.28 12:10;1.08178;1.08197;1.08149;1.08158;423;0
2024.10.28 12:20;1.08158;1.08158;1.08127;1.08140;387;0
2024.10.28 12:30;1.08139;1.08156;1.08103;1.08106;434;0
2024.10.28 12:40;1.08106;1.08116;1.08088;1.08102;319;0
2024.10.28 12:50;1.08101;1.08133;1.08084;1.08131;409;0
2024.10.28 13:00;1.08130;1.08195;1.08130;1.08182;432;0
2024.10.28 13:10;1.08183;1.08185;1.08145;1.08151;451;0
2024.10.28 13:20;1.08154;1.08161;1.08109;1.08119;504;0
2024.10.28 13:30;1.08120;1.08163;1.08119;1.08152;459;0
2024.10.28 13:40;1.08152;1.08187;1.08152;1.08157;396;0
2024.10.28 13:50;1.08156;1.08180;1.08152;1.08166;286;0
2024.10.28 14:00;1.08166;1.08200;1.08161;1.08195;386;0
2024.10.28 14:10;1.08194;1.08194;1.08159;1.08168;304;0
2024.10.28 14:20;1.08169;1.08182;1.08167;1.08177;218;0
2024.10.28 14:30;1.08177;1.08190;1.08151;1.08157;338;0
2024.10.28 14:40;1.08157;1.08196;1.08157;1.08170;290;0
2024.10.28 14:50;1.08169;1.08197;1.08166;1.08196;272;0
2024.10.28 15:00;1.08195;1.08246;1.08190;1.08237;375;0
2024.10.28 15:10;1.08236;1.08262;1.08225;1.08244;462;0
2024.10.28 15:20;1.08243;1.08262;1.08225;1.08237;423;0
2024.10.28 15:30;1.08238;1.08256;1.08154;1.08157;519;0
2024.10.28 15:40;1.08158;1.08171;1.08131;1.08161;546;0
2024.10.28 15:50;1.08163;1.08171;1.08131;1.08155;556;0
2024.10.28 16:00;1.08155;1.08198;1.08141;1.08176;486;0
2024.10.28 16:10;1.08176;1.08204;1.08161;1.08166;546;0
2024.10.28 16:20;1.08164;1.08170;1.08145;1.08161;521;0
2024.10.28 16:30;1.08162;1.08207;1.08146;1.08187;666;0
2024.10.28 16:40;1.08186;1.08198;1.08141;1.08172;596;0
2024.10.28 16:50;1.08172;1.08224;1.08172;1.08203;528;0
2024.10.28 17:00;1.08203;1.08208;1.08152;1.08185;614;0
2024.10.28 17:10;1.08185;1.08209;1.08167;1.08177;465;0
2024.10.28 17:20;1.08178;1.08245;1.08176;1.08236;356;0
2024.10.28 17:30;1.08237;1.08241;1.08214;1.08226;425;0
2024.10.28 17:40;1.08225;1.08237;1.08185;1.08226;472;0
2024.10.28 17:50;1.08227;1.08275;1.08227;1.08242;534;0
2024.10.28 18:00;1.08241;1.08246;1.08210;1.08237;534;0
2024.10.28 18:10;1.08237;1.08252;1.08188;1.08193;452;0
2024.10.28 18:20;1.08191;1.08198;1.08175;1.08185;386;0
2024.10.28 18:30;1.08185;1.08196;1.08150;1.08157;614;0
2024.10.28 18:40;1.08158;1.08162;1.08137;1.08150;498;0
2024.10.28 18:50;1.08151;1.08193;1.08151;1.08187;659;0
2024.10.28 19:00;1.08187;1.08216;1.08170;1.08200;598;0
2024.10.28 19:10;1.08199;1.08262;1.08196;1.08253;457;0
2024.10.28 19:20;1.08253;1.08258;1.08206;1.08208;402;0
2024.10.28 19:30;1.08207;1.08211;1.08168;1.08179;375;0
2024.10.28 19:40;1.08180;1.08182;1.08145;1.08157;371;0
2024.10.28 19:50;1.08157;1.08168;1.08148;1.08155;261;0
2024.10.28 20:00;1.08154;1.08181;1.08141;1.08160;453;0
2024.10.28 20:10;1.08159;1.08161;1.08130;1.08158;328;0
2024.10.28 20:20;1.08157;1.08174;1.08154;1.08156;323;0
2024.10.28 20:30;1.08156;1.08179;1.08156;1.08176;244;0
2024.10.28 20:40;1.08176;1.08179;1.08144;1.08152;202;0
2024.10.28 20:50;1.08151;1.08168;1.08133;1.08137;292;0
2024.10.28 21:00;1.08136;1.08146;1.08105;1.08136;360;0
2024.10.28 21:10;1.08135;1.08138;1.08108;1.08108;240;0
2024.10.28 21:20;1.08108;1.08121;1.08099;1.08117;311;0
2024.10.28 21:30;1.08118;1.08139;1.08112;1.08120;257;0
2024.10.28 21:40;1.08122;1.08138;1.08115;1.08128;214;0
2024.10.28 21:50;1.08129;1.08150;1.08114;1.08119;339;0
2024.10.28 22:00;1.08119;1.08137;1.08112;1.08126;291;0
2024.10.28 22:10;1.08127;1.08148;1.08125;1.08131;254;0
2024.10.28 22:20;1.08131;1.08164;1.08130;1.08157;239;0
2024.10.28 22:30;1.08157;1.08190;1.08157;1.08173;242;0
2024.10.28 22:40;1.08173;1.08186;1.08159;1.08162;216;0
2024.10.28 22:50;1.08162;1.08185;1.08148;1.08152;388;0
2024.10.28 23:00;1.08153;1.08174;1.08141;1.08147;273;0
2024.10.28 23:10;1.08147;1.08149;1.08140;1.08146;116;0
2024.10.28 23:20;1.08147;1.08159;1.08139;1.08158;93;0
2024.10.28 23:30;1.08157;1.08159;1.08150;1.08152;89;0
2024.10.28 23:40;1.08152;1.08152;1.08131;1.08133;138;0
2024.10.28 23:50;1.08134;1.08136;1.08115;1.08120;280;0
2024.10.29 00:00;1.08120;1.08137;1.08096;1.08109;70;5
2024.10.29 00:10;1.08112;1.08134;1.08110;1.08122;138;10
2024.10.29 00:20;1.08125;1.08137;1.08122;1.08136;71;8
2024.10.29 00:30;1.08136;1.08140;1.08125;1.08129;78;14
2024.10.29 00:40;1.08129;1.08139;1.08128;1.08137;101;12
2024.10.29 00:50;1.08138;1.08140;1.08128;1.08138;58;12
2024.10.29 01:00;1.08152;1.08152;1.08123;1.08130;112;0
2024.10.29 01:10;1.08130;1.08133;1.08115;1.08120;77;0
2024.10.29 01:20;1.08121;1.08123;1.08114;1.08120;64;0
2024.10.29 01:30;1.08119;1.08127;1.08117;1.08121;87;0
2024.10.29 01:40;1.08120;1.08122;1.08111;1.08114;61;0
2024.10.29 01:50;1.08114;1.08125;1.08113;1.08125;109;0
2024.10.29 02:00;1.08125;1.08138;1.08125;1.08132;124;0
2024.10.29 02:10;1.08133;1.08133;1.08123;1.08129;103;0
2024.10.29 02:20;1.08128;1.08129;1.08112;1.08113;78;0
2024.10.29 02:30;1.08114;1.08139;1.08108;1.08139;132;0
2024.10.29 02:40;1.08141;1.08147;1.08137;1.08144;105;0
2024.10.29 02:50;1.08145;1.08177;1.08143;1.08176;116;0
2024.10.29 03:00;1.08176;1.08194;1.08162;1.08182;270;0
2024.10.29 03:10;1.08183;1.08184;1.08161;1.08161;204;0
2024.10.29 03:20;1.08162;1.08180;1.08153;1.08179;231;0
2024.10.29 03:30;1.08178;1.08183;1.08153;1.08157;288;0
2024.10.29 03:40;1.08158;1.08160;1.08146;1.08146;234;0
2024.10.29 03:50;1.08147;1.08170;1.08129;1.08158;430;0
2024.10.29 04:00;1.08159;1.08169;1.08131;1.08138;328;0
2024.10.29 04:10;1.08138;1.08146;1.08125;1.08128;289;0
2024.10.29 04:20;1.08129;1.08138;1.08119;1.08120;292;0
2024.10.29 04:30;1.08120;1.08155;1.08114;1.08151;298;0
2024.10.29 04:40;1.08150;1.08167;1.08137;1.08141;336;0
2024.10.29 04:50;1.08140;1.08160;1.08137;1.08158;339;0
2024.10.29 05:00;1.08158;1.08161;1.08146;1.08151;239;0
2024.10.29 05:10;1.08151;1.08177;1.08146;1.08171;227;0
2024.10.29 05:20;1.08171;1.08181;1.08169;1.08178;259;0
2024.10.29 05:30;1.08178;1.08181;1.08140;1.08140;249;0
2024.10.29 05:40;1.08141;1.08150;1.08137;1.08140;239;0
2024.10.29 05:50;1.08140;1.08140;1.08114;1.08123;252;0
2024.10.29 06:00;1.08122;1.08134;1.08120;1.08129;231;0
2024.10.29 06:10;1.08130;1.08135;1.08111;1.08112;199;0
2024.10.29 06:20;1.08111;1.08111;1.08090;1.08099;140;0
2024.10.29 06:30;1.08100;1.08103;1.08061;1.08071;259;0
2024.10.29 06:40;1.08070;1.08079;1.08063;1.08076;275;0
2024.10.29 06:50;1.08078;1.08097;1.08075;1.08080;281;0
2024.10.29 07:00;1.08079;1.08089;1.08072;1.08078;227;0
2024.10.29 07:10;1.08077;1.08090;1.08077;1.08077;211;0
2024.10.29 07:20;1.08076;1.08079;1.08071;1.08077;131;0
2024.10.29 07:30;1.08078;1.08082;1.08073;1.08076;129;0
2024.10.29 07:40;1.08077;1.08079;1.08070;1.08070;145;0
2024.10.29 07:50;1.08070;1.08088;1.08066;1.08087;147;0
2024.10.29 08:00;1.08087;1.08098;1.08086;1.08092;191;0
2024.10.29 08:10;1.08092;1.08104;1.08091;1.08104;191;0
2024.10.29 08:20;1.08103;1.08114;1.08100;1.08112;177;0
2024.10.29 08:30;1.08113;1.08135;1.08113;1.08126;223;0
2024.10.29 08:40;1.08125;1.08125;1.08097;1.08107;239;0
2024.10.29 08:50;1.08105;1.08113;1.08096;1.08112;157;0
2024.10.29 09:00;1.08111;1.08113;1.08084;1.08089;293;0
2024.10.29 09:10;1.08089;1.08094;1.08074;1.08082;199;0
2024.10.29 09:20;1.08083;1.08094;1.08067;1.08071;204;0
2024.10.29 09:30;1.08072;1.08112;1.08070;1.08110;213;0
2024.10.29 09:40;1.08111;1.08139;1.08092;1.08132;250;0
2024.10.29 09:50;1.08132;1.08135;1.08109;1.08114;290;0
2024.10.29 10:00;1.08114;1.08132;1.08080;1.08081;376;0
2024.10.29 10:10;1.08081;1.08117;1.08054;1.08114;320;0
2024.10.29 10:20;1.08114;1.08121;1.08079;1.08112;360;0
2024.10.29 10:30;1.08112;1.08161;1.08112;1.08122;365;0
2024.10.29 10:40;1.08122;1.08150;1.08120;1.08145;365;0
2024.10.29 10:50;1.08143;1.08144;1.08094;1.08095;352;0
2024.10.29 11:00;1.08094;1.08172;1.08093;1.08166;631;0
2024.10.29 11:10;1.08166;1.08177;1.08135;1.08141;454;0
2024.10.29 11:20;1.08141;1.08190;1.08095;1.08189;577;0
2024.10.29 11:30;1.08190;1.08202;1.08151;1.08176;853;0
2024.10.29 11:40;1.08176;1.08201;1.08158;1.08177;557;0
2024.10.29 11:50;1.08177;1.08195;1.08158;1.08185;488;0
2024.10.29 12:00;1.08184;1.08248;1.08183;1.08221;486;0
2024.10.29 12:10;1.08221;1.08239;1.08207;1.08224;487;0
2024.10.29 12:20;1.08225;1.08246;1.08209;1.08242;415;0
2024.10.29 12:30;1.08241;1.08263;1.08226;1.08261;290;0
2024.10.29 12:40;1.08260;1.08263;1.08173;1.08185;434;0
2024.10.29 12:50;1.08185;1.08185;1.08130;1.08179;537;0
2024.10.29 13:00;1.08178;1.08209;1.08165;1.08168;478;0
2024.10.29 13:10;1.08169;1.08183;1.08134;1.08152;395;0
2024.10.29 13:20;1.08153;1.08153;1.08070;1.08084;411;0
2024.10.29 13:30;1.08083;1.08102;1.08041;1.08041;457;0
2024.10.29 13:40;1.08042;1.08085;1.08034;1.08076;418;0
2024.10.29 13:50;1.08075;1.08092;1.08035;1.08057;549;0
2024.10.29 14:00;1.08056;1.08061;1.08016;1.08030;523;0
2024.10.29 14:10;1.08029;1.08029;1.07976;1.07989;415;0
2024.10.29 14:20;1.07989;1.08002;1.07966;1.07981;559;0
2024.10.29 14:30;1.07982;1.08038;1.07981;1.08028;442;0
2024.10.29 14:40;1.08030;1.08038;1.07983;1.07995;436;0
2024.10.29 14:50;1.07996;1.08006;1.07972;1.07990;365;0
2024.10.29 15:00;1.07989;1.07995;1.07966;1.07972;412;0
2024.10.29 15:10;1.07971;1.07993;1.07953;1.07962;385;0
2024.10.29 15:20;1.07963;1.07974;1.07880;1.07882;595;0
2024.10.29 15:30;1.07881;1.07886;1.07768;1.07789;1009;0
2024.10.29 15:40;1.07788;1.07812;1.07720;1.07758;828;0
2024.10.29 15:50;1.07758;1.07822;1.07758;1.07774;737;0
2024.10.29 16:00;1.07777;1.07777;1.07688;1.07743;779;0
2024.10.29 16:10;1.07741;1.07811;1.07719;1.07801;763;0
2024.10.29 16:20;1.07802;1.07818;1.07752;1.07790;690;0
2024.10.29 16:30;1.07790;1.07856;1.07770;1.07847;755;0
2024.10.29 16:40;1.07847;1.07876;1.07803;1.07873;673;0
2024.10.29 16:50;1.07873;1.07911;1.07865;1.07881;648;0
2024.10.29 17:00;1.07882;1.08083;1.07882;1.08006;1551;0
2024.10.29 17:10;1.08007;1.08014;1.07910;1.07988;1102;0
2024.10.29 17:20;1.07987;1.08120;1.07964;1.08051;983;0
2024.10.29 17:30;1.08054;1.08104;1.08025;1.08069;1003;0
2024.10.29 17:40;1.08069;1.08104;1.08037;1.08074;890;0
2024.10.29 17:50;1.08077;1.08077;1.07998;1.08004;777;0
2024.10.29 18:00;1.08008;1.08013;1.07867;1.07872;818;0
2024.10.29 18:10;1.07871;1.07902;1.07851;1.07867;732;0
2024.10.29 18:20;1.07866;1.07904;1.07851;1.07879;715;0
2024.10.29 18:30;1.07879;1.07945;1.07878;1.07938;863;0
2024.10.29 18:40;1.07938;1.07982;1.07914;1.07968;771;0
2024.10.29 18:50;1.07967;1.07991;1.07939;1.07975;807;0
2024.10.29 19:00;1.07976;1.08075;1.07976;1.08051;749;0
2024.10.29 19:10;1.08050;1.08060;1.08012;1.08049;640;0
2024.10.29 19:20;1.08049;1.08052;1.07998;1.08012;501;0
2024.10.29 19:30;1.08011;1.08011;1.07944;1.07945;427;0
2024.10.29 19:40;1.07946;1.07951;1.07922;1.07939;499;0
2024.10.29 19:50;1.07939;1.07998;1.07938;1.07989;529;0
2024.10.29 20:00;1.07990;1.08092;1.07979;1.08046;860;0
2024.10.29 20:10;1.08046;1.08111;1.08042;1.08081;621;0
2024.10.29 20:20;1.08082;1.08086;1.08027;1.08045;516;0
2024.10.29 20:30;1.08046;1.08047;1.08006;1.08015;390;0
2024.10.29 20:40;1.08016;1.08060;1.08005;1.08056;402;0
2024.10.29 20:50;1.08055;1.08069;1.08034;1.08056;376;0
2024.10.29 21:00;1.08058;1.08071;1.08043;1.08053;363;0
2024.10.29 21:10;1.08052;1.08058;1.08030;1.08058;308;0
2024.10.29 21:20;1.08058;1.08106;1.08055;1.08103;313;0
2024.10.29 21:30;1.08102;1.08127;1.08092;1.08120;328;0
2024.10.29 21:40;1.08121;1.08161;1.08115;1.08152;339;0
2024.10.29 21:50;1.08151;1.08164;1.08132;1.08134;321;0
2024.10.29 22:00;1.08133;1.08153;1.08116;1.08126;329;0
2024.10.29 22:10;1.08128;1.08137;1.08108;1.08121;261;0
2024.10.29 22:20;1.08121;1.08131;1.08108;1.08127;247;0
2024.10.29 22:30;1.08127;1.08141;1.08113;1.08137;276;0
2024.10.29 22:40;1.08139;1.08149;1.08128;1.08137;295;0
2024.10.29 22:50;1.08136;1.08151;1.08122;1.08139;340;0
2024.10.29 23:00;1.08138;1.08163;1.08129;1.08152;229;0
2024.10.29 23:10;1.08151;1.08160;1.08149;1.08157;149;0
2024.10.29 23:20;1.08158;1.08168;1.08147;1.08147;111;0
2024.10.29 23:30;1.08146;1.08159;1.08146;1.08156;121;0
2024.10.29 23:40;1.08156;1.08182;1.08155;1.08178;159;0
2024.10.29 23:50;1.08177;1.08185;1.08171;1.08179;378;0
2024.10.30 00:00;1.08118;1.08153;1.08118;1.08144;96;22
2024.10.30 00:10;1.08144;1.08152;1.08126;1.08152;144;16
2024.10.30 00:20;1.08152;1.08156;1.08149;1.08156;59;14
2024.10.30 00:30;1.08156;1.08163;1.08155;1.08155;103;8
2024.10.30 00:40;1.08155;1.08162;1.08153;1.08155;59;10
2024.10.30 00:50;1.08156;1.08156;1.08147;1.08148;37;11
2024.10.30 01:00;1.08155;1.08177;1.08147;1.08161;118;0
2024.10.30 01:10;1.08162;1.08172;1.08162;1.08171;55;0
2024.10.30 01:20;1.08173;1.08190;1.08169;1.08189;73;0
2024.10.30 01:30;1.08189;1.08215;1.08188;1.08207;133;0
2024.10.30 01:40;1.08208;1.08216;1.08204;1.08208;96;0
2024.10.30 01:50;1.08208;1.08211;1.08199;1.08200;74;0
2024.10.30 02:00;1.08200;1.08210;1.08194;1.08206;143;0
2024.10.30 02:10;1.08205;1.08210;1.08198;1.08203;56;0
2024.10.30 02:20;1.08205;1.08219;1.08203;1.08209;115;0
2024.10.30 02:30;1.08208;1.08208;1.08179;1.08182;117;0
2024.10.30 02:40;1.08183;1.08200;1.08181;1.08187;143;0
2024.10.30 02:50;1.08188;1.08203;1.08187;1.08196;126;0
2024.10.30 03:00;1.08196;1.08235;1.08196;1.08235;251;0
2024.10.30 03:10;1.08234;1.08249;1.08233;1.08246;222;0
2024.10.30 03:20;1.08246;1.08261;1.08234;1.08237;180;0
2024.10.30 03:30;1.08237;1.08251;1.08212;1.08227;395;2
2024.10.30 03:40;1.08228;1.08234;1.08203;1.08221;253;0
2024.10.30 03:50;1.08220;1.08231;1.08211;1.08218;398;0
2024.10.30 04:00;1.08218;1.08221;1.08201;1.08212;245;0
2024.10.30 04:10;1.08212;1.08232;1.08202;1.08211;302;0
2024.10.30 04:20;1.08211;1.08258;1.08205;1.08252;385;0
2024.10.30 04:30;1.08252;1.08254;1.08230;1.08240;294;0
2024.10.30 04:40;1.08241;1.08241;1.08217;1.08219;324;0
2024.10.30 04:50;1.08217;1.08221;1.08209;1.08216;239;0
2024.10.30 05:00;1.08216;1.08216;1.08184;1.08185;304;0
2024.10.30 05:10;1.08185;1.08207;1.08185;1.08200;188;0
2024.10.30 05:20;1.08200;1.08206;1.08181;1.08183;222;0
2024.10.30 05:30;1.08184;1.08185;1.08172;1.08177;204;0
2024.10.30 05:40;1.08177;1.08187;1.08175;1.08181;234;0
2024.10.30 05:50;1.08181;1.08193;1.08178;1.08182;264;0
2024.10.30 06:00;1.08181;1.08182;1.08170;1.08170;204;0
2024.10.30 06:10;1.08171;1.08174;1.08155;1.08158;217;0
2024.10.30 06:20;1.08158;1.08162;1.08147;1.08151;307;0
2024.10.30 06:30;1.08151;1.08157;1.08136;1.08137;187;0
2024.10.30 06:40;1.08136;1.08157;1.08136;1.08144;191;0
2024.10.30 06:50;1.08145;1.08146;1.08136;1.08140;204;0
2024.10.30 07:00;1.08140;1.08142;1.08130;1.08138;158;0
2024.10.30 07:10;1.08139;1.08149;1.08139;1.08142;144;0
2024.10.30 07:20;1.08143;1.08159;1.08140;1.08158;152;0
2024.10.30 07:30;1.08159;1.08179;1.08158;1.08169;160;0
2024.10.30 07:40;1.08170;1.08175;1.08166;1.08172;159;0
2024.10.30 07:50;1.08173;1.08178;1.08161;1.08167;167;0
2024.10.30 08:00;1.08166;1.08169;1.08149;1.08153;280;0
2024.10.30 08:10;1.08151;1.08158;1.08149;1.08151;166;0
2024.10.30 08:20;1.08152;1.08163;1.08150;1.08155;144;0
2024.10.30 08:30;1.08153;1.08164;1.08148;1.08151;214;0
2024.10.30 08:40;1.08150;1.08152;1.08139;1.08147;119;0
2024.10.30 08:50;1.08147;1.08160;1.08140;1.08157;163;0
2024.10.30 09:00;1.08156;1.08191;1.08156;1.08186;265;0
2024.10.30 09:10;1.08187;1.08197;1.08185;1.08192;216;0
2024.10.30 09:20;1.08191;1.08218;1.08190;1.08218;198;0
2024.10.30 09:30;1.08218;1.08245;1.08218;1.08238;184;0
2024.10.30 09:40;1.08238;1.08264;1.08223;1.08261;328;0
2024.10.30 09:50;1.08260;1.08263;1.08217;1.08235;320;0
2024.10.30 10:00;1.08236;1.08239;1.08189;1.08190;428;0
2024.10.30 10:10;1.08189;1.08216;1.08186;1.08196;360;0
2024.10.30 10:20;1.08195;1.08209;1.08187;1.08208;307;0
2024.10.30 10:30;1.08209;1.08219;1.08186;1.08197;305;0
2024.10.30 10:40;1.08197;1.08197;1.08157;1.08172;260;0
2024.10.30 10:50;1.08173;1.08207;1.08165;1.08190;337;0
2024.10.30 11:00;1.08192;1.08354;1.08192;1.08328;747;0
2024.10.30 11:10;1.08326;1.08444;1.08326;1.08407;819;0
2024.10.30 11:20;1.08406;1.08444;1.08387;1.08442;639;0
2024.10.30 11:30;1.08442;1.08447;1.08381;1.08426;571;0
2024.10.30 11:40;1.08426;1.08432;1.08397;1.08399;508;0
2024.10.30 11:50;1.08399;1.08416;1.08339;1.08346;501;0
2024.10.30 12:00;1.08396;1.08593;1.08389;1.08496;1205;0
2024.10.30 12:10;1.08497;1.08511;1.08423;1.08425;693;0
2024.10.30 12:20;1.08423;1.08426;1.08356;1.08376;641;0
2024.10.30 12:30;1.08375;1.08391;1.08334;1.08364;609;0
2024.10.30 12:40;1.08365;1.08383;1.08327;1.08374;509;0
2024.10.30 12:50;1.08375;1.08408;1.08370;1.08399;397;0
2024.10.30 13:00;1.08399;1.08416;1.08370;1.08389;564;0
2024.10.30 13:10;1.08388;1.08439;1.08388;1.08408;446;0
2024.10.30 13:20;1.08408;1.08422;1.08377;1.08385;451;0
2024.10.30 13:30;1.08384;1.08385;1.08311;1.08327;509;0
2024.10.30 13:40;1.08326;1.08368;1.08316;1.08357;483;0
2024.10.30 13:50;1.08358;1.08363;1.08317;1.08342;388;0
2024.10.30 14:00;1.08343;1.08354;1.08317;1.08324;432;0
2024.10.30 14:10;1.08323;1.08342;1.08299;1.08328;306;0
2024.10.30 14:20;1.08328;1.08339;1.08300;1.08322;302;0
2024.10.30 14:30;1.08321;1.08336;1.08290;1.08293;287;0
2024.10.30 14:40;1.08295;1.08302;1.08235;1.08236;428;0
2024.10.30 14:50;1.08237;1.08259;1.08216;1.08243;386;0
2024.10.30 15:00;1.08242;1.08295;1.08234;1.08279;448;0
2024.10.30 15:10;1.08278;1.08282;1.08119;1.08129;841;0
2024.10.30 15:20;1.08128;1.08153;1.08097;1.08106;835;0
2024.10.30 15:30;1.08099;1.08164;1.08079;1.08159;1128;0
2024.10.30 15:40;1.08160;1.08170;1.08088;1.08118;818;2
2024.10.30 15:50;1.08121;1.08161;1.08110;1.08137;988;1
2024.10.30 16:00;1.08137;1.08197;1.08134;1.08148;888;1
2024.10.30 16:10;1.08150;1.08171;1.08111;1.08170;755;0
2024.10.30 16:20;1.08169;1.08208;1.08161;1.08206;661;0
2024.10.30 16:30;1.08205;1.08311;1.08202;1.08291;802;0
2024.10.30 16:40;1.08292;1.08353;1.08255;1.08325;923;0
2024.10.30 16:50;1.08325;1.08442;1.08321;1.08433;925;0
2024.10.30 17:00;1.08434;1.08513;1.08420;1.08483;1099;0
2024.10.30 17:10;1.08483;1.08542;1.08459;1.08459;902;0
2024.10.30 17:20;1.08458;1.08520;1.08450;1.08474;921;0
2024.10.30 17:30;1.08473;1.08555;1.08467;1.08534;913;0
2024.10.30 17:40;1.08537;1.08578;1.08475;1.08562;931;0
2024.10.30 17:50;1.08564;1.08569;1.08460;1.08489;1054;0
2024.10.30 18:00;1.08490;1.08502;1.08416;1.08501;904;0
2024.10.30 18:10;1.08503;1.08579;1.08486;1.08561;781;0
2024.10.30 18:20;1.08562;1.08582;1.08552;1.08566;704;0
2024.10.30 18:30;1.08567;1.08617;1.08566;1.08601;676;0
2024.10.30 18:40;1.08601;1.08650;1.08598;1.08638;719;0
2024.10.30 18:50;1.08636;1.08669;1.08624;1.08639;766;0
2024.10.30 19:00;1.08638;1.08657;1.08569;1.08588;691;0
2024.10.30 19:10;1.08588;1.08615;1.08581;1.08596;420;0
2024.10.30 19:20;1.08596;1.08609;1.08590;1.08596;406;0
2024.10.30 19:30;1.08597;1.08624;1.08580;1.08616;467;0
2024.10.30 19:40;1.08616;1.08654;1.08582;1.08632;437;0
2024.10.30 19:50;1.08633;1.08638;1.08609;1.08610;428;0
2024.10.30 20:00;1.08611;1.08617;1.08541;1.08541;459;0
2024.10.30 20:10;1.08540;1.08595;1.08535;1.08594;400;0
2024.10.30 20:20;1.08595;1.08648;1.08591;1.08647;414;0
2024.10.30 20:30;1.08647;1.08678;1.08609;1.08668;485;0
2024.10.30 20:40;1.08668;1.08687;1.08643;1.08657;445;0
2024.10.30 20:50;1.08657;1.08671;1.08642;1.08659;306;0
2024.10.30 21:00;1.08660;1.08686;1.08651;1.08683;327;0
2024.10.30 21:10;1.08683;1.08702;1.08675;1.08700;351;0
2024.10.30 21:20;1.08699;1.08709;1.08677;1.08681;297;0
2024.10.30 21:30;1.08681;1.08701;1.08677;1.08690;269;0
2024.10.30 21:40;1.08691;1.08703;1.08682;1.08694;238;0
2024.10.30 21:50;1.08695;1.08713;1.08691;1.08691;283;0
2024.10.30 22:00;1.08692;1.08692;1.08603;1.08607;413;0
2024.10.30 22:10;1.08605;1.08622;1.08561;1.08578;422;0
2024.10.30 22:20;1.08579;1.08611;1.08579;1.08608;361;0
2024.10.30 22:30;1.08607;1.08634;1.08603;1.08629;386;0
2024.10.30 22:40;1.08629;1.08632;1.08606;1.08616;216;0
2024.10.30 22:50;1.08615;1.08619;1.08587;1.08605;328;0
2024.10.30 23:00;1.08604;1.08617;1.08591;1.08616;314;0
2024.10.30 23:10;1.08616;1.08618;1.08579;1.08581;188;0
2024.10.30 23:20;1.08581;1.08585;1.08562;1.08569;126;0
2024.10.30 23:30;1.08571;1.08594;1.08570;1.08593;184;0
2024.10.30 23:40;1.08593;1.08605;1.08576;1.08576;189;0
2024.10.30 23:50;1.08576;1.08580;1.08550;1.08556;313;0
2024.10.31 00:00;1.08558;1.08568;1.08514;1.08568;49;7
2024.10.31 00:10;1.08566;1.08587;1.08566;1.08573;51;15
2024.10.31 00:20;1.08574;1.08576;1.08573;1.08576;8;13
2024.10.31 00:30;1.08578;1.08581;1.08560;1.08570;174;7
2024.10.31 00:40;1.08569;1.08579;1.08557;1.08566;265;8
2024.10.31 00:50;1.08567;1.08574;1.08565;1.08574;99;14
2024.10.31 01:00;1.08574;1.08599;1.08569;1.08572;187;0
2024.10.31 01:10;1.08573;1.08581;1.08544;1.08564;191;0
2024.10.31 01:20;1.08564;1.08572;1.08558;1.08559;123;0
2024.10.31 01:30;1.08560;1.08572;1.08558;1.08566;136;0
2024.10.31 01:40;1.08564;1.08577;1.08560;1.08572;102;0
2024.10.31 01:50;1.08573;1.08587;1.08573;1.08585;131;0
2024.10.31 02:00;1.08585;1.08600;1.08581;1.08592;186;0
2024.10.31 02:10;1.08592;1.08598;1.08587;1.08591;70;0
2024.10.31 02:20;1.08589;1.08594;1.08587;1.08592;71;0
2024.10.31 02:30;1.08593;1.08599;1.08589;1.08592;79;0
2024.10.31 02:40;1.08592;1.08598;1.08587;1.08591;85;0
2024.10.31 02:50;1.08590;1.08590;1.08578;1.08581;127;0
2024.10.31 03:00;1.08582;1.08590;1.08562;1.08570;231;0
2024.10.31 03:10;1.08572;1.08592;1.08572;1.08583;163;0
2024.10.31 03:20;1.08583;1.08584;1.08559;1.08559;172;0
2024.10.31 03:30;1.08559;1.08559;1.08544;1.08551;191;0
2024.10.31 03:40;1.08551;1.08558;1.08547;1.08550;224;0
2024.10.31 03:50;1.08550;1.08550;1.08530;1.08534;259;0
2024.10.31 04:00;1.08534;1.08570;1.08532;1.08569;272;0
2024.10.31 04:10;1.08568;1.08582;1.08544;1.08547;236;0
2024.10.31 04:20;1.08547;1.08552;1.08527;1.08535;155;0
2024.10.31 04:30;1.08536;1.08542;1.08515;1.08516;329;0
2024.10.31 04:40;1.08516;1.08523;1.08486;1.08495;392;0
2024.10.31 04:50;1.08495;1.08502;1.08440;1.08447;411;0
2024.10.31 05:00;1.08447;1.08487;1.08442;1.08483;362;0
2024.10.31 05:10;1.08484;1.08498;1.08466;1.08492;268;0
2024.10.31 05:20;1.08491;1.08498;1.08478;1.08480;251;0
2024.10.31 05:30;1.08480;1.08510;1.08473;1.08509;252;0
2024.10.31 05:40;1.08509;1.08511;1.08471;1.08489;288;0
2024.10.31 05:50;1.08489;1.08494;1.08468;1.08490;233;0
2024.10.31 06:00;1.08490;1.08511;1.08490;1.08508;196;0
2024.10.31 06:10;1.08509;1.08525;1.08501;1.08511;181;0
2024.10.31 06:20;1.08510;1.08523;1.08499;1.08522;256;0
2024.10.31 06:30;1.08520;1.08534;1.08516;1.08528;256;0
2024.10.31 06:40;1.08529;1.08530;1.08496;1.08496;231;0
2024.10.31 06:50;1.08497;1.08499;1.08485;1.08498;257;0
2024.10.31 07:00;1.08499;1.08499;1.08473;1.08486;252;0
2024.10.31 07:10;1.08488;1.08493;1.08480;1.08483;238;0
2024.10.31 07:20;1.08483;1.08489;1.08450;1.08456;249;0
2024.10.31 07:30;1.08455;1.08492;1.08455;1.08490;170;0
2024.10.31 07:40;1.08491;1.08498;1.08483;1.08489;163;0
2024.10.31 07:50;1.08489;1.08497;1.08478;1.08478;193;0
2024.10.31 08:00;1.08477;1.08482;1.08465;1.08478;195;0
2024.10.31 08:10;1.08479;1.08485;1.08473;1.08482;206;0
2024.10.31 08:20;1.08483;1.08497;1.08482;1.08489;217;0
2024.10.31 08:30;1.08490;1.08509;1.08486;1.08502;103;0
2024.10.31 08:40;1.08503;1.08506;1.08496;1.08503;173;0
2024.10.31 08:50;1.08503;1.08521;1.08503;1.08513;163;0
2024.10.31 09:00;1.08513;1.08516;1.08500;1.08508;265;0
2024.10.31 09:10;1.08508;1.08515;1.08503;1.08509;220;0
2024.10.31 09:20;1.08511;1.08511;1.08493;1.08505;204;0
2024.10.31 09:30;1.08506;1.08509;1.08480;1.08487;315;0
2024.10.31 09:40;1.08486;1.08546;1.08485;1.08541;507;0
2024.10.31 09:50;1.08542;1.08558;1.08513;1.08516;537;0
2024.10.31 10:00;1.08517;1.08547;1.08507;1.08527;519;0
2024.10.31 10:10;1.08526;1.08539;1.08476;1.08518;397;0
2024.10.31 10:20;1.08519;1.08548;1.08512;1.08536;491;0
2024.10.31 10:30;1.08537;1.08589;1.08537;1.08588;534;0
2024.10.31 10:40;1.08589;1.08635;1.08589;1.08592;641;0
2024.10.31 10:50;1.08593;1.08612;1.08569;1.08589;546;0
2024.10.31 11:00;1.08590;1.08610;1.08520;1.08555;726;0
2024.10.31 11:10;1.08557;1.08584;1.08524;1.08571;574;0
2024.10.31 11:20;1.08569;1.08604;1.08555;1.08568;564;0
2024.10.31 11:30;1.08568;1.08593;1.08547;1.08566;562;0
2024.10.31 11:40;1.08566;1.08576;1.08511;1.08534;406;0
2024.10.31 11:50;1.08535;1.08570;1.08528;1.08562;500;0
2024.10.31 12:00;1.08562;1.08597;1.08541;1.08558;591;0
2024.10.31 12:10;1.08558;1.08594;1.08552;1.08590;447;0
2024.10.31 12:20;1.08589;1.08591;1.08563;1.08572;340;0
2024.10.31 12:30;1.08571;1.08585;1.08556;1.08561;426;0
2024.10.31 12:40;1.08561;1.08630;1.08558;1.08599;550;0
2024.10.31 12:50;1.08598;1.08673;1.08590;1.08663;451;0
2024.10.31 13:00;1.08666;1.08694;1.08647;1.08680;492;0
2024.10.31 13:10;1.08681;1.08736;1.08670;1.08732;452;0
2024.10.31 13:20;1.08730;1.08753;1.08724;1.08737;514;0
2024.10.31 13:30;1.08736;1.08740;1.08670;1.08693;465;0
2024.10.31 13:40;1.08692;1.08717;1.08665;1.08709;389;0
2024.10.31 13:50;1.08709;1.08728;1.08668;1.08669;505;0
2024.10.31 14:00;1.08669;1.08671;1.08648;1.08649;443;0
2024.10.31 14:10;1.08649;1.08660;1.08633;1.08658;390;0
2024.10.31 14:20;1.08659;1.08667;1.08625;1.08636;397;0
2024.10.31 14:30;1.08635;1.08641;1.08589;1.08620;477;0
2024.10.31 14:40;1.08621;1.08672;1.08621;1.08663;450;0
2024.10.31 14:50;1.08663;1.08699;1.08652;1.08680;469;0
2024.10.31 15:00;1.08685;1.08712;1.08661;1.08696;490;0
2024.10.31 15:10;1.08697;1.08747;1.08672;1.08742;592;0
2024.10.31 15:20;1.08740;1.08775;1.08713;1.08730;665;0
2024.10.31 15:30;1.08732;1.08837;1.08642;1.08785;1505;0
2024.10.31 15:40;1.08786;1.08857;1.08774;1.08832;1172;0
2024.10.31 15:50;1.08834;1.08868;1.08765;1.08798;966;0
2024.10.31 16:00;1.08797;1.08847;1.08750;1.08820;982;0
2024.10.31 16:10;1.08820;1.08820;1.08745;1.08751;683;0
2024.10.31 16:20;1.08751;1.08800;1.08721;1.08794;656;0
2024.10.31 16:30;1.08793;1.08882;1.08792;1.08833;826;0
2024.10.31 16:40;1.08834;1.08859;1.08717;1.08717;841;0
2024.10.31 16:50;1.08716;1.08727;1.08559;1.08595;1117;0
2024.10.31 17:00;1.08593;1.08624;1.08515;1.08581;1130;0
2024.10.31 17:10;1.08581;1.08608;1.08534;1.08593;1072;0
2024.10.31 17:20;1.08593;1.08714;1.08565;1.08712;956;0
2024.10.31 17:30;1.08712;1.08767;1.08667;1.08668;850;0
2024.10.31 17:40;1.08667;1.08685;1.08625;1.08678;897;0
2024.10.31 17:50;1.08677;1.08714;1.08649;1.08654;812;0
2024.10.31 18:00;1.08654;1.08654;1.08510;1.08580;982;0
2024.10.31 18:10;1.08579;1.08596;1.08529;1.08567;776;0
2024.10.31 18:20;1.08567;1.08607;1.08528;1.08538;881;0
2024.10.31 18:30;1.08538;1.08610;1.08523;1.08530;879;0
2024.10.31 18:40;1.08529;1.08565;1.08498;1.08545;897;0
2024.10.31 18:50;1.08544;1.08592;1.08464;1.08553;1220;0
2024.10.31 19:00;1.08549;1.08607;1.08536;1.08590;944;0
2024.10.31 19:10;1.08591;1.08611;1.08558;1.08569;743;0
2024.10.31 19:20;1.08569;1.08630;1.08555;1.08578;788;0
2024.10.31 19:30;1.08579;1.08622;1.08576;1.08612;560;0
2024.10.31 19:40;1.08612;1.08628;1.08551;1.08598;504;0
2024.10.31 19:50;1.08597;1.08620;1.08557;1.08581;509;0
2024.10.31 20:00;1.08582;1.08623;1.08576;1.08615;428;0
2024.10.31 20:10;1.08615;1.08645;1.08600;1.08628;547;0
2024.10.31 20:20;1.08628;1.08634;1.08580;1.08588;434;0
2024.10.31 20:30;1.08589;1.08589;1.08554;1.08563;451;0
2024.10.31 20:40;1.08562;1.08593;1.08562;1.08584;304;0
2024.10.31 20:50;1.08583;1.08617;1.08572;1.08615;336;0
2024.10.31 21:00;1.08617;1.08697;1.08606;1.08688;381;0
2024.10.31 21:10;1.08688;1.08713;1.08677;1.08699;332;0
2024.10.31 21:20;1.08698;1.08731;1.08651;1.08668;388;0
2024.10.31 21:30;1.08668;1.08714;1.08649;1.08710;649;0
2024.10.31 21:40;1.08711;1.08728;1.08681;1.08684;515;0
2024.10.31 21:50;1.08683;1.08712;1.08638;1.08704;665;0
2024.10.31 22:00;1.08705;1.08754;1.08705;1.08747;477;0
2024.10.31 22:10;1.08746;1.08751;1.08685;1.08694;469;0
2024.10.31 22:20;1.08694;1.08714;1.08679;1.08714;400;0
2024.10.31 22:30;1.08715;1.08736;1.08706;1.08727;429;0
2024.10.31 22:40;1.08728;1.08775;1.08722;1.08772;436;0
2024.10.31 22:50;1.08772;1.08782;1.08759;1.08772;428;0
2024.10.31 23:00;1.08774;1.08805;1.08770;1.08805;401;0
2024.10.31 23:10;1.08804;1.08818;1.08803;1.08814;224;0
2024.10.31 23:20;1.08814;1.08832;1.08813;1.08827;206;0
2024.10.31 23:30;1.08827;1.08850;1.08820;1.08849;193;0
2024.10.31 23:40;1.08849;1.08850;1.08815;1.08820;222;0
2024.10.31 23:50;1.08819;1.08838;1.08817;1.08832;332;0
2024.11.01 00:00;1.08798;1.08850;1.08798;1.08834;58;6
2024.11.01 00:10;1.08834;1.08834;1.08829;1.08834;14;10
2024.11.01 00:20;1.08834;1.08836;1.08833;1.08833;15;9
2024.11.01 00:30;1.08833;1.08833;1.08829;1.08833;21;10
2024.11.01 00:40;1.08833;1.08833;1.08815;1.08819;35;8
2024.11.01 00:50;1.08819;1.08826;1.08818;1.08822;19;8
2024.11.01 01:00;1.08829;1.08845;1.08812;1.08837;106;0
2024.11.01 01:10;1.08838;1.08840;1.08826;1.08826;100;0
2024.11.01 01:20;1.08824;1.08831;1.08814;1.08831;96;0
2024.11.01 01:30;1.08830;1.08842;1.08830;1.08839;114;0
2024.11.01 01:40;1.08840;1.08858;1.08840;1.08845;115;0
2024.11.01 01:50;1.08845;1.08863;1.08842;1.08859;102;0
2024.11.01 02:00;1.08861;1.08864;1.08845;1.08851;220;0
2024.11.01 02:10;1.08850;1.08855;1.08843;1.08845;143;0
2024.11.01 02:20;1.08845;1.08851;1.08839;1.08846;158;0
2024.11.01 02:30;1.08844;1.08851;1.08839;1.08849;108;0
2024.11.01 02:40;1.08849;1.08861;1.08844;1.08844;225;0
2024.11.01 02:50;1.08845;1.08856;1.08834;1.08839;180;0
2024.11.01 03:00;1.08840;1.08843;1.08809;1.08824;349;0
2024.11.01 03:10;1.08824;1.08831;1.08807;1.08815;202;0
2024.11.01 03:20;1.08816;1.08828;1.08804;1.08813;247;0
2024.11.01 03:30;1.08813;1.08824;1.08805;1.08823;205;0
2024.11.01 03:40;1.08824;1.08851;1.08820;1.08846;272;0
2024.11.01 03:50;1.08846;1.08875;1.08845;1.08866;323;0
2024.11.01 04:00;1.08865;1.08877;1.08857;1.08870;294;0
2024.11.01 04:10;1.08871;1.08886;1.08869;1.08877;288;0
2024.11.01 04:20;1.08878;1.08884;1.08853;1.08854;309;0
2024.11.01 04:30;1.08854;1.08854;1.08809;1.08811;445;0
2024.11.01 04:40;1.08810;1.08812;1.08785;1.08800;371;0
2024.11.01 04:50;1.08798;1.08814;1.08792;1.08799;284;0
2024.11.01 05:00;1.08799;1.08800;1.08782;1.08790;325;0
2024.11.01 05:10;1.08789;1.08796;1.08772;1.08788;329;0
2024.11.01 05:20;1.08788;1.08812;1.08788;1.08809;265;0
2024.11.01 05:30;1.08809;1.08810;1.08780;1.08784;256;0
2024.11.01 05:40;1.08784;1.08786;1.08767;1.08769;226;0
2024.11.01 05:50;1.08768;1.08783;1.08766;1.08783;196;0
2024.11.01 06:00;1.08782;1.08787;1.08756;1.08758;209;0
2024.11.01 06:10;1.08758;1.08763;1.08751;1.08756;137;0
2024.11.01 06:20;1.08757;1.08765;1.08751;1.08764;123;0
2024.11.01 06:30;1.08764;1.08781;1.08763;1.08779;240;0
2024.11.01 06:40;1.08780;1.08789;1.08775;1.08786;176;0
2024.11.01 06:50;1.08787;1.08791;1.08762;1.08763;229;0
2024.11.01 07:00;1.08763;1.08772;1.08758;1.08767;192;0
2024.11.01 07:10;1.08768;1.08780;1.08767;1.08779;152;0
2024.11.01 07:20;1.08780;1.08790;1.08778;1.08789;95;0
2024.11.01 07:30;1.08789;1.08789;1.08777;1.08778;138;0
2024.11.01 07:40;1.08778;1.08783;1.08772;1.08774;148;0
2024.11.01 07:50;1.08774;1.08775;1.08762;1.08770;199;0
2024.11.01 08:00;1.08771;1.08779;1.08756;1.08756;172;0
2024.11.01 08:10;1.08756;1.08763;1.08752;1.08763;164;0
2024.11.01 08:20;1.08763;1.08763;1.08733;1.08736;223;0
2024.11.01 08:30;1.08736;1.08739;1.08724;1.08729;184;0
2024.11.01 08:40;1.08730;1.08732;1.08708;1.08717;212;0
2024.11.01 08:50;1.08718;1.08730;1.08709;1.08715;256;0
2024.11.01 09:00;1.08716;1.08745;1.08709;1.08741;367;1
2024.11.01 09:10;1.08742;1.08747;1.08736;1.08741;214;0
2024.11.01 09:20;1.08741;1.08749;1.08730;1.08742;270;0
2024.11.01 09:30;1.08741;1.08748;1.08727;1.08733;252;0
2024.11.01 09:40;1.08733;1.08735;1.08712;1.08727;251;0
2024.11.01 09:50;1.08727;1.08731;1.08711;1.08730;256;0
2024.11.01 10:00;1.08730;1.08774;1.08728;1.08762;384;1
2024.11.01 10:10;1.08760;1.08760;1.08736;1.08743;329;0
2024.11.01 10:20;1.08743;1.08775;1.08739;1.08758;270;0
2024.11.01 10:30;1.08756;1.08773;1.08725;1.08728;521;0
2024.11.01 10:40;1.08728;1.08736;1.08712;1.08725;369;0
2024.11.01 10:50;1.08724;1.08733;1.08681;1.08681;393;0
2024.11.01 11:00;1.08678;1.08680;1.08628;1.08629;660;0
2024.11.01 11:10;1.08628;1.08630;1.08577;1.08582;589;0
2024.11.01 11:20;1.08580;1.08610;1.08574;1.08604;458;0
2024.11.01 11:30;1.08604;1.08614;1.08586;1.08608;442;0
2024.11.01 11:40;1.08607;1.08645;1.08596;1.08633;373;0
2024.11.01 11:50;1.08633;1.08654;1.08615;1.08623;409;0
2024.11.01 12:00;1.08624;1.08678;1.08624;1.08678;401;0
2024.11.01 12:10;1.08677;1.08684;1.08646;1.08651;317;0
2024.11.01 12:20;1.08649;1.08655;1.08583;1.08589;342;0
2024.11.01 12:30;1.08593;1.08618;1.08588;1.08608;345;0
2024.11.01 12:40;1.08609;1.08612;1.08581;1.08591;349;0
2024.11.01 12:50;1.08590;1.08613;1.08580;1.08584;419;0
2024.11.01 13:00;1.08583;1.08584;1.08551;1.08567;406;0
2024.11.01 13:10;1.08568;1.08585;1.08545;1.08550;394;0
2024.11.01 13:20;1.08550;1.08580;1.08539;1.08558;388;0
2024.11.01 13:30;1.08559;1.08571;1.08531;1.08532;333;0
2024.11.01 13:40;1.08533;1.08582;1.08524;1.08578;372;0
2024.11.01 13:50;1.08578;1.08611;1.08568;1.08606;381;0
2024.11.01 14:00;1.08605;1.08639;1.08602;1.08623;381;0
2024.11.01 14:10;1.08623;1.08650;1.08613;1.08645;350;0
2024.11.01 14:20;1.08644;1.08645;1.08591;1.08600;273;0
2024.11.01 14:30;1.08600;1.08637;1.08588;1.08636;327;0
2024.11.01 14:40;1.08635;1.08667;1.08627;1.08667;290;0
2024.11.01 14:50;1.08666;1.08693;1.08651;1.08678;384;0
2024.11.01 15:00;1.08679;1.08708;1.08675;1.08687;553;0
2024.11.01 15:10;1.08687;1.08687;1.08646;1.08665;568;1
2024.11.01 15:20;1.08665;1.08703;1.08627;1.08653;730;1
2024.11.01 15:30;1.08653;1.09051;1.08632;1.09043;1695;0
2024.11.01 15:40;1.09042;1.09058;1.08945;1.08972;1339;0
2024.11.01 15:50;1.08971;1.09003;1.08847;1.08863;1142;0
2024.11.01 16:00;1.08862;1.08897;1.08779;1.08854;1178;0
2024.11.01 16:10;1.08853;1.08857;1.08733;1.08765;1135;0
2024.11.01 16:20;1.08765;1.08772;1.08693;1.08705;966;0
2024.11.01 16:30;1.08701;1.08761;1.08693;1.08747;954;0
2024.11.01 16:40;1.08747;1.08784;1.08709;1.08709;910;0
2024.11.01 16:50;1.08710;1.08730;1.08655;1.08698;791;0
2024.11.01 17:00;1.08698;1.08747;1.08565;1.08641;1342;0
2024.11.01 17:10;1.08641;1.08666;1.08576;1.08611;932;0
2024.11.01 17:20;1.08611;1.08611;1.08556;1.08587;982;0
2024.11.01 17:30;1.08586;1.08617;1.08517;1.08535;854;0
2024.11.01 17:40;1.08535;1.08552;1.08499;1.08535;798;0
2024.11.01 17:50;1.08533;1.08557;1.08500;1.08545;861;0
2024.11.01 18:00;1.08544;1.08555;1.08505;1.08537;723;0
2024.11.01 18:10;1.08537;1.08585;1.08537;1.08570;640;0
2024.11.01 18:20;1.08571;1.08576;1.08530;1.08544;561;0
2024.11.01 18:30;1.08544;1.08564;1.08510;1.08512;450;0
2024.11.01 18:40;1.08510;1.08543;1.08471;1.08485;588;0
2024.11.01 18:50;1.08484;1.08551;1.08473;1.08485;970;0
2024.11.01 19:00;1.08481;1.08540;1.08478;1.08526;653;0
2024.11.01 19:10;1.08526;1.08533;1.08489;1.08505;489;0
2024.11.01 19:20;1.08504;1.08511;1.08475;1.08490;441;0
2024.11.01 19:30;1.08490;1.08499;1.08462;1.08478;403;0
2024.11.01 19:40;1.08477;1.08501;1.08463;1.08497;409;0
2024.11.01 19:50;1.08498;1.08544;1.08497;1.08525;324;0
2024.11.01 20:00;1.08523;1.08528;1.08487;1.08499;384;0
2024.11.01 20:10;1.08497;1.08498;1.08457;1.08465;304;0
2024.11.01 20:20;1.08464;1.08474;1.08455;1.08463;285;0
2024.11.01 20:30;1.08462;1.08462;1.08390;1.08390;310;0
2024.11.01 20:40;1.08390;1.08393;1.08345;1.08346;528;0
2024.11.01 20:50;1.08345;1.08383;1.08341;1.08360;477;0
2024.11.01 21:00;1.08359;1.08415;1.08359;1.08394;427;0
2024.11.01 21:10;1.08392;1.08396;1.08369;1.08373;437;0
2024.11.01 21:20;1.08374;1.08413;1.08367;1.08408;476;0
2024.11.01 21:30;1.08409;1.08455;1.08402;1.08448;352;0
2024.11.01 21:40;1.08447;1.08447;1.08376;1.08388;301;0
2024.11.01 21:50;1.08389;1.08399;1.08374;1.08391;336;0
2024.11.01 22:00;1.08392;1.08411;1.08369;1.08410;383;0
2024.11.01 22:10;1.08412;1.08417;1.08380;1.08383;343;0
2024.11.01 22:20;1.08383;1.08396;1.08368;1.08371;380;0
2024.11.01 22:30;1.08371;1.08378;1.08345;1.08349;287;0
2024.11.01 22:40;1.08349;1.08361;1.08343;1.08353;256;0
2024.11.01 22:50;1.08353;1.08365;1.08346;1.08358;337;0
2024.11.01 23:00;1.08358;1.08370;1.08319;1.08323;245;0
2024.11.01 23:10;1.08324;1.08334;1.08320;1.08324;168;0
2024.11.01 23:20;1.08324;1.08331;1.08318;1.08325;149;0
2024.11.01 23:30;1.08324;1.08341;1.08321;1.08339;220;0
2024.11.01 23:40;1.08338;1.08352;1.08338;1.08351;339;0
2024.11.01 23:50;1.08351;1.08353;1.08335;1.08341;180;0
2024.11.04 00:00;1.08785;1.08815;1.08722;1.08776;136;28
2024.11.04 00:10;1.08782;1.08814;1.08763;1.08776;108;28
2024.11.04 00:20;1.08775;1.08775;1.08742;1.08754;111;28
2024.11.04 00:30;1.08753;1.08778;1.08750;1.08777;95;28
2024.11.04 00:40;1.08777;1.08780;1.08771;1.08771;69;28
2024.11.04 00:50;1.08770;1.08803;1.08768;1.08803;114;28
2024.11.04 01:00;1.08802;1.08810;1.08720;1.08779;702;0
2024.11.04 01:10;1.08778;1.08801;1.08737;1.08744;326;0
2024.11.04 01:20;1.08743;1.08763;1.08733;1.08761;277;0
2024.11.04 01:30;1.08759;1.08770;1.08743;1.08754;301;0
2024.11.04 01:40;1.08755;1.08769;1.08748;1.08763;280;0
2024.11.04 01:50;1.08763;1.08765;1.08727;1.08727;213;0
2024.11.04 02:00;1.08726;1.08747;1.08711;1.08729;386;0
2024.11.04 02:10;1.08729;1.08730;1.08698;1.08707;295;0
2024.11.04 02:20;1.08707;1.08728;1.08701;1.08718;249;0
2024.11.04 02:30;1.08718;1.08735;1.08709;1.08722;234;0
2024.11.04 02:40;1.08723;1.08747;1.08722;1.08747;206;0
2024.11.04 02:50;1.08747;1.08793;1.08746;1.08772;368;0
2024.11.04 03:00;1.08773;1.08796;1.08767;1.08775;413;0
2024.11.04 03:10;1.08776;1.08838;1.08772;1.08825;360;0
2024.11.04 03:20;1.08825;1.08869;1.08824;1.08844;341;0
2024.11.04 03:30;1.08844;1.08875;1.08830;1.08831;561;0
2024.11.04 03:40;1.08832;1.08888;1.08821;1.08888;442;0
2024.11.04 03:50;1.08889;1.08912;1.08873;1.08883;410;0
2024.11.04 04:00;1.08883;1.08903;1.08871;1.08901;435;0
2024.11.04 04:10;1.08901;1.08901;1.08847;1.08857;390;0
2024.11.04 04:20;1.08858;1.08897;1.08856;1.08887;368;0
2024.11.04 04:30;1.08887;1.08892;1.08866;1.08892;366;0
2024.11.04 04:40;1.08892;1.08928;1.08892;1.08921;374;0
2024.11.04 04:50;1.08921;1.08943;1.08916;1.08942;341;0
2024.11.04 05:00;1.08943;1.08999;1.08942;1.08996;441;0
2024.11.04 05:10;1.08996;1.09009;1.08984;1.08989;452;0
2024.11.04 05:20;1.08989;1.09009;1.08984;1.08986;406;0
2024.11.04 05:30;1.08986;1.09032;1.08966;1.09032;330;0
2024.11.04 05:40;1.09033;1.09033;1.09005;1.09031;278;0
2024.11.04 05:50;1.09031;1.09048;1.09001;1.09014;330;0
2024.11.04 06:00;1.09015;1.09029;1.09010;1.09018;291;0
2024.11.04 06:10;1.09017;1.09017;1.08983;1.08992;271;0
2024.11.04 06:20;1.08992;1.08998;1.08980;1.08987;218;0
2024.11.04 06:30;1.08986;1.08998;1.08973;1.08998;223;0
2024.11.04 06:40;1.08997;1.09027;1.08995;1.09010;219;0
2024.11.04 06:50;1.09011;1.09011;1.08967;1.08975;252;0
2024.11.04 07:00;1.08974;1.08975;1.08943;1.08950;371;0
2024.11.04 07:10;1.08951;1.08958;1.08942;1.08955;271;0
2024.11.04 07:20;1.08957;1.08965;1.08948;1.08951;202;0
2024.11.04 07:30;1.08951;1.08970;1.08946;1.08961;261;0
2024.11.04 07:40;1.08961;1.08973;1.08957;1.08961;270;0
2024.11.04 07:50;1.08960;1.09000;1.08945;1.08990;359;0
2024.11.04 08:00;1.08991;1.09020;1.08977;1.08982;383;0
2024.11.04 08:10;1.08982;1.08983;1.08949;1.08976;367;0
2024.11.04 08:20;1.08976;1.08993;1.08961;1.08970;329;0
2024.11.04 08:30;1.08970;1.08973;1.08954;1.08967;335;0
2024.11.04 08:40;1.08966;1.08976;1.08934;1.08936;301;0
2024.11.04 08:50;1.08936;1.08945;1.08912;1.08914;391;0
2024.11.04 09:00;1.08915;1.08920;1.08888;1.08900;586;1
2024.11.04 09:10;1.08901;1.08947;1.08890;1.08932;425;0
2024.11.04 09:20;1.08932;1.08933;1.08871;1.08891;484;0
2024.11.04 09:30;1.08890;1.08957;1.08890;1.08927;495;0
2024.11.04 09:40;1.08926;1.08942;1.08886;1.08916;391;0
2024.11.04 09:50;1.08915;1.08932;1.08880;1.08914;430;0
2024.11.04 10:00;1.08913;1.08974;1.08895;1.08971;648;0
2024.11.04 10:10;1.08972;1.09008;1.08964;1.08969;481;0
2024.11.04 10:20;1.08969;1.08973;1.08933;1.08951;574;0
2024.11.04 10:30;1.08952;1.08956;1.08903;1.08940;593;0
2024.11.04 10:40;1.08939;1.08939;1.08892;1.08899;452;0
2024.11.04 10:50;1.08901;1.08943;1.08893;1.08929;513;0
2024.11.04 11:00;1.08930;1.08963;1.08911;1.08916;546;0
2024.11.04 11:10;1.08916;1.08984;1.08915;1.08958;431;0
2024.11.04 11:20;1.08960;1.08983;1.08920;1.08976;503;0
2024.11.04 11:30;1.08975;1.09022;1.08970;1.09019;433;0
2024.11.04 11:40;1.09019;1.09021;1.08980;1.08981;411;0
2024.11.04 11:50;1.08981;1.08992;1.08949;1.08962;481;0
2024.11.04 12:00;1.08962;1.08983;1.08951;1.08980;417;0
2024.11.04 12:10;1.08979;1.08984;1.08952;1.08960;381;0
2024.11.04 12:20;1.08961;1.08978;1.08936;1.08969;418;0
2024.11.04 12:30;1.08969;1.09009;1.08966;1.09007;323;0
2024.11.04 12:40;1.09008;1.09028;1.08989;1.08996;339;0
2024.11.04 12:50;1.08997;1.09020;1.08980;1.09016;305;0
2024.11.04 13:00;1.09015;1.09047;1.09007;1.09037;440;0
2024.11.04 13:10;1.09037;1.09043;1.09014;1.09025;356;0
2024.11.04 13:20;1.09024;1.09043;1.09002;1.09014;381;0
2024.11.04 13:30;1.09015;1.09078;1.08995;1.09067;377;0
2024.11.04 13:40;1.09066;1.09105;1.09065;1.09102;317;0
2024.11.04 13:50;1.09102;1.09141;1.09092;1.09135;312;0
2024.11.04 14:00;1.09134;1.09147;1.09070;1.09077;470;0
2024.11.04 14:10;1.09076;1.09077;1.09025;1.09056;427;0
2024.11.04 14:20;1.09056;1.09097;1.09056;1.09082;371;0
2024.11.04 14:30;1.09082;1.09089;1.09055;1.09069;286;0
2024.11.04 14:40;1.09067;1.09067;1.09019;1.09035;337;0
2024.11.04 14:50;1.09037;1.09067;1.09015;1.09046;411;0
2024.11.04 15:00;1.09045;1.09077;1.09027;1.09041;447;0
2024.11.04 15:10;1.09041;1.09091;1.09038;1.09070;462;0
2024.11.04 15:20;1.09067;1.09067;1.08938;1.08952;631;0
2024.11.04 15:30;1.08953;1.08983;1.08934;1.08971;623;0
2024.11.04 15:40;1.08971;1.08999;1.08968;1.08983;530;0
2024.11.04 15:50;1.08984;1.09092;1.08978;1.09052;571;0
2024.11.04 16:00;1.09053;1.09098;1.09022;1.09081;627;0
2024.11.04 16:10;1.09080;1.09095;1.09028;1.09072;500;0
2024.11.04 16:20;1.09071;1.09072;1.09003;1.09011;535;0
2024.11.04 16:30;1.09011;1.09038;1.09004;1.09026;645;0
2024.11.04 16:40;1.09026;1.09053;1.08997;1.09018;614;0
2024.11.04 16:50;1.09017;1.09022;1.08956;1.08998;675;0
2024.11.04 17:00;1.08997;1.09069;1.08982;1.09024;824;0
2024.11.04 17:10;1.09022;1.09073;1.08996;1.09073;685;0
2024.11.04 17:20;1.09073;1.09081;1.08984;1.09028;663;0
2024.11.04 17:30;1.09026;1.09075;1.09009;1.09070;708;0
2024.11.04 17:40;1.09071;1.09073;1.08960;1.08967;661;0
2024.11.04 17:50;1.08967;1.08994;1.08960;1.08993;514;0
2024.11.04 18:00;1.08995;1.09010;1.08921;1.08943;539;0
2024.11.04 18:10;1.08944;1.08956;1.08896;1.08911;580;0
2024.11.04 18:20;1.08912;1.08921;1.08858;1.08888;490;0
2024.11.04 18:30;1.08889;1.08919;1.08874;1.08878;453;0
2024.11.04 18:40;1.08877;1.08896;1.08842;1.08849;505;0
2024.11.04 18:50;1.08850;1.08857;1.08803;1.08840;526;0
2024.11.04 19:00;1.08840;1.08844;1.08798;1.08812;467;0
2024.11.04 19:10;1.08813;1.08866;1.08807;1.08862;394;0
2024.11.04 19:20;1.08861;1.08934;1.08858;1.08922;426;0
2024.11.04 19:30;1.08923;1.08938;1.08867;1.08867;347;0
2024.11.04 19:40;1.08868;1.08868;1.08825;1.08852;443;0
2024.11.04 19:50;1.08853;1.08888;1.08840;1.08887;307;0
2024.11.04 20:00;1.08888;1.08891;1.08806;1.08825;401;0
2024.11.04 20:10;1.08825;1.08864;1.08817;1.08847;520;0
2024.11.04 20:20;1.08844;1.08844;1.08797;1.08799;404;0
2024.11.04 20:30;1.08800;1.08833;1.08781;1.08828;383;0
2024.11.04 20:40;1.08829;1.08867;1.08829;1.08866;345;0
2024.11.04 20:50;1.08865;1.08872;1.08832;1.08851;327;0
2024.11.04 21:00;1.08852;1.08856;1.08808;1.08825;336;0
2024.11.04 21:10;1.08825;1.08828;1.08802;1.08806;340;0
2024.11.04 21:20;1.08807;1.08822;1.08796;1.08796;216;0
2024.11.04 21:30;1.08797;1.08823;1.08776;1.08822;280;0
2024.11.04 21:40;1.08823;1.08835;1.08805;1.08807;242;0
2024.11.04 21:50;1.08807;1.08814;1.08777;1.08788;293;0
2024.11.04 22:00;1.08787;1.08801;1.08771;1.08784;226;0
2024.11.04 22:10;1.08784;1.08809;1.08783;1.08809;227;0
2024.11.04 22:20;1.08810;1.08815;1.08781;1.08787;228;0
2024.11.04 22:30;1.08784;1.08784;1.08756;1.08758;242;0
2024.11.04 22:40;1.08759;1.08788;1.08756;1.08767;248;0
2024.11.04 22:50;1.08768;1.08771;1.08754;1.08755;274;0
2024.11.04 23:00;1.08754;1.08762;1.08742;1.08752;173;0
2024.11.04 23:10;1.08753;1.08757;1.08739;1.08754;133;0
2024.11.04 23:20;1.08754;1.08754;1.08743;1.08743;167;0
2024.11.04 23:30;1.08743;1.08762;1.08743;1.08756;124;0
2024.11.04 23:40;1.08757;1.08771;1.08751;1.08771;125;0
2024.11.04 23:50;1.08771;1.08777;1.08758;1.08761;172;0
2024.11.05 00:00;1.08726;1.08794;1.08726;1.08781;28;4
2024.11.05 00:10;1.08780;1.08780;1.08766;1.08769;59;6
2024.11.05 00:20;1.08770;1.08780;1.08770;1.08780;40;6
2024.11.05 00:30;1.08781;1.08786;1.08777;1.08784;48;6
2024.11.05 00:40;1.08783;1.08785;1.08780;1.08783;41;6
2024.11.05 00:50;1.08784;1.08792;1.08783;1.08786;54;7
2024.11.05 01:00;1.08790;1.08792;1.08780;1.08785;44;0
2024.11.05 01:10;1.08785;1.08786;1.08774;1.08779;57;0
2024.11.05 01:20;1.08778;1.08781;1.08773;1.08775;61;0
2024.11.05 01:30;1.08774;1.08774;1.08755;1.08756;88;0
2024.11.05 01:40;1.08756;1.08757;1.08740;1.08745;109;0
2024.11.05 01:50;1.08745;1.08746;1.08734;1.08736;119;0
2024.11.05 02:00;1.08736;1.08745;1.08730;1.08731;165;0
2024.11.05 02:10;1.08731;1.08758;1.08730;1.08753;142;0
2024.11.05 02:20;1.08753;1.08755;1.08743;1.08748;119;0
2024.11.05 02:30;1.08747;1.08749;1.08725;1.08742;179;0
2024.11.05 02:40;1.08743;1.08753;1.08737;1.08744;186;0
2024.11.05 02:50;1.08745;1.08766;1.08745;1.08757;243;0
2024.11.05 03:00;1.08756;1.08761;1.08733;1.08740;257;0
2024.11.05 03:10;1.08740;1.08744;1.08729;1.08733;222;0
2024.11.05 03:20;1.08734;1.08743;1.08730;1.08739;229;0
2024.11.05 03:30;1.08740;1.08750;1.08733;1.08749;248;0
2024.11.05 03:40;1.08750;1.08781;1.08749;1.08779;255;0
2024.11.05 03:50;1.08779;1.08780;1.08763;1.08776;321;0
2024.11.05 04:00;1.08776;1.08784;1.08765;1.08771;206;0
2024.11.05 04:10;1.08772;1.08794;1.08772;1.08790;180;0
2024.11.05 04:20;1.08789;1.08790;1.08769;1.08787;173;0
2024.11.05 04:30;1.08788;1.08799;1.08786;1.08789;163;0
2024.11.05 04:40;1.08789;1.08790;1.08752;1.08766;180;0
2024.11.05 04:50;1.08767;1.08780;1.08767;1.08772;167;0
2024.11.05 05:00;1.08773;1.08779;1.08771;1.08777;222;0
2024.11.05 05:10;1.08777;1.08785;1.08768;1.08784;159;0
2024.11.05 05:20;1.08784;1.08789;1.08778;1.08785;171;0
2024.11.05 05:30;1.08783;1.08795;1.08771;1.08774;191;0
2024.11.05 05:40;1.08774;1.08780;1.08764;1.08771;160;0
2024.11.05 05:50;1.08772;1.08774;1.08752;1.08758;164;0
2024.11.05 06:00;1.08757;1.08769;1.08752;1.08763;161;0
2024.11.05 06:10;1.08763;1.08780;1.08759;1.08777;174;0
2024.11.05 06:20;1.08778;1.08784;1.08767;1.08778;153;0
2024.11.05 06:30;1.08777;1.08779;1.08768;1.08774;189;0
2024.11.05 06:40;1.08774;1.08774;1.08746;1.08748;231;0
2024.11.05 06:50;1.08747;1.08755;1.08743;1.08753;165;0
2024.11.05 07:00;1.08752;1.08770;1.08749;1.08763;159;0
2024.11.05 07:10;1.08764;1.08770;1.08762;1.08767;139;0
2024.11.05 07:20;1.08768;1.08773;1.08768;1.08769;154;0
2024.11.05 07:30;1.08768;1.08796;1.08768;1.08796;135;0
2024.11.05 07:40;1.08796;1.08800;1.08789;1.08796;116;0
2024.11.05 07:50;1.08797;1.08797;1.08783;1.08785;124;0
2024.11.05 08:00;1.08785;1.08803;1.08775;1.08792;199;0
2024.11.05 08:10;1.08794;1.08795;1.08779;1.08794;170;0
2024.11.05 08:20;1.08793;1.08796;1.08770;1.08779;220;0
2024.11.05 08:30;1.08780;1.08798;1.08777;1.08798;155;0
2024.11.05 08:40;1.08799;1.08800;1.08778;1.08785;168;0
2024.11.05 08:50;1.08785;1.08821;1.08782;1.08808;153;0
2024.11.05 09:00;1.08809;1.08865;1.08809;1.08864;409;0
2024.11.05 09:10;1.08864;1.08898;1.08850;1.08880;352;0
2024.11.05 09:20;1.08879;1.08882;1.08851;1.08874;283;0
2024.11.05 09:30;1.08875;1.08907;1.08867;1.08904;275;0
2024.11.05 09:40;1.08904;1.08905;1.08871;1.08874;264;0
2024.11.05 09:50;1.08875;1.08890;1.08858;1.08885;281;0
2024.11.05 10:00;1.08886;1.08902;1.08857;1.08869;450;0
2024.11.05 10:10;1.08869;1.08896;1.08842;1.08886;491;0
2024.11.05 10:20;1.08886;1.08898;1.08867;1.08882;448;0
2024.11.05 10:30;1.08883;1.08941;1.08879;1.08928;346;0
2024.11.05 10:40;1.08928;1.08933;1.08909;1.08925;375;0
2024.11.05 10:50;1.08925;1.08929;1.08905;1.08918;294;0
2024.11.05 11:00;1.08916;1.08971;1.08915;1.08960;422;0
2024.11.05 11:10;1.08960;1.08975;1.08947;1.08957;316;0
2024.11.05 11:20;1.08957;1.08976;1.08923;1.08927;275;0
2024.11.05 11:30;1.08926;1.08937;1.08904;1.08907;252;0
2024.11.05 11:40;1.08907;1.08931;1.08905;1.08923;217;0
2024.11.05 11:50;1.08924;1.08924;1.08901;1.08917;247;0
2024.11.05 12:00;1.08919;1.08935;1.08911;1.08931;267;0
2024.11.05 12:10;1.08930;1.08940;1.08909;1.08928;285;0
2024.11.05 12:20;1.08927;1.08933;1.08908;1.08919;235;0
2024.11.05 12:30;1.08919;1.08934;1.08911;1.08928;225;0
2024.11.05 12:40;1.08928;1.08944;1.08921;1.08937;227;0
2024.11.05 12:50;1.08937;1.08945;1.08920;1.08940;214;0
2024.11.05 13:00;1.08941;1.08982;1.08941;1.08964;227;0
2024.11.05 13:10;1.08965;1.08970;1.08928;1.08947;167;0
2024.11.05 13:20;1.08949;1.09015;1.08947;1.09010;205;0
2024.11.05 13:30;1.09011;1.09018;1.08973;1.08988;255;0
2024.11.05 13:40;1.08988;1.09012;1.08981;1.08996;259;0
2024.11.05 13:50;1.08995;1.09002;1.08976;1.08995;245;0
2024.11.05 14:00;1.08996;1.09015;1.08990;1.08997;254;0
2024.11.05 14:10;1.08998;1.09008;1.08961;1.08969;207;0
2024.11.05 14:20;1.08969;1.08969;1.08946;1.08957;231;0
2024.11.05 14:30;1.08957;1.08973;1.08946;1.08967;170;0
2024.11.05 14:40;1.08964;1.08976;1.08946;1.08949;196;0
2024.11.05 14:50;1.08950;1.08972;1.08938;1.08956;337;0
2024.11.05 15:00;1.08957;1.08982;1.08945;1.08967;315;0
2024.11.05 15:10;1.08966;1.08972;1.08943;1.08951;241;0
2024.11.05 15:20;1.08950;1.08955;1.08925;1.08925;283;0
2024.11.05 15:30;1.08927;1.08986;1.08894;1.08983;513;1
2024.11.05 15:40;1.08984;1.08986;1.08948;1.08956;435;1
2024.11.05 15:50;1.08955;1.08958;1.08920;1.08926;455;0
2024.11.05 16:00;1.08927;1.08971;1.08924;1.08967;478;0
2024.11.05 16:10;1.08966;1.09056;1.08962;1.09056;459;0
2024.11.05 16:20;1.09055;1.09109;1.09052;1.09073;556;0
2024.11.05 16:30;1.09073;1.09111;1.09058;1.09074;721;2
2024.11.05 16:40;1.09075;1.09100;1.09017;1.09035;812;1
2024.11.05 16:50;1.09035;1.09061;1.09029;1.09061;509;0
2024.11.05 17:00;1.09062;1.09062;1.08897;1.08950;1260;2
2024.11.05 17:10;1.08950;1.08997;1.08944;1.08996;889;2
2024.11.05 17:20;1.08995;1.09074;1.08982;1.09036;730;2
2024.11.05 17:30;1.09037;1.09121;1.09037;1.09046;700;2
2024.11.05 17:40;1.09046;1.09096;1.09023;1.09069;741;2
2024.11.05 17:50;1.09068;1.09076;1.09012;1.09019;742;2
2024.11.05 18:00;1.09018;1.09121;1.09009;1.09120;671;0
2024.11.05 18:10;1.09120;1.09165;1.09103;1.09161;556;0
2024.11.05 18:20;1.09162;1.09195;1.09139;1.09151;536;0
2024.11.05 18:30;1.09151;1.09186;1.09149;1.09172;424;0
2024.11.05 18:40;1.09173;1.09193;1.09139;1.09180;498;0
2024.11.05 18:50;1.09181;1.09206;1.09180;1.09199;340;0
2024.11.05 19:00;1.09200;1.09219;1.09180;1.09214;370;0
2024.11.05 19:10;1.09215;1.09250;1.09215;1.09230;309;0
2024.11.05 19:20;1.09231;1.09248;1.09211;1.09246;275;0
2024.11.05 19:30;1.09246;1.09269;1.09232;1.09265;239;0
2024.11.05 19:40;1.09265;1.09299;1.09259;1.09288;301;0
2024.11.05 19:50;1.09289;1.09304;1.09269;1.09302;305;0
2024.11.05 20:00;1.09302;1.09337;1.09289;1.09320;429;0
2024.11.05 20:10;1.09319;1.09346;1.09308;1.09346;409;0
2024.11.05 20:20;1.09347;1.09359;1.09331;1.09354;344;0
2024.11.05 20:30;1.09355;1.09365;1.09315;1.09319;480;0
2024.11.05 20:40;1.09319;1.09351;1.09314;1.09329;370;0
2024.11.05 20:50;1.09330;1.09356;1.09287;1.09303;401;0
2024.11.05 21:00;1.09303;1.09308;1.09270;1.09285;448;0
2024.11.05 21:10;1.09285;1.09297;1.09275;1.09284;348;0
2024.11.05 21:20;1.09283;1.09334;1.09269;1.09316;381;0
2024.11.05 21:30;1.09317;1.09321;1.09299;1.09307;341;0
2024.11.05 21:40;1.09309;1.09330;1.09304;1.09319;244;0
2024.11.05 21:50;1.09319;1.09341;1.09309;1.09309;356;0
2024.11.05 22:00;1.09310;1.09310;1.09268;1.09274;280;0
2024.11.05 22:10;1.09275;1.09299;1.09274;1.09284;246;0
2024.11.05 22:20;1.09284;1.09290;1.09277;1.09278;301;0
2024.11.05 22:30;1.09277;1.09282;1.09266;1.09269;277;0
2024.11.05 22:40;1.09269;1.09272;1.09245;1.09249;248;0
2024.11.05 22:50;1.09248;1.09265;1.09241;1.09251;222;0
2024.11.05 23:00;1.09250;1.09269;1.09241;1.09251;172;0
2024.11.05 23:10;1.09250;1.09264;1.09249;1.09262;161;0
2024.11.05 23:20;1.09262;1.09263;1.09249;1.09251;131;0
2024.11.05 23:30;1.09249;1.09271;1.09244;1.09269;123;0
2024.11.05 23:40;1.09269;1.09295;1.09256;1.09285;167;1
2024.11.05 23:50;1.09284;1.09315;1.09281;1.09282;185;0
2024.11.06 00:00;1.09268;1.09279;1.09241;1.09256;63;43
2024.11.06 00:10;1.09256;1.09280;1.09253;1.09258;65;50
2024.11.06 00:20;1.09259;1.09285;1.09246;1.09285;25;23
2024.11.06 00:30;1.09285;1.09292;1.09255;1.09268;36;6
2024.11.06 00:40;1.09268;1.09268;1.09266;1.09266;6;9
2024.11.06 00:50;1.09266;1.09269;1.09232;1.09233;95;11
2024.11.06 01:00;1.09232;1.09266;1.09229;1.09235;273;0
2024.11.06 01:10;1.09235;1.09236;1.09119;1.09150;340;0
2024.11.06 01:20;1.09149;1.09176;1.09137;1.09172;271;0
2024.11.06 01:30;1.09175;1.09217;1.09166;1.09194;310;0
2024.11.06 01:40;1.09196;1.09293;1.09187;1.09281;519;0
2024.11.06 01:50;1.09283;1.09372;1.09276;1.09340;480;0
2024.11.06 02:00;1.09340;1.09341;1.09166;1.09203;879;0
2024.11.06 02:10;1.09204;1.09207;1.08838;1.08875;1366;0
2024.11.06 02:20;1.08876;1.08927;1.08789;1.08789;1338;0
2024.11.06 02:30;1.08787;1.08822;1.08585;1.08598;1601;0
2024.11.06 02:40;1.08599;1.08619;1.08320;1.08443;1557;0
2024.11.06 02:50;1.08443;1.08551;1.08343;1.08363;1208;0
2024.11.06 03:00;1.08363;1.08432;1.08215;1.08371;1575;0
2024.11.06 03:10;1.08374;1.08573;1.08341;1.08457;1346;0
2024.11.06 03:20;1.08458;1.08484;1.08338;1.08355;1045;0
2024.11.06 03:30;1.08356;1.08395;1.08280;1.08320;1184;2
2024.11.06 03:40;1.08320;1.08491;1.08283;1.08439;1118;0
2024.11.06 03:50;1.08437;1.08504;1.08348;1.08363;1046;0
2024.11.06 04:00;1.08364;1.08392;1.08187;1.08196;1120;0
2024.11.06 04:10;1.08197;1.08204;1.08034;1.08091;1329;0
2024.11.06 04:20;1.08079;1.08187;1.07820;1.07821;1298;0
2024.11.06 04:30;1.07821;1.07926;1.07640;1.07783;1580;0
2024.11.06 04:40;1.07783;1.07874;1.07678;1.07814;1412;0
2024.11.06 04:50;1.07813;1.07838;1.07614;1.07622;1314;0
2024.11.06 05:00;1.07624;1.07702;1.07464;1.07698;1418;0
2024.11.06 05:10;1.07699;1.07796;1.07495;1.07539;1410;0
2024.11.06 05:20;1.07536;1.07713;1.07536;1.07616;1259;0
2024.11.06 05:30;1.07616;1.07635;1.07390;1.07403;1102;0
2024.11.06 05:40;1.07406;1.07438;1.07190;1.07352;1420;0
2024.11.06 05:50;1.07353;1.07482;1.07294;1.07465;1163;0
2024.11.06 06:00;1.07466;1.07551;1.07394;1.07505;1155;0
2024.11.06 06:10;1.07506;1.07663;1.07470;1.07597;1118;0
2024.11.06 06:20;1.07598;1.07604;1.07529;1.07543;849;0
2024.11.06 06:30;1.07543;1.07733;1.07519;1.07699;999;0
2024.11.06 06:40;1.07697;1.07883;1.07652;1.07679;1103;0
2024.11.06 06:50;1.07678;1.07795;1.07608;1.07778;910;0
2024.11.06 07:00;1.07777;1.07947;1.07745;1.07814;1246;0
2024.11.06 07:10;1.07807;1.07903;1.07696;1.07849;1203;0
2024.11.06 07:20;1.07850;1.07933;1.07682;1.07761;1318;0
2024.11.06 07:30;1.07763;1.07764;1.07509;1.07607;1219;0
2024.11.06 07:40;1.07608;1.07665;1.07525;1.07620;1056;0
2024.11.06 07:50;1.07620;1.07642;1.07548;1.07597;980;0
2024.11.06 08:00;1.07601;1.07615;1.07413;1.07473;1074;0
2024.11.06 08:10;1.07473;1.07481;1.07263;1.07340;1079;0
2024.11.06 08:20;1.07339;1.07347;1.07204;1.07204;959;0
2024.11.06 08:30;1.07203;1.07266;1.07092;1.07108;1192;0
2024.11.06 08:40;1.07108;1.07245;1.07028;1.07180;1137;0
2024.11.06 08:50;1.07180;1.07279;1.07087;1.07253;1135;0
2024.11.06 09:00;1.07263;1.07426;1.07263;1.07408;1322;1
2024.11.06 09:10;1.07404;1.07489;1.07298;1.07489;1238;0
2024.11.06 09:20;1.07502;1.07524;1.07396;1.07494;1147;0
2024.11.06 09:30;1.07492;1.07498;1.07387;1.07394;1117;0
2024.11.06 09:40;1.07395;1.07429;1.07283;1.07415;1190;0
2024.11.06 09:50;1.07414;1.07420;1.07271;1.07343;1072;0
2024.11.06 10:00;1.07338;1.07470;1.07318;1.07427;1177;0
2024.11.06 10:10;1.07426;1.07460;1.07367;1.07459;1069;0
2024.11.06 10:20;1.07458;1.07549;1.07412;1.07507;883;0
2024.11.06 10:30;1.07512;1.07708;1.07471;1.07600;1102;0
2024.11.06 10:40;1.07600;1.07745;1.07589;1.07721;1045;0
2024.11.06 10:50;1.07720;1.07813;1.07685;1.07731;894;0
2024.11.06 11:00;1.07727;1.07727;1.07618;1.07664;863;0
2024.11.06 11:10;1.07666;1.07740;1.07610;1.07610;829;0
2024.11.06 11:20;1.07610;1.07641;1.07499;1.07559;980;0
2024.11.06 11:30;1.07558;1.07648;1.07533;1.07552;821;1
2024.11.06 11:40;1.07553;1.07633;1.07520;1.07626;889;0
2024.11.06 11:50;1.07627;1.07644;1.07544;1.07553;810;0
2024.11.06 12:00;1.07552;1.07574;1.07463;1.07463;712;0
2024.11.06 12:10;1.07463;1.07503;1.07415;1.07489;690;0
2024.11.06 12:20;1.07489;1.07617;1.07484;1.07580;706;0
2024.11.06 12:30;1.07579;1.07584;1.07494;1.07511;591;0
2024.11.06 12:40;1.07510;1.07522;1.07475;1.07493;599;0
2024.11.06 12:50;1.07493;1.07528;1.07462;1.07463;622;0
2024.11.06 13:00;1.07463;1.07466;1.07320;1.07326;851;1
2024.11.06 13:10;1.07326;1.07347;1.07192;1.07211;962;0
2024.11.06 13:20;1.07210;1.07243;1.07137;1.07168;1017;1
2024.11.06 13:30;1.07170;1.07215;1.07110;1.07153;937;0
2024.11.06 13:40;1.07151;1.07158;1.07052;1.07077;951;0
2024.11.06 13:50;1.07077;1.07118;1.07012;1.07081;961;0
2024.11.06 14:00;1.07081;1.07188;1.07063;1.07130;1068;1
2024.11.06 14:10;1.07129;1.07138;1.07066;1.07069;811;0
2024.11.06 14:20;1.07068;1.07072;1.06968;1.06975;1019;0
2024.11.06 14:30;1.06972;1.07005;1.06827;1.06939;1038;0
2024.11.06 14:40;1.06943;1.06978;1.06841;1.06873;894;0
2024.11.06 14:50;1.06872;1.06989;1.06862;1.06886;832;0
2024.11.06 15:00;1.06881;1.06964;1.06825;1.06948;953;0
2024.11.06 15:10;1.06948;1.07146;1.06948;1.07051;1076;0
2024.11.06 15:20;1.07059;1.07099;1.06992;1.07042;843;0
2024.11.06 15:30;1.07042;1.07135;1.07025;1.07114;788;0
2024.11.06 15:40;1.07116;1.07135;1.07025;1.07025;838;0
2024.11.06 15:50;1.07027;1.07192;1.07024;1.07097;833;0
2024.11.06 16:00;1.07100;1.07199;1.07086;1.07138;815;0
2024.11.06 16:10;1.07133;1.07198;1.07132;1.07157;870;0
2024.11.06 16:20;1.07153;1.07180;1.07091;1.07093;854;0
2024.11.06 16:30;1.07093;1.07112;1.06996;1.07077;1061;0
2024.11.06 16:40;1.07077;1.07123;1.07043;1.07079;893;0
2024.11.06 16:50;1.07078;1.07192;1.06983;1.07157;1007;0
2024.11.06 17:00;1.07157;1.07375;1.07157;1.07319;1220;0
2024.11.06 17:10;1.07316;1.07344;1.07218;1.07231;1063;0
2024.11.06 17:20;1.07235;1.07293;1.07140;1.07284;976;0
2024.11.06 17:30;1.07284;1.07320;1.07209;1.07218;1081;0
2024.11.06 17:40;1.07221;1.07345;1.07202;1.07345;1016;0
2024.11.06 17:50;1.07345;1.07398;1.07294;1.07384;1073;0
2024.11.06 18:00;1.07381;1.07453;1.07346;1.07394;881;0
2024.11.06 18:10;1.07393;1.07417;1.07284;1.07318;859;0
2024.11.06 18:20;1.07319;1.07357;1.07276;1.07307;854;0
2024.11.06 18:30;1.07307;1.07319;1.07264;1.07286;675;0
2024.11.06 18:40;1.07285;1.07327;1.07263;1.07281;576;0
2024.11.06 18:50;1.07282;1.07323;1.07260;1.07312;659;0
2024.11.06 19:00;1.07313;1.07348;1.07273;1.07344;603;0
2024.11.06 19:10;1.07350;1.07423;1.07349;1.07355;666;0
2024.11.06 19:20;1.07356;1.07448;1.07339;1.07424;648;0
2024.11.06 19:30;1.07424;1.07424;1.07374;1.07380;631;0
2024.11.06 19:40;1.07381;1.07397;1.07309;1.07320;463;0
2024.11.06 19:50;1.07320;1.07336;1.07256;1.07274;545;0
2024.11.06 20:00;1.07273;1.07369;1.07262;1.07359;837;0
2024.11.06 20:10;1.07361;1.07538;1.07360;1.07535;741;0
2024.11.06 20:20;1.07535;1.07582;1.07504;1.07536;719;0
2024.11.06 20:30;1.07536;1.07552;1.07466;1.07485;542;0
2024.11.06 20:40;1.07484;1.07552;1.07473;1.07539;475;0
2024.11.06 20:50;1.07544;1.07575;1.07514;1.07529;581;0
2024.11.06 21:00;1.07530;1.07534;1.07462;1.07465;625;0
2024.11.06 21:10;1.07464;1.07469;1.07380;1.07397;668;0
2024.11.06 21:20;1.07396;1.07462;1.07388;1.07426;509;0
2024.11.06 21:30;1.07424;1.07450;1.07337;1.07338;533;0
2024.11.06 21:40;1.07338;1.07360;1.07298;1.07316;536;0
2024.11.06 21:50;1.07315;1.07353;1.07303;1.07352;538;0
2024.11.06 22:00;1.07352;1.07384;1.07331;1.07380;534;0
2024.11.06 22:10;1.07381;1.07383;1.07337;1.07338;546;0
2024.11.06 22:20;1.07338;1.07367;1.07327;1.07358;582;0
2024.11.06 22:30;1.07359;1.07377;1.07344;1.07358;472;0
2024.11.06 22:40;1.07358;1.07366;1.07341;1.07356;401;0
2024.11.06 22:50;1.07356;1.07374;1.07335;1.07351;621;0
2024.11.06 23:00;1.07350;1.07359;1.07322;1.07332;354;0
2024.11.06 23:10;1.07334;1.07336;1.07297;1.07306;208;0
2024.11.06 23:20;1.07306;1.07311;1.07293;1.07306;168;0
2024.11.06 23:30;1.07304;1.07318;1.07301;1.07310;115;0
2024.11.06 23:40;1.07311;1.07323;1.07293;1.07293;171;0
2024.11.06 23:50;1.07294;1.07307;1.07233;1.07249;197;0
2024.11.07 00:00;1.07238;1.07310;1.07228;1.07298;71;7
2024.11.07 00:10;1.07298;1.07298;1.07283;1.07291;163;13
2024.11.07 00:20;1.07293;1.07299;1.07272;1.07284;52;15
2024.11.07 00:30;1.07283;1.07289;1.07272;1.07276;125;14
2024.11.07 00:40;1.07277;1.07284;1.07272;1.07278;104;4
2024.11.07 00:50;1.07279;1.07291;1.07258;1.07291;106;13
2024.11.07 01:00;1.07292;1.07342;1.07292;1.07318;140;0
2024.11.07 01:10;1.07320;1.07338;1.07313;1.07322;168;0
2024.11.07 01:20;1.07323;1.07327;1.07307;1.07313;120;0
2024.11.07 01:30;1.07314;1.07321;1.07301;1.07312;133;0
2024.11.07 01:40;1.07313;1.07345;1.07307;1.07344;127;0
2024.11.07 01:50;1.07344;1.07344;1.07310;1.07316;179;0
2024.11.07 02:00;1.07316;1.07372;1.07312;1.07367;266;0
2024.11.07 02:10;1.07367;1.07368;1.07335;1.07336;308;0
2024.11.07 02:20;1.07336;1.07336;1.07259;1.07283;333;0
2024.11.07 02:30;1.07285;1.07304;1.07267;1.07279;290;0
2024.11.07 02:40;1.07279;1.07303;1.07236;1.07243;290;0
2024.11.07 02:50;1.07244;1.07250;1.07204;1.07210;478;0
2024.11.07 03:00;1.07210;1.07277;1.07207;1.07272;447;0
2024.11.07 03:10;1.07273;1.07285;1.07178;1.07181;515;0
2024.11.07 03:20;1.07180;1.07185;1.07129;1.07140;588;0
2024.11.07 03:30;1.07142;1.07152;1.07128;1.07148;460;0
2024.11.07 03:40;1.07149;1.07227;1.07148;1.07208;473;0
2024.11.07 03:50;1.07208;1.07209;1.07151;1.07176;422;0
2024.11.07 04:00;1.07176;1.07271;1.07174;1.07270;452;0
2024.11.07 04:10;1.07271;1.07275;1.07246;1.07274;330;0
2024.11.07 04:20;1.07274;1.07305;1.07261;1.07292;341;0
2024.11.07 04:30;1.07293;1.07337;1.07277;1.07316;393;0
2024.11.07 04:40;1.07315;1.07345;1.07311;1.07344;456;0
2024.11.07 04:50;1.07344;1.07369;1.07330;1.07367;382;0
2024.11.07 05:00;1.07367;1.07375;1.07320;1.07324;357;0
2024.11.07 05:10;1.07324;1.07363;1.07324;1.07362;306;0
2024.11.07 05:20;1.07362;1.07379;1.07353;1.07373;363;0
2024.11.07 05:30;1.07375;1.07401;1.07365;1.07386;328;0
2024.11.07 05:40;1.07386;1.07410;1.07383;1.07403;289;0
2024.11.07 05:50;1.07402;1.07414;1.07388;1.07398;237;0
2024.11.07 06:00;1.07397;1.07399;1.07341;1.07362;257;0
2024.11.07 06:10;1.07360;1.07425;1.07360;1.07421;311;0
2024.11.07 06:20;1.07422;1.07455;1.07402;1.07407;369;0
2024.11.07 06:30;1.07404;1.07413;1.07387;1.07389;283;0
2024.11.07 06:40;1.07388;1.07394;1.07372;1.07382;242;0
2024.11.07 06:50;1.07382;1.07390;1.07361;1.07378;179;0
2024.11.07 07:00;1.07378;1.07407;1.07373;1.07406;313;0
2024.11.07 07:10;1.07406;1.07418;1.07399;1.07416;281;0
2024.11.07 07:20;1.07416;1.07419;1.07377;1.07410;291;0
2024.11.07 07:30;1.07410;1.07421;1.07401;1.07414;250;0
2024.11.07 07:40;1.07416;1.07463;1.07412;1.07458;283;0
2024.11.07 07:50;1.07458;1.07478;1.07447;1.07461;322;0
2024.11.07 08:00;1.07461;1.07464;1.07415;1.07419;437;0
2024.11.07 08:10;1.07418;1.07439;1.07409;1.07439;270;0
2024.11.07 08:20;1.07438;1.07467;1.07426;1.07467;281;0
2024.11.07 08:30;1.07469;1.07479;1.07446;1.07450;391;0
2024.11.07 08:40;1.07451;1.07495;1.07445;1.07476;347;0
2024.11.07 08:50;1.07477;1.07505;1.07446;1.07500;431;0
2024.11.07 09:00;1.07475;1.07572;1.07450;1.07572;739;1
2024.11.07 09:10;1.07571;1.07647;1.07561;1.07625;865;1
2024.11.07 09:20;1.07625;1.07700;1.07619;1.07645;785;0
2024.11.07 09:30;1.07645;1.07654;1.07565;1.07567;653;0
2024.11.07 09:40;1.07567;1.07608;1.07552;1.07577;578;0
2024.11.07 09:50;1.07576;1.07577;1.07502;1.07520;668;0
2024.11.07 10:00;1.07521;1.07571;1.07491;1.07560;896;0
2024.11.07 10:10;1.07561;1.07709;1.07527;1.07709;846;0
2024.11.07 10:20;1.07709;1.07710;1.07674;1.07682;722;0
2024.11.07 10:30;1.07681;1.07690;1.07608;1.07608;609;0
2024.11.07 10:40;1.07608;1.07636;1.07562;1.07635;705;0
2024.11.07 10:50;1.07635;1.07716;1.07635;1.07688;535;0
2024.11.07 11:00;1.07687;1.07689;1.07630;1.07653;702;0
2024.11.07 11:10;1.07653;1.07657;1.07567;1.07589;592;0
2024.11.07 11:20;1.07591;1.07628;1.07578;1.07622;497;0
2024.11.07 11:30;1.07623;1.07638;1.07550;1.07569;659;0
2024.11.07 11:40;1.07570;1.07574;1.07519;1.07521;503;0
2024.11.07 11:50;1.07521;1.07530;1.07460;1.07464;427;0
2024.11.07 12:00;1.07464;1.07544;1.07463;1.07516;457;0
2024.11.07 12:10;1.07515;1.07622;1.07515;1.07621;419;0
2024.11.07 12:20;1.07621;1.07666;1.07580;1.07581;445;0
2024.11.07 12:30;1.07581;1.07601;1.07561;1.07561;450;0
2024.11.07 12:40;1.07558;1.07576;1.07524;1.07528;439;0
2024.11.07 12:50;1.07528;1.07566;1.07506;1.07559;425;0
2024.11.07 13:00;1.07560;1.07565;1.07521;1.07544;373;0
2024.11.07 13:10;1.07544;1.07566;1.07528;1.07556;314;0
2024.11.07 13:20;1.07555;1.07620;1.07522;1.07603;373;0
2024.11.07 13:30;1.07604;1.07624;1.07576;1.07593;322;0
2024.11.07 13:40;1.07594;1.07607;1.07562;1.07580;365;0
2024.11.07 13:50;1.07581;1.07602;1.07568;1.07590;336;0
2024.11.07 14:00;1.07590;1.07645;1.07565;1.07640;782;0
2024.11.07 14:10;1.07639;1.07644;1.07602;1.07628;591;0
2024.11.07 14:20;1.07627;1.07696;1.07617;1.07694;540;0
2024.11.07 14:30;1.07694;1.07717;1.07653;1.07686;537;0
2024.11.07 14:40;1.07686;1.07694;1.07654;1.07684;566;0
2024.11.07 14:50;1.07684;1.07780;1.07684;1.07753;741;0
2024.11.07 15:00;1.07754;1.07874;1.07736;1.07845;789;0
2024.11.07 15:10;1.07845;1.07938;1.07829;1.07925;785;0
2024.11.07 15:20;1.07922;1.07926;1.07848;1.07858;686;0
2024.11.07 15:30;1.07859;1.07898;1.07781;1.07829;1058;0
2024.11.07 15:40;1.07830;1.07914;1.07802;1.07912;984;0
2024.11.07 15:50;1.07911;1.07947;1.07881;1.07923;948;0
2024.11.07 16:00;1.07923;1.07932;1.07842;1.07859;813;0
2024.11.07 16:10;1.07860;1.07883;1.07812;1.07881;637;0
2024.11.07 16:20;1.07881;1.07973;1.07876;1.07961;713;0
2024.11.07 16:30;1.07963;1.08032;1.07900;1.08031;872;0
2024.11.07 16:40;1.08029;1.08169;1.08024;1.08082;867;0
2024.11.07 16:50;1.08081;1.08148;1.08077;1.08094;774;0
2024.11.07 17:00;1.08092;1.08165;1.08062;1.08158;761;0
2024.11.07 17:10;1.08156;1.08198;1.08116;1.08123;696;0
2024.11.07 17:20;1.08122;1.08199;1.08112;1.08186;756;0
2024.11.07 17:30;1.08186;1.08247;1.08132;1.08153;783;0
2024.11.07 17:40;1.08153;1.08155;1.08050;1.08108;676;0
2024.11.07 17:50;1.08108;1.08180;1.08076;1.08109;942;0
2024.11.07 18:00;1.08110;1.08148;1.07998;1.08010;858;0
2024.11.07 18:10;1.08010;1.08010;1.07868;1.07874;781;0
2024.11.07 18:20;1.07875;1.07889;1.07846;1.07863;729;0
2024.11.07 18:30;1.07865;1.07928;1.07856;1.07912;573;0
2024.11.07 18:40;1.07910;1.07949;1.07871;1.07915;510;0
2024.11.07 18:50;1.07915;1.07930;1.07869;1.07915;537;0
2024.11.07 19:00;1.07915;1.07925;1.07874;1.07923;481;0
2024.11.07 19:10;1.07920;1.07979;1.07916;1.07947;496;0
2024.11.07 19:20;1.07946;1.08004;1.07944;1.07997;363;0
2024.11.07 19:30;1.07998;1.08018;1.07980;1.07999;431;0
2024.11.07 19:40;1.08002;1.08023;1.07989;1.08019;293;0
2024.11.07 19:50;1.08018;1.08063;1.08015;1.08047;334;0
2024.11.07 20:00;1.08051;1.08066;1.07946;1.07963;404;0
2024.11.07 20:10;1.07962;1.07996;1.07927;1.07974;376;0
2024.11.07 20:20;1.07974;1.08027;1.07964;1.08013;240;0
2024.11.07 20:30;1.08013;1.08016;1.07984;1.07995;321;0
2024.11.07 20:40;1.07996;1.08002;1.07960;1.07988;305;0
2024.11.07 20:50;1.07987;1.08005;1.07967;1.07970;410;0
2024.11.07 21:00;1.07973;1.08034;1.07752;1.07827;1261;0
2024.11.07 21:10;1.07823;1.07929;1.07787;1.07892;901;0
2024.11.07 21:20;1.07889;1.07911;1.07832;1.07837;818;0
2024.11.07 21:30;1.07842;1.07992;1.07842;1.07908;1097;1
2024.11.07 21:40;1.07908;1.07934;1.07670;1.07890;1668;1
2024.11.07 21:50;1.07892;1.07967;1.07810;1.07811;1284;1
2024.11.07 22:00;1.07816;1.08015;1.07799;1.07967;1252;1
2024.11.07 22:10;1.07968;1.08096;1.07967;1.08019;1016;0
2024.11.07 22:20;1.08019;1.08073;1.08005;1.08032;701;0
2024.11.07 22:30;1.08031;1.08049;1.07970;1.07977;660;0
2024.11.07 22:40;1.07974;1.07985;1.07934;1.07948;539;0
2024.11.07 22:50;1.07944;1.08036;1.07931;1.08025;547;0
2024.11.07 23:00;1.08023;1.08024;1.07995;1.08008;303;0
2024.11.07 23:10;1.08008;1.08033;1.07993;1.08033;185;0
2024.11.07 23:20;1.08034;1.08035;1.07998;1.08018;166;0
2024.11.07 23:30;1.08018;1.08028;1.08004;1.08019;94;0
2024.11.07 23:40;1.08007;1.08014;1.08001;1.08011;110;25
2024.11.07 23:50;1.08012;1.08032;1.08007;1.08032;124;25
2024.11.08 00:00;1.08044;1.08048;1.08028;1.08034;25;9
2024.11.08 00:10;1.08032;1.08041;1.08032;1.08036;19;5
2024.11.08 00:20;1.08036;1.08036;1.08023;1.08031;81;10
2024.11.08 00:30;1.08031;1.08053;1.08031;1.08048;26;4
2024.11.08 00:40;1.08048;1.08049;1.08042;1.08044;157;15
2024.11.08 00:50;1.08045;1.08045;1.08040;1.08040;38;16
2024.11.08 01:00;1.08044;1.08046;1.07996;1.07998;166;0
2024.11.08 01:10;1.07990;1.07999;1.07979;1.07998;210;0
2024.11.08 01:20;1.07999;1.08013;1.07999;1.08002;125;0
2024.11.08 01:30;1.07999;1.08020;1.07996;1.08013;118;0
2024.11.08 01:40;1.08012;1.08019;1.08002;1.08006;141;0
2024.11.08 01:50;1.08004;1.08004;1.07940;1.07954;249;0
2024.11.08 02:00;1.07955;1.07955;1.07896;1.07903;366;0
2024.11.08 02:10;1.07902;1.07957;1.07902;1.07947;271;0
2024.11.08 02:20;1.07947;1.07964;1.07912;1.07940;290;0
2024.11.08 02:30;1.07940;1.07974;1.07934;1.07954;350;0
2024.11.08 02:40;1.07953;1.07953;1.07894;1.07903;320;0
2024.11.08 02:50;1.07904;1.07924;1.07882;1.07905;415;0
2024.11.08 03:00;1.07905;1.07914;1.07866;1.07867;477;0
2024.11.08 03:10;1.07866;1.07873;1.07824;1.07826;371;0
2024.11.08 03:20;1.07827;1.07850;1.07822;1.07829;408;0
2024.11.08 03:30;1.07832;1.07837;1.07790;1.07834;476;0
2024.11.08 03:40;1.07835;1.07877;1.07800;1.07876;429;0
2024.11.08 03:50;1.07875;1.07890;1.07852;1.07869;449;0
2024.11.08 04:00;1.07870;1.07882;1.07846;1.07870;450;0
2024.11.08 04:10;1.07870;1.07898;1.07865;1.07887;384;0
2024.11.08 04:20;1.07888;1.07895;1.07848;1.07862;298;0
2024.11.08 04:30;1.07861;1.07886;1.07796;1.07807;387;0
2024.11.08 04:40;1.07807;1.07828;1.07801;1.07805;502;0
2024.11.08 04:50;1.07806;1.07817;1.07796;1.07809;386;0
2024.11.08 05:00;1.07809;1.07864;1.07808;1.07856;287;0
2024.11.08 05:10;1.07855;1.07888;1.07845;1.07867;258;0
2024.11.08 05:20;1.07867;1.07885;1.07846;1.07850;355;0
2024.11.08 05:30;1.07851;1.07854;1.07797;1.07818;354;0
2024.11.08 05:40;1.07819;1.07828;1.07795;1.07806;264;0
2024.11.08 05:50;1.07807;1.07814;1.07768;1.07780;281;0
2024.11.08 06:00;1.07780;1.07783;1.07765;1.07778;268;0
2024.11.08 06:10;1.07778;1.07839;1.07772;1.07830;357;0
2024.11.08 06:20;1.07830;1.07834;1.07798;1.07819;223;0
2024.11.08 06:30;1.07821;1.07821;1.07786;1.07814;226;0
2024.11.08 06:40;1.07815;1.07821;1.07796;1.07813;183;0
2024.11.08 06:50;1.07814;1.07830;1.07806;1.07828;159;0
2024.11.08 07:00;1.07829;1.07841;1.07821;1.07828;271;0
2024.11.08 07:10;1.07827;1.07845;1.07816;1.07840;234;0
2024.11.08 07:20;1.07841;1.07865;1.07835;1.07845;227;0
2024.11.08 07:30;1.07844;1.07852;1.07838;1.07843;241;0
2024.11.08 07:40;1.07843;1.07850;1.07808;1.07841;341;0
2024.11.08 07:50;1.07841;1.07851;1.07799;1.07818;331;0
2024.11.08 08:00;1.07818;1.07838;1.07812;1.07816;343;0
2024.11.08 08:10;1.07817;1.07817;1.07733;1.07739;442;0
2024.11.08 08:20;1.07738;1.07779;1.07727;1.07773;354;0
2024.11.08 08:30;1.07774;1.07777;1.07745;1.07757;416;0
2024.11.08 08:40;1.07758;1.07790;1.07748;1.07770;500;0
2024.11.08 08:50;1.07770;1.07774;1.07736;1.07774;373;0
2024.11.08 09:00;1.07774;1.07811;1.07758;1.07796;600;0
2024.11.08 09:10;1.07796;1.07825;1.07755;1.07763;544;0
2024.11.08 09:20;1.07763;1.07798;1.07752;1.07776;509;0
2024.11.08 09:30;1.07777;1.07814;1.07750;1.07794;497;0
2024.11.08 09:40;1.07795;1.07823;1.07788;1.07813;447;0
2024.11.08 09:50;1.07812;1.07838;1.07759;1.07796;627;1
2024.11.08 10:00;1.07797;1.07818;1.07620;1.07622;1264;1
2024.11.08 10:10;1.07621;1.07731;1.07608;1.07720;1159;0
2024.11.08 10:20;1.07720;1.07782;1.07677;1.07775;929;0
2024.11.08 10:30;1.07776;1.07826;1.07743;1.07762;817;0
2024.11.08 10:40;1.07761;1.07799;1.07746;1.07796;736;0
2024.11.08 10:50;1.07795;1.07816;1.07737;1.07789;882;0
2024.11.08 11:00;1.07789;1.07883;1.07779;1.07869;777;0
2024.11.08 11:10;1.07871;1.07893;1.07837;1.07890;643;0
2024.11.08 11:20;1.07890;1.07894;1.07772;1.07807;584;0
2024.11.08 11:30;1.07806;1.07853;1.07801;1.07845;653;1
2024.11.08 11:40;1.07844;1.07852;1.07803;1.07818;529;0
2024.11.08 11:50;1.07819;1.07823;1.07721;1.07791;644;0
2024.11.08 12:00;1.07792;1.07796;1.07746;1.07766;626;0
2024.11.08 12:10;1.07764;1.07780;1.07690;1.07748;536;0
2024.11.08 12:20;1.07747;1.07767;1.07735;1.07763;488;0
2024.11.08 12:30;1.07763;1.07767;1.07671;1.07692;504;0
2024.11.08 12:40;1.07694;1.07722;1.07676;1.07721;511;0
2024.11.08 12:50;1.07719;1.07785;1.07709;1.07785;503;0
2024.11.08 13:00;1.07788;1.07848;1.07786;1.07847;390;0
2024.11.08 13:10;1.07848;1.07925;1.07841;1.07913;426;0
2024.11.08 13:20;1.07914;1.07949;1.07913;1.07946;427;0
2024.11.08 13:30;1.07948;1.07974;1.07911;1.07948;477;0
2024.11.08 13:40;1.07949;1.07949;1.07864;1.07866;426;0
2024.11.08 13:50;1.07867;1.07874;1.07816;1.07829;526;0
2024.11.08 14:00;1.07832;1.07843;1.07801;1.07807;422;0
2024.11.08 14:10;1.07807;1.07807;1.07757;1.07775;477;0
2024.11.08 14:20;1.07772;1.07772;1.07694;1.07716;591;0
2024.11.08 14:30;1.07716;1.07766;1.07680;1.07708;569;0
2024.11.08 14:40;1.07708;1.07732;1.07666;1.07729;513;0
2024.11.08 14:50;1.07729;1.07750;1.07697;1.07719;749;0
2024.11.08 15:00;1.07720;1.07726;1.07662;1.07722;539;0
2024.11.08 15:10;1.07723;1.07723;1.07630;1.07682;604;0
2024.11.08 15:20;1.07681;1.07681;1.07610;1.07627;659;0
2024.11.08 15:30;1.07626;1.07630;1.07452;1.07452;865;0
2024.11.08 15:40;1.07453;1.07526;1.07446;1.07516;717;0
2024.11.08 15:50;1.07515;1.07587;1.07512;1.07529;728;0
2024.11.08 16:00;1.07528;1.07598;1.07515;1.07563;785;0
2024.11.08 16:10;1.07564;1.07596;1.07542;1.07591;674;0
2024.11.08 16:20;1.07592;1.07658;1.07574;1.07651;537;0
2024.11.08 16:30;1.07651;1.07656;1.07583;1.07595;830;0
2024.11.08 16:40;1.07595;1.07606;1.07537;1.07560;763;0
2024.11.08 16:50;1.07561;1.07570;1.07496;1.07515;561;0
2024.11.08 17:00;1.07503;1.07521;1.07416;1.07481;919;0
2024.11.08 17:10;1.07481;1.07506;1.07402;1.07433;819;0
2024.11.08 17:20;1.07433;1.07462;1.07411;1.07427;716;0
2024.11.08 17:30;1.07427;1.07499;1.07418;1.07454;756;0
2024.11.08 17:40;1.07454;1.07520;1.07448;1.07510;670;0
2024.11.08 17:50;1.07509;1.07525;1.07477;1.07483;735;0
2024.11.08 18:00;1.07483;1.07504;1.07363;1.07365;702;0
2024.11.08 18:10;1.07365;1.07386;1.07303;1.07317;692;0
2024.11.08 18:20;1.07315;1.07326;1.07255;1.07295;602;0
2024.11.08 18:30;1.07294;1.07302;1.07230;1.07235;555;0
2024.11.08 18:40;1.07236;1.07262;1.07184;1.07224;601;0
2024.11.08 18:50;1.07224;1.07235;1.07092;1.07097;641;0
2024.11.08 19:00;1.07095;1.07112;1.06966;1.06966;878;0
2024.11.08 19:10;1.06965;1.07004;1.06868;1.06938;795;0
2024.11.08 19:20;1.06934;1.07003;1.06913;1.06978;686;0
2024.11.08 19:30;1.06978;1.07021;1.06960;1.06977;540;0
2024.11.08 19:40;1.06977;1.07037;1.06947;1.07027;511;0
2024.11.08 19:50;1.07027;1.07132;1.07019;1.07091;637;0
2024.11.08 20:00;1.07091;1.07189;1.07080;1.07168;476;0
2024.11.08 20:10;1.07170;1.07188;1.07131;1.07131;452;0
2024.11.08 20:20;1.07131;1.07136;1.07070;1.07071;358;0
2024.11.08 20:30;1.07072;1.07082;1.07040;1.07045;356;0
2024.11.08 20:40;1.07046;1.07046;1.07002;1.07010;389;0
2024.11.08 20:50;1.07011;1.07077;1.06999;1.07068;412;0
2024.11.08 21:00;1.07066;1.07111;1.07055;1.07086;419;0
2024.11.08 21:10;1.07087;1.07120;1.07072;1.07117;324;0
2024.11.08 21:20;1.07116;1.07132;1.07077;1.07088;322;0
2024.11.08 21:30;1.07087;1.07123;1.07069;1.07117;383;0
2024.11.08 21:40;1.07117;1.07132;1.07098;1.07111;315;0
2024.11.08 21:50;1.07111;1.07154;1.07089;1.07135;358;0
2024.11.08 22:00;1.07132;1.07147;1.07104;1.07129;437;0
2024.11.08 22:10;1.07127;1.07146;1.07106;1.07142;338;0
2024.11.08 22:20;1.07142;1.07157;1.07123;1.07141;280;0
2024.11.08 22:30;1.07141;1.07169;1.07140;1.07157;320;0
2024.11.08 22:40;1.07157;1.07188;1.07157;1.07176;273;0
2024.11.08 22:50;1.07175;1.07196;1.07175;1.07175;424;0
2024.11.08 23:00;1.07180;1.07197;1.07175;1.07195;219;0
2024.11.08 23:10;1.07194;1.07203;1.07189;1.07192;165;0
2024.11.08 23:20;1.07195;1.07212;1.07195;1.07208;152;0
2024.11.08 23:30;1.07208;1.07216;1.07197;1.07197;154;0
2024.11.08 23:40;1.07188;1.07190;1.07162;1.07172;201;25
2024.11.08 23:50;1.07172;1.07175;1.07163;1.07169;92;25
2024.11.11 00:00;1.07043;1.07108;1.07042;1.07099;93;25
2024.11.11 00:10;1.07099;1.07118;1.07093;1.07098;154;12
2024.11.11 00:20;1.07098;1.07105;1.07095;1.07098;42;15
2024.11.11 00:30;1.07102;1.07121;1.07095;1.07103;181;4
2024.11.11 00:40;1.07103;1.07116;1.07094;1.07095;219;23
2024.11.11 00:50;1.07096;1.07102;1.07076;1.07086;576;23
2024.11.11 01:00;1.07085;1.07131;1.07083;1.07113;260;0
2024.11.11 01:10;1.07112;1.07124;1.07093;1.07105;202;0
2024.11.11 01:20;1.07106;1.07133;1.07106;1.07127;203;0
2024.11.11 01:30;1.07127;1.07170;1.07125;1.07139;222;0
2024.11.11 01:40;1.07138;1.07166;1.07123;1.07166;226;0
2024.11.11 01:50;1.07167;1.07167;1.07124;1.07132;206;0
2024.11.11 02:00;1.07129;1.07134;1.07086;1.07106;379;0
2024.11.11 02:10;1.07106;1.07141;1.07105;1.07141;268;0
2024.11.11 02:20;1.07141;1.07184;1.07141;1.07184;338;0
2024.11.11 02:30;1.07184;1.07186;1.07164;1.07178;285;0
2024.11.11 02:40;1.07177;1.07181;1.07157;1.07159;320;0
2024.11.11 02:50;1.07158;1.07175;1.07134;1.07168;392;0
2024.11.11 03:00;1.07168;1.07196;1.07157;1.07194;426;0
2024.11.11 03:10;1.07195;1.07228;1.07194;1.07219;333;0
2024.11.11 03:20;1.07220;1.07280;1.07218;1.07250;445;0
2024.11.11 03:30;1.07251;1.07271;1.07212;1.07225;498;0
2024.11.11 03:40;1.07223;1.07241;1.07212;1.07218;455;0
2024.11.11 03:50;1.07219;1.07228;1.07194;1.07202;403;0
2024.11.11 04:00;1.07201;1.07227;1.07193;1.07223;462;0
2024.11.11 04:10;1.07223;1.07249;1.07214;1.07227;321;0
2024.11.11 04:20;1.07224;1.07229;1.07202;1.07207;280;0
2024.11.11 04:30;1.07208;1.07221;1.07203;1.07208;334;0
2024.11.11 04:40;1.07208;1.07234;1.07199;1.07229;269;0
2024.11.11 04:50;1.07229;1.07250;1.07221;1.07228;295;0
2024.11.11 05:00;1.07229;1.07267;1.07225;1.07263;276;0
2024.11.11 05:10;1.07262;1.07270;1.07227;1.07238;250;0
2024.11.11 05:20;1.07237;1.07246;1.07218;1.07222;147;0
2024.11.11 05:30;1.07222;1.07223;1.07158;1.07163;220;0
2024.11.11 05:40;1.07164;1.07188;1.07158;1.07172;204;0
2024.11.11 05:50;1.07173;1.07175;1.07152;1.07169;218;0
2024.11.11 06:00;1.07168;1.07169;1.07112;1.07142;294;0
2024.11.11 06:10;1.07142;1.07147;1.07138;1.07143;106;0
2024.11.11 06:20;1.07142;1.07146;1.07139;1.07142;147;0
2024.11.11 06:30;1.07144;1.07145;1.07106;1.07108;187;0
2024.11.11 06:40;1.07107;1.07122;1.07078;1.07104;288;0
2024.11.11 06:50;1.07104;1.07146;1.07102;1.07138;260;0
2024.11.11 07:00;1.07139;1.07156;1.07134;1.07143;235;0
2024.11.11 07:10;1.07144;1.07167;1.07135;1.07135;239;0
2024.11.11 07:20;1.07136;1.07144;1.07113;1.07134;202;0
2024.11.11 07:30;1.07134;1.07142;1.07113;1.07120;211;0
2024.11.11 07:40;1.07121;1.07151;1.07119;1.07150;172;0
2024.11.11 07:50;1.07149;1.07187;1.07149;1.07175;258;0
2024.11.11 08:00;1.07174;1.07175;1.07137;1.07166;364;0
2024.11.11 08:10;1.07167;1.07174;1.07124;1.07166;295;0
2024.11.11 08:20;1.07165;1.07171;1.07142;1.07155;245;0
2024.11.11 08:30;1.07156;1.07171;1.07149;1.07158;320;0
2024.11.11 08:40;1.07158;1.07188;1.07158;1.07188;216;0
2024.11.11 08:50;1.07187;1.07215;1.07172;1.07210;254;0
2024.11.11 09:00;1.07208;1.07221;1.07169;1.07169;512;0
2024.11.11 09:10;1.07169;1.07180;1.07120;1.07120;439;0
2024.11.11 09:20;1.07120;1.07123;1.07056;1.07079;684;0
2024.11.11 09:30;1.07079;1.07086;1.06977;1.07023;714;0
2024.11.11 09:40;1.07024;1.07052;1.06858;1.06871;766;0
2024.11.11 09:50;1.06872;1.06924;1.06860;1.06899;827;0
2024.11.11 10:00;1.06900;1.06943;1.06865;1.06873;609;0
2024.11.11 10:10;1.06876;1.06933;1.06870;1.06894;690;0
2024.11.11 10:20;1.06886;1.06886;1.06789;1.06823;770;0
2024.11.11 10:30;1.06823;1.06864;1.06785;1.06864;608;0
2024.11.11 10:40;1.06865;1.06930;1.06865;1.06928;490;0
2024.11.11 10:50;1.06928;1.06940;1.06838;1.06874;606;0
2024.11.11 11:00;1.06874;1.06897;1.06833;1.06846;631;0
2024.11.11 11:10;1.06847;1.06883;1.06827;1.06840;491;0
2024.11.11 11:20;1.06841;1.06878;1.06698;1.06707;620;0
2024.11.11 11:30;1.06706;1.06742;1.06695;1.06728;661;0
2024.11.11 11:40;1.06727;1.06780;1.06679;1.06779;556;0
2024.11.11 11:50;1.06780;1.06830;1.06780;1.06815;483;0
2024.11.11 12:00;1.06815;1.06851;1.06796;1.06845;501;0
2024.11.11 12:10;1.06846;1.06846;1.06752;1.06826;522;0
2024.11.11 12:20;1.06824;1.06864;1.06788;1.06861;476;0
2024.11.11 12:30;1.06860;1.06885;1.06797;1.06798;424;0
2024.11.11 12:40;1.06797;1.06829;1.06736;1.06747;472;0
2024.11.11 12:50;1.06750;1.06763;1.06708;1.06718;470;0
2024.11.11 13:00;1.06718;1.06718;1.06621;1.06632;665;0
2024.11.11 13:10;1.06633;1.06657;1.06624;1.06636;469;0
2024.11.11 13:20;1.06635;1.06654;1.06601;1.06622;530;0
2024.11.11 13:30;1.06622;1.06654;1.06555;1.06653;640;0
2024.11.11 13:40;1.06652;1.06658;1.06594;1.06625;496;0
2024.11.11 13:50;1.06624;1.06642;1.06587;1.06626;472;0
2024.11.11 14:00;1.06625;1.06646;1.06600;1.06611;529;0
2024.11.11 14:10;1.06610;1.06645;1.06591;1.06615;429;0
2024.11.11 14:20;1.06614;1.06627;1.06568;1.06579;446;0
2024.11.11 14:30;1.06580;1.06595;1.06535;1.06595;469;0
2024.11.11 14:40;1.06595;1.06603;1.06560;1.06560;402;0
2024.11.11 14:50;1.06560;1.06569;1.06520;1.06522;483;0
2024.11.11 15:00;1.06522;1.06554;1.06500;1.06511;532;0
2024.11.11 15:10;1.06509;1.06515;1.06424;1.06428;666;0
2024.11.11 15:20;1.06427;1.06469;1.06410;1.06411;626;0
2024.11.11 15:30;1.06403;1.06470;1.06367;1.06470;621;0
2024.11.11 15:40;1.06470;1.06480;1.06419;1.06470;582;0
2024.11.11 15:50;1.06470;1.06494;1.06448;1.06479;598;0
2024.11.11 16:00;1.06480;1.06556;1.06470;1.06545;585;0
2024.11.11 16:10;1.06546;1.06568;1.06514;1.06527;429;0
2024.11.11 16:20;1.06528;1.06576;1.06522;1.06559;422;0
2024.11.11 16:30;1.06560;1.06571;1.06456;1.06458;731;0
2024.11.11 16:40;1.06458;1.06487;1.06357;1.06364;696;0
2024.11.11 16:50;1.06365;1.06432;1.06287;1.06426;785;0
2024.11.11 17:00;1.06427;1.06506;1.06421;1.06421;687;0
2024.11.11 17:10;1.06421;1.06467;1.06412;1.06415;544;0
2024.11.11 17:20;1.06414;1.06425;1.06375;1.06417;563;0
2024.11.11 17:30;1.06417;1.06438;1.06366;1.06369;440;0
2024.11.11 17:40;1.06368;1.06403;1.06364;1.06397;422;0
2024.11.11 17:50;1.06400;1.06478;1.06377;1.06472;737;0
2024.11.11 18:00;1.06473;1.06503;1.06448;1.06503;683;0
2024.11.11 18:10;1.06502;1.06531;1.06490;1.06513;493;0
2024.11.11 18:20;1.06510;1.06542;1.06489;1.06489;321;0
2024.11.11 18:30;1.06489;1.06542;1.06474;1.06526;409;0
2024.11.11 18:40;1.06525;1.06532;1.06503;1.06520;292;0
2024.11.11 18:50;1.06520;1.06522;1.06488;1.06519;352;0
2024.11.11 19:00;1.06518;1.06545;1.06510;1.06543;279;0
2024.11.11 19:10;1.06548;1.06564;1.06530;1.06543;252;0
2024.11.11 19:20;1.06542;1.06542;1.06450;1.06479;299;0
2024.11.11 19:30;1.06480;1.06541;1.06479;1.06514;343;0
2024.11.11 19:40;1.06512;1.06522;1.06490;1.06497;261;0
2024.11.11 19:50;1.06497;1.06535;1.06490;1.06491;330;0
2024.11.11 20:00;1.06491;1.06513;1.06480;1.06506;351;0
2024.11.11 20:10;1.06506;1.06518;1.06489;1.06511;315;0
2024.11.11 20:20;1.06510;1.06512;1.06468;1.06477;333;0
2024.11.11 20:30;1.06477;1.06503;1.06458;1.06495;281;0
2024.11.11 20:40;1.06497;1.06500;1.06469;1.06499;275;0
2024.11.11 20:50;1.06499;1.06519;1.06499;1.06505;211;0
2024.11.11 21:00;1.06505;1.06526;1.06494;1.06507;243;0
2024.11.11 21:10;1.06506;1.06542;1.06500;1.06541;268;0
2024.11.11 21:20;1.06541;1.06548;1.06525;1.06527;140;0
2024.11.11 21:30;1.06527;1.06536;1.06519;1.06522;159;0
2024.11.11 21:40;1.06522;1.06572;1.06518;1.06560;186;0
2024.11.11 21:50;1.06559;1.06567;1.06510;1.06512;263;0
2024.11.11 22:00;1.06516;1.06548;1.06514;1.06528;281;0
2024.11.11 22:10;1.06527;1.06543;1.06526;1.06537;154;0
2024.11.11 22:20;1.06537;1.06560;1.06534;1.06542;221;0
2024.11.11 22:30;1.06538;1.06553;1.06534;1.06540;144;0
2024.11.11 22:40;1.06540;1.06543;1.06516;1.06525;198;0
2024.11.11 22:50;1.06527;1.06564;1.06526;1.06555;221;0
2024.11.11 23:00;1.06555;1.06568;1.06553;1.06563;149;0
2024.11.11 23:10;1.06562;1.06574;1.06555;1.06569;153;0
2024.11.11 23:20;1.06568;1.06579;1.06568;1.06575;127;0
2024.11.11 23:30;1.06574;1.06574;1.06566;1.06568;121;0
2024.11.11 23:40;1.06558;1.06558;1.06544;1.06554;86;25
2024.11.11 23:50;1.06555;1.06555;1.06522;1.06522;121;25
2024.11.12 00:00;1.06498;1.06538;1.06488;1.06536;40;32
2024.11.12 00:10;1.06532;1.06540;1.06524;1.06536;117;35
2024.11.12 00:20;1.06540;1.06560;1.06536;1.06558;88;29
2024.11.12 00:30;1.06557;1.06564;1.06552;1.06559;73;15
2024.11.12 00:40;1.06558;1.06573;1.06558;1.06567;101;6
2024.11.12 00:50;1.06568;1.06571;1.06557;1.06558;84;6
2024.11.12 01:00;1.06559;1.06573;1.06541;1.06560;108;0
2024.11.12 01:10;1.06561;1.06571;1.06555;1.06571;59;0
2024.11.12 01:20;1.06571;1.06577;1.06568;1.06575;69;0
2024.11.12 01:30;1.06575;1.06576;1.06569;1.06574;115;0
2024.11.12 01:40;1.06574;1.06607;1.06571;1.06602;137;0
2024.11.12 01:50;1.06602;1.06631;1.06592;1.06630;145;0
2024.11.12 02:00;1.06631;1.06631;1.06580;1.06582;270;0
2024.11.12 02:10;1.06580;1.06620;1.06577;1.06580;270;0
2024.11.12 02:20;1.06580;1.06580;1.06549;1.06568;235;0
2024.11.12 02:30;1.06567;1.06580;1.06541;1.06578;220;0
2024.11.12 02:40;1.06578;1.06584;1.06555;1.06568;177;0
2024.11.12 02:50;1.06568;1.06585;1.06563;1.06579;232;0
2024.11.12 03:00;1.06581;1.06589;1.06556;1.06577;347;0
2024.11.12 03:10;1.06578;1.06585;1.06562;1.06567;297;0
2024.11.12 03:20;1.06567;1.06572;1.06530;1.06535;346;0
2024.11.12 03:30;1.06535;1.06537;1.06503;1.06528;507;0
2024.11.12 03:40;1.06528;1.06598;1.06524;1.06550;567;0
2024.11.12 03:50;1.06552;1.06555;1.06477;1.06482;429;0
2024.11.12 04:00;1.06482;1.06493;1.06436;1.06450;434;0
2024.11.12 04:10;1.06449;1.06472;1.06433;1.06448;441;0
2024.11.12 04:20;1.06449;1.06506;1.06444;1.06503;366;0
2024.11.12 04:30;1.06502;1.06520;1.06458;1.06462;332;0
2024.11.12 04:40;1.06462;1.06467;1.06423;1.06423;419;0
2024.11.12 04:50;1.06424;1.06466;1.06421;1.06435;326;0
2024.11.12 05:00;1.06433;1.06481;1.06433;1.06467;329;0
2024.11.12 05:10;1.06466;1.06475;1.06445;1.06467;321;0
2024.11.12 05:20;1.06468;1.06491;1.06462;1.06482;344;0
2024.11.12 05:30;1.06483;1.06495;1.06447;1.06448;246;0
2024.11.12 05:40;1.06447;1.06447;1.06389;1.06395;264;0
2024.11.12 05:50;1.06395;1.06415;1.06381;1.06383;238;0
2024.11.12 06:00;1.06382;1.06442;1.06378;1.06433;294;0
2024.11.12 06:10;1.06433;1.06445;1.06387;1.06408;335;0
2024.11.12 06:20;1.06409;1.06439;1.06408;1.06439;223;0
2024.11.12 06:30;1.06440;1.06457;1.06431;1.06444;225;0
2024.11.12 06:40;1.06444;1.06448;1.06393;1.06411;260;0
2024.11.12 06:50;1.06410;1.06444;1.06399;1.06443;249;0
2024.11.12 07:00;1.06443;1.06457;1.06425;1.06427;317;0
2024.11.12 07:10;1.06426;1.06430;1.06413;1.06415;232;0
2024.11.12 07:20;1.06415;1.06425;1.06398;1.06398;275;0
2024.11.12 07:30;1.06397;1.06423;1.06393;1.06409;273;0
2024.11.12 07:40;1.06409;1.06442;1.06405;1.06425;267;0
2024.11.12 07:50;1.06424;1.06425;1.06395;1.06399;457;0
2024.11.12 08:00;1.06399;1.06399;1.06337;1.06359;491;0
2024.11.12 08:10;1.06359;1.06374;1.06318;1.06333;435;0
2024.11.12 08:20;1.06333;1.06381;1.06332;1.06365;427;0
2024.11.12 08:30;1.06364;1.06381;1.06340;1.06342;418;0
2024.11.12 08:40;1.06343;1.06343;1.06294;1.06303;403;0
2024.11.12 08:50;1.06303;1.06350;1.06303;1.06344;416;0
2024.11.12 09:00;1.06342;1.06371;1.06294;1.06363;635;0
2024.11.12 09:10;1.06362;1.06365;1.06296;1.06329;600;0
2024.11.12 09:20;1.06330;1.06337;1.06252;1.06292;626;0
2024.11.12 09:30;1.06292;1.06294;1.06214;1.06274;606;0
2024.11.12 09:40;1.06274;1.06365;1.06257;1.06324;753;0
2024.11.12 09:50;1.06323;1.06343;1.06286;1.06322;555;0
2024.11.12 10:00;1.06321;1.06321;1.06250;1.06303;818;0
2024.11.12 10:10;1.06303;1.06341;1.06276;1.06278;660;0
2024.11.12 10:20;1.06277;1.06286;1.06192;1.06194;675;0
2024.11.12 10:30;1.06194;1.06245;1.06169;1.06239;696;0
2024.11.12 10:40;1.06241;1.06265;1.06208;1.06260;581;0
2024.11.12 10:50;1.06262;1.06330;1.06260;1.06318;499;0
2024.11.12 11:00;1.06318;1.06322;1.06268;1.06275;529;0
2024.11.12 11:10;1.06275;1.06282;1.06241;1.06276;451;0
2024.11.12 11:20;1.06275;1.06290;1.06198;1.06199;460;0
2024.11.12 11:30;1.06198;1.06246;1.06169;1.06227;587;0
2024.11.12 11:40;1.06227;1.06254;1.06165;1.06247;490;0
2024.11.12 11:50;1.06248;1.06300;1.06242;1.06260;486;0
2024.11.12 12:00;1.06261;1.06261;1.06178;1.06194;742;0
2024.11.12 12:10;1.06194;1.06202;1.06141;1.06162;642;0
2024.11.12 12:20;1.06162;1.06176;1.06132;1.06154;525;0
2024.11.12 12:30;1.06153;1.06162;1.06110;1.06123;512;0
2024.11.12 12:40;1.06123;1.06181;1.06116;1.06170;497;0
2024.11.12 12:50;1.06169;1.06203;1.06164;1.06179;511;0
2024.11.12 13:00;1.06178;1.06220;1.06178;1.06196;533;0
2024.11.12 13:10;1.06196;1.06264;1.06194;1.06250;464;0
2024.11.12 13:20;1.06250;1.06290;1.06239;1.06288;450;0
2024.11.12 13:30;1.06288;1.06298;1.06245;1.06246;385;0
2024.11.12 13:40;1.06246;1.06253;1.06201;1.06203;461;0
2024.11.12 13:50;1.06206;1.06217;1.06173;1.06187;615;0
2024.11.12 14:00;1.06188;1.06213;1.06124;1.06124;599;0
2024.11.12 14:10;1.06124;1.06161;1.06110;1.06117;547;0
2024.11.12 14:20;1.06118;1.06120;1.06068;1.06097;582;0
2024.11.12 14:30;1.06098;1.06159;1.06062;1.06141;700;0
2024.11.12 14:40;1.06141;1.06186;1.06128;1.06184;589;0
2024.11.12 14:50;1.06183;1.06215;1.06178;1.06197;623;0
2024.11.12 15:00;1.06196;1.06207;1.06157;1.06168;694;0
2024.11.12 15:10;1.06167;1.06258;1.06143;1.06256;665;0
2024.11.12 15:20;1.06255;1.06255;1.06181;1.06219;703;0
2024.11.12 15:30;1.06219;1.06273;1.06197;1.06228;628;0
2024.11.12 15:40;1.06228;1.06245;1.06167;1.06240;558;0
2024.11.12 15:50;1.06240;1.06246;1.06208;1.06230;544;0
2024.11.12 16:00;1.06229;1.06232;1.06194;1.06216;591;0
2024.11.12 16:10;1.06216;1.06260;1.06172;1.06238;576;0
2024.11.12 16:20;1.06237;1.06257;1.06167;1.06168;524;0
2024.11.12 16:30;1.06168;1.06226;1.06137;1.06206;729;0
2024.11.12 16:40;1.06206;1.06234;1.06173;1.06184;676;0
2024.11.12 16:50;1.06184;1.06219;1.06171;1.06175;646;0
2024.11.12 17:00;1.06176;1.06178;1.06093;1.06094;756;0
2024.11.12 17:10;1.06094;1.06147;1.06071;1.06107;705;0
2024.11.12 17:20;1.06106;1.06118;1.06052;1.06085;580;0
2024.11.12 17:30;1.06085;1.06106;1.06062;1.06073;524;0
2024.11.12 17:40;1.06072;1.06086;1.06017;1.06057;616;0
2024.11.12 17:50;1.06058;1.06138;1.06029;1.06091;947;0
2024.11.12 18:00;1.06090;1.06129;1.06062;1.06092;833;0
2024.11.12 18:10;1.06092;1.06151;1.06091;1.06151;684;0
2024.11.12 18:20;1.06151;1.06159;1.06084;1.06092;599;0
2024.11.12 18:30;1.06091;1.06092;1.06019;1.06019;551;0
2024.11.12 18:40;1.06020;1.06022;1.05960;1.05973;608;0
2024.11.12 18:50;1.05974;1.06015;1.05974;1.05981;517;0
2024.11.12 19:00;1.05980;1.06033;1.05950;1.05992;627;0
2024.11.12 19:10;1.05986;1.06005;1.05949;1.05993;723;0
2024.11.12 19:20;1.05993;1.06009;1.05956;1.05982;622;0
2024.11.12 19:30;1.05983;1.06026;1.05955;1.06017;608;0
2024.11.12 19:40;1.06016;1.06016;1.05966;1.06004;626;0
2024.11.12 19:50;1.06004;1.06082;1.06004;1.06068;521;0
2024.11.12 20:00;1.06069;1.06134;1.06065;1.06116;558;0
2024.11.12 20:10;1.06116;1.06135;1.06088;1.06094;330;0
2024.11.12 20:20;1.06093;1.06128;1.06074;1.06115;343;0
2024.11.12 20:30;1.06115;1.06152;1.06105;1.06140;346;0
2024.11.12 20:40;1.06140;1.06158;1.06094;1.06108;303;0
2024.11.12 20:50;1.06108;1.06171;1.06090;1.06161;380;0
2024.11.12 21:00;1.06159;1.06180;1.06151;1.06162;294;0
2024.11.12 21:10;1.06162;1.06184;1.06155;1.06164;285;0
2024.11.12 21:20;1.06164;1.06186;1.06153;1.06158;261;0
2024.11.12 21:30;1.06155;1.06166;1.06133;1.06140;276;0
2024.11.12 21:40;1.06140;1.06178;1.06138;1.06162;240;0
2024.11.12 21:50;1.06162;1.06162;1.06122;1.06124;309;0
2024.11.12 22:00;1.06121;1.06142;1.06114;1.06118;310;0
2024.11.12 22:10;1.06119;1.06149;1.06093;1.06136;354;0
2024.11.12 22:20;1.06137;1.06164;1.06135;1.06141;249;0
2024.11.12 22:30;1.06141;1.06165;1.06122;1.06163;247;0
2024.11.12 22:40;1.06162;1.06194;1.06160;1.06188;276;0
2024.11.12 22:50;1.06188;1.06236;1.06178;1.06222;435;0
2024.11.12 23:00;1.06221;1.06268;1.06221;1.06249;314;0
2024.11.12 23:10;1.06250;1.06261;1.06229;1.06233;139;0
2024.11.12 23:20;1.06232;1.06246;1.06232;1.06242;161;0
2024.11.12 23:30;1.06243;1.06261;1.06240;1.06258;169;0
2024.11.12 23:40;1.06259;1.06266;1.06242;1.06246;118;0
2024.11.12 23:50;1.06246;1.06261;1.06207;1.06207;202;0
2024.11.13 00:00;1.06216;1.06218;1.06199;1.06215;97;21
2024.11.13 00:10;1.06215;1.06222;1.06165;1.06200;336;20
2024.11.13 00:20;1.06201;1.06220;1.06189;1.06215;140;8
2024.11.13 00:30;1.06217;1.06228;1.06206;1.06212;103;8
2024.11.13 00:40;1.06209;1.06222;1.06185;1.06216;232;7
2024.11.13 00:50;1.06217;1.06217;1.06186;1.06196;318;14
2024.11.13 01:00;1.06196;1.06210;1.06160;1.06192;156;0
2024.11.13 01:10;1.06193;1.06194;1.06176;1.06192;137;0
2024.11.13 01:20;1.06192;1.06195;1.06159;1.06162;130;0
2024.11.13 01:30;1.06162;1.06164;1.06138;1.06160;152;0
2024.11.13 01:40;1.06159;1.06198;1.06157;1.06191;155;0
2024.11.13 01:50;1.06193;1.06206;1.06158;1.06165;177;0
2024.11.13 02:00;1.06168;1.06168;1.06127;1.06131;250;0
2024.11.13 02:10;1.06131;1.06141;1.06109;1.06141;216;0
2024.11.13 02:20;1.06141;1.06149;1.06129;1.06134;167;0
2024.11.13 02:30;1.06134;1.06159;1.06126;1.06146;281;0
2024.11.13 02:40;1.06146;1.06166;1.06140;1.06164;234;0
2024.11.13 02:50;1.06163;1.06171;1.06122;1.06127;386;0
2024.11.13 03:00;1.06126;1.06163;1.06119;1.06160;384;0
2024.11.13 03:10;1.06160;1.06244;1.06153;1.06209;630;0
2024.11.13 03:20;1.06209;1.06218;1.06177;1.06200;500;0
2024.11.13 03:30;1.06200;1.06284;1.06190;1.06276;518;0
2024.11.13 03:40;1.06276;1.06291;1.06252;1.06259;592;0
2024.11.13 03:50;1.06260;1.06280;1.06251;1.06280;450;0
2024.11.13 04:00;1.06279;1.06294;1.06236;1.06255;492;0
2024.11.13 04:10;1.06254;1.06255;1.06224;1.06228;340;0
2024.11.13 04:20;1.06227;1.06236;1.06217;1.06223;305;0
2024.11.13 04:30;1.06224;1.06239;1.06216;1.06232;300;0
2024.11.13 04:40;1.06233;1.06250;1.06218;1.06246;241;0
2024.11.13 04:50;1.06247;1.06281;1.06238;1.06260;296;0
2024.11.13 05:00;1.06261;1.06274;1.06239;1.06259;242;0
2024.11.13 05:10;1.06260;1.06275;1.06258;1.06266;212;0
2024.11.13 05:20;1.06266;1.06282;1.06239;1.06239;250;0
2024.11.13 05:30;1.06241;1.06242;1.06216;1.06218;167;0
2024.11.13 05:40;1.06220;1.06223;1.06187;1.06190;158;0
2024.11.13 05:50;1.06190;1.06206;1.06177;1.06191;218;0
2024.11.13 06:00;1.06189;1.06208;1.06181;1.06187;199;0
2024.11.13 06:10;1.06188;1.06196;1.06177;1.06185;193;0
2024.11.13 06:20;1.06185;1.06226;1.06185;1.06217;156;0
2024.11.13 06:30;1.06216;1.06221;1.06198;1.06198;119;0
2024.11.13 06:40;1.06197;1.06197;1.06177;1.06183;157;0
2024.11.13 06:50;1.06185;1.06189;1.06175;1.06178;201;0
2024.11.13 07:00;1.06179;1.06185;1.06162;1.06166;170;0
2024.11.13 07:10;1.06164;1.06166;1.06118;1.06123;213;0
2024.11.13 07:20;1.06123;1.06131;1.06094;1.06123;267;0
2024.11.13 07:30;1.06122;1.06144;1.06121;1.06134;311;0
2024.11.13 07:40;1.06134;1.06154;1.06132;1.06145;311;0
2024.11.13 07:50;1.06144;1.06147;1.06128;1.06130;220;0
2024.11.13 08:00;1.06130;1.06169;1.06078;1.06105;485;0
2024.11.13 08:10;1.06106;1.06110;1.06073;1.06085;408;0
2024.11.13 08:20;1.06086;1.06130;1.06079;1.06127;334;0
2024.11.13 08:30;1.06129;1.06138;1.06102;1.06108;357;0
2024.11.13 08:40;1.06108;1.06119;1.06088;1.06103;317;0
2024.11.13 08:50;1.06102;1.06144;1.06102;1.06134;333;0
2024.11.13 09:00;1.06130;1.06144;1.06110;1.06118;444;0
2024.11.13 09:10;1.06118;1.06121;1.06041;1.06043;371;0
2024.11.13 09:20;1.06043;1.06079;1.06043;1.06065;334;0
2024.11.13 09:30;1.06063;1.06096;1.06037;1.06080;364;0
2024.11.13 09:40;1.06080;1.06111;1.06024;1.06039;358;0
2024.11.13 09:50;1.06038;1.06061;1.06026;1.06029;354;0
2024.11.13 10:00;1.06029;1.06048;1.05932;1.05936;566;0
2024.11.13 10:10;1.05936;1.06046;1.05936;1.06013;687;0
2024.11.13 10:20;1.06013;1.06054;1.05994;1.06008;539;0
2024.11.13 10:30;1.06007;1.06073;1.05997;1.06071;465;0
2024.11.13 10:40;1.06071;1.06096;1.06028;1.06077;426;0
2024.11.13 10:50;1.06077;1.06132;1.06070;1.06121;443;0
2024.11.13 11:00;1.06121;1.06138;1.06081;1.06111;424;0
2024.11.13 11:10;1.06111;1.06120;1.06080;1.06089;335;0
2024.11.13 11:20;1.06089;1.06234;1.06082;1.06222;549;0
2024.11.13 11:30;1.06222;1.06275;1.06219;1.06246;522;0
2024.11.13 11:40;1.06245;1.06260;1.06225;1.06246;446;0
2024.11.13 11:50;1.06246;1.06298;1.06239;1.06270;466;0
2024.11.13 12:00;1.06270;1.06283;1.06217;1.06223;525;0
2024.11.13 12:10;1.06223;1.06260;1.06213;1.06219;352;0
2024.11.13 12:20;1.06219;1.06253;1.06213;1.06229;375;0
2024.11.13 12:30;1.06228;1.06231;1.06123;1.06142;424;0
2024.11.13 12:40;1.06143;1.06148;1.06115;1.06144;337;0
2024.11.13 12:50;1.06144;1.06156;1.06138;1.06150;246;0
2024.11.13 13:00;1.06149;1.06165;1.06120;1.06132;299;0
2024.11.13 13:10;1.06131;1.06155;1.06128;1.06152;277;0
2024.11.13 13:20;1.06152;1.06160;1.06111;1.06115;334;0
2024.11.13 13:30;1.06116;1.06142;1.06100;1.06139;336;0
2024.11.13 13:40;1.06138;1.06205;1.06113;1.06201;428;0
2024.11.13 13:50;1.06201;1.06382;1.06200;1.06375;603;0
2024.11.13 14:00;1.06380;1.06435;1.06319;1.06321;585;0
2024.11.13 14:10;1.06321;1.06336;1.06286;1.06290;404;0
2024.11.13 14:20;1.06289;1.06309;1.06255;1.06267;474;0
2024.11.13 14:30;1.06268;1.06325;1.06244;1.06303;443;0
2024.11.13 14:40;1.06303;1.06361;1.06291;1.06344;412;0
2024.11.13 14:50;1.06344;1.06348;1.06297;1.06314;529;0
2024.11.13 15:00;1.06312;1.06329;1.06252;1.06287;695;0
2024.11.13 15:10;1.06287;1.06312;1.06239;1.06258;632;0
2024.11.13 15:20;1.06258;1.06310;1.06237;1.06270;691;1
2024.11.13 15:30;1.06239;1.06542;1.06239;1.06426;1737;0
2024.11.13 15:40;1.06424;1.06462;1.06242;1.06288;1466;0
2024.11.13 15:50;1.06288;1.06396;1.06280;1.06366;1138;0
2024.11.13 16:00;1.06365;1.06381;1.06301;1.06338;1003;0
2024.11.13 16:10;1.06337;1.06366;1.06222;1.06268;1027;0
2024.11.13 16:20;1.06267;1.06297;1.06192;1.06205;915;0
2024.11.13 16:30;1.06207;1.06211;1.06022;1.06096;1135;0
2024.11.13 16:40;1.06094;1.06157;1.06022;1.06033;1147;0
2024.11.13 16:50;1.06034;1.06039;1.05762;1.05856;1260;0
2024.11.13 17:00;1.05855;1.05881;1.05557;1.05630;1191;0
2024.11.13 17:10;1.05630;1.05728;1.05625;1.05724;1277;0
2024.11.13 17:20;1.05721;1.05728;1.05652;1.05721;1099;0
2024.11.13 17:30;1.05719;1.05906;1.05718;1.05836;1146;0
2024.11.13 17:40;1.05833;1.05859;1.05758;1.05841;1141;0
2024.11.13 17:50;1.05842;1.05936;1.05834;1.05885;1035;0
2024.11.13 18:00;1.05887;1.05920;1.05792;1.05826;965;0
2024.11.13 18:10;1.05826;1.05829;1.05678;1.05688;782;0
2024.11.13 18:20;1.05689;1.05809;1.05670;1.05758;669;0
2024.11.13 18:30;1.05757;1.05780;1.05711;1.05723;780;0
2024.11.13 18:40;1.05724;1.05728;1.05674;1.05702;713;0
2024.11.13 18:50;1.05704;1.05708;1.05622;1.05661;604;0
2024.11.13 19:00;1.05661;1.05734;1.05616;1.05699;578;0
2024.11.13 19:10;1.05696;1.05775;1.05669;1.05718;555;0
2024.11.13 19:20;1.05719;1.05742;1.05635;1.05657;656;0
2024.11.13 19:30;1.05657;1.05714;1.05637;1.05689;495;0
2024.11.13 19:40;1.05690;1.05746;1.05671;1.05729;437;0
2024.11.13 19:50;1.05730;1.05731;1.05654;1.05688;477;0
2024.11.13 20:00;1.05690;1.05695;1.05581;1.05581;480;0
2024.11.13 20:10;1.05581;1.05654;1.05577;1.05608;498;0
2024.11.13 20:20;1.05609;1.05621;1.05584;1.05593;456;0
2024.11.13 20:30;1.05591;1.05613;1.05578;1.05579;327;0
2024.11.13 20:40;1.05580;1.05613;1.05564;1.05574;397;0
2024.11.13 20:50;1.05575;1.05611;1.05573;1.05589;392;0
2024.11.13 21:00;1.05589;1.05646;1.05566;1.05634;416;0
2024.11.13 21:10;1.05635;1.05716;1.05627;1.05705;427;0
2024.11.13 21:20;1.05706;1.05759;1.05702;1.05751;389;0
2024.11.13 21:30;1.05751;1.05759;1.05704;1.05706;350;0
2024.11.13 21:40;1.05705;1.05735;1.05680;1.05691;397;0
2024.11.13 21:50;1.05691;1.05691;1.05647;1.05654;402;0
2024.11.13 22:00;1.05655;1.05686;1.05639;1.05679;377;0
2024.11.13 22:10;1.05678;1.05687;1.05623;1.05625;372;0
2024.11.13 22:20;1.05625;1.05649;1.05625;1.05644;313;0
2024.11.13 22:30;1.05645;1.05652;1.05618;1.05646;349;0
2024.11.13 22:40;1.05646;1.05647;1.05622;1.05629;269;0
2024.11.13 22:50;1.05623;1.05629;1.05589;1.05619;352;0
2024.11.13 23:00;1.05621;1.05655;1.05621;1.05650;239;0
2024.11.13 23:10;1.05650;1.05669;1.05640;1.05657;159;0
2024.11.13 23:20;1.05657;1.05657;1.05635;1.05638;157;0
2024.11.13 23:30;1.05638;1.05654;1.05635;1.05645;173;0
2024.11.13 23:40;1.05633;1.05636;1.05606;1.05616;145;25
2024.11.13 23:50;1.05615;1.05640;1.05615;1.05622;198;25
2024.11.14 00:00;1.05584;1.05631;1.05584;1.05624;82;24
2024.11.14 00:10;1.05624;1.05630;1.05590;1.05597;166;24
2024.11.14 00:20;1.05596;1.05612;1.05572;1.05611;78;24
2024.11.14 00:30;1.05612;1.05615;1.05607;1.05608;113;24
2024.11.14 00:40;1.05607;1.05621;1.05607;1.05619;104;24
2024.11.14 00:50;1.05616;1.05623;1.05612;1.05621;110;24
2024.11.14 01:00;1.05625;1.05655;1.05616;1.05631;208;0
2024.11.14 01:10;1.05631;1.05645;1.05625;1.05636;157;0
2024.11.14 01:20;1.05636;1.05657;1.05636;1.05639;121;0
2024.11.14 01:30;1.05639;1.05650;1.05627;1.05628;118;0
2024.11.14 01:40;1.05628;1.05642;1.05624;1.05640;109;0
2024.11.14 01:50;1.05640;1.05657;1.05620;1.05656;176;0
2024.11.14 02:00;1.05656;1.05659;1.05629;1.05640;313;0
2024.11.14 02:10;1.05639;1.05647;1.05625;1.05638;285;0
2024.11.14 02:20;1.05637;1.05664;1.05636;1.05658;174;0
2024.11.14 02:30;1.05658;1.05669;1.05635;1.05667;253;0
2024.11.14 02:40;1.05666;1.05685;1.05659;1.05673;275;0
2024.11.14 02:50;1.05674;1.05679;1.05641;1.05653;383;0
2024.11.14 03:00;1.05653;1.05653;1.05587;1.05596;495;0
2024.11.14 03:10;1.05592;1.05624;1.05570;1.05593;524;0
2024.11.14 03:20;1.05592;1.05598;1.05564;1.05577;394;0
2024.11.14 03:30;1.05578;1.05588;1.05521;1.05523;381;0
2024.11.14 03:40;1.05524;1.05587;1.05510;1.05571;404;0
2024.11.14 03:50;1.05571;1.05591;1.05554;1.05560;441;0
2024.11.14 04:00;1.05560;1.05562;1.05523;1.05549;430;0
2024.11.14 04:10;1.05550;1.05577;1.05543;1.05566;342;0
2024.11.14 04:20;1.05566;1.05566;1.05522;1.05540;379;0
2024.11.14 04:30;1.05540;1.05557;1.05521;1.05532;361;0
2024.11.14 04:40;1.05532;1.05544;1.05520;1.05521;320;0
2024.11.14 04:50;1.05521;1.05526;1.05472;1.05494;397;0
2024.11.14 05:00;1.05492;1.05542;1.05476;1.05526;310;0
2024.11.14 05:10;1.05527;1.05557;1.05514;1.05518;317;0
2024.11.14 05:20;1.05517;1.05548;1.05515;1.05532;276;0
2024.11.14 05:30;1.05532;1.05532;1.05513;1.05516;304;0
2024.11.14 05:40;1.05517;1.05525;1.05469;1.05473;322;0
2024.11.14 05:50;1.05473;1.05486;1.05453;1.05477;306;0
2024.11.14 06:00;1.05477;1.05491;1.05466;1.05475;260;0
2024.11.14 06:10;1.05476;1.05479;1.05455;1.05465;237;0
2024.11.14 06:20;1.05464;1.05501;1.05463;1.05496;276;0
2024.11.14 06:30;1.05494;1.05494;1.05465;1.05469;229;0
2024.11.14 06:40;1.05470;1.05477;1.05451;1.05477;221;0
2024.11.14 06:50;1.05477;1.05501;1.05477;1.05485;226;0
2024.11.14 07:00;1.05485;1.05486;1.05428;1.05433;260;0
2024.11.14 07:10;1.05434;1.05434;1.05341;1.05375;349;0
2024.11.14 07:20;1.05375;1.05398;1.05353;1.05385;264;0
2024.11.14 07:30;1.05384;1.05443;1.05384;1.05438;388;0
2024.11.14 07:40;1.05438;1.05454;1.05430;1.05439;383;0
2024.11.14 07:50;1.05440;1.05471;1.05433;1.05471;300;0
2024.11.14 08:00;1.05471;1.05529;1.05460;1.05528;451;0
2024.11.14 08:10;1.05532;1.05541;1.05506;1.05525;435;0
2024.11.14 08:20;1.05525;1.05531;1.05499;1.05503;371;0
2024.11.14 08:30;1.05504;1.05522;1.05499;1.05501;312;0
2024.11.14 08:40;1.05502;1.05527;1.05470;1.05471;343;0
2024.11.14 08:50;1.05474;1.05477;1.05423;1.05451;390;0
2024.11.14 09:00;1.05450;1.05468;1.05417;1.05460;462;0
2024.11.14 09:10;1.05462;1.05472;1.05436;1.05455;433;0
2024.11.14 09:20;1.05453;1.05467;1.05406;1.05429;420;0
2024.11.14 09:30;1.05431;1.05512;1.05430;1.05498;553;0
2024.11.14 09:40;1.05499;1.05521;1.05455;1.05506;478;0
2024.11.14 09:50;1.05506;1.05549;1.05496;1.05512;548;0
2024.11.14 10:00;1.05511;1.05582;1.05490;1.05580;586;0
2024.11.14 10:10;1.05579;1.05580;1.05494;1.05500;592;0
2024.11.14 10:20;1.05500;1.05515;1.05441;1.05462;532;0
2024.11.14 10:30;1.05462;1.05482;1.05410;1.05454;501;0
2024.11.14 10:40;1.05452;1.05499;1.05400;1.05411;511;0
2024.11.14 10:50;1.05412;1.05434;1.05323;1.05360;488;0
2024.11.14 11:00;1.05361;1.05421;1.05358;1.05390;536;0
2024.11.14 11:10;1.05390;1.05408;1.05285;1.05287;519;0
2024.11.14 11:20;1.05288;1.05323;1.05228;1.05236;576;0
2024.11.14 11:30;1.05235;1.05246;1.05180;1.05228;534;0
2024.11.14 11:40;1.05228;1.05256;1.05208;1.05243;528;0
2024.11.14 11:50;1.05243;1.05252;1.05176;1.05203;528;0
2024.11.14 12:00;1.05203;1.05211;1.05120;1.05134;562;0
2024.11.14 12:10;1.05135;1.05176;1.05112;1.05112;490;0
2024.11.14 12:20;1.05112;1.05117;1.05061;1.05090;536;0
2024.11.14 12:30;1.05090;1.05104;1.05017;1.05063;643;0
2024.11.14 12:40;1.05062;1.05182;1.05052;1.05159;599;0
2024.11.14 12:50;1.05159;1.05173;1.05111;1.05113;517;0
2024.11.14 13:00;1.05111;1.05116;1.05026;1.05068;473;0
2024.11.14 13:10;1.05067;1.05097;1.04965;1.05050;781;0
2024.11.14 13:20;1.05050;1.05105;1.05037;1.05098;623;0
2024.11.14 13:30;1.05101;1.05151;1.05060;1.05140;557;0
2024.11.14 13:40;1.05140;1.05282;1.05138;1.05268;636;0
2024.11.14 13:50;1.05267;1.05340;1.05243;1.05288;575;0
2024.11.14 14:00;1.05288;1.05300;1.05243;1.05249;546;0
2024.11.14 14:10;1.05248;1.05334;1.05230;1.05309;514;0
2024.11.14 14:20;1.05309;1.05327;1.05288;1.05314;467;0
2024.11.14 14:30;1.05315;1.05389;1.05302;1.05386;520;0
2024.11.14 14:40;1.05388;1.05451;1.05365;1.05370;636;0
2024.11.14 14:50;1.05370;1.05408;1.05343;1.05357;585;0
2024.11.14 15:00;1.05358;1.05379;1.05316;1.05333;649;0
2024.11.14 15:10;1.05333;1.05408;1.05306;1.05371;619;0
2024.11.14 15:20;1.05370;1.05435;1.05342;1.05397;724;0
2024.11.14 15:30;1.05387;1.05427;1.05133;1.05222;1502;0
2024.11.14 15:40;1.05221;1.05326;1.05192;1.05297;1226;0
2024.11.14 15:50;1.05298;1.05353;1.05256;1.05304;1149;0
2024.11.14 16:00;1.05305;1.05412;1.05297;1.05384;1043;0
2024.11.14 16:10;1.05384;1.05506;1.05360;1.05500;857;0
2024.11.14 16:20;1.05499;1.05567;1.05433;1.05524;842;0
2024.11.14 16:30;1.05525;1.05689;1.05501;1.05665;906;0
2024.11.14 16:40;1.05668;1.05669;1.05538;1.05562;852;0
2024.11.14 16:50;1.05562;1.05576;1.05476;1.05527;814;0
2024.11.14 17:00;1.05529;1.05644;1.05528;1.05590;815;0
2024.11.14 17:10;1.05592;1.05732;1.05586;1.05713;808;0
2024.11.14 17:20;1.05719;1.05770;1.05692;1.05707;902;0
2024.11.14 17:30;1.05706;1.05709;1.05590;1.05633;748;0
2024.11.14 17:40;1.05636;1.05728;1.05603;1.05665;875;0
2024.11.14 17:50;1.05666;1.05778;1.05666;1.05748;935;0
2024.11.14 18:00;1.05748;1.05749;1.05660;1.05670;847;0
2024.11.14 18:10;1.05671;1.05759;1.05663;1.05756;711;0
2024.11.14 18:20;1.05757;1.05824;1.05748;1.05772;703;0
2024.11.14 18:30;1.05772;1.05774;1.05715;1.05733;536;0
2024.11.14 18:40;1.05733;1.05737;1.05687;1.05699;536;0
2024.11.14 18:50;1.05698;1.05698;1.05606;1.05617;492;0
2024.11.14 19:00;1.05616;1.05637;1.05591;1.05604;504;0
2024.11.14 19:10;1.05605;1.05617;1.05570;1.05582;508;0
2024.11.14 19:20;1.05582;1.05630;1.05570;1.05591;504;0
2024.11.14 19:30;1.05591;1.05622;1.05550;1.05564;458;0
2024.11.14 19:40;1.05564;1.05598;1.05554;1.05583;483;0
2024.11.14 19:50;1.05583;1.05608;1.05565;1.05593;426;0
2024.11.14 20:00;1.05594;1.05605;1.05572;1.05579;318;0
2024.11.14 20:10;1.05577;1.05582;1.05516;1.05520;338;0
2024.11.14 20:20;1.05519;1.05525;1.05465;1.05467;357;0
2024.11.14 20:30;1.05466;1.05504;1.05461;1.05485;411;0
2024.11.14 20:40;1.05485;1.05513;1.05466;1.05466;340;0
2024.11.14 20:50;1.05467;1.05507;1.05460;1.05470;402;0
2024.11.14 21:00;1.05470;1.05497;1.05469;1.05475;336;0
2024.11.14 21:10;1.05476;1.05516;1.05452;1.05512;295;0
2024.11.14 21:20;1.05513;1.05514;1.05480;1.05487;323;0
2024.11.14 21:30;1.05486;1.05513;1.05477;1.05503;316;0
2024.11.14 21:40;1.05503;1.05507;1.05432;1.05464;324;0
2024.11.14 21:50;1.05462;1.05511;1.05457;1.05477;381;0
2024.11.14 22:00;1.05476;1.05486;1.05157;1.05164;1309;0
2024.11.14 22:10;1.05169;1.05296;1.05147;1.05273;1175;0
2024.11.14 22:20;1.05274;1.05343;1.05238;1.05295;1090;0
2024.11.14 22:30;1.05294;1.05316;1.05205;1.05260;920;0
2024.11.14 22:40;1.05261;1.05310;1.05189;1.05193;808;0
2024.11.14 22:50;1.05197;1.05222;1.05121;1.05203;758;0
2024.11.14 23:00;1.05208;1.05268;1.05193;1.05198;417;0
2024.11.14 23:10;1.05198;1.05226;1.05190;1.05206;311;0
2024.11.14 23:20;1.05209;1.05228;1.05188;1.05225;354;0
2024.11.14 23:30;1.05227;1.05239;1.05216;1.05230;231;0
2024.11.14 23:40;1.05219;1.05263;1.05219;1.05262;170;25
2024.11.14 23:50;1.05262;1.05297;1.05262;1.05297;225;25
2024.11.15 00:00;1.05295;1.05308;1.05268;1.05289;69;24
2024.11.15 00:10;1.05289;1.05307;1.05288;1.05304;157;24
2024.11.15 00:20;1.05303;1.05325;1.05296;1.05300;108;24
2024.11.15 00:30;1.05300;1.05304;1.05262;1.05286;226;24
2024.11.15 00:40;1.05288;1.05303;1.05281;1.05303;118;24
2024.11.15 00:50;1.05303;1.05304;1.05288;1.05301;89;24
2024.11.15 01:00;1.05310;1.05317;1.05294;1.05307;151;0
2024.11.15 01:10;1.05307;1.05310;1.05256;1.05266;154;0
2024.11.15 01:20;1.05267;1.05277;1.05262;1.05267;143;0
2024.11.15 01:30;1.05271;1.05303;1.05270;1.05297;166;0
2024.11.15 01:40;1.05297;1.05319;1.05294;1.05294;211;0
2024.11.15 01:50;1.05293;1.05304;1.05271;1.05296;217;0
2024.11.15 02:00;1.05296;1.05337;1.05274;1.05304;394;0
2024.11.15 02:10;1.05303;1.05313;1.05262;1.05293;288;0
2024.11.15 02:20;1.05294;1.05306;1.05250;1.05267;257;0
2024.11.15 02:30;1.05268;1.05285;1.05256;1.05264;229;0
2024.11.15 02:40;1.05264;1.05277;1.05235;1.05273;306;0
2024.11.15 02:50;1.05274;1.05329;1.05268;1.05307;468;0
2024.11.15 03:00;1.05306;1.05340;1.05281;1.05323;469;0
2024.11.15 03:10;1.05323;1.05367;1.05312;1.05340;513;0
2024.11.15 03:20;1.05340;1.05413;1.05328;1.05412;395;0
2024.11.15 03:30;1.05413;1.05415;1.05356;1.05363;442;0
2024.11.15 03:40;1.05360;1.05362;1.05310;1.05326;351;0
2024.11.15 03:50;1.05325;1.05348;1.05311;1.05318;425;0
2024.11.15 04:00;1.05317;1.05393;1.05317;1.05390;411;0
2024.11.15 04:10;1.05390;1.05418;1.05372;1.05390;368;0
2024.11.15 04:20;1.05389;1.05424;1.05388;1.05406;341;0
2024.11.15 04:30;1.05407;1.05407;1.05382;1.05389;280;0
2024.11.15 04:40;1.05388;1.05427;1.05367;1.05398;408;0
2024.11.15 04:50;1.05398;1.05421;1.05397;1.05411;360;0
2024.11.15 05:00;1.05411;1.05460;1.05408;1.05449;349;0
2024.11.15 05:10;1.05448;1.05459;1.05443;1.05451;309;0
2024.11.15 05:20;1.05451;1.05460;1.05432;1.05433;234;0
2024.11.15 05:30;1.05432;1.05440;1.05418;1.05440;221;0
2024.11.15 05:40;1.05439;1.05451;1.05432;1.05443;225;0
2024.11.15 05:50;1.05444;1.05444;1.05391;1.05402;237;0
2024.11.15 06:00;1.05401;1.05431;1.05391;1.05422;292;0
2024.11.15 06:10;1.05422;1.05454;1.05419;1.05443;230;0
2024.11.15 06:20;1.05442;1.05460;1.05431;1.05439;187;0
2024.11.15 06:30;1.05438;1.05441;1.05420;1.05422;183;0
2024.11.15 06:40;1.05422;1.05429;1.05411;1.05413;153;0
2024.11.15 06:50;1.05413;1.05439;1.05406;1.05426;254;0
2024.11.15 07:00;1.05426;1.05426;1.05402;1.05419;250;0
2024.11.15 07:10;1.05418;1.05429;1.05391;1.05416;214;0
2024.11.15 07:20;1.05416;1.05428;1.05393;1.05412;276;0
2024.11.15 07:30;1.05412;1.05422;1.05391;1.05411;247;0
2024.11.15 07:40;1.05411;1.05411;1.05397;1.05408;223;0
2024.11.15 07:50;1.05408;1.05414;1.05396;1.05401;253;0
2024.11.15 08:00;1.05399;1.05421;1.05377;1.05404;344;0
2024.11.15 08:10;1.05404;1.05415;1.05359;1.05360;328;0
2024.11.15 08:20;1.05360;1.05384;1.05335;1.05374;359;0
2024.11.15 08:30;1.05374;1.05475;1.05374;1.05465;428;0
2024.11.15 08:40;1.05465;1.05613;1.05459;1.05558;502;0
2024.11.15 08:50;1.05560;1.05569;1.05517;1.05541;424;0
2024.11.15 09:00;1.05538;1.05575;1.05507;1.05549;518;0
2024.11.15 09:10;1.05549;1.05610;1.05543;1.05607;509;0
2024.11.15 09:20;1.05606;1.05606;1.05555;1.05569;445;0
2024.11.15 09:30;1.05569;1.05640;1.05548;1.05593;443;0
2024.11.15 09:40;1.05591;1.05591;1.05550;1.05563;395;0
2024.11.15 09:50;1.05563;1.05600;1.05563;1.05565;370;0
2024.11.15 10:00;1.05563;1.05576;1.05522;1.05567;488;0
2024.11.15 10:10;1.05566;1.05613;1.05558;1.05563;513;0
2024.11.15 10:20;1.05562;1.05599;1.05555;1.05599;478;0
2024.11.15 10:30;1.05598;1.05689;1.05598;1.05653;695;0
2024.11.15 10:40;1.05652;1.05712;1.05643;1.05684;547;0
2024.11.15 10:50;1.05683;1.05718;1.05681;1.05698;541;0
2024.11.15 11:00;1.05698;1.05743;1.05656;1.05742;559;0
2024.11.15 11:10;1.05742;1.05799;1.05742;1.05758;465;0
2024.11.15 11:20;1.05758;1.05780;1.05687;1.05699;452;0
2024.11.15 11:30;1.05698;1.05738;1.05678;1.05719;532;0
2024.11.15 11:40;1.05718;1.05733;1.05662;1.05677;437;0
2024.11.15 11:50;1.05676;1.05676;1.05605;1.05622;553;0
2024.11.15 12:00;1.05621;1.05675;1.05602;1.05669;460;0
2024.11.15 12:10;1.05669;1.05673;1.05636;1.05638;471;0
2024.11.15 12:20;1.05638;1.05696;1.05637;1.05674;477;0
2024.11.15 12:30;1.05673;1.05729;1.05585;1.05729;715;0
2024.11.15 12:40;1.05729;1.05778;1.05715;1.05775;471;0
2024.11.15 12:50;1.05776;1.05776;1.05725;1.05748;423;0
2024.11.15 13:00;1.05745;1.05745;1.05706;1.05718;463;0
2024.11.15 13:10;1.05715;1.05747;1.05709;1.05723;469;0
2024.11.15 13:20;1.05722;1.05789;1.05708;1.05788;362;0
2024.11.15 13:30;1.05786;1.05798;1.05761;1.05798;391;0
2024.11.15 13:40;1.05797;1.05800;1.05771;1.05789;414;0
2024.11.15 13:50;1.05789;1.05792;1.05758;1.05772;337;0
2024.11.15 14:00;1.05772;1.05790;1.05737;1.05738;335;0
2024.11.15 14:10;1.05738;1.05740;1.05699;1.05709;374;0
2024.11.15 14:20;1.05708;1.05723;1.05669;1.05695;380;0
2024.11.15 14:30;1.05695;1.05701;1.05643;1.05650;475;0
2024.11.15 14:40;1.05649;1.05684;1.05640;1.05683;407;0
2024.11.15 14:50;1.05683;1.05770;1.05683;1.05758;499;0
2024.11.15 15:00;1.05762;1.05829;1.05757;1.05826;534;0
2024.11.15 15:10;1.05828;1.05927;1.05820;1.05845;765;0
2024.11.15 15:20;1.05841;1.05872;1.05825;1.05849;631;0
2024.11.15 15:30;1.05849;1.05899;1.05538;1.05668;1500;0
2024.11.15 15:40;1.05669;1.05740;1.05615;1.05739;1268;0
2024.11.15 15:50;1.05738;1.05773;1.05571;1.05583;1083;0
2024.11.15 16:00;1.05585;1.05634;1.05489;1.05489;887;0
2024.11.15 16:10;1.05489;1.05542;1.05426;1.05435;880;0
2024.11.15 16:20;1.05436;1.05497;1.05396;1.05452;931;0
2024.11.15 16:30;1.05450;1.05481;1.05259;1.05269;1080;0
2024.11.15 16:40;1.05269;1.05418;1.05265;1.05342;1009;0
2024.11.15 16:50;1.05342;1.05353;1.05232;1.05317;882;0
2024.11.15 17:00;1.05320;1.05423;1.05280;1.05410;933;0
2024.11.15 17:10;1.05410;1.05410;1.05292;1.05331;915;0
2024.11.15 17:20;1.05332;1.05358;1.05284;1.05358;900;0
2024.11.15 17:30;1.05366;1.05389;1.05257;1.05312;1034;0
2024.11.15 17:40;1.05309;1.05352;1.05248;1.05341;970;0
2024.11.15 17:50;1.05343;1.05374;1.05298;1.05354;968;0
2024.11.15 18:00;1.05354;1.05446;1.05332;1.05394;947;0
2024.11.15 18:10;1.05393;1.05431;1.05365;1.05430;872;0
2024.11.15 18:20;1.05432;1.05498;1.05420;1.05464;701;0
2024.11.15 18:30;1.05465;1.05483;1.05417;1.05449;705;0
2024.11.15 18:40;1.05452;1.05483;1.05427;1.05468;706;0
2024.11.15 18:50;1.05468;1.05516;1.05467;1.05513;696;0
2024.11.15 19:00;1.05515;1.05579;1.05515;1.05528;731;0
2024.11.15 19:10;1.05527;1.05580;1.05521;1.05543;561;0
2024.11.15 19:20;1.05542;1.05599;1.05504;1.05510;579;0
2024.11.15 19:30;1.05510;1.05578;1.05471;1.05556;620;0
2024.11.15 19:40;1.05554;1.05575;1.05511;1.05511;560;0
2024.11.15 19:50;1.05511;1.05528;1.05480;1.05486;564;0
2024.11.15 20:00;1.05488;1.05500;1.05456;1.05487;476;0
2024.11.15 20:10;1.05487;1.05521;1.05459;1.05468;431;0
2024.11.15 20:20;1.05468;1.05486;1.05461;1.05474;433;0
2024.11.15 20:30;1.05473;1.05480;1.05386;1.05401;384;0
2024.11.15 20:40;1.05400;1.05490;1.05400;1.05489;509;0
2024.11.15 20:50;1.05491;1.05546;1.05491;1.05513;491;0
2024.11.15 21:00;1.05515;1.05521;1.05442;1.05443;464;0
2024.11.15 21:10;1.05444;1.05476;1.05432;1.05464;441;0
2024.11.15 21:20;1.05465;1.05466;1.05400;1.05409;423;0
2024.11.15 21:30;1.05408;1.05420;1.05401;1.05410;373;0
2024.11.15 21:40;1.05411;1.05427;1.05358;1.05393;418;0
2024.11.15 21:50;1.05393;1.05418;1.05367;1.05372;454;0
2024.11.15 22:00;1.05371;1.05379;1.05307;1.05327;573;0
2024.11.15 22:10;1.05325;1.05349;1.05265;1.05275;488;0
2024.11.15 22:20;1.05276;1.05286;1.05222;1.05233;358;0
2024.11.15 22:30;1.05232;1.05236;1.05163;1.05171;499;0
2024.11.15 22:40;1.05172;1.05250;1.05167;1.05248;436;0
2024.11.15 22:50;1.05250;1.05289;1.05247;1.05279;473;0
2024.11.15 23:00;1.05278;1.05284;1.05228;1.05244;333;0
2024.11.15 23:10;1.05239;1.05294;1.05239;1.05285;168;0
2024.11.15 23:20;1.05284;1.05301;1.05273;1.05295;219;0
2024.11.15 23:30;1.05295;1.05336;1.05295;1.05330;184;0
2024.11.15 23:40;1.05318;1.05322;1.05308;1.05319;148;25
2024.11.15 23:50;1.05319;1.05326;1.05300;1.05323;90;25
2024.11.18 00:00;1.05298;1.05324;1.05292;1.05314;54;29
2024.11.18 00:10;1.05313;1.05322;1.05292;1.05297;94;29
2024.11.18 00:20;1.05297;1.05310;1.05290;1.05298;57;29
2024.11.18 00:30;1.05298;1.05310;1.05298;1.05307;135;29
2024.11.18 00:40;1.05307;1.05343;1.05289;1.05295;188;29
2024.11.18 00:50;1.05295;1.05331;1.05290;1.05309;89;31
2024.11.18 01:00;1.05317;1.05388;1.05306;1.05363;267;0
2024.11.18 01:10;1.05363;1.05367;1.05329;1.05339;257;0
2024.11.18 01:20;1.05339;1.05354;1.05332;1.05338;195;0
2024.11.18 01:30;1.05335;1.05374;1.05334;1.05370;191;0
2024.11.18 01:40;1.05366;1.05378;1.05351;1.05351;168;0
2024.11.18 01:50;1.05351;1.05362;1.05327;1.05362;245;0
2024.11.18 02:00;1.05361;1.05363;1.05331;1.05356;451;0
2024.11.18 02:10;1.05355;1.05389;1.05335;1.05388;402;0
2024.11.18 02:20;1.05387;1.05398;1.05366;1.05392;297;0
2024.11.18 02:30;1.05393;1.05442;1.05392;1.05429;406;0
2024.11.18 02:40;1.05427;1.05490;1.05424;1.05468;394;0
2024.11.18 02:50;1.05467;1.05498;1.05462;1.05487;461;0
2024.11.18 03:00;1.05488;1.05506;1.05423;1.05427;817;0
2024.11.18 03:10;1.05427;1.05493;1.05423;1.05461;607;0
2024.11.18 03:20;1.05462;1.05467;1.05386;1.05396;593;0
2024.11.18 03:30;1.05395;1.05439;1.05386;1.05419;562;0
2024.11.18 03:40;1.05420;1.05446;1.05403;1.05413;477;0
2024.11.18 03:50;1.05414;1.05458;1.05405;1.05421;421;0
2024.11.18 04:00;1.05421;1.05425;1.05377;1.05417;444;0
2024.11.18 04:10;1.05417;1.05454;1.05413;1.05447;467;0
2024.11.18 04:20;1.05447;1.05465;1.05444;1.05452;383;0
2024.11.18 04:30;1.05451;1.05458;1.05411;1.05414;391;0
2024.11.18 04:40;1.05416;1.05419;1.05394;1.05403;342;0
2024.11.18 04:50;1.05404;1.05424;1.05389;1.05414;436;0
2024.11.18 05:00;1.05413;1.05447;1.05412;1.05443;338;0
2024.11.18 05:10;1.05442;1.05442;1.05391;1.05392;338;0
2024.11.18 05:20;1.05392;1.05418;1.05377;1.05389;366;0
2024.11.18 05:30;1.05388;1.05389;1.05339;1.05342;292;0
2024.11.18 05:40;1.05341;1.05345;1.05303;1.05331;282;0
2024.11.18 05:50;1.05331;1.05360;1.05327;1.05342;311;0
2024.11.18 06:00;1.05342;1.05370;1.05334;1.05360;287;0
2024.11.18 06:10;1.05359;1.05372;1.05344;1.05371;244;0
2024.11.18 06:20;1.05370;1.05381;1.05363;1.05377;223;0
2024.11.18 06:30;1.05377;1.05383;1.05356;1.05380;256;0
2024.11.18 06:40;1.05380;1.05409;1.05373;1.05399;245;0
2024.11.18 06:50;1.05399;1.05424;1.05398;1.05408;221;0
2024.11.18 07:00;1.05404;1.05404;1.05358;1.05358;303;0
2024.11.18 07:10;1.05359;1.05383;1.05356;1.05362;322;0
2024.11.18 07:20;1.05362;1.05387;1.05361;1.05378;295;0
2024.11.18 07:30;1.05378;1.05387;1.05359;1.05379;302;0
2024.11.18 07:40;1.05379;1.05441;1.05379;1.05438;319;0
2024.11.18 07:50;1.05438;1.05439;1.05371;1.05380;319;0
2024.11.18 08:00;1.05380;1.05401;1.05362;1.05387;379;0
2024.11.18 08:10;1.05387;1.05444;1.05386;1.05441;333;0
2024.11.18 08:20;1.05439;1.05455;1.05411;1.05429;364;0
2024.11.18 08:30;1.05431;1.05475;1.05424;1.05458;339;0
2024.11.18 08:40;1.05456;1.05466;1.05441;1.05452;275;0
2024.11.18 08:50;1.05452;1.05456;1.05421;1.05427;318;0
2024.11.18 09:00;1.05426;1.05432;1.05401;1.05403;335;0
2024.11.18 09:10;1.05401;1.05451;1.05394;1.05446;293;0
2024.11.18 09:20;1.05445;1.05450;1.05387;1.05405;409;0
2024.11.18 09:30;1.05404;1.05436;1.05380;1.05432;379;0
2024.11.18 09:40;1.05433;1.05480;1.05431;1.05451;395;0
2024.11.18 09:50;1.05451;1.05484;1.05450;1.05472;486;0
2024.11.18 10:00;1.05471;1.05503;1.05433;1.05444;694;0
2024.11.18 10:10;1.05443;1.05479;1.05417;1.05464;620;0
2024.11.18 10:20;1.05465;1.05562;1.05447;1.05536;534;0
2024.11.18 10:30;1.05536;1.05539;1.05452;1.05477;495;0
2024.11.18 10:40;1.05476;1.05490;1.05460;1.05473;456;0
2024.11.18 10:50;1.05472;1.05487;1.05436;1.05468;473;0
2024.11.18 11:00;1.05468;1.05494;1.05433;1.05472;523;0
2024.11.18 11:10;1.05471;1.05542;1.05467;1.05541;463;0
2024.11.18 11:20;1.05544;1.05688;1.05544;1.05676;667;0
2024.11.18 11:30;1.05677;1.05712;1.05622;1.05656;566;0
2024.11.18 11:40;1.05657;1.05659;1.05629;1.05642;459;0
2024.11.18 11:50;1.05641;1.05682;1.05634;1.05664;590;0
2024.11.18 12:00;1.05661;1.05672;1.05593;1.05599;570;0
2024.11.18 12:10;1.05598;1.05599;1.05540;1.05545;516;0
2024.11.18 12:20;1.05545;1.05545;1.05488;1.05501;398;0
2024.11.18 12:30;1.05501;1.05508;1.05466;1.05504;410;0
2024.11.18 12:40;1.05500;1.05502;1.05473;1.05478;322;0
2024.11.18 12:50;1.05478;1.05501;1.05458;1.05480;439;0
2024.11.18 13:00;1.05480;1.05480;1.05394;1.05396;494;0
2024.11.18 13:10;1.05396;1.05416;1.05359;1.05413;348;0
2024.11.18 13:20;1.05415;1.05436;1.05364;1.05370;324;0
2024.11.18 13:30;1.05370;1.05391;1.05324;1.05379;438;0
2024.11.18 13:40;1.05382;1.05419;1.05363;1.05416;475;0
2024.11.18 13:50;1.05418;1.05444;1.05400;1.05424;433;0
2024.11.18 14:00;1.05423;1.05444;1.05393;1.05404;382;0
2024.11.18 14:10;1.05405;1.05418;1.05358;1.05365;510;0
2024.11.18 14:20;1.05365;1.05394;1.05346;1.05384;387;0
2024.11.18 14:30;1.05385;1.05414;1.05366;1.05413;355;0
2024.11.18 14:40;1.05413;1.05449;1.05410;1.05427;358;0
2024.11.18 14:50;1.05427;1.05488;1.05414;1.05472;472;0
2024.11.18 15:00;1.05472;1.05522;1.05454;1.05515;439;0
2024.11.18 15:10;1.05515;1.05529;1.05479;1.05490;422;0
2024.11.18 15:20;1.05489;1.05587;1.05488;1.05570;600;0
2024.11.18 15:30;1.05571;1.05598;1.05536;1.05562;552;0
2024.11.18 15:40;1.05562;1.05621;1.05554;1.05608;561;0
2024.11.18 15:50;1.05608;1.05685;1.05605;1.05679;536;0
2024.11.18 16:00;1.05678;1.05706;1.05636;1.05667;579;0
2024.11.18 16:10;1.05668;1.05674;1.05605;1.05640;555;0
2024.11.18 16:20;1.05639;1.05660;1.05625;1.05628;430;0
2024.11.18 16:30;1.05628;1.05738;1.05616;1.05734;626;0
2024.11.18 16:40;1.05735;1.05745;1.05680;1.05706;688;0
2024.11.18 16:50;1.05702;1.05713;1.05670;1.05687;536;0
2024.11.18 17:00;1.05688;1.05733;1.05680;1.05693;621;0
2024.11.18 17:10;1.05692;1.05711;1.05652;1.05657;545;0
2024.11.18 17:20;1.05657;1.05657;1.05606;1.05614;484;0
2024.11.18 17:30;1.05614;1.05718;1.05613;1.05682;547;0
2024.11.18 17:40;1.05681;1.05715;1.05647;1.05706;571;0
2024.11.18 17:50;1.05705;1.05754;1.05705;1.05735;529;0
2024.11.18 18:00;1.05735;1.05737;1.05667;1.05694;567;0
2024.11.18 18:10;1.05691;1.05720;1.05652;1.05691;511;0
2024.11.18 18:20;1.05691;1.05703;1.05658;1.05676;445;0
2024.11.18 18:30;1.05678;1.05715;1.05676;1.05713;351;0
2024.11.18 18:40;1.05715;1.05764;1.05699;1.05762;420;0
2024.11.18 18:50;1.05761;1.05859;1.05758;1.05859;511;0
2024.11.18 19:00;1.05861;1.05892;1.05849;1.05883;585;0
2024.11.18 19:10;1.05883;1.05883;1.05798;1.05816;551;0
2024.11.18 19:20;1.05817;1.05846;1.05805;1.05816;495;0
2024.11.18 19:30;1.05817;1.05870;1.05800;1.05866;342;0
2024.11.18 19:40;1.05867;1.05907;1.05858;1.05885;398;0
2024.11.18 19:50;1.05888;1.05926;1.05888;1.05912;325;0
2024.11.18 20:00;1.05911;1.05911;1.05880;1.05882;301;0
2024.11.18 20:10;1.05882;1.05907;1.05872;1.05907;240;0
2024.11.18 20:20;1.05908;1.05934;1.05901;1.05927;340;0
2024.11.18 20:30;1.05927;1.05948;1.05910;1.05932;336;0
2024.11.18 20:40;1.05932;1.05957;1.05920;1.05941;414;0
2024.11.18 20:50;1.05941;1.05979;1.05941;1.05974;333;0
2024.11.18 21:00;1.05974;1.06071;1.05974;1.06066;404;0
2024.11.18 21:10;1.06066;1.06066;1.05982;1.05984;324;0
2024.11.18 21:20;1.05985;1.05985;1.05935;1.05948;357;0
2024.11.18 21:30;1.05949;1.05955;1.05903;1.05917;345;0
2024.11.18 21:40;1.05912;1.05920;1.05888;1.05908;304;0
2024.11.18 21:50;1.05909;1.05924;1.05899;1.05908;283;0
2024.11.18 22:00;1.05908;1.05954;1.05908;1.05926;275;0
2024.11.18 22:10;1.05927;1.05959;1.05927;1.05947;276;0
2024.11.18 22:20;1.05948;1.05964;1.05927;1.05945;227;0
2024.11.18 22:30;1.05946;1.05948;1.05895;1.05910;266;0
2024.11.18 22:40;1.05910;1.05913;1.05890;1.05893;168;0
2024.11.18 22:50;1.05891;1.05927;1.05890;1.05923;246;0
2024.11.18 23:00;1.05923;1.05949;1.05905;1.05946;163;0
2024.11.18 23:10;1.05946;1.05954;1.05935;1.05952;147;0
2024.11.18 23:20;1.05952;1.05978;1.05947;1.05963;127;0
2024.11.18 23:30;1.05963;1.05994;1.05948;1.05978;181;0
2024.11.18 23:40;1.05965;1.05984;1.05965;1.05982;125;25
2024.11.18 23:50;1.05982;1.05994;1.05969;1.05971;160;25
2024.11.19 00:00;1.05970;1.05990;1.05962;1.05962;49;24
2024.11.19 00:10;1.05963;1.05974;1.05961;1.05962;63;24
2024.11.19 00:20;1.05963;1.05974;1.05960;1.05974;84;24
2024.11.19 00:30;1.05973;1.05981;1.05963;1.05980;94;24
2024.11.19 00:40;1.05980;1.05981;1.05966;1.05976;66;24
2024.11.19 00:50;1.05977;1.05981;1.05974;1.05979;85;24
2024.11.19 01:00;1.05982;1.05986;1.05935;1.05950;190;0
2024.11.19 01:10;1.05949;1.05954;1.05930;1.05935;125;0
2024.11.19 01:20;1.05936;1.05956;1.05936;1.05954;127;0
2024.11.19 01:30;1.05952;1.05967;1.05946;1.05950;149;0
2024.11.19 01:40;1.05951;1.05976;1.05946;1.05967;162;0
2024.11.19 01:50;1.05967;1.05971;1.05940;1.05945;108;0
2024.11.19 02:00;1.05945;1.05945;1.05915;1.05922;260;0
2024.11.19 02:10;1.05921;1.05936;1.05910;1.05936;245;0
2024.11.19 02:20;1.05936;1.05941;1.05916;1.05922;174;0
2024.11.19 02:30;1.05922;1.05936;1.05913;1.05914;230;0
2024.11.19 02:40;1.05915;1.05921;1.05870;1.05879;277;0
2024.11.19 02:50;1.05879;1.05939;1.05874;1.05897;467;0
2024.11.19 03:00;1.05897;1.05918;1.05888;1.05915;414;0
2024.11.19 03:10;1.05914;1.05961;1.05914;1.05921;360;0
2024.11.19 03:20;1.05923;1.05951;1.05916;1.05930;292;0
2024.11.19 03:30;1.05929;1.05931;1.05889;1.05900;414;0
2024.11.19 03:40;1.05900;1.05942;1.05896;1.05938;336;0
2024.11.19 03:50;1.05938;1.05948;1.05920;1.05930;355;0
2024.11.19 04:00;1.05930;1.05962;1.05929;1.05938;374;0
2024.11.19 04:10;1.05939;1.05942;1.05891;1.05898;339;0
2024.11.19 04:20;1.05897;1.05916;1.05888;1.05912;321;0
2024.11.19 04:30;1.05912;1.05923;1.05904;1.05913;339;0
2024.11.19 04:40;1.05913;1.05913;1.05893;1.05902;332;0
2024.11.19 04:50;1.05900;1.05930;1.05897;1.05918;299;0
2024.11.19 05:00;1.05917;1.05951;1.05915;1.05931;286;0
2024.11.19 05:10;1.05931;1.06007;1.05926;1.05993;317;0
2024.11.19 05:20;1.05993;1.05993;1.05965;1.05978;267;0
2024.11.19 05:30;1.05979;1.05984;1.05958;1.05959;281;0
2024.11.19 05:40;1.05959;1.05969;1.05945;1.05953;258;0
2024.11.19 05:50;1.05954;1.05970;1.05938;1.05967;275;0
2024.11.19 06:00;1.05968;1.06007;1.05964;1.05974;269;0
2024.11.19 06:10;1.05974;1.05987;1.05932;1.05939;249;0
2024.11.19 06:20;1.05939;1.05943;1.05915;1.05915;250;0
2024.11.19 06:30;1.05915;1.05917;1.05889;1.05901;230;0
2024.11.19 06:40;1.05901;1.05920;1.05895;1.05905;199;0
2024.11.19 06:50;1.05905;1.05906;1.05864;1.05869;270;0
2024.11.19 07:00;1.05869;1.05872;1.05850;1.05867;267;0
2024.11.19 07:10;1.05868;1.05886;1.05862;1.05862;253;0
2024.11.19 07:20;1.05865;1.05871;1.05839;1.05848;242;0
2024.11.19 07:30;1.05848;1.05866;1.05829;1.05866;169;0
2024.11.19 07:40;1.05866;1.05866;1.05850;1.05851;189;0
2024.11.19 07:50;1.05851;1.05853;1.05827;1.05834;306;0
2024.11.19 08:00;1.05837;1.05875;1.05832;1.05856;264;0
2024.11.19 08:10;1.05855;1.05859;1.05833;1.05857;265;0
2024.11.19 08:20;1.05855;1.05884;1.05852;1.05883;323;0
2024.11.19 08:30;1.05881;1.05917;1.05881;1.05916;265;0
2024.11.19 08:40;1.05916;1.05940;1.05912;1.05940;279;0
2024.11.19 08:50;1.05941;1.05963;1.05926;1.05926;331;0
2024.11.19 09:00;1.05927;1.05949;1.05809;1.05810;490;0
2024.11.19 09:10;1.05810;1.05810;1.05743;1.05784;495;0
2024.11.19 09:20;1.05784;1.05825;1.05770;1.05783;408;0
2024.11.19 09:30;1.05785;1.05853;1.05752;1.05846;525;0
2024.11.19 09:40;1.05846;1.05865;1.05828;1.05838;382;0
2024.11.19 09:50;1.05836;1.05863;1.05775;1.05775;512;0
2024.11.19 10:00;1.05774;1.05846;1.05763;1.05836;672;0
2024.11.19 10:10;1.05836;1.05877;1.05805;1.05854;640;0
2024.11.19 10:20;1.05853;1.05881;1.05836;1.05859;672;0
2024.11.19 10:30;1.05860;1.05862;1.05644;1.05653;864;0
2024.11.19 10:40;1.05652;1.05769;1.05625;1.05710;1150;0
2024.11.19 10:50;1.05704;1.05723;1.05657;1.05717;864;0
2024.11.19 11:00;1.05716;1.05780;1.05705;1.05741;732;0
2024.11.19 11:10;1.05742;1.05752;1.05434;1.05444;974;0
2024.11.19 11:20;1.05448;1.05453;1.05235;1.05351;1490;0
2024.11.19 11:30;1.05348;1.05468;1.05315;1.05447;1023;0
2024.11.19 11:40;1.05448;1.05463;1.05379;1.05418;832;0
2024.11.19 11:50;1.05416;1.05525;1.05380;1.05496;862;0
2024.11.19 12:00;1.05497;1.05556;1.05435;1.05533;659;0
2024.11.19 12:10;1.05532;1.05590;1.05512;1.05549;617;0
2024.11.19 12:20;1.05548;1.05637;1.05543;1.05598;670;0
2024.11.19 12:30;1.05599;1.05682;1.05587;1.05680;649;0
2024.11.19 12:40;1.05680;1.05692;1.05630;1.05648;518;0
2024.11.19 12:50;1.05648;1.05654;1.05584;1.05611;655;0
2024.11.19 13:00;1.05616;1.05648;1.05588;1.05626;600;0
2024.11.19 13:10;1.05622;1.05622;1.05526;1.05543;530;0
2024.11.19 13:20;1.05541;1.05546;1.05500;1.05529;477;0
2024.11.19 13:30;1.05530;1.05556;1.05494;1.05556;434;0
2024.11.19 13:40;1.05556;1.05591;1.05519;1.05574;404;0
2024.11.19 13:50;1.05574;1.05636;1.05565;1.05618;592;0
2024.11.19 14:00;1.05619;1.05666;1.05615;1.05634;483;0
2024.11.19 14:10;1.05636;1.05658;1.05593;1.05616;460;0
2024.11.19 14:20;1.05617;1.05680;1.05613;1.05669;401;0
2024.11.19 14:30;1.05670;1.05704;1.05654;1.05681;414;0
2024.11.19 14:40;1.05682;1.05706;1.05671;1.05697;386;0
2024.11.19 14:50;1.05697;1.05723;1.05684;1.05722;491;0
2024.11.19 15:00;1.05723;1.05788;1.05719;1.05779;505;0
2024.11.19 15:10;1.05780;1.05846;1.05759;1.05842;597;0
2024.11.19 15:20;1.05837;1.05843;1.05763;1.05801;572;0
2024.11.19 15:30;1.05804;1.05941;1.05776;1.05905;824;0
2024.11.19 15:40;1.05906;1.05971;1.05772;1.05800;1033;0
2024.11.19 15:50;1.05798;1.05842;1.05738;1.05769;994;0
2024.11.19 16:00;1.05769;1.05830;1.05700;1.05821;1137;0
2024.11.19 16:10;1.05820;1.05956;1.05779;1.05902;1068;0
2024.11.19 16:20;1.05905;1.05949;1.05850;1.05900;895;0
2024.11.19 16:30;1.05903;1.05940;1.05829;1.05854;981;0
2024.11.19 16:40;1.05853;1.05882;1.05818;1.05830;780;0
2024.11.19 16:50;1.05831;1.05841;1.05702;1.05727;874;0
2024.11.19 17:00;1.05726;1.05726;1.05656;1.05696;829;0
2024.11.19 17:10;1.05699;1.05746;1.05680;1.05723;642;0
2024.11.19 17:20;1.05724;1.05804;1.05685;1.05786;620;0
2024.11.19 17:30;1.05787;1.05920;1.05787;1.05917;779;0
2024.11.19 17:40;1.05917;1.06011;1.05897;1.05913;868;0
2024.11.19 17:50;1.05914;1.05922;1.05832;1.05866;766;0
2024.11.19 18:00;1.05867;1.05928;1.05837;1.05894;634;0
2024.11.19 18:10;1.05894;1.05927;1.05870;1.05901;595;0
2024.11.19 18:20;1.05900;1.05925;1.05825;1.05833;543;0
2024.11.19 18:30;1.05832;1.05834;1.05708;1.05786;634;0
2024.11.19 18:40;1.05786;1.05818;1.05744;1.05772;483;0
2024.11.19 18:50;1.05773;1.05818;1.05765;1.05774;603;0
2024.11.19 19:00;1.05773;1.05884;1.05766;1.05883;526;0
2024.11.19 19:10;1.05884;1.05888;1.05835;1.05864;395;0
2024.11.19 19:20;1.05863;1.05890;1.05835;1.05870;514;0
2024.11.19 19:30;1.05870;1.05888;1.05819;1.05823;356;0
2024.11.19 19:40;1.05823;1.05857;1.05808;1.05842;420;0
2024.11.19 19:50;1.05843;1.05851;1.05797;1.05802;402;0
2024.11.19 20:00;1.05803;1.05803;1.05710;1.05717;498;0
2024.11.19 20:10;1.05718;1.05753;1.05711;1.05732;438;0
2024.11.19 20:20;1.05732;1.05780;1.05720;1.05772;374;0
2024.11.19 20:30;1.05771;1.05830;1.05753;1.05823;341;0
2024.11.19 20:40;1.05822;1.05863;1.05800;1.05854;409;0
2024.11.19 20:50;1.05855;1.05903;1.05847;1.05898;364;0
2024.11.19 21:00;1.05900;1.05918;1.05858;1.05882;425;0
2024.11.19 21:10;1.05880;1.05896;1.05836;1.05843;410;0
2024.11.19 21:20;1.05843;1.05885;1.05836;1.05868;405;0
2024.11.19 21:30;1.05867;1.05878;1.05847;1.05851;426;0
2024.11.19 21:40;1.05853;1.05917;1.05842;1.05915;391;0
2024.11.19 21:50;1.05915;1.05954;1.05889;1.05936;408;0
2024.11.19 22:00;1.05936;1.05952;1.05913;1.05950;350;0
2024.11.19 22:10;1.05950;1.05963;1.05935;1.05942;297;0
2024.11.19 22:20;1.05943;1.05955;1.05933;1.05937;314;0
2024.11.19 22:30;1.05937;1.05950;1.05915;1.05939;310;0
2024.11.19 22:40;1.05939;1.05963;1.05939;1.05955;270;0
2024.11.19 22:50;1.05956;1.05980;1.05935;1.05935;263;0
2024.11.19 23:00;1.05935;1.05962;1.05928;1.05954;236;0
2024.11.19 23:10;1.05955;1.05956;1.05940;1.05942;143;0
2024.11.19 23:20;1.05945;1.05960;1.05944;1.05956;149;0
2024.11.19 23:30;1.05956;1.05976;1.05954;1.05962;121;0
2024.11.19 23:40;1.05950;1.05961;1.05946;1.05950;76;25
2024.11.19 23:50;1.05949;1.05952;1.05938;1.05939;111;25
2024.11.20 00:00;1.05921;1.05946;1.05901;1.05920;131;26
2024.11.20 00:10;1.05922;1.05938;1.05919;1.05921;276;24
2024.11.20 00:20;1.05921;1.05944;1.05921;1.05934;266;24
2024.11.20 00:30;1.05934;1.05944;1.05932;1.05938;199;24
2024.11.20 00:40;1.05938;1.05944;1.05935;1.05944;196;24
2024.11.20 00:50;1.05941;1.05953;1.05936;1.05948;95;24
2024.11.20 01:00;1.05947;1.05989;1.05941;1.05973;128;0
2024.11.20 01:10;1.05974;1.05990;1.05969;1.05981;173;0
2024.11.20 01:20;1.05981;1.06002;1.05980;1.06000;110;0
2024.11.20 01:30;1.06000;1.06063;1.05998;1.06048;248;0
2024.11.20 01:40;1.06047;1.06075;1.06035;1.06074;220;0
2024.11.20 01:50;1.06071;1.06079;1.06058;1.06070;158;0
2024.11.20 02:00;1.06070;1.06097;1.06070;1.06080;221;0
2024.11.20 02:10;1.06080;1.06086;1.06057;1.06074;226;0
2024.11.20 02:20;1.06074;1.06082;1.06062;1.06082;208;0
2024.11.20 02:30;1.06082;1.06088;1.06070;1.06082;154;0
2024.11.20 02:40;1.06082;1.06082;1.06040;1.06043;187;0
2024.11.20 02:50;1.06043;1.06053;1.05989;1.05992;364;0
2024.11.20 03:00;1.05994;1.06039;1.05992;1.05997;371;0
2024.11.20 03:10;1.05997;1.06021;1.05972;1.05990;352;0
2024.11.20 03:20;1.05990;1.05991;1.05968;1.05971;275;0
2024.11.20 03:30;1.05971;1.06008;1.05957;1.06006;452;0
2024.11.20 03:40;1.06005;1.06009;1.05980;1.05984;342;0
2024.11.20 03:50;1.05983;1.06001;1.05966;1.06000;363;0
2024.11.20 04:00;1.06003;1.06032;1.05993;1.06015;346;0
2024.11.20 04:10;1.06015;1.06029;1.05997;1.06011;340;0
2024.11.20 04:20;1.06011;1.06033;1.05986;1.06020;334;0
2024.11.20 04:30;1.06020;1.06033;1.05963;1.05967;311;0
2024.11.20 04:40;1.05967;1.05985;1.05957;1.05980;218;0
2024.11.20 04:50;1.05984;1.05989;1.05955;1.05959;211;0
2024.11.20 05:00;1.05959;1.05984;1.05959;1.05983;260;0
2024.11.20 05:10;1.05983;1.05989;1.05965;1.05967;255;0
2024.11.20 05:20;1.05967;1.05968;1.05933;1.05942;201;0
2024.11.20 05:30;1.05944;1.05945;1.05923;1.05926;254;0
2024.11.20 05:40;1.05927;1.05928;1.05905;1.05905;231;0
2024.11.20 05:50;1.05906;1.05906;1.05883;1.05898;254;0
2024.11.20 06:00;1.05898;1.05902;1.05883;1.05898;164;0
2024.11.20 06:10;1.05898;1.05903;1.05887;1.05890;197;0
2024.11.20 06:20;1.05889;1.05889;1.05877;1.05881;208;0
2024.11.20 06:30;1.05882;1.05905;1.05878;1.05905;162;0
2024.11.20 06:40;1.05907;1.05945;1.05903;1.05924;195;0
2024.11.20 06:50;1.05925;1.05938;1.05918;1.05930;180;0
2024.11.20 07:00;1.05930;1.05930;1.05905;1.05923;191;0
2024.11.20 07:10;1.05923;1.05943;1.05923;1.05925;241;0
2024.11.20 07:20;1.05925;1.05934;1.05905;1.05909;240;0
2024.11.20 07:30;1.05909;1.05909;1.05881;1.05882;200;0
2024.11.20 07:40;1.05883;1.05897;1.05879;1.05888;219;0
2024.11.20 07:50;1.05888;1.05891;1.05866;1.05870;258;0
2024.11.20 08:00;1.05869;1.05892;1.05836;1.05839;295;0
2024.11.20 08:10;1.05839;1.05860;1.05829;1.05853;238;0
2024.11.20 08:20;1.05854;1.05901;1.05847;1.05890;363;0
2024.11.20 08:30;1.05890;1.05955;1.05873;1.05922;371;0
2024.11.20 08:40;1.05921;1.05945;1.05872;1.05878;304;0
2024.11.20 08:50;1.05879;1.05894;1.05859;1.05873;270;0
2024.11.20 09:00;1.05872;1.05918;1.05858;1.05880;653;0
2024.11.20 09:10;1.05882;1.05936;1.05862;1.05889;456;0
2024.11.20 09:20;1.05890;1.05947;1.05833;1.05836;548;0
2024.11.20 09:30;1.05835;1.05835;1.05786;1.05805;612;0
2024.11.20 09:40;1.05803;1.05854;1.05789;1.05850;520;0
2024.11.20 09:50;1.05849;1.05863;1.05766;1.05783;557;0
2024.11.20 10:00;1.05783;1.05791;1.05672;1.05694;639;0
2024.11.20 10:10;1.05693;1.05745;1.05650;1.05733;555;0
2024.11.20 10:20;1.05731;1.05760;1.05693;1.05722;470;0
2024.11.20 10:30;1.05721;1.05744;1.05667;1.05677;477;0
2024.11.20 10:40;1.05676;1.05684;1.05634;1.05651;467;0
2024.11.20 10:50;1.05652;1.05654;1.05602;1.05642;443;0
2024.11.20 11:00;1.05638;1.05638;1.05579;1.05585;503;0
2024.11.20 11:10;1.05585;1.05689;1.05584;1.05650;490;0
2024.11.20 11:20;1.05651;1.05654;1.05578;1.05588;399;0
2024.11.20 11:30;1.05588;1.05639;1.05531;1.05630;624;0
2024.11.20 11:40;1.05629;1.05642;1.05582;1.05608;489;0
2024.11.20 11:50;1.05606;1.05619;1.05537;1.05554;493;0
2024.11.20 12:00;1.05553;1.05616;1.05544;1.05609;531;0
2024.11.20 12:10;1.05609;1.05612;1.05541;1.05543;513;0
2024.11.20 12:20;1.05543;1.05560;1.05509;1.05511;445;0
2024.11.20 12:30;1.05511;1.05553;1.05464;1.05499;471;0
2024.11.20 12:40;1.05499;1.05512;1.05475;1.05475;476;0
2024.11.20 12:50;1.05475;1.05521;1.05453;1.05488;525;0
2024.11.20 13:00;1.05488;1.05498;1.05451;1.05495;453;0
2024.11.20 13:10;1.05494;1.05495;1.05425;1.05444;412;0
2024.11.20 13:20;1.05446;1.05497;1.05420;1.05477;367;0
2024.11.20 13:30;1.05475;1.05548;1.05467;1.05509;495;0
2024.11.20 13:40;1.05510;1.05561;1.05495;1.05548;461;0
2024.11.20 13:50;1.05550;1.05562;1.05524;1.05543;444;0
2024.11.20 14:00;1.05545;1.05604;1.05525;1.05528;520;0
2024.11.20 14:10;1.05528;1.05563;1.05517;1.05549;439;0
2024.11.20 14:20;1.05549;1.05608;1.05540;1.05601;447;0
2024.11.20 14:30;1.05601;1.05629;1.05592;1.05606;406;0
2024.11.20 14:40;1.05607;1.05678;1.05603;1.05657;388;0
2024.11.20 14:50;1.05656;1.05656;1.05582;1.05582;517;0
2024.11.20 15:00;1.05585;1.05632;1.05585;1.05615;469;0
2024.11.20 15:10;1.05614;1.05618;1.05569;1.05570;349;0
2024.11.20 15:20;1.05572;1.05617;1.05557;1.05568;490;0
2024.11.20 15:30;1.05566;1.05604;1.05546;1.05561;460;0
2024.11.20 15:40;1.05558;1.05599;1.05516;1.05598;603;0
2024.11.20 15:50;1.05597;1.05599;1.05551;1.05566;479;0
2024.11.20 16:00;1.05566;1.05570;1.05482;1.05505;487;0
2024.11.20 16:10;1.05503;1.05523;1.05422;1.05422;487;0
2024.11.20 16:20;1.05423;1.05423;1.05242;1.05377;954;0
2024.11.20 16:30;1.05376;1.05446;1.05329;1.05386;600;0
2024.11.20 16:40;1.05386;1.05440;1.05351;1.05380;612;0
2024.11.20 16:50;1.05376;1.05378;1.05223;1.05249;777;0
2024.11.20 17:00;1.05252;1.05328;1.05252;1.05289;722;0
2024.11.20 17:10;1.05289;1.05333;1.05242;1.05276;654;0
2024.11.20 17:20;1.05275;1.05359;1.05226;1.05355;770;0
2024.11.20 17:30;1.05356;1.05379;1.05264;1.05302;768;0
2024.11.20 17:40;1.05301;1.05318;1.05218;1.05237;743;0
2024.11.20 17:50;1.05238;1.05240;1.05158;1.05216;782;0
2024.11.20 18:00;1.05215;1.05249;1.05124;1.05184;722;0
2024.11.20 18:10;1.05185;1.05196;1.05069;1.05139;743;0
2024.11.20 18:20;1.05139;1.05185;1.05095;1.05137;690;0
2024.11.20 18:30;1.05135;1.05158;1.05085;1.05158;566;0
2024.11.20 18:40;1.05160;1.05203;1.05124;1.05202;482;0
2024.11.20 18:50;1.05201;1.05246;1.05183;1.05203;503;0
2024.11.20 19:00;1.05201;1.05217;1.05161;1.05211;362;1
2024.11.20 19:10;1.05211;1.05297;1.05207;1.05296;341;0
2024.11.20 19:20;1.05296;1.05298;1.05266;1.05294;245;0
2024.11.20 19:30;1.05294;1.05330;1.05273;1.05317;320;0
2024.11.20 19:40;1.05317;1.05362;1.05309;1.05350;318;0
2024.11.20 19:50;1.05352;1.05353;1.05300;1.05319;364;0
2024.11.20 20:00;1.05318;1.05325;1.05274;1.05282;422;0
2024.11.20 20:10;1.05282;1.05303;1.05255;1.05301;354;0
2024.11.20 20:20;1.05302;1.05314;1.05254;1.05276;390;0
2024.11.20 20:30;1.05276;1.05309;1.05257;1.05277;314;0
2024.11.20 20:40;1.05277;1.05347;1.05260;1.05324;365;0
2024.11.20 20:50;1.05324;1.05363;1.05319;1.05361;322;0
2024.11.20 21:00;1.05366;1.05388;1.05359;1.05369;329;0
2024.11.20 21:10;1.05369;1.05392;1.05361;1.05379;303;0
2024.11.20 21:20;1.05379;1.05388;1.05368;1.05380;237;0
2024.11.20 21:30;1.05379;1.05392;1.05366;1.05388;222;0
2024.11.20 21:40;1.05387;1.05423;1.05377;1.05418;259;0
2024.11.20 21:50;1.05419;1.05422;1.05380;1.05394;264;0
2024.11.20 22:00;1.05389;1.05390;1.05366;1.05377;220;0
2024.11.20 22:10;1.05377;1.05400;1.05375;1.05383;195;0
2024.11.20 22:20;1.05382;1.05389;1.05366;1.05382;218;0
2024.11.20 22:30;1.05380;1.05382;1.05363;1.05371;209;0
2024.11.20 22:40;1.05372;1.05396;1.05368;1.05379;242;0
2024.11.20 22:50;1.05377;1.05393;1.05376;1.05392;206;0
2024.11.20 23:00;1.05388;1.05408;1.05383;1.05402;153;0
2024.11.20 23:10;1.05402;1.05420;1.05398;1.05407;95;0
2024.11.20 23:20;1.05407;1.05430;1.05407;1.05424;122;0
2024.11.20 23:30;1.05424;1.05424;1.05387;1.05392;137;0
2024.11.20 23:40;1.05379;1.05432;1.05368;1.05431;118;25
2024.11.20 23:50;1.05431;1.05432;1.05417;1.05422;187;25
2024.11.21 00:00;1.05424;1.05425;1.05376;1.05420;35;24
2024.11.21 00:10;1.05419;1.05423;1.05414;1.05415;94;24
2024.11.21 00:20;1.05416;1.05424;1.05414;1.05424;91;24
2024.11.21 00:30;1.05425;1.05425;1.05418;1.05420;76;24
2024.11.21 00:40;1.05420;1.05427;1.05417;1.05422;153;24
2024.11.21 00:50;1.05422;1.05422;1.05404;1.05418;174;24
2024.11.21 01:00;1.05427;1.05447;1.05420;1.05441;126;0
2024.11.21 01:10;1.05441;1.05442;1.05429;1.05430;88;0
2024.11.21 01:20;1.05430;1.05458;1.05430;1.05451;115;0
2024.11.21 01:30;1.05448;1.05456;1.05441;1.05452;138;0
2024.11.21 01:40;1.05453;1.05457;1.05445;1.05456;132;0
2024.11.21 01:50;1.05456;1.05459;1.05450;1.05457;127;0
2024.11.21 02:00;1.05457;1.05460;1.05438;1.05442;225;0
2024.11.21 02:10;1.05442;1.05456;1.05437;1.05451;198;0
2024.11.21 02:20;1.05450;1.05454;1.05423;1.05425;192;0
2024.11.21 02:30;1.05425;1.05458;1.05423;1.05455;231;0
2024.11.21 02:40;1.05456;1.05463;1.05438;1.05438;218;0
2024.11.21 02:50;1.05439;1.05473;1.05437;1.05455;238;0
2024.11.21 03:00;1.05455;1.05472;1.05454;1.05462;300;0
2024.11.21 03:10;1.05462;1.05493;1.05460;1.05486;301;0
2024.11.21 03:20;1.05485;1.05497;1.05473;1.05475;198;0
2024.11.21 03:30;1.05474;1.05482;1.05459;1.05471;264;0
2024.11.21 03:40;1.05471;1.05497;1.05471;1.05482;316;0
2024.11.21 03:50;1.05481;1.05483;1.05448;1.05459;253;0
2024.11.21 04:00;1.05459;1.05480;1.05457;1.05474;281;0
2024.11.21 04:10;1.05473;1.05492;1.05473;1.05479;251;0
2024.11.21 04:20;1.05480;1.05502;1.05480;1.05488;254;0
2024.11.21 04:30;1.05489;1.05497;1.05475;1.05485;209;0
2024.11.21 04:40;1.05485;1.05498;1.05476;1.05495;202;0
2024.11.21 04:50;1.05496;1.05500;1.05485;1.05494;167;0
2024.11.21 05:00;1.05494;1.05508;1.05477;1.05480;211;0
2024.11.21 05:10;1.05480;1.05487;1.05475;1.05479;194;0
2024.11.21 05:20;1.05479;1.05492;1.05473;1.05491;179;0
2024.11.21 05:30;1.05491;1.05523;1.05487;1.05522;174;0
2024.11.21 05:40;1.05521;1.05525;1.05500;1.05510;210;0
2024.11.21 05:50;1.05511;1.05532;1.05511;1.05532;160;0
2024.11.21 06:00;1.05531;1.05548;1.05522;1.05528;167;0
2024.11.21 06:10;1.05527;1.05533;1.05508;1.05509;151;0
2024.11.21 06:20;1.05509;1.05515;1.05503;1.05509;179;0
2024.11.21 06:30;1.05509;1.05533;1.05509;1.05511;198;0
2024.11.21 06:40;1.05511;1.05513;1.05502;1.05503;157;0
2024.11.21 06:50;1.05503;1.05516;1.05488;1.05513;204;0
2024.11.21 07:00;1.05514;1.05515;1.05492;1.05495;193;0
2024.11.21 07:10;1.05496;1.05501;1.05478;1.05484;185;0
2024.11.21 07:20;1.05485;1.05503;1.05476;1.05488;233;0
2024.11.21 07:30;1.05488;1.05490;1.05462;1.05474;213;0
2024.11.21 07:40;1.05474;1.05489;1.05474;1.05477;240;0
2024.11.21 07:50;1.05478;1.05493;1.05464;1.05465;235;0
2024.11.21 08:00;1.05469;1.05485;1.05462;1.05482;248;0
2024.11.21 08:10;1.05483;1.05545;1.05481;1.05522;488;0
2024.11.21 08:20;1.05521;1.05526;1.05475;1.05486;404;0
2024.11.21 08:30;1.05486;1.05487;1.05421;1.05433;339;0
2024.11.21 08:40;1.05434;1.05477;1.05434;1.05455;386;0
2024.11.21 08:50;1.05455;1.05472;1.05441;1.05453;339;0
2024.11.21 09:00;1.05453;1.05473;1.05377;1.05377;472;0
2024.11.21 09:10;1.05377;1.05381;1.05347;1.05351;388;0
2024.11.21 09:20;1.05351;1.05393;1.05326;1.05327;661;0
2024.11.21 09:30;1.05326;1.05371;1.05296;1.05316;707;0
2024.11.21 09:40;1.05316;1.05367;1.05305;1.05361;408;0
2024.11.21 09:50;1.05361;1.05391;1.05343;1.05364;398;0
2024.11.21 10:00;1.05365;1.05386;1.05347;1.05374;511;0
2024.11.21 10:10;1.05372;1.05390;1.05349;1.05358;474;0
2024.11.21 10:20;1.05362;1.05379;1.05274;1.05284;646;0
2024.11.21 10:30;1.05288;1.05297;1.05239;1.05265;575;0
2024.11.21 10:40;1.05262;1.05367;1.05262;1.05366;574;0
2024.11.21 10:50;1.05365;1.05433;1.05351;1.05407;571;0
2024.11.21 11:00;1.05406;1.05409;1.05329;1.05333;675;0
2024.11.21 11:10;1.05333;1.05363;1.05263;1.05267;686;0
2024.11.21 11:20;1.05265;1.05266;1.05139;1.05211;735;0
2024.11.21 11:30;1.05215;1.05241;1.05138;1.05202;619;0
2024.11.21 11:40;1.05200;1.05212;1.05139;1.05192;709;0
2024.11.21 11:50;1.05192;1.05196;1.05150;1.05169;596;0
2024.11.21 12:00;1.05170;1.05208;1.05151;1.05202;528;0
2024.11.21 12:10;1.05203;1.05203;1.05138;1.05181;452;0
2024.11.21 12:20;1.05180;1.05198;1.05153;1.05160;365;0
2024.11.21 12:30;1.05163;1.05243;1.05154;1.05238;367;0
2024.11.21 12:40;1.05238;1.05284;1.05186;1.05191;366;0
2024.11.21 12:50;1.05191;1.05213;1.05170;1.05209;441;0
2024.11.21 13:00;1.05210;1.05227;1.05160;1.05163;511;0
2024.11.21 13:10;1.05163;1.05252;1.05159;1.05240;376;0
2024.11.21 13:20;1.05241;1.05313;1.05238;1.05290;283;0
2024.11.21 13:30;1.05290;1.05299;1.05219;1.05230;376;0
2024.11.21 13:40;1.05231;1.05241;1.05177;1.05203;425;0
2024.11.21 13:50;1.05203;1.05215;1.05172;1.05202;495;0
2024.11.21 14:00;1.05204;1.05235;1.05188;1.05233;428;0
2024.11.21 14:10;1.05233;1.05234;1.05186;1.05202;384;0
2024.11.21 14:20;1.05203;1.05213;1.05175;1.05187;333;0
2024.11.21 14:30;1.05186;1.05239;1.05185;1.05235;385;0
2024.11.21 14:40;1.05236;1.05317;1.05234;1.05310;422;0
2024.11.21 14:50;1.05311;1.05358;1.05259;1.05275;622;0
2024.11.21 15:00;1.05274;1.05287;1.05232;1.05257;625;0
2024.11.21 15:10;1.05256;1.05296;1.05239;1.05251;572;0
2024.11.21 15:20;1.05249;1.05277;1.05197;1.05206;615;0
2024.11.21 15:30;1.05207;1.05392;1.05142;1.05372;988;0
2024.11.21 15:40;1.05372;1.05386;1.05305;1.05344;748;0
2024.11.21 15:50;1.05344;1.05384;1.05283;1.05329;815;0
2024.11.21 16:00;1.05329;1.05350;1.05240;1.05248;792;0
2024.11.21 16:10;1.05248;1.05285;1.05212;1.05267;661;0
2024.11.21 16:20;1.05268;1.05295;1.05244;1.05261;679;0
2024.11.21 16:30;1.05262;1.05287;1.05216;1.05222;738;0
2024.11.21 16:40;1.05223;1.05324;1.05210;1.05264;862;0
2024.11.21 16:50;1.05262;1.05358;1.05250;1.05354;705;0
2024.11.21 17:00;1.05354;1.05445;1.05335;1.05428;920;0
2024.11.21 17:10;1.05429;1.05434;1.05330;1.05346;728;0
2024.11.21 17:20;1.05346;1.05398;1.05326;1.05327;660;0
2024.11.21 17:30;1.05325;1.05351;1.05277;1.05322;712;0
2024.11.21 17:40;1.05321;1.05332;1.05206;1.05238;675;0
2024.11.21 17:50;1.05240;1.05243;1.05089;1.05105;948;0
2024.11.21 18:00;1.05104;1.05147;1.04993;1.05041;899;0
2024.11.21 18:10;1.05042;1.05102;1.04748;1.04844;1278;0
2024.11.21 18:20;1.04854;1.04916;1.04760;1.04889;1224;0
2024.11.21 18:30;1.04888;1.04930;1.04833;1.04898;884;0
2024.11.21 18:40;1.04899;1.04916;1.04733;1.04782;913;0
2024.11.21 18:50;1.04783;1.04814;1.04714;1.04744;793;0
2024.11.21 19:00;1.04743;1.04744;1.04622;1.04691;863;0
2024.11.21 19:10;1.04692;1.04753;1.04644;1.04705;787;0
2024.11.21 19:20;1.04707;1.04786;1.04704;1.04769;678;0
2024.11.21 19:30;1.04768;1.04828;1.04756;1.04810;507;0
2024.11.21 19:40;1.04808;1.04872;1.04808;1.04856;472;0
2024.11.21 19:50;1.04855;1.04879;1.04830;1.04875;386;0
2024.11.21 20:00;1.04874;1.04882;1.04781;1.04819;418;0
2024.11.21 20:10;1.04819;1.04888;1.04812;1.04886;374;0
2024.11.21 20:20;1.04885;1.04886;1.04826;1.04828;342;0
2024.11.21 20:30;1.04827;1.04870;1.04821;1.04842;386;0
2024.11.21 20:40;1.04839;1.04874;1.04831;1.04847;336;0
2024.11.21 20:50;1.04847;1.04893;1.04843;1.04861;340;0
2024.11.21 21:00;1.04861;1.04873;1.04821;1.04828;292;0
2024.11.21 21:10;1.04828;1.04828;1.04771;1.04775;313;0
2024.11.21 21:20;1.04774;1.04808;1.04730;1.04766;350;0
2024.11.21 21:30;1.04765;1.04802;1.04755;1.04800;282;0
2024.11.21 21:40;1.04799;1.04836;1.04799;1.04818;277;0
2024.11.21 21:50;1.04821;1.04854;1.04819;1.04844;278;0
2024.11.21 22:00;1.04843;1.04870;1.04833;1.04836;241;0
2024.11.21 22:10;1.04833;1.04839;1.04779;1.04786;224;0
2024.11.21 22:20;1.04785;1.04817;1.04785;1.04801;174;0
2024.11.21 22:30;1.04800;1.04813;1.04779;1.04792;283;0
2024.11.21 22:40;1.04792;1.04797;1.04780;1.04795;197;0
2024.11.21 22:50;1.04796;1.04828;1.04782;1.04791;228;0
2024.11.21 23:00;1.04791;1.04807;1.04786;1.04790;166;0
2024.11.21 23:10;1.04791;1.04791;1.04763;1.04769;133;0
2024.11.21 23:20;1.04770;1.04770;1.04735;1.04739;132;0
2024.11.21 23:30;1.04736;1.04742;1.04725;1.04725;91;0
2024.11.21 23:40;1.04713;1.04726;1.04706;1.04717;136;25
2024.11.21 23:50;1.04717;1.04735;1.04710;1.04730;159;25
2024.11.22 00:00;1.04731;1.04742;1.04667;1.04729;93;24
2024.11.22 00:10;1.04729;1.04764;1.04728;1.04764;44;24
2024.11.22 00:20;1.04764;1.04771;1.04749;1.04756;63;24
2024.11.22 00:30;1.04756;1.04759;1.04742;1.04745;64;24
2024.11.22 00:40;1.04746;1.04750;1.04744;1.04749;52;24
2024.11.22 00:50;1.04750;1.04751;1.04742;1.04746;92;24
2024.11.22 01:00;1.04757;1.04771;1.04746;1.04749;149;0
2024.11.22 01:10;1.04750;1.04751;1.04725;1.04729;145;0
2024.11.22 01:20;1.04728;1.04733;1.04723;1.04724;127;0
2024.11.22 01:30;1.04724;1.04742;1.04723;1.04736;183;0
2024.11.22 01:40;1.04736;1.04739;1.04676;1.04676;210;0
2024.11.22 01:50;1.04676;1.04733;1.04676;1.04689;253;0
2024.11.22 02:00;1.04690;1.04730;1.04687;1.04722;312;0
2024.11.22 02:10;1.04722;1.04728;1.04682;1.04700;312;0
2024.11.22 02:20;1.04699;1.04702;1.04664;1.04685;281;0
2024.11.22 02:30;1.04685;1.04723;1.04684;1.04711;280;0
2024.11.22 02:40;1.04707;1.04721;1.04686;1.04704;293;0
2024.11.22 02:50;1.04706;1.04757;1.04706;1.04756;403;0
2024.11.22 03:00;1.04758;1.04773;1.04742;1.04746;354;0
2024.11.22 03:10;1.04746;1.04768;1.04742;1.04756;294;0
2024.11.22 03:20;1.04756;1.04763;1.04732;1.04733;312;0
2024.11.22 03:30;1.04732;1.04761;1.04720;1.04720;315;0
2024.11.22 03:40;1.04723;1.04758;1.04720;1.04757;306;0
2024.11.22 03:50;1.04757;1.04778;1.04694;1.04716;364;0
2024.11.22 04:00;1.04715;1.04734;1.04699;1.04704;343;0
2024.11.22 04:10;1.04705;1.04711;1.04669;1.04709;317;0
2024.11.22 04:20;1.04709;1.04716;1.04695;1.04701;272;0
2024.11.22 04:30;1.04702;1.04705;1.04672;1.04700;259;0
2024.11.22 04:40;1.04701;1.04702;1.04682;1.04697;284;0
2024.11.22 04:50;1.04697;1.04728;1.04692;1.04728;262;0
2024.11.22 05:00;1.04728;1.04741;1.04723;1.04735;252;0
2024.11.22 05:10;1.04734;1.04750;1.04734;1.04736;184;0
2024.11.22 05:20;1.04736;1.04782;1.04730;1.04771;317;0
2024.11.22 05:30;1.04771;1.04771;1.04731;1.04760;286;0
2024.11.22 05:40;1.04758;1.04761;1.04733;1.04737;297;0
2024.11.22 05:50;1.04738;1.04766;1.04729;1.04749;262;0
2024.11.22 06:00;1.04746;1.04757;1.04744;1.04744;234;0
2024.11.22 06:10;1.04744;1.04747;1.04721;1.04738;192;0
2024.11.22 06:20;1.04740;1.04741;1.04718;1.04735;201;0
2024.11.22 06:30;1.04735;1.04735;1.04716;1.04726;192;0
2024.11.22 06:40;1.04726;1.04747;1.04695;1.04746;213;0
2024.11.22 06:50;1.04747;1.04761;1.04740;1.04747;190;0
2024.11.22 07:00;1.04746;1.04746;1.04688;1.04698;297;0
2024.11.22 07:10;1.04699;1.04706;1.04655;1.04669;359;0
2024.11.22 07:20;1.04669;1.04684;1.04653;1.04661;248;0
2024.11.22 07:30;1.04660;1.04663;1.04624;1.04643;292;0
2024.11.22 07:40;1.04643;1.04643;1.04615;1.04626;254;0
2024.11.22 07:50;1.04629;1.04663;1.04629;1.04645;300;0
2024.11.22 08:00;1.04645;1.04699;1.04637;1.04694;406;0
2024.11.22 08:10;1.04695;1.04700;1.04669;1.04672;373;0
2024.11.22 08:20;1.04672;1.04682;1.04638;1.04662;324;0
2024.11.22 08:30;1.04662;1.04698;1.04660;1.04670;309;0
2024.11.22 08:40;1.04670;1.04701;1.04669;1.04694;277;0
2024.11.22 08:50;1.04694;1.04703;1.04681;1.04692;319;0
2024.11.22 09:00;1.04692;1.04712;1.04623;1.04650;570;2
2024.11.22 09:10;1.04650;1.04706;1.04629;1.04702;459;0
2024.11.22 09:20;1.04704;1.04795;1.04694;1.04793;490;0
2024.11.22 09:30;1.04793;1.04868;1.04781;1.04868;521;0
2024.11.22 09:40;1.04867;1.04893;1.04840;1.04855;504;0
2024.11.22 09:50;1.04855;1.04887;1.04834;1.04861;374;0
2024.11.22 10:00;1.04861;1.04955;1.04853;1.04952;532;0
2024.11.22 10:10;1.04952;1.04979;1.04662;1.04794;826;0
2024.11.22 10:20;1.04793;1.04842;1.04756;1.04791;854;0
2024.11.22 10:30;1.04694;1.04861;1.04667;1.04726;1096;0
2024.11.22 10:40;1.04722;1.04745;1.04579;1.04584;802;0
2024.11.22 10:50;1.04584;1.04605;1.04412;1.04436;868;0
2024.11.22 11:00;1.04441;1.04442;1.04168;1.04168;1242;0
2024.11.22 11:10;1.04177;1.04183;1.03327;1.03873;1778;1
2024.11.22 11:20;1.03873;1.04089;1.03810;1.04086;1246;0
2024.11.22 11:30;1.04046;1.04156;1.03997;1.04110;1128;2
2024.11.22 11:40;1.04110;1.04206;1.04078;1.04081;748;0
2024.11.22 11:50;1.04081;1.04163;1.04011;1.04018;654;0
2024.11.22 12:00;1.04019;1.04033;1.03850;1.03966;959;0
2024.11.22 12:10;1.03967;1.04052;1.03926;1.04048;668;0
2024.11.22 12:20;1.04049;1.04192;1.04009;1.04168;661;0
2024.11.22 12:30;1.04166;1.04303;1.04155;1.04266;833;0
2024.11.22 12:40;1.04266;1.04286;1.04204;1.04265;611;0
2024.11.22 12:50;1.04267;1.04374;1.04224;1.04297;586;0
2024.11.22 13:00;1.04296;1.04298;1.04159;1.04237;527;0
2024.11.22 13:10;1.04237;1.04263;1.04180;1.04191;482;0
2024.11.22 13:20;1.04191;1.04270;1.04167;1.04229;406;0
2024.11.22 13:30;1.04227;1.04267;1.04192;1.04200;418;0
2024.11.22 13:40;1.04200;1.04207;1.04095;1.04098;399;0
2024.11.22 13:50;1.04103;1.04167;1.04081;1.04167;606;0
2024.11.22 14:00;1.04170;1.04198;1.04122;1.04157;451;0
2024.11.22 14:10;1.04159;1.04174;1.04080;1.04095;447;0
2024.11.22 14:20;1.04096;1.04113;1.04007;1.04011;520;0
2024.11.22 14:30;1.04010;1.04082;1.03980;1.04072;599;0
2024.11.22 14:40;1.04072;1.04135;1.04030;1.04086;501;0
2024.11.22 14:50;1.04091;1.04108;1.04009;1.04075;680;0
2024.11.22 15:00;1.04077;1.04122;1.04065;1.04118;684;0
2024.11.22 15:10;1.04118;1.04244;1.04091;1.04222;817;0
2024.11.22 15:20;1.04227;1.04289;1.04189;1.04189;550;0
2024.11.22 15:30;1.04190;1.04271;1.04189;1.04261;741;0
2024.11.22 15:40;1.04261;1.04344;1.04261;1.04291;669;0
2024.11.22 15:50;1.04291;1.04306;1.04235;1.04294;708;0
2024.11.22 16:00;1.04296;1.04348;1.04263;1.04331;734;0
2024.11.22 16:10;1.04331;1.04331;1.04209;1.04229;645;0
2024.11.22 16:20;1.04228;1.04230;1.04109;1.04115;715;0
2024.11.22 16:30;1.04114;1.04232;1.04107;1.04232;765;0
2024.11.22 16:40;1.04232;1.04256;1.04049;1.04075;1301;0
2024.11.22 16:50;1.04075;1.04131;1.04023;1.04044;1216;0
2024.11.22 17:00;1.04044;1.04198;1.03951;1.04123;1423;0
2024.11.22 17:10;1.04120;1.04200;1.04057;1.04170;1110;0
2024.11.22 17:20;1.04168;1.04192;1.04111;1.04127;1037;0
2024.11.22 17:30;1.04126;1.04130;1.04051;1.04095;1036;0
2024.11.22 17:40;1.04096;1.04182;1.04068;1.04136;920;0
2024.11.22 17:50;1.04136;1.04136;1.04016;1.04107;1301;0
2024.11.22 18:00;1.04106;1.04118;1.04034;1.04052;1012;0
2024.11.22 18:10;1.04053;1.04099;1.03973;1.03981;813;0
2024.11.22 18:20;1.03980;1.04002;1.03919;1.03956;740;0
2024.11.22 18:30;1.03956;1.03997;1.03948;1.03976;574;0
2024.11.22 18:40;1.03976;1.03998;1.03946;1.03981;453;0
2024.11.22 18:50;1.03982;1.03990;1.03935;1.03983;476;0
2024.11.22 19:00;1.03986;1.04038;1.03983;1.03983;637;0
2024.11.22 19:10;1.03983;1.04086;1.03983;1.04038;520;0
2024.11.22 19:20;1.04036;1.04101;1.04026;1.04093;382;0
2024.11.22 19:30;1.04093;1.04141;1.04081;1.04118;368;0
2024.11.22 19:40;1.04117;1.04176;1.04115;1.04162;354;0
2024.11.22 19:50;1.04163;1.04205;1.04146;1.04191;411;0
2024.11.22 20:00;1.04190;1.04253;1.04185;1.04236;418;0
2024.11.22 20:10;1.04237;1.04252;1.04208;1.04208;344;0
2024.11.22 20:20;1.04207;1.04234;1.04192;1.04206;392;0
2024.11.22 20:30;1.04207;1.04227;1.04171;1.04174;419;0
2024.11.22 20:40;1.04174;1.04200;1.04156;1.04192;413;0
2024.11.22 20:50;1.04193;1.04196;1.04148;1.04167;440;0
2024.11.22 21:00;1.04166;1.04189;1.04162;1.04169;316;0
2024.11.22 21:10;1.04170;1.04173;1.04138;1.04161;304;0
2024.11.22 21:20;1.04161;1.04176;1.04143;1.04147;254;0
2024.11.22 21:30;1.04148;1.04148;1.04086;1.04098;327;0
2024.11.22 21:40;1.04098;1.04124;1.04089;1.04110;315;0
2024.11.22 21:50;1.04111;1.04127;1.04095;1.04108;312;0
2024.11.22 22:00;1.04108;1.04123;1.04090;1.04112;288;0
2024.11.22 22:10;1.04111;1.04111;1.04080;1.04093;324;0
2024.11.22 22:20;1.04095;1.04147;1.04087;1.04144;317;0
2024.11.22 22:30;1.04145;1.04163;1.04143;1.04155;375;0
2024.11.22 22:40;1.04156;1.04174;1.04151;1.04151;299;0
2024.11.22 22:50;1.04151;1.04156;1.04129;1.04144;342;0
2024.11.22 23:00;1.04145;1.04159;1.04134;1.04151;331;0
2024.11.22 23:10;1.04151;1.04167;1.04148;1.04158;203;0
2024.11.22 23:20;1.04158;1.04179;1.04157;1.04175;119;0
2024.11.22 23:30;1.04177;1.04184;1.04144;1.04146;148;0
2024.11.22 23:40;1.04144;1.04171;1.04144;1.04144;112;0
2024.11.22 23:50;1.04145;1.04177;1.04144;1.04176;38;0
2024.11.25 00:00;1.04811;1.04826;1.04723;1.04723;165;18
2024.11.25 00:10;1.04723;1.04738;1.04629;1.04644;185;18
2024.11.25 00:20;1.04651;1.04683;1.04624;1.04665;211;18
2024.11.25 00:30;1.04665;1.04787;1.04660;1.04779;345;18
2024.11.25 00:40;1.04777;1.04818;1.04723;1.04764;436;18
2024.11.25 00:50;1.04763;1.04814;1.04739;1.04811;313;18
2024.11.25 01:00;1.04758;1.04832;1.04667;1.04751;664;0
2024.11.25 01:10;1.04748;1.04901;1.04746;1.04865;572;0
2024.11.25 01:20;1.04864;1.05017;1.04860;1.04984;610;0
2024.11.25 01:30;1.04985;1.05009;1.04840;1.04858;736;0
2024.11.25 01:40;1.04859;1.04891;1.04765;1.04785;552;0
2024.11.25 01:50;1.04784;1.04800;1.04765;1.04794;363;0
2024.11.25 02:00;1.04793;1.04802;1.04739;1.04739;634;0
2024.11.25 02:10;1.04740;1.04849;1.04735;1.04825;620;0
2024.11.25 02:20;1.04825;1.04828;1.04763;1.04775;447;0
2024.11.25 02:30;1.04776;1.04790;1.04745;1.04776;404;0
2024.11.25 02:40;1.04778;1.04816;1.04766;1.04776;440;0
2024.11.25 02:50;1.04777;1.04848;1.04770;1.04812;521;0
2024.11.25 03:00;1.04807;1.04840;1.04782;1.04809;528;0
2024.11.25 03:10;1.04810;1.04812;1.04739;1.04773;493;0
2024.11.25 03:20;1.04773;1.04875;1.04771;1.04869;554;0
2024.11.25 03:30;1.04870;1.04900;1.04841;1.04865;640;0
2024.11.25 03:40;1.04865;1.04865;1.04810;1.04842;519;0
2024.11.25 03:50;1.04841;1.04854;1.04762;1.04779;405;0
2024.11.25 04:00;1.04778;1.04798;1.04744;1.04793;351;0
2024.11.25 04:10;1.04793;1.04823;1.04793;1.04821;383;0
2024.11.25 04:20;1.04822;1.04849;1.04818;1.04844;301;0
2024.11.25 04:30;1.04844;1.04893;1.04844;1.04881;396;0
2024.11.25 04:40;1.04880;1.04887;1.04852;1.04864;400;0
2024.11.25 04:50;1.04863;1.04879;1.04838;1.04870;350;0
2024.11.25 05:00;1.04869;1.04870;1.04816;1.04829;436;0
2024.11.25 05:10;1.04828;1.04883;1.04814;1.04860;346;0
2024.11.25 05:20;1.04861;1.04870;1.04826;1.04837;317;0
2024.11.25 05:30;1.04837;1.04854;1.04811;1.04817;359;0
2024.11.25 05:40;1.04817;1.04835;1.04786;1.04798;313;0
2024.11.25 05:50;1.04799;1.04802;1.04757;1.04779;277;0
2024.11.25 06:00;1.04779;1.04799;1.04769;1.04792;251;0
2024.11.25 06:10;1.04793;1.04797;1.04760;1.04760;246;0
2024.11.25 06:20;1.04760;1.04787;1.04746;1.04785;250;0
2024.11.25 06:30;1.04785;1.04809;1.04783;1.04794;234;0
2024.11.25 06:40;1.04794;1.04811;1.04781;1.04782;213;0
2024.11.25 06:50;1.04782;1.04794;1.04767;1.04792;142;0
2024.11.25 07:00;1.04793;1.04811;1.04762;1.04811;291;0
2024.11.25 07:10;1.04811;1.04831;1.04799;1.04815;253;0
2024.11.25 07:20;1.04816;1.04816;1.04752;1.04784;244;0
2024.11.25 07:30;1.04780;1.04791;1.04771;1.04783;332;0
2024.11.25 07:40;1.04782;1.04795;1.04765;1.04770;215;0
2024.11.25 07:50;1.04770;1.04806;1.04764;1.04792;323;0
2024.11.25 08:00;1.04791;1.04799;1.04755;1.04765;391;0
2024.11.25 08:10;1.04765;1.04793;1.04747;1.04787;358;0
2024.11.25 08:20;1.04787;1.04891;1.04786;1.04871;546;0
2024.11.25 08:30;1.04871;1.04876;1.04846;1.04860;491;0
2024.11.25 08:40;1.04860;1.04895;1.04835;1.04835;314;0
2024.11.25 08:50;1.04836;1.04849;1.04821;1.04835;318;0
2024.11.25 09:00;1.04831;1.04833;1.04738;1.04818;661;0
2024.11.25 09:10;1.04818;1.04837;1.04715;1.04752;546;0
2024.11.25 09:20;1.04753;1.04760;1.04693;1.04706;440;0
2024.11.25 09:30;1.04706;1.04709;1.04634;1.04637;626;0
2024.11.25 09:40;1.04638;1.04660;1.04606;1.04649;563;0
2024.11.25 09:50;1.04650;1.04659;1.04499;1.04506;713;0
2024.11.25 10:00;1.04505;1.04594;1.04505;1.04544;926;0
2024.11.25 10:10;1.04542;1.04559;1.04491;1.04497;879;0
2024.11.25 10:20;1.04498;1.04538;1.04491;1.04535;749;0
2024.11.25 10:30;1.04534;1.04595;1.04514;1.04560;756;0
2024.11.25 10:40;1.04560;1.04587;1.04506;1.04551;745;0
2024.11.25 10:50;1.04547;1.04671;1.04545;1.04653;672;0
2024.11.25 11:00;1.04654;1.04870;1.04630;1.04785;1130;0
2024.11.25 11:10;1.04784;1.04825;1.04775;1.04797;864;0
2024.11.25 11:20;1.04795;1.04806;1.04714;1.04745;678;0
2024.11.25 11:30;1.04744;1.04823;1.04741;1.04756;696;0
2024.11.25 11:40;1.04756;1.04894;1.04744;1.04893;632;0
2024.11.25 11:50;1.04891;1.04971;1.04858;1.04896;746;0
2024.11.25 12:00;1.04893;1.04933;1.04866;1.04899;722;0
2024.11.25 12:10;1.04899;1.04927;1.04868;1.04910;705;0
2024.11.25 12:20;1.04907;1.04942;1.04855;1.04908;537;0
2024.11.25 12:30;1.04908;1.04969;1.04880;1.04927;537;0
2024.11.25 12:40;1.04928;1.04935;1.04856;1.04877;591;0
2024.11.25 12:50;1.04877;1.04886;1.04835;1.04859;529;0
2024.11.25 13:00;1.04859;1.04891;1.04840;1.04859;393;0
2024.11.25 13:10;1.04859;1.04869;1.04802;1.04862;413;0
2024.11.25 13:20;1.04862;1.04904;1.04822;1.04831;376;0
2024.11.25 13:30;1.04830;1.04848;1.04797;1.04827;460;0
2024.11.25 13:40;1.04826;1.04830;1.04756;1.04769;517;0
2024.11.25 13:50;1.04770;1.04803;1.04750;1.04794;530;0
2024.11.25 14:00;1.04797;1.04839;1.04781;1.04833;543;0
2024.11.25 14:10;1.04833;1.04834;1.04752;1.04755;547;0
2024.11.25 14:20;1.04754;1.04773;1.04740;1.04759;404;0
2024.11.25 14:30;1.04758;1.04836;1.04753;1.04814;582;0
2024.11.25 14:40;1.04813;1.04908;1.04813;1.04870;579;0
2024.11.25 14:50;1.04873;1.04934;1.04873;1.04886;516;0
2024.11.25 15:00;1.04887;1.04996;1.04885;1.04951;891;0
2024.11.25 15:10;1.04950;1.05154;1.04931;1.05137;1022;0
2024.11.25 15:20;1.05134;1.05255;1.05097;1.05207;947;0
2024.11.25 15:30;1.05207;1.05278;1.05162;1.05178;969;0
2024.11.25 15:40;1.05178;1.05236;1.05143;1.05183;994;0
2024.11.25 15:50;1.05184;1.05302;1.05174;1.05285;983;0
2024.11.25 16:00;1.05286;1.05303;1.05210;1.05235;1083;0
2024.11.25 16:10;1.05236;1.05280;1.05210;1.05233;924;0
2024.11.25 16:20;1.05234;1.05279;1.05154;1.05252;1020;0
2024.11.25 16:30;1.05252;1.05281;1.05108;1.05113;1038;0
2024.11.25 16:40;1.05113;1.05149;1.05045;1.05075;994;0
2024.11.25 16:50;1.05072;1.05113;1.05059;1.05080;886;0
2024.11.25 17:00;1.05080;1.05086;1.04861;1.04911;965;0
2024.11.25 17:10;1.04912;1.05012;1.04901;1.05004;767;0
2024.11.25 17:20;1.05006;1.05148;1.05001;1.05136;654;0
2024.11.25 17:30;1.05135;1.05193;1.05132;1.05160;750;0
2024.11.25 17:40;1.05160;1.05161;1.05040;1.05056;841;0
2024.11.25 17:50;1.05056;1.05068;1.04862;1.04884;1273;0
2024.11.25 18:00;1.04883;1.04946;1.04868;1.04888;988;0
2024.11.25 18:10;1.04889;1.04930;1.04864;1.04905;693;0
2024.11.25 18:20;1.04905;1.04905;1.04810;1.04848;760;0
2024.11.25 18:30;1.04849;1.04883;1.04837;1.04844;629;0
2024.11.25 18:40;1.04845;1.04863;1.04668;1.04695;790;0
2024.11.25 18:50;1.04695;1.04789;1.04668;1.04776;645;0
2024.11.25 19:00;1.04776;1.04793;1.04738;1.04770;596;0
2024.11.25 19:10;1.04771;1.04788;1.04699;1.04706;567;0
2024.11.25 19:20;1.04707;1.04774;1.04689;1.04751;501;0
2024.11.25 19:30;1.04751;1.04854;1.04751;1.04838;487;0
2024.11.25 19:40;1.04839;1.04850;1.04825;1.04838;341;0
2024.11.25 19:50;1.04838;1.04873;1.04828;1.04861;316;0
2024.11.25 20:00;1.04860;1.04981;1.04857;1.04944;622;0
2024.11.25 20:10;1.04946;1.04959;1.04903;1.04931;388;0
2024.11.25 20:20;1.04932;1.04971;1.04905;1.04966;494;0
2024.11.25 20:30;1.04966;1.05048;1.04966;1.05023;442;0
2024.11.25 20:40;1.05024;1.05028;1.04971;1.04988;307;0
2024.11.25 20:50;1.04990;1.05080;1.04990;1.05075;456;0
2024.11.25 21:00;1.05077;1.05107;1.05067;1.05087;366;0
2024.11.25 21:10;1.05089;1.05106;1.05057;1.05063;289;0
2024.11.25 21:20;1.05063;1.05100;1.05055;1.05093;316;0
2024.11.25 21:30;1.05094;1.05097;1.05060;1.05065;240;0
2024.11.25 21:40;1.05065;1.05074;1.05031;1.05044;244;0
2024.11.25 21:50;1.05043;1.05057;1.05014;1.05056;352;0
2024.11.25 22:00;1.05055;1.05077;1.05047;1.05063;250;0
2024.11.25 22:10;1.05065;1.05094;1.05058;1.05059;250;0
2024.11.25 22:20;1.05060;1.05065;1.05010;1.05032;235;0
2024.11.25 22:30;1.05032;1.05037;1.05000;1.05003;306;0
2024.11.25 22:40;1.05003;1.05027;1.04970;1.04976;352;0
2024.11.25 22:50;1.04976;1.04980;1.04919;1.04923;425;0
2024.11.25 23:00;1.04923;1.04972;1.04920;1.04971;217;0
2024.11.25 23:10;1.04972;1.04972;1.04942;1.04959;207;0
2024.11.25 23:20;1.04959;1.04968;1.04935;1.04938;201;0
2024.11.25 23:30;1.04937;1.04948;1.04927;1.04927;156;0
2024.11.25 23:40;1.04928;1.04938;1.04920;1.04921;142;0
2024.11.25 23:50;1.04921;1.04965;1.04920;1.04932;301;0
2024.11.26 00:00;1.04916;1.04955;1.04888;1.04954;58;10
2024.11.26 00:10;1.04953;1.04962;1.04939;1.04949;63;15
2024.11.26 00:20;1.04948;1.04957;1.04944;1.04949;79;14
2024.11.26 00:30;1.04945;1.04955;1.04939;1.04955;167;17
2024.11.26 00:40;1.04953;1.04960;1.04941;1.04953;138;14
2024.11.26 00:50;1.04950;1.04961;1.04944;1.04951;150;14
2024.11.26 01:00;1.04951;1.05008;1.04943;1.04975;158;0
2024.11.26 01:10;1.04974;1.04990;1.04974;1.04984;77;0
2024.11.26 01:20;1.04985;1.04985;1.04955;1.04972;109;0
2024.11.26 01:30;1.04974;1.04975;1.04879;1.04881;272;0
2024.11.26 01:40;1.04878;1.04881;1.04561;1.04561;1161;0
2024.11.26 01:50;1.04561;1.04626;1.04426;1.04437;1070;0
2024.11.26 02:00;1.04437;1.04565;1.04342;1.04419;1078;0
2024.11.26 02:10;1.04416;1.04467;1.04250;1.04389;1153;0
2024.11.26 02:20;1.04389;1.04550;1.04389;1.04531;893;0
2024.11.26 02:30;1.04531;1.04570;1.04447;1.04448;637;0
2024.11.26 02:40;1.04449;1.04499;1.04428;1.04450;701;0
2024.11.26 02:50;1.04449;1.04496;1.04332;1.04349;778;0
2024.11.26 03:00;1.04349;1.04435;1.04303;1.04397;1102;0
2024.11.26 03:10;1.04397;1.04535;1.04397;1.04516;764;0
2024.11.26 03:20;1.04515;1.04571;1.04513;1.04557;672;0
2024.11.26 03:30;1.04557;1.04645;1.04533;1.04549;825;0
2024.11.26 03:40;1.04549;1.04564;1.04529;1.04534;551;0
2024.11.26 03:50;1.04535;1.04615;1.04509;1.04540;426;0
2024.11.26 04:00;1.04541;1.04574;1.04511;1.04567;460;0
2024.11.26 04:10;1.04568;1.04605;1.04567;1.04591;387;0
2024.11.26 04:20;1.04591;1.04625;1.04565;1.04584;441;0
2024.11.26 04:30;1.04582;1.04598;1.04547;1.04566;369;0
2024.11.26 04:40;1.04567;1.04648;1.04534;1.04581;493;0
2024.11.26 04:50;1.04581;1.04635;1.04569;1.04609;447;0
2024.11.26 05:00;1.04606;1.04665;1.04586;1.04661;461;0
2024.11.26 05:10;1.04664;1.04692;1.04638;1.04660;413;0
2024.11.26 05:20;1.04658;1.04693;1.04658;1.04669;316;0
2024.11.26 05:30;1.04668;1.04695;1.04660;1.04685;315;0
2024.11.26 05:40;1.04687;1.04783;1.04687;1.04783;353;0
2024.11.26 05:50;1.04784;1.04800;1.04770;1.04780;322;0
2024.11.26 06:00;1.04780;1.04899;1.04778;1.04896;391;0
2024.11.26 06:10;1.04895;1.04905;1.04814;1.04831;296;0
2024.11.26 06:20;1.04832;1.04865;1.04830;1.04840;252;0
2024.11.26 06:30;1.04840;1.04840;1.04785;1.04810;251;0
2024.11.26 06:40;1.04811;1.04815;1.04767;1.04785;166;0
2024.11.26 06:50;1.04786;1.04800;1.04783;1.04797;205;0
2024.11.26 07:00;1.04797;1.04814;1.04783;1.04786;216;0
2024.11.26 07:10;1.04785;1.04806;1.04763;1.04778;290;0
2024.11.26 07:20;1.04777;1.04781;1.04754;1.04759;216;0
2024.11.26 07:30;1.04758;1.04810;1.04757;1.04805;289;0
2024.11.26 07:40;1.04806;1.04806;1.04743;1.04754;211;0
2024.11.26 07:50;1.04755;1.04769;1.04740;1.04753;255;0
2024.11.26 08:00;1.04754;1.04805;1.04752;1.04800;336;0
2024.11.26 08:10;1.04802;1.04835;1.04781;1.04782;405;0
2024.11.26 08:20;1.04781;1.04801;1.04771;1.04784;295;0
2024.11.26 08:30;1.04784;1.04821;1.04762;1.04809;332;0
2024.11.26 08:40;1.04810;1.04824;1.04766;1.04769;406;0
2024.11.26 08:50;1.04769;1.04775;1.04742;1.04760;337;0
2024.11.26 09:00;1.04768;1.04793;1.04719;1.04762;840;0
2024.11.26 09:10;1.04761;1.04816;1.04742;1.04801;677;0
2024.11.26 09:20;1.04800;1.04816;1.04731;1.04749;553;0
2024.11.26 09:30;1.04748;1.04855;1.04740;1.04815;682;0
2024.11.26 09:40;1.04816;1.04849;1.04787;1.04812;626;0
2024.11.26 09:50;1.04814;1.04821;1.04720;1.04720;687;0
2024.11.26 10:00;1.04721;1.04809;1.04700;1.04790;969;0
2024.11.26 10:10;1.04789;1.04839;1.04708;1.04838;871;0
2024.11.26 10:20;1.04838;1.04888;1.04819;1.04828;671;0
2024.11.26 10:30;1.04828;1.04860;1.04794;1.04799;764;0
2024.11.26 10:40;1.04799;1.04876;1.04781;1.04874;744;0
2024.11.26 10:50;1.04875;1.04964;1.04852;1.04913;762;0
2024.11.26 11:00;1.04913;1.05106;1.04909;1.05049;1039;0
2024.11.26 11:10;1.05047;1.05193;1.05027;1.05088;895;0
2024.11.26 11:20;1.05088;1.05107;1.04979;1.04981;669;0
2024.11.26 11:30;1.04979;1.05012;1.04924;1.04963;712;0
2024.11.26 11:40;1.04963;1.05087;1.04962;1.05076;687;0
2024.11.26 11:50;1.05077;1.05094;1.05020;1.05073;651;0
2024.11.26 12:00;1.05073;1.05126;1.05056;1.05082;709;0
2024.11.26 12:10;1.05086;1.05114;1.05071;1.05114;596;0
2024.11.26 12:20;1.05114;1.05159;1.05110;1.05128;508;0
2024.11.26 12:30;1.05127;1.05178;1.05090;1.05172;612;0
2024.11.26 12:40;1.05171;1.05200;1.05147;1.05183;414;0
2024.11.26 12:50;1.05183;1.05207;1.05148;1.05168;502;0
2024.11.26 13:00;1.05168;1.05188;1.05127;1.05164;524;0
2024.11.26 13:10;1.05165;1.05169;1.05103;1.05113;432;0
2024.11.26 13:20;1.05113;1.05117;1.05050;1.05083;447;0
2024.11.26 13:30;1.05080;1.05169;1.05066;1.05155;549;0
2024.11.26 13:40;1.05154;1.05208;1.05148;1.05189;508;0
2024.11.26 13:50;1.05188;1.05194;1.05117;1.05132;462;0
2024.11.26 14:00;1.05130;1.05164;1.05100;1.05129;599;0
2024.11.26 14:10;1.05129;1.05449;1.05128;1.05362;1018;0
2024.11.26 14:20;1.05355;1.05394;1.05281;1.05312;1040;0
2024.11.26 14:30;1.05312;1.05447;1.05308;1.05429;933;0
2024.11.26 14:40;1.05429;1.05429;1.05310;1.05311;872;0
2024.11.26 14:50;1.05310;1.05360;1.05225;1.05239;694;0
2024.11.26 15:00;1.05238;1.05267;1.05167;1.05223;1052;0
2024.11.26 15:10;1.05224;1.05235;1.05138;1.05143;954;0
2024.11.26 15:20;1.05146;1.05158;1.05010;1.05020;1043;0
2024.11.26 15:30;1.05020;1.05116;1.05001;1.05090;841;0
2024.11.26 15:40;1.05089;1.05159;1.05064;1.05121;766;0
2024.11.26 15:50;1.05122;1.05137;1.05002;1.05034;884;0
2024.11.26 16:00;1.05035;1.05052;1.04896;1.04956;857;0
2024.11.26 16:10;1.04954;1.05010;1.04911;1.05006;812;0
2024.11.26 16:20;1.05005;1.05060;1.04968;1.04993;814;0
2024.11.26 16:30;1.04992;1.04998;1.04922;1.04984;942;0
2024.11.26 16:40;1.04985;1.05032;1.04931;1.05013;925;0
2024.11.26 16:50;1.05014;1.05052;1.04983;1.05027;841;0
2024.11.26 17:00;1.05028;1.05099;1.04969;1.04999;1114;0
2024.11.26 17:10;1.04992;1.05050;1.04973;1.05023;824;0
2024.11.26 17:20;1.05023;1.05044;1.04867;1.04870;996;0
2024.11.26 17:30;1.04869;1.04915;1.04850;1.04904;733;0
2024.11.26 17:40;1.04903;1.04998;1.04889;1.04974;809;0
2024.11.26 17:50;1.04972;1.05016;1.04786;1.04795;1311;0
2024.11.26 18:00;1.04796;1.04860;1.04725;1.04782;1000;0
2024.11.26 18:10;1.04780;1.04792;1.04657;1.04687;811;0
2024.11.26 18:20;1.04687;1.04739;1.04637;1.04729;808;0
2024.11.26 18:30;1.04727;1.04833;1.04718;1.04820;741;0
2024.11.26 18:40;1.04820;1.04863;1.04758;1.04782;689;0
2024.11.26 18:50;1.04782;1.04858;1.04772;1.04800;751;0
2024.11.26 19:00;1.04801;1.04808;1.04697;1.04721;663;0
2024.11.26 19:10;1.04720;1.04759;1.04662;1.04733;543;0
2024.11.26 19:20;1.04734;1.04734;1.04677;1.04689;524;0
2024.11.26 19:30;1.04689;1.04721;1.04657;1.04673;460;0
2024.11.26 19:40;1.04671;1.04693;1.04642;1.04643;431;0
2024.11.26 19:50;1.04644;1.04706;1.04642;1.04705;552;0
2024.11.26 20:00;1.04704;1.04745;1.04674;1.04696;587;0
2024.11.26 20:10;1.04696;1.04721;1.04667;1.04673;440;0
2024.11.26 20:20;1.04672;1.04695;1.04612;1.04617;464;0
2024.11.26 20:30;1.04618;1.04626;1.04572;1.04590;347;0
2024.11.26 20:40;1.04590;1.04673;1.04590;1.04645;397;0
2024.11.26 20:50;1.04645;1.04666;1.04618;1.04650;373;0
2024.11.26 21:00;1.04659;1.04725;1.04630;1.04693;722;0
2024.11.26 21:10;1.04693;1.04807;1.04639;1.04666;928;0
2024.11.26 21:20;1.04663;1.04669;1.04605;1.04605;565;0
2024.11.26 21:30;1.04605;1.04645;1.04581;1.04637;507;0
2024.11.26 21:40;1.04638;1.04705;1.04638;1.04697;473;0
2024.11.26 21:50;1.04697;1.04767;1.04687;1.04728;604;0
2024.11.26 22:00;1.04727;1.04760;1.04721;1.04745;446;0
2024.11.26 22:10;1.04744;1.04777;1.04727;1.04752;392;0
2024.11.26 22:20;1.04752;1.04761;1.04728;1.04740;413;0
2024.11.26 22:30;1.04741;1.04765;1.04716;1.04732;324;0
2024.11.26 22:40;1.04733;1.04773;1.04733;1.04766;307;0
2024.11.26 22:50;1.04764;1.04820;1.04729;1.04810;629;0
2024.11.26 23:00;1.04809;1.04828;1.04809;1.04822;231;0
2024.11.26 23:10;1.04820;1.04892;1.04820;1.04878;263;0
2024.11.26 23:20;1.04879;1.04902;1.04878;1.04890;219;0
2024.11.26 23:30;1.04890;1.04897;1.04881;1.04891;159;0
2024.11.26 23:40;1.04891;1.04893;1.04874;1.04884;164;0
2024.11.26 23:50;1.04883;1.04899;1.04809;1.04810;262;0
2024.11.27 00:00;1.04804;1.04868;1.04738;1.04864;33;18
2024.11.27 00:10;1.04865;1.04873;1.04859;1.04862;109;15
2024.11.27 00:20;1.04861;1.04867;1.04859;1.04867;39;16
2024.11.27 00:30;1.04867;1.04867;1.04858;1.04860;15;18
2024.11.27 00:40;1.04860;1.04869;1.04843;1.04869;279;17
2024.11.27 00:50;1.04869;1.04876;1.04861;1.04872;458;4
2024.11.27 01:00;1.04873;1.04917;1.04872;1.04898;181;0
2024.11.27 01:10;1.04898;1.04910;1.04880;1.04884;102;0
2024.11.27 01:20;1.04884;1.04886;1.04861;1.04862;112;0
2024.11.27 01:30;1.04863;1.04898;1.04863;1.04887;97;0
2024.11.27 01:40;1.04888;1.04916;1.04887;1.04910;106;0
2024.11.27 01:50;1.04912;1.04918;1.04895;1.04917;106;0
2024.11.27 02:00;1.04917;1.04965;1.04917;1.04927;283;0
2024.11.27 02:10;1.04927;1.04953;1.04917;1.04950;217;0
2024.11.27 02:20;1.04951;1.04959;1.04920;1.04923;222;0
2024.11.27 02:30;1.04923;1.04943;1.04894;1.04894;284;0
2024.11.27 02:40;1.04895;1.04932;1.04895;1.04928;234;0
2024.11.27 02:50;1.04927;1.04934;1.04886;1.04892;444;0
2024.11.27 03:00;1.04892;1.04916;1.04861;1.04869;681;2
2024.11.27 03:10;1.04868;1.04917;1.04861;1.04904;507;0
2024.11.27 03:20;1.04905;1.04929;1.04873;1.04873;487;0
2024.11.27 03:30;1.04873;1.04902;1.04866;1.04872;438;0
2024.11.27 03:40;1.04872;1.04883;1.04845;1.04862;359;0
2024.11.27 03:50;1.04862;1.04899;1.04860;1.04870;333;0
2024.11.27 04:00;1.04869;1.04882;1.04830;1.04840;375;0
2024.11.27 04:10;1.04840;1.04860;1.04835;1.04853;304;0
2024.11.27 04:20;1.04855;1.04858;1.04828;1.04842;291;0
2024.11.27 04:30;1.04842;1.04858;1.04812;1.04813;258;0
2024.11.27 04:40;1.04814;1.04864;1.04814;1.04849;245;0
2024.11.27 04:50;1.04850;1.04868;1.04849;1.04855;217;0
2024.11.27 05:00;1.04856;1.04858;1.04812;1.04813;272;0
2024.11.27 05:10;1.04813;1.04814;1.04777;1.04785;269;0
2024.11.27 05:20;1.04786;1.04815;1.04779;1.04808;222;0
2024.11.27 05:30;1.04807;1.04840;1.04806;1.04822;187;0
2024.11.27 05:40;1.04822;1.04852;1.04812;1.04844;299;0
2024.11.27 05:50;1.04842;1.04843;1.04812;1.04828;249;0
2024.11.27 06:00;1.04828;1.04838;1.04810;1.04829;192;0
2024.11.27 06:10;1.04831;1.04838;1.04814;1.04817;163;0
2024.11.27 06:20;1.04818;1.04820;1.04787;1.04789;213;0
2024.11.27 06:30;1.04789;1.04792;1.04773;1.04790;186;0
2024.11.27 06:40;1.04791;1.04817;1.04789;1.04812;142;0
2024.11.27 06:50;1.04810;1.04815;1.04783;1.04786;137;0
2024.11.27 07:00;1.04785;1.04796;1.04779;1.04790;246;0
2024.11.27 07:10;1.04791;1.04791;1.04771;1.04773;211;0
2024.11.27 07:20;1.04773;1.04799;1.04772;1.04787;224;0
2024.11.27 07:30;1.04786;1.04800;1.04778;1.04784;203;0
2024.11.27 07:40;1.04785;1.04795;1.04778;1.04795;201;0
2024.11.27 07:50;1.04796;1.04796;1.04743;1.04768;255;0
2024.11.27 08:00;1.04768;1.04785;1.04753;1.04781;274;0
2024.11.27 08:10;1.04782;1.04805;1.04764;1.04804;236;0
2024.11.27 08:20;1.04805;1.04848;1.04780;1.04844;356;0
2024.11.27 08:30;1.04846;1.04864;1.04798;1.04806;313;0
2024.11.27 08:40;1.04807;1.04809;1.04772;1.04776;264;0
2024.11.27 08:50;1.04776;1.04811;1.04776;1.04797;420;0
2024.11.27 09:00;1.04797;1.04913;1.04797;1.04903;559;0
2024.11.27 09:10;1.04903;1.04903;1.04833;1.04862;532;0
2024.11.27 09:20;1.04863;1.04950;1.04863;1.04929;449;0
2024.11.27 09:30;1.04928;1.05015;1.04923;1.04992;578;0
2024.11.27 09:40;1.04991;1.05040;1.04953;1.05029;684;0
2024.11.27 09:50;1.05029;1.05053;1.04978;1.04981;724;0
2024.11.27 10:00;1.04981;1.05144;1.04961;1.05048;1150;0
2024.11.27 10:10;1.05048;1.05145;1.05030;1.05144;1089;0
2024.11.27 10:20;1.05144;1.05403;1.05143;1.05292;1480;0
2024.11.27 10:30;1.05295;1.05320;1.05220;1.05241;1023;0
2024.11.27 10:40;1.05240;1.05295;1.05170;1.05187;1057;0
2024.11.27 10:50;1.05186;1.05208;1.05074;1.05142;856;0
2024.11.27 11:00;1.05141;1.05176;1.05091;1.05126;839;0
2024.11.27 11:10;1.05128;1.05174;1.05116;1.05128;773;0
2024.11.27 11:20;1.05127;1.05158;1.05095;1.05155;649;0
2024.11.27 11:30;1.05155;1.05172;1.05126;1.05164;484;0
2024.11.27 11:40;1.05166;1.05178;1.05105;1.05138;506;0
2024.11.27 11:50;1.05139;1.05186;1.05134;1.05164;508;0
2024.11.27 12:00;1.05165;1.05230;1.05149;1.05225;624;0
2024.11.27 12:10;1.05226;1.05229;1.05174;1.05174;599;0
2024.11.27 12:20;1.05173;1.05192;1.05126;1.05189;589;0
2024.11.27 12:30;1.05190;1.05221;1.05169;1.05202;583;0
2024.11.27 12:40;1.05201;1.05252;1.05185;1.05210;502;0
2024.11.27 12:50;1.05211;1.05305;1.05184;1.05277;581;0
2024.11.27 13:00;1.05277;1.05305;1.05255;1.05257;557;0
2024.11.27 13:10;1.05257;1.05257;1.05152;1.05176;506;0
2024.11.27 13:20;1.05177;1.05194;1.05108;1.05114;463;0
2024.11.27 13:30;1.05114;1.05223;1.05103;1.05209;412;0
2024.11.27 13:40;1.05208;1.05252;1.05166;1.05184;497;0
2024.11.27 13:50;1.05182;1.05276;1.05181;1.05261;475;0
2024.11.27 14:00;1.05261;1.05294;1.05231;1.05248;498;0
2024.11.27 14:10;1.05248;1.05273;1.05221;1.05223;542;0
2024.11.27 14:20;1.05223;1.05273;1.05199;1.05268;557;0
2024.11.27 14:30;1.05267;1.05334;1.05260;1.05307;693;0
2024.11.27 14:40;1.05308;1.05378;1.05308;1.05326;692;0
2024.11.27 14:50;1.05326;1.05349;1.05260;1.05279;741;0
2024.11.27 15:00;1.05280;1.05345;1.05270;1.05314;784;0
2024.11.27 15:10;1.05314;1.05341;1.05276;1.05341;718;0
2024.11.27 15:20;1.05340;1.05368;1.05312;1.05345;755;0
2024.11.27 15:30;1.05337;1.05583;1.05330;1.05578;1283;0
2024.11.27 15:40;1.05579;1.05597;1.05447;1.05495;1139;0
2024.11.27 15:50;1.05495;1.05738;1.05481;1.05725;1204;0
2024.11.27 16:00;1.05727;1.05786;1.05649;1.05658;1232;0
2024.11.27 16:10;1.05656;1.05713;1.05579;1.05597;975;0
2024.11.27 16:20;1.05597;1.05620;1.05543;1.05575;772;0
2024.11.27 16:30;1.05577;1.05608;1.05510;1.05513;985;0
2024.11.27 16:40;1.05512;1.05585;1.05491;1.05500;879;0
2024.11.27 16:50;1.05499;1.05592;1.05482;1.05554;963;0
2024.11.27 17:00;1.05564;1.05566;1.05353;1.05453;1321;0
2024.11.27 17:10;1.05452;1.05466;1.05330;1.05417;1020;0
2024.11.27 17:20;1.05417;1.05471;1.05367;1.05448;822;0
2024.11.27 17:30;1.05449;1.05499;1.05415;1.05490;916;0
2024.11.27 17:40;1.05491;1.05666;1.05485;1.05650;1016;0
2024.11.27 17:50;1.05651;1.05797;1.05645;1.05704;1320;0
2024.11.27 18:00;1.05703;1.05748;1.05636;1.05727;1000;0
2024.11.27 18:10;1.05725;1.05728;1.05578;1.05584;806;0
2024.11.27 18:20;1.05583;1.05627;1.05550;1.05577;690;0
2024.11.27 18:30;1.05577;1.05776;1.05568;1.05770;1043;0
2024.11.27 18:40;1.05769;1.05847;1.05752;1.05830;854;0
2024.11.27 18:50;1.05825;1.05847;1.05732;1.05742;1007;0
2024.11.27 19:00;1.05744;1.05820;1.05713;1.05780;767;0
2024.11.27 19:10;1.05781;1.05874;1.05768;1.05872;713;0
2024.11.27 19:20;1.05873;1.05876;1.05813;1.05817;608;0
2024.11.27 19:30;1.05818;1.05819;1.05737;1.05748;509;0
2024.11.27 19:40;1.05747;1.05813;1.05747;1.05767;455;0
2024.11.27 19:50;1.05767;1.05795;1.05729;1.05763;524;0
2024.11.27 20:00;1.05764;1.05786;1.05732;1.05755;420;0
2024.11.27 20:10;1.05757;1.05781;1.05729;1.05753;358;0
2024.11.27 20:20;1.05754;1.05784;1.05726;1.05727;338;0
2024.11.27 20:30;1.05730;1.05757;1.05713;1.05718;302;0
2024.11.27 20:40;1.05717;1.05721;1.05672;1.05672;321;0
2024.11.27 20:50;1.05675;1.05698;1.05654;1.05663;383;0
2024.11.27 21:00;1.05662;1.05694;1.05642;1.05694;351;0
2024.11.27 21:10;1.05696;1.05710;1.05655;1.05659;316;0
2024.11.27 21:20;1.05658;1.05668;1.05627;1.05637;387;0
2024.11.27 21:30;1.05637;1.05660;1.05632;1.05657;331;0
2024.11.27 21:40;1.05656;1.05687;1.05653;1.05667;267;0
2024.11.27 21:50;1.05666;1.05668;1.05604;1.05628;449;0
2024.11.27 22:00;1.05629;1.05637;1.05603;1.05616;448;0
2024.11.27 22:10;1.05617;1.05634;1.05606;1.05606;367;0
2024.11.27 22:20;1.05605;1.05641;1.05593;1.05640;333;0
2024.11.27 22:30;1.05641;1.05654;1.05628;1.05653;329;0
2024.11.27 22:40;1.05653;1.05661;1.05618;1.05646;312;0
2024.11.27 22:50;1.05647;1.05667;1.05636;1.05654;347;0
2024.11.27 23:00;1.05653;1.05675;1.05626;1.05656;313;0
2024.11.27 23:10;1.05655;1.05660;1.05643;1.05655;143;0
2024.11.27 23:20;1.05654;1.05684;1.05654;1.05668;127;0
2024.11.27 23:30;1.05668;1.05669;1.05640;1.05643;135;0
2024.11.27 23:40;1.05643;1.05655;1.05640;1.05651;159;0
2024.11.27 23:50;1.05652;1.05676;1.05652;1.05658;309;0
2024.11.28 00:00;1.05655;1.05655;1.05608;1.05632;55;10
2024.11.28 00:10;1.05631;1.05664;1.05626;1.05654;61;11
2024.11.28 00:20;1.05655;1.05664;1.05654;1.05663;39;22
2024.11.28 00:30;1.05664;1.05694;1.05662;1.05685;128;10
2024.11.28 00:40;1.05684;1.05685;1.05679;1.05680;118;11
2024.11.28 00:50;1.05680;1.05685;1.05665;1.05673;176;9
2024.11.28 01:00;1.05672;1.05698;1.05672;1.05679;180;0
2024.11.28 01:10;1.05680;1.05685;1.05667;1.05673;146;0
2024.11.28 01:20;1.05672;1.05676;1.05656;1.05658;129;0
2024.11.28 01:30;1.05658;1.05658;1.05641;1.05646;81;0
2024.11.28 01:40;1.05646;1.05648;1.05615;1.05615;97;0
2024.11.28 01:50;1.05617;1.05626;1.05609;1.05618;84;0
2024.11.28 02:00;1.05620;1.05623;1.05573;1.05574;267;0
2024.11.28 02:10;1.05575;1.05594;1.05566;1.05577;243;0
2024.11.28 02:20;1.05575;1.05622;1.05566;1.05604;280;0
2024.11.28 02:30;1.05604;1.05623;1.05582;1.05585;290;0
2024.11.28 02:40;1.05585;1.05600;1.05558;1.05566;213;0
2024.11.28 02:50;1.05567;1.05567;1.05510;1.05519;472;0
2024.11.28 03:00;1.05519;1.05524;1.05473;1.05487;436;0
2024.11.28 03:10;1.05488;1.05543;1.05488;1.05542;365;0
2024.11.28 03:20;1.05542;1.05584;1.05528;1.05581;403;0
2024.11.28 03:30;1.05579;1.05621;1.05536;1.05559;530;0
2024.11.28 03:40;1.05560;1.05628;1.05560;1.05626;556;0
2024.11.28 03:50;1.05625;1.05625;1.05554;1.05572;466;0
2024.11.28 04:00;1.05572;1.05611;1.05551;1.05598;414;0
2024.11.28 04:10;1.05599;1.05602;1.05578;1.05593;301;0
2024.11.28 04:20;1.05594;1.05596;1.05553;1.05558;226;0
2024.11.28 04:30;1.05557;1.05558;1.05512;1.05522;317;0
2024.11.28 04:40;1.05522;1.05547;1.05518;1.05542;206;0
2024.11.28 04:50;1.05541;1.05572;1.05540;1.05572;226;0
2024.11.28 05:00;1.05570;1.05579;1.05534;1.05548;268;0
2024.11.28 05:10;1.05548;1.05558;1.05532;1.05535;153;0
2024.11.28 05:20;1.05536;1.05560;1.05526;1.05557;253;0
2024.11.28 05:30;1.05557;1.05557;1.05511;1.05540;232;0
2024.11.28 05:40;1.05540;1.05554;1.05520;1.05522;153;0
2024.11.28 05:50;1.05521;1.05524;1.05502;1.05523;205;0
2024.11.28 06:00;1.05526;1.05533;1.05488;1.05497;231;0
2024.11.28 06:10;1.05497;1.05567;1.05497;1.05553;185;0
2024.11.28 06:20;1.05553;1.05573;1.05542;1.05555;147;0
2024.11.28 06:30;1.05554;1.05562;1.05542;1.05558;200;0
2024.11.28 06:40;1.05559;1.05561;1.05522;1.05523;192;0
2024.11.28 06:50;1.05523;1.05548;1.05515;1.05547;213;0
2024.11.28 07:00;1.05549;1.05581;1.05547;1.05569;174;0
2024.11.28 07:10;1.05570;1.05570;1.05541;1.05542;170;0
2024.11.28 07:20;1.05543;1.05547;1.05525;1.05537;164;0
2024.11.28 07:30;1.05537;1.05566;1.05537;1.05553;182;0
2024.11.28 07:40;1.05552;1.05570;1.05530;1.05542;158;0
2024.11.28 07:50;1.05540;1.05541;1.05495;1.05499;154;0
2024.11.28 08:00;1.05500;1.05500;1.05428;1.05451;381;0
2024.11.28 08:10;1.05453;1.05476;1.05450;1.05461;269;0
2024.11.28 08:20;1.05461;1.05489;1.05458;1.05478;264;0
2024.11.28 08:30;1.05480;1.05490;1.05464;1.05487;190;0
2024.11.28 08:40;1.05486;1.05520;1.05482;1.05486;225;0
2024.11.28 08:50;1.05485;1.05495;1.05466;1.05484;262;0
2024.11.28 09:00;1.05484;1.05488;1.05415;1.05484;420;0
2024.11.28 09:10;1.05483;1.05522;1.05465;1.05518;356;0
2024.11.28 09:20;1.05518;1.05552;1.05455;1.05462;538;0
2024.11.28 09:30;1.05462;1.05462;1.05350;1.05350;671;0
2024.11.28 09:40;1.05353;1.05405;1.05318;1.05391;578;0
2024.11.28 09:50;1.05391;1.05445;1.05374;1.05414;602;0
2024.11.28 10:00;1.05412;1.05415;1.05274;1.05340;972;0
2024.11.28 10:10;1.05340;1.05417;1.05318;1.05322;777;0
2024.11.28 10:20;1.05322;1.05370;1.05300;1.05366;701;0
2024.11.28 10:30;1.05366;1.05422;1.05342;1.05396;714;0
2024.11.28 10:40;1.05396;1.05473;1.05392;1.05425;684;0
2024.11.28 10:50;1.05426;1.05495;1.05425;1.05443;716;0
2024.11.28 11:00;1.05442;1.05565;1.05359;1.05404;1260;0
2024.11.28 11:10;1.05405;1.05440;1.05337;1.05386;910;0
2024.11.28 11:20;1.05385;1.05409;1.05329;1.05356;821;0
2024.11.28 11:30;1.05357;1.05391;1.05332;1.05372;688;0
2024.11.28 11:40;1.05374;1.05397;1.05314;1.05325;639;0
2024.11.28 11:50;1.05325;1.05355;1.05311;1.05318;519;0
2024.11.28 12:00;1.05319;1.05344;1.05299;1.05331;581;0
2024.11.28 12:10;1.05332;1.05386;1.05331;1.05352;530;0
2024.11.28 12:20;1.05352;1.05404;1.05345;1.05397;504;0
2024.11.28 12:30;1.05399;1.05447;1.05397;1.05442;490;0
2024.11.28 12:40;1.05441;1.05461;1.05408;1.05450;462;0
2024.11.28 12:50;1.05451;1.05505;1.05435;1.05505;418;0
2024.11.28 13:00;1.05506;1.05548;1.05483;1.05533;442;0
2024.11.28 13:10;1.05532;1.05562;1.05514;1.05516;294;0
2024.11.28 13:20;1.05516;1.05557;1.05514;1.05556;373;0
2024.11.28 13:30;1.05557;1.05564;1.05515;1.05517;398;0
2024.11.28 13:40;1.05516;1.05527;1.05500;1.05515;314;0
2024.11.28 13:50;1.05514;1.05514;1.05455;1.05499;374;0
2024.11.28 14:00;1.05499;1.05503;1.05468;1.05484;444;0
2024.11.28 14:10;1.05483;1.05516;1.05470;1.05515;469;0
2024.11.28 14:20;1.05515;1.05539;1.05512;1.05532;306;0
2024.11.28 14:30;1.05533;1.05539;1.05495;1.05500;353;0
2024.11.28 14:40;1.05500;1.05521;1.05466;1.05467;383;0
2024.11.28 14:50;1.05468;1.05479;1.05438;1.05450;345;0
2024.11.28 15:00;1.05446;1.05455;1.05375;1.05420;517;0
2024.11.28 15:10;1.05419;1.05478;1.05408;1.05417;510;0
2024.11.28 15:20;1.05418;1.05467;1.05412;1.05412;514;0
2024.11.28 15:30;1.05412;1.05443;1.05406;1.05436;536;0
2024.11.28 15:40;1.05435;1.05467;1.05323;1.05326;706;0
2024.11.28 15:50;1.05327;1.05356;1.05303;1.05340;614;0
2024.11.28 16:00;1.05341;1.05381;1.05322;1.05375;507;0
2024.11.28 16:10;1.05374;1.05424;1.05341;1.05403;511;0
2024.11.28 16:20;1.05402;1.05408;1.05314;1.05381;540;0
2024.11.28 16:30;1.05383;1.05435;1.05375;1.05421;441;0
2024.11.28 16:40;1.05420;1.05449;1.05411;1.05446;387;0
2024.11.28 16:50;1.05447;1.05494;1.05429;1.05493;603;0
2024.11.28 17:00;1.05492;1.05571;1.05479;1.05543;500;0
2024.11.28 17:10;1.05547;1.05569;1.05501;1.05520;418;0
2024.11.28 17:20;1.05520;1.05551;1.05488;1.05540;468;0
2024.11.28 17:30;1.05539;1.05555;1.05422;1.05441;539;0
2024.11.28 17:40;1.05442;1.05527;1.05417;1.05505;639;0
2024.11.28 17:50;1.05506;1.05542;1.05477;1.05524;639;0
2024.11.28 18:00;1.05523;1.05545;1.05514;1.05522;451;0
2024.11.28 18:10;1.05521;1.05533;1.05480;1.05506;361;0
2024.11.28 18:20;1.05505;1.05518;1.05475;1.05490;294;0
2024.11.28 18:30;1.05490;1.05532;1.05483;1.05513;274;0
2024.11.28 18:40;1.05512;1.05538;1.05508;1.05527;191;0
2024.11.28 18:50;1.05527;1.05547;1.05523;1.05539;166;0
2024.11.28 19:00;1.05538;1.05543;1.05514;1.05516;143;2
2024.11.28 19:10;1.05513;1.05536;1.05504;1.05508;194;2
2024.11.28 19:20;1.05509;1.05536;1.05504;1.05530;161;2
2024.11.28 19:30;1.05531;1.05533;1.05522;1.05530;96;2
2024.11.28 19:40;1.05530;1.05553;1.05530;1.05547;151;2
2024.11.28 19:50;1.05546;1.05548;1.05514;1.05526;144;2
2024.11.28 20:00;1.05527;1.05566;1.05526;1.05557;100;2
2024.11.28 20:10;1.05556;1.05557;1.05530;1.05540;58;2
2024.11.28 20:20;1.05541;1.05544;1.05532;1.05540;45;2
2024.11.28 20:30;1.05541;1.05543;1.05532;1.05534;107;2
2024.11.28 20:40;1.05534;1.05535;1.05523;1.05528;45;2
2024.11.28 20:50;1.05527;1.05555;1.05519;1.05554;62;4
2024.11.28 21:00;1.05553;1.05554;1.05544;1.05549;27;2
2024.11.28 21:10;1.05548;1.05550;1.05547;1.05549;19;2
2024.11.28 21:20;1.05549;1.05552;1.05540;1.05542;40;3
2024.11.28 21:30;1.05542;1.05551;1.05540;1.05550;32;2
2024.11.28 21:40;1.05550;1.05564;1.05545;1.05564;44;2
2024.11.28 21:50;1.05565;1.05568;1.05561;1.05566;46;2
2024.11.28 22:00;1.05567;1.05571;1.05557;1.05559;67;2
2024.11.28 22:10;1.05559;1.05561;1.05543;1.05544;36;2
2024.11.28 22:20;1.05544;1.05550;1.05544;1.05549;30;2
2024.11.28 22:30;1.05548;1.05566;1.05548;1.05556;29;2
2024.11.28 22:40;1.05556;1.05556;1.05536;1.05549;38;2
2024.11.28 22:50;1.05550;1.05550;1.05541;1.05546;59;2
2024.11.28 23:00;1.05547;1.05561;1.05547;1.05560;68;2
2024.11.28 23:10;1.05559;1.05567;1.05558;1.05558;31;2
2024.11.28 23:20;1.05559;1.05563;1.05557;1.05558;28;2
2024.11.28 23:30;1.05558;1.05565;1.05558;1.05563;30;2
2024.11.28 23:40;1.05564;1.05565;1.05547;1.05547;46;3
2024.11.28 23:50;1.05548;1.05551;1.05473;1.05474;101;3
2024.11.29 00:00;1.05414;1.05533;1.05406;1.05507;99;28
2024.11.29 00:10;1.05505;1.05546;1.05494;1.05546;181;14
2024.11.29 00:20;1.05545;1.05554;1.05523;1.05531;77;14
2024.11.29 00:30;1.05529;1.05536;1.05527;1.05536;65;15
2024.11.29 00:40;1.05535;1.05557;1.05523;1.05546;139;11
2024.11.29 00:50;1.05547;1.05554;1.05522;1.05525;132;6
2024.11.29 01:00;1.05521;1.05566;1.05518;1.05545;133;0
2024.11.29 01:10;1.05545;1.05621;1.05545;1.05606;145;0
2024.11.29 01:20;1.05607;1.05621;1.05591;1.05591;145;0
2024.11.29 01:30;1.05591;1.05595;1.05559;1.05584;180;0
2024.11.29 01:40;1.05584;1.05606;1.05584;1.05605;174;0
2024.11.29 01:50;1.05604;1.05622;1.05596;1.05602;127;0
2024.11.29 02:00;1.05601;1.05611;1.05587;1.05593;282;0
2024.11.29 02:10;1.05595;1.05622;1.05593;1.05620;239;0
2024.11.29 02:20;1.05620;1.05630;1.05599;1.05621;222;0
2024.11.29 02:30;1.05621;1.05718;1.05615;1.05681;391;0
2024.11.29 02:40;1.05682;1.05710;1.05624;1.05625;353;0
2024.11.29 02:50;1.05625;1.05643;1.05605;1.05624;479;0
2024.11.29 03:00;1.05626;1.05695;1.05603;1.05675;697;0
2024.11.29 03:10;1.05675;1.05728;1.05663;1.05677;659;0
2024.11.29 03:20;1.05676;1.05748;1.05675;1.05682;650;0
2024.11.29 03:30;1.05681;1.05693;1.05635;1.05640;530;0
2024.11.29 03:40;1.05641;1.05654;1.05587;1.05591;542;0
2024.11.29 03:50;1.05591;1.05608;1.05565;1.05599;480;0
2024.11.29 04:00;1.05599;1.05671;1.05591;1.05670;434;0
2024.11.29 04:10;1.05671;1.05699;1.05650;1.05676;348;0
2024.11.29 04:20;1.05676;1.05703;1.05667;1.05697;252;0
2024.11.29 04:30;1.05699;1.05737;1.05696;1.05733;382;0
2024.11.29 04:40;1.05734;1.05741;1.05699;1.05702;319;0
2024.11.29 04:50;1.05702;1.05715;1.05673;1.05710;290;0
2024.11.29 05:00;1.05711;1.05720;1.05687;1.05703;278;0
2024.11.29 05:10;1.05701;1.05704;1.05667;1.05677;273;0
2024.11.29 05:20;1.05679;1.05685;1.05659;1.05683;208;0
2024.11.29 05:30;1.05683;1.05694;1.05668;1.05680;207;0
2024.11.29 05:40;1.05679;1.05757;1.05668;1.05750;264;0
2024.11.29 05:50;1.05748;1.05756;1.05721;1.05736;306;0
2024.11.29 06:00;1.05737;1.05741;1.05707;1.05717;266;0
2024.11.29 06:10;1.05718;1.05747;1.05700;1.05736;247;0
2024.11.29 06:20;1.05737;1.05769;1.05728;1.05741;308;0
2024.11.29 06:30;1.05740;1.05745;1.05695;1.05695;195;0
2024.11.29 06:40;1.05692;1.05696;1.05683;1.05687;149;0
2024.11.29 06:50;1.05686;1.05704;1.05683;1.05700;185;0
2024.11.29 07:00;1.05701;1.05713;1.05690;1.05707;288;0
2024.11.29 07:10;1.05706;1.05734;1.05696;1.05718;321;0
2024.11.29 07:20;1.05717;1.05741;1.05712;1.05722;298;0
2024.11.29 07:30;1.05721;1.05722;1.05680;1.05706;251;0
2024.11.29 07:40;1.05707;1.05723;1.05685;1.05686;258;0
2024.11.29 07:50;1.05685;1.05704;1.05663;1.05680;283;0
2024.11.29 08:00;1.05678;1.05697;1.05662;1.05695;253;0
2024.11.29 08:10;1.05696;1.05697;1.05652;1.05685;289;0
2024.11.29 08:20;1.05686;1.05723;1.05680;1.05722;273;0
2024.11.29 08:30;1.05723;1.05759;1.05721;1.05739;370;0
2024.11.29 08:40;1.05740;1.05768;1.05719;1.05758;358;0
2024.11.29 08:50;1.05759;1.05806;1.05739;1.05802;387;0
2024.11.29 09:00;1.05803;1.05828;1.05784;1.05805;661;0
2024.11.29 09:10;1.05804;1.05868;1.05790;1.05847;613;0
2024.11.29 09:20;1.05847;1.05971;1.05845;1.05952;727;0
2024.11.29 09:30;1.05952;1.05952;1.05806;1.05811;801;0
2024.11.29 09:40;1.05810;1.05881;1.05752;1.05840;835;0
2024.11.29 09:50;1.05841;1.05882;1.05767;1.05793;963;0
2024.11.29 10:00;1.05795;1.05821;1.05716;1.05740;701;0
2024.11.29 10:10;1.05739;1.05753;1.05639;1.05694;742;0
2024.11.29 10:20;1.05693;1.05714;1.05644;1.05693;689;0
2024.11.29 10:30;1.05692;1.05713;1.05666;1.05697;591;0
2024.11.29 10:40;1.05699;1.05733;1.05665;1.05726;562;0
2024.11.29 10:50;1.05727;1.05778;1.05685;1.05701;578;0
2024.11.29 11:00;1.05705;1.05763;1.05644;1.05758;983;0
2024.11.29 11:10;1.05757;1.05812;1.05756;1.05758;699;0
2024.11.29 11:20;1.05759;1.05770;1.05694;1.05704;577;0
2024.11.29 11:30;1.05704;1.05716;1.05590;1.05602;618;0
2024.11.29 11:40;1.05604;1.05612;1.05519;1.05611;783;0
2024.11.29 11:50;1.05611;1.05626;1.05561;1.05578;652;0
2024.11.29 12:00;1.05579;1.05674;1.05564;1.05635;758;0
2024.11.29 12:10;1.05636;1.05658;1.05611;1.05625;617;0
2024.11.29 12:20;1.05624;1.05667;1.05605;1.05645;653;0
2024.11.29 12:30;1.05643;1.05733;1.05638;1.05674;808;0
2024.11.29 12:40;1.05672;1.05672;1.05572;1.05575;731;0
2024.11.29 12:50;1.05574;1.05651;1.05569;1.05645;733;0
2024.11.29 13:00;1.05646;1.05651;1.05604;1.05630;655;0
2024.11.29 13:10;1.05629;1.05634;1.05550;1.05577;684;0
2024.11.29 13:20;1.05576;1.05618;1.05561;1.05593;563;0
2024.11.29 13:30;1.05592;1.05639;1.05565;1.05639;526;0
2024.11.29 13:40;1.05638;1.05677;1.05612;1.05664;424;0
2024.11.29 13:50;1.05663;1.05663;1.05580;1.05626;554;0
2024.11.29 14:00;1.05629;1.05656;1.05604;1.05611;614;0
2024.11.29 14:10;1.05610;1.05621;1.05512;1.05522;579;0
2024.11.29 14:20;1.05522;1.05546;1.05499;1.05516;655;0
2024.11.29 14:30;1.05515;1.05562;1.05500;1.05542;580;0
2024.11.29 14:40;1.05541;1.05557;1.05481;1.05500;636;0
2024.11.29 14:50;1.05501;1.05656;1.05499;1.05643;888;0
2024.11.29 15:00;1.05643;1.05685;1.05606;1.05617;800;0
2024.11.29 15:10;1.05616;1.05643;1.05596;1.05643;553;0
2024.11.29 15:20;1.05643;1.05682;1.05620;1.05623;515;0
2024.11.29 15:30;1.05624;1.05645;1.05590;1.05591;622;0
2024.11.29 15:40;1.05593;1.05594;1.05553;1.05574;635;0
2024.11.29 15:50;1.05573;1.05631;1.05555;1.05628;609;0
2024.11.29 16:00;1.05629;1.05645;1.05550;1.05561;659;0
2024.11.29 16:10;1.05559;1.05559;1.05454;1.05458;592;0
2024.11.29 16:20;1.05458;1.05508;1.05454;1.05500;592;0
2024.11.29 16:30;1.05500;1.05545;1.05486;1.05518;786;0
2024.11.29 16:40;1.05518;1.05544;1.05480;1.05480;680;0
2024.11.29 16:50;1.05481;1.05556;1.05480;1.05532;803;0
2024.11.29 17:00;1.05531;1.05596;1.05479;1.05596;902;0
2024.11.29 17:10;1.05596;1.05633;1.05565;1.05614;822;0
2024.11.29 17:20;1.05615;1.05624;1.05470;1.05475;824;0
2024.11.29 17:30;1.05474;1.05588;1.05458;1.05573;926;0
2024.11.29 17:40;1.05573;1.05641;1.05541;1.05565;873;0
2024.11.29 17:50;1.05565;1.05676;1.05532;1.05612;1189;0
2024.11.29 18:00;1.05613;1.05630;1.05476;1.05488;1136;0
2024.11.29 18:10;1.05486;1.05557;1.05482;1.05548;934;0
2024.11.29 18:20;1.05548;1.05562;1.05502;1.05547;691;0
2024.11.29 18:30;1.05546;1.05573;1.05451;1.05463;798;0
2024.11.29 18:40;1.05464;1.05504;1.05414;1.05465;690;0
2024.11.29 18:50;1.05465;1.05482;1.05415;1.05466;609;0
2024.11.29 19:00;1.05465;1.05519;1.05461;1.05496;834;0
2024.11.29 19:10;1.05499;1.05500;1.05436;1.05457;572;2
2024.11.29 19:20;1.05457;1.05495;1.05449;1.05461;475;2
2024.11.29 19:30;1.05461;1.05495;1.05449;1.05495;372;2
2024.11.29 19:40;1.05496;1.05596;1.05495;1.05581;520;2
2024.11.29 19:50;1.05582;1.05676;1.05573;1.05671;714;2
2024.11.29 20:00;1.05672;1.05780;1.05672;1.05749;665;2
2024.11.29 20:10;1.05748;1.05750;1.05692;1.05720;299;2
2024.11.29 20:20;1.05721;1.05725;1.05694;1.05723;252;2
2024.11.29 20:30;1.05724;1.05756;1.05711;1.05718;317;2
2024.11.29 20:40;1.05718;1.05724;1.05705;1.05722;747;2
2024.11.29 20:50;1.05721;1.05752;1.05720;1.05751;510;2
2024.11.29 21:00;1.05751;1.05753;1.05721;1.05722;323;2
2024.11.29 21:10;1.05721;1.05757;1.05721;1.05756;279;2
2024.11.29 21:20;1.05757;1.05783;1.05746;1.05773;382;2
2024.11.29 21:30;1.05774;1.05796;1.05770;1.05791;428;2
2024.11.29 21:40;1.05792;1.05793;1.05778;1.05790;556;2
2024.11.29 21:50;1.05791;1.05800;1.05791;1.05797;631;2
2024.11.29 22:00;1.05798;1.05800;1.05785;1.05797;939;2
2024.11.29 22:10;1.05797;1.05799;1.05789;1.05793;148;2
2024.11.29 22:20;1.05794;1.05820;1.05792;1.05817;331;2
2024.11.29 22:30;1.05817;1.05844;1.05817;1.05842;380;2
2024.11.29 22:40;1.05842;1.05844;1.05822;1.05826;256;2
2024.11.29 22:50;1.05825;1.05829;1.05811;1.05822;570;3
2024.11.29 23:00;1.05823;1.05831;1.05797;1.05803;803;2
2024.11.29 23:10;1.05802;1.05803;1.05778;1.05790;871;2
2024.11.29 23:20;1.05791;1.05803;1.05775;1.05796;683;2
2024.11.29 23:30;1.05796;1.05796;1.05770;1.05787;453;2
2024.11.29 23:40;1.05787;1.05798;1.05773;1.05773;311;10
2024.11.29 23:50;1.05774;1.05788;1.05738;1.05761;389;4
2024.12.02 00:00;1.05691;1.05691;1.05638;1.05664;92;45
2024.12.02 00:10;1.05664;1.05684;1.05656;1.05669;112;23
2024.12.02 00:20;1.05670;1.05679;1.05650;1.05652;107;19
2024.12.02 00:30;1.05656;1.05704;1.05656;1.05680;235;19
2024.12.02 00:40;1.05679;1.05683;1.05662;1.05664;291;18
2024.12.02 00:50;1.05665;1.05670;1.05612;1.05629;477;18
2024.12.02 01:00;1.05634;1.05664;1.05476;1.05487;620;0
2024.12.02 01:10;1.05486;1.05515;1.05470;1.05483;421;0
2024.12.02 01:20;1.05485;1.05485;1.05335;1.05340;472;0
2024.12.02 01:30;1.05336;1.05451;1.05336;1.05451;495;0
2024.12.02 01:40;1.05452;1.05460;1.05413;1.05446;303;0
2024.12.02 01:50;1.05446;1.05461;1.05413;1.05440;360;0
2024.12.02 02:00;1.05440;1.05463;1.05332;1.05375;449;0
2024.12.02 02:10;1.05374;1.05416;1.05369;1.05399;417;0
2024.12.02 02:20;1.05398;1.05415;1.05376;1.05409;373;0
2024.12.02 02:30;1.05409;1.05432;1.05335;1.05335;446;0
2024.12.02 02:40;1.05336;1.05355;1.05312;1.05355;510;0
2024.12.02 02:50;1.05354;1.05374;1.05335;1.05362;444;0
2024.12.02 03:00;1.05361;1.05391;1.05312;1.05340;622;0
2024.12.02 03:10;1.05339;1.05361;1.05279;1.05293;561;0
2024.12.02 03:20;1.05291;1.05310;1.05285;1.05301;522;0
2024.12.02 03:30;1.05301;1.05345;1.05300;1.05334;531;0
2024.12.02 03:40;1.05333;1.05358;1.05325;1.05330;469;0
2024.12.02 03:50;1.05331;1.05336;1.05291;1.05304;533;0
2024.12.02 04:00;1.05303;1.05319;1.05257;1.05259;556;0
2024.12.02 04:10;1.05260;1.05270;1.05199;1.05242;559;0
2024.12.02 04:20;1.05240;1.05259;1.05216;1.05241;401;0
2024.12.02 04:30;1.05242;1.05281;1.05238;1.05243;365;0
2024.12.02 04:40;1.05243;1.05265;1.05241;1.05253;363;0
2024.12.02 04:50;1.05253;1.05270;1.05246;1.05253;405;0
2024.12.02 05:00;1.05254;1.05269;1.05237;1.05261;399;0
2024.12.02 05:10;1.05262;1.05267;1.05225;1.05247;297;0
2024.12.02 05:20;1.05247;1.05247;1.05200;1.05232;338;0
2024.12.02 05:30;1.05232;1.05262;1.05231;1.05239;349;0
2024.12.02 05:40;1.05238;1.05249;1.05229;1.05243;276;0
2024.12.02 05:50;1.05244;1.05260;1.05214;1.05234;253;0
2024.12.02 06:00;1.05233;1.05249;1.05216;1.05236;330;0
2024.12.02 06:10;1.05235;1.05248;1.05225;1.05227;229;0
2024.12.02 06:20;1.05227;1.05291;1.05226;1.05271;261;0
2024.12.02 06:30;1.05271;1.05283;1.05241;1.05241;158;0
2024.12.02 06:40;1.05242;1.05260;1.05206;1.05206;218;0
2024.12.02 06:50;1.05206;1.05240;1.05188;1.05233;331;0
2024.12.02 07:00;1.05232;1.05243;1.05218;1.05225;339;0
2024.12.02 07:10;1.05226;1.05241;1.05172;1.05179;379;0
2024.12.02 07:20;1.05180;1.05221;1.05151;1.05221;350;0
2024.12.02 07:30;1.05221;1.05242;1.05208;1.05240;340;0
2024.12.02 07:40;1.05241;1.05273;1.05231;1.05263;320;0
2024.12.02 07:50;1.05265;1.05283;1.05215;1.05220;422;0
2024.12.02 08:00;1.05219;1.05249;1.05213;1.05242;427;0
2024.12.02 08:10;1.05242;1.05276;1.05235;1.05238;444;0
2024.12.02 08:20;1.05240;1.05269;1.05229;1.05255;384;0
2024.12.02 08:30;1.05254;1.05334;1.05233;1.05329;533;0
2024.12.02 08:40;1.05329;1.05358;1.05300;1.05311;516;0
2024.12.02 08:50;1.05311;1.05362;1.05289;1.05330;588;0
2024.12.02 09:00;1.05330;1.05371;1.05196;1.05220;914;0
2024.12.02 09:10;1.05219;1.05253;1.05070;1.05145;953;0
2024.12.02 09:20;1.05145;1.05230;1.05145;1.05200;750;0
2024.12.02 09:30;1.05199;1.05200;1.05085;1.05098;901;0
2024.12.02 09:40;1.05099;1.05142;1.05044;1.05101;862;0
2024.12.02 09:50;1.05103;1.05112;1.05020;1.05027;932;0
2024.12.02 10:00;1.05027;1.05078;1.04958;1.05076;1040;0
2024.12.02 10:10;1.05076;1.05125;1.04974;1.05024;912;0
2024.12.02 10:20;1.05023;1.05105;1.05008;1.05059;614;0
2024.12.02 10:30;1.05058;1.05065;1.04971;1.04981;863;0
2024.12.02 10:40;1.04980;1.05049;1.04968;1.05035;898;0
2024.12.02 10:50;1.05034;1.05043;1.04973;1.05023;843;0
2024.12.02 11:00;1.05020;1.05148;1.05020;1.05143;800;0
2024.12.02 11:10;1.05144;1.05183;1.05091;1.05137;813;0
2024.12.02 11:20;1.05137;1.05162;1.05106;1.05126;587;0
2024.12.02 11:30;1.05126;1.05174;1.05121;1.05152;586;0
2024.12.02 11:40;1.05152;1.05152;1.05082;1.05112;538;0
2024.12.02 11:50;1.05110;1.05191;1.05091;1.05135;521;0
2024.12.02 12:00;1.05133;1.05154;1.05089;1.05147;684;0
2024.12.02 12:10;1.05147;1.05181;1.05060;1.05128;797;0
2024.12.02 12:20;1.05128;1.05191;1.05121;1.05137;726;0
2024.12.02 12:30;1.05140;1.05166;1.05083;1.05137;517;0
2024.12.02 12:40;1.05141;1.05238;1.05091;1.05215;521;0
2024.12.02 12:50;1.05214;1.05227;1.05169;1.05218;662;0
2024.12.02 13:00;1.05217;1.05238;1.05202;1.05216;543;0
2024.12.02 13:10;1.05216;1.05269;1.05208;1.05241;553;0
2024.12.02 13:20;1.05242;1.05275;1.05232;1.05265;536;0
2024.12.02 13:30;1.05265;1.05287;1.05250;1.05261;459;0
2024.12.02 13:40;1.05261;1.05281;1.05231;1.05256;473;0
2024.12.02 13:50;1.05255;1.05255;1.05204;1.05229;470;0
2024.12.02 14:00;1.05228;1.05277;1.05171;1.05265;512;0
2024.12.02 14:10;1.05264;1.05381;1.05229;1.05280;895;0
2024.12.02 14:20;1.05279;1.05288;1.05188;1.05194;590;0
2024.12.02 14:30;1.05195;1.05223;1.05099;1.05102;788;0
2024.12.02 14:40;1.05104;1.05164;1.05085;1.05093;710;0
2024.12.02 14:50;1.05094;1.05102;1.04950;1.05009;922;0
2024.12.02 15:00;1.05010;1.05086;1.05007;1.05064;848;0
2024.12.02 15:10;1.05066;1.05117;1.05059;1.05084;677;0
2024.12.02 15:20;1.05085;1.05143;1.05065;1.05097;752;0
2024.12.02 15:30;1.05098;1.05102;1.05024;1.05027;592;0
2024.12.02 15:40;1.05027;1.05066;1.04960;1.05026;1043;0
2024.12.02 15:50;1.05027;1.05106;1.05014;1.05056;1069;0
2024.12.02 16:00;1.05064;1.05146;1.05064;1.05076;866;0
2024.12.02 16:10;1.05077;1.05090;1.05020;1.05051;853;0
2024.12.02 16:20;1.05052;1.05054;1.04907;1.04938;869;0
2024.12.02 16:30;1.04940;1.04956;1.04871;1.04873;1055;0
2024.12.02 16:40;1.04873;1.04881;1.04751;1.04782;1071;0
2024.12.02 16:50;1.04783;1.04800;1.04725;1.04738;1064;0
2024.12.02 17:00;1.04734;1.04809;1.04620;1.04732;1444;0
2024.12.02 17:10;1.04730;1.04737;1.04659;1.04736;1103;0
2024.12.02 17:20;1.04737;1.04793;1.04667;1.04668;1116;0
2024.12.02 17:30;1.04667;1.04736;1.04647;1.04699;1032;0
2024.12.02 17:40;1.04700;1.04737;1.04647;1.04703;979;0
2024.12.02 17:50;1.04702;1.04717;1.04620;1.04691;1034;0
2024.12.02 18:00;1.04692;1.04708;1.04605;1.04650;1000;0
2024.12.02 18:10;1.04650;1.04768;1.04649;1.04768;918;0
2024.12.02 18:20;1.04768;1.04977;1.04768;1.04913;1364;0
2024.12.02 18:30;1.04908;1.04908;1.04802;1.04861;1057;0
2024.12.02 18:40;1.04862;1.04892;1.04835;1.04863;756;0
2024.12.02 18:50;1.04862;1.04891;1.04801;1.04834;759;0
2024.12.02 19:00;1.04834;1.04878;1.04801;1.04863;711;0
2024.12.02 19:10;1.04864;1.04955;1.04863;1.04948;551;0
2024.12.02 19:20;1.04948;1.04989;1.04920;1.04933;619;0
2024.12.02 19:30;1.04932;1.04957;1.04877;1.04880;548;0
2024.12.02 19:40;1.04880;1.04889;1.04826;1.04843;452;0
2024.12.02 19:50;1.04844;1.04876;1.04830;1.04876;486;0
2024.12.02 20:00;1.04876;1.04908;1.04857;1.04859;439;0
2024.12.02 20:10;1.04860;1.04930;1.04858;1.04904;455;0
2024.12.02 20:20;1.04903;1.04931;1.04899;1.04906;386;0
2024.12.02 20:30;1.04905;1.04906;1.04871;1.04898;339;0
2024.12.02 20:40;1.04897;1.04915;1.04856;1.04864;344;0
2024.12.02 20:50;1.04862;1.04906;1.04847;1.04899;315;0
2024.12.02 21:00;1.04898;1.04924;1.04874;1.04897;456;0
2024.12.02 21:10;1.04897;1.04936;1.04882;1.04931;374;0
2024.12.02 21:20;1.04932;1.04944;1.04907;1.04918;336;0
2024.12.02 21:30;1.04918;1.04926;1.04895;1.04901;298;0
2024.12.02 21:40;1.04900;1.04932;1.04893;1.04906;313;0
2024.12.02 21:50;1.04907;1.04919;1.04883;1.04903;364;0
2024.12.02 22:00;1.04902;1.04931;1.04897;1.04912;321;0
2024.12.02 22:10;1.04913;1.05145;1.04887;1.05143;960;0
2024.12.02 22:20;1.05144;1.05161;1.05058;1.05092;968;0
2024.12.02 22:30;1.05088;1.05150;1.05060;1.05074;637;0
2024.12.02 22:40;1.05072;1.05110;1.05044;1.05055;468;0
2024.12.02 22:50;1.05055;1.05092;1.04995;1.05000;393;0
2024.12.02 23:00;1.05001;1.05006;1.04969;1.05003;298;0
2024.12.02 23:10;1.05005;1.05031;1.04996;1.04999;227;0
2024.12.02 23:20;1.04998;1.05002;1.04976;1.04983;148;0
2024.12.02 23:30;1.04982;1.04992;1.04969;1.04986;147;0
2024.12.02 23:40;1.04985;1.05001;1.04979;1.04997;116;0
2024.12.02 23:50;1.04995;1.05000;1.04974;1.04974;252;0
2024.12.03 00:00;1.04925;1.04984;1.04925;1.04984;39;4
2024.12.03 00:10;1.04986;1.04996;1.04982;1.04991;187;10
2024.12.03 00:20;1.04992;1.05001;1.04977;1.05000;48;12
2024.12.03 00:30;1.05001;1.05004;1.04986;1.04986;75;12
2024.12.03 00:40;1.04987;1.04987;1.04976;1.04984;90;12
2024.12.03 00:50;1.04983;1.04987;1.04934;1.04962;79;4
2024.12.03 01:00;1.04971;1.04998;1.04969;1.04982;152;0
2024.12.03 01:10;1.04984;1.05000;1.04974;1.04999;133;0
2024.12.03 01:20;1.05000;1.05004;1.04991;1.04994;158;0
2024.12.03 01:30;1.04995;1.05005;1.04990;1.04998;83;0
2024.12.03 01:40;1.04999;1.05014;1.04987;1.05014;182;0
2024.12.03 01:50;1.05014;1.05015;1.05000;1.05007;122;0
2024.12.03 02:00;1.05002;1.05013;1.04975;1.04976;376;0
2024.12.03 02:10;1.04975;1.04977;1.04921;1.04929;373;0
2024.12.03 02:20;1.04931;1.04939;1.04892;1.04893;335;0
2024.12.03 02:30;1.04893;1.04932;1.04886;1.04893;332;0
2024.12.03 02:40;1.04892;1.04938;1.04889;1.04937;209;0
2024.12.03 02:50;1.04937;1.04937;1.04910;1.04911;374;0
2024.12.03 03:00;1.04911;1.04968;1.04911;1.04950;389;0
2024.12.03 03:10;1.04951;1.04971;1.04935;1.04948;397;0
2024.12.03 03:20;1.04949;1.04959;1.04867;1.04867;435;0
2024.12.03 03:30;1.04867;1.04938;1.04855;1.04931;536;0
2024.12.03 03:40;1.04932;1.04949;1.04851;1.04856;614;2
2024.12.03 03:50;1.04856;1.04898;1.04842;1.04877;478;2
2024.12.03 04:00;1.04878;1.04897;1.04849;1.04866;419;2
2024.12.03 04:10;1.04866;1.04891;1.04831;1.04837;384;0
2024.12.03 04:20;1.04837;1.04869;1.04822;1.04842;392;0
2024.12.03 04:30;1.04842;1.04914;1.04838;1.04896;377;0
2024.12.03 04:40;1.04897;1.04917;1.04886;1.04904;323;0
2024.12.03 04:50;1.04907;1.04920;1.04891;1.04893;277;0
2024.12.03 05:00;1.04893;1.04896;1.04868;1.04892;294;0
2024.12.03 05:10;1.04891;1.04911;1.04882;1.04893;262;0
2024.12.03 05:20;1.04893;1.04900;1.04878;1.04883;213;0
2024.12.03 05:30;1.04884;1.04943;1.04884;1.04942;324;0
2024.12.03 05:40;1.04943;1.04944;1.04909;1.04929;282;0
2024.12.03 05:50;1.04926;1.04933;1.04894;1.04904;278;0
2024.12.03 06:00;1.04905;1.04913;1.04893;1.04912;235;0
2024.12.03 06:10;1.04911;1.04911;1.04866;1.04868;251;0
2024.12.03 06:20;1.04869;1.04879;1.04849;1.04872;188;0
2024.12.03 06:30;1.04874;1.04874;1.04848;1.04862;174;0
2024.12.03 06:40;1.04862;1.04873;1.04852;1.04856;244;0
2024.12.03 06:50;1.04856;1.04868;1.04843;1.04855;205;0
2024.12.03 07:00;1.04856;1.04857;1.04808;1.04844;251;0
2024.12.03 07:10;1.04844;1.04859;1.04820;1.04846;181;0
2024.12.03 07:20;1.04847;1.04867;1.04840;1.04866;212;0
2024.12.03 07:30;1.04866;1.04905;1.04862;1.04894;279;0
2024.12.03 07:40;1.04895;1.04910;1.04878;1.04903;205;0
2024.12.03 07:50;1.04903;1.04923;1.04893;1.04914;291;0
2024.12.03 08:00;1.04914;1.04942;1.04897;1.04941;323;0
2024.12.03 08:10;1.04941;1.04947;1.04879;1.04889;290;0
2024.12.03 08:20;1.04891;1.04895;1.04849;1.04871;253;0
2024.12.03 08:30;1.04872;1.04909;1.04859;1.04907;235;0
2024.12.03 08:40;1.04908;1.04916;1.04834;1.04858;315;0
2024.12.03 08:50;1.04856;1.04909;1.04853;1.04878;333;0
2024.12.03 09:00;1.04877;1.04905;1.04862;1.04892;500;0
2024.12.03 09:10;1.04893;1.04971;1.04893;1.04964;528;0
2024.12.03 09:20;1.04963;1.05032;1.04953;1.05027;460;0
2024.12.03 09:30;1.05030;1.05119;1.05017;1.05034;724;0
2024.12.03 09:40;1.05033;1.05059;1.04998;1.05046;554;0
2024.12.03 09:50;1.05047;1.05073;1.04969;1.04978;640;0
2024.12.03 10:00;1.04981;1.05090;1.04972;1.05059;1025;0
2024.12.03 10:10;1.05059;1.05137;1.05032;1.05120;828;0
2024.12.03 10:20;1.05119;1.05161;1.05118;1.05145;650;0
2024.12.03 10:30;1.05144;1.05266;1.05144;1.05235;819;0
2024.12.03 10:40;1.05235;1.05278;1.05213;1.05234;806;0
2024.12.03 10:50;1.05235;1.05270;1.05216;1.05253;660;0
2024.12.03 11:00;1.05254;1.05304;1.05229;1.05243;730;0
2024.12.03 11:10;1.05244;1.05308;1.05233;1.05283;658;0
2024.12.03 11:20;1.05285;1.05299;1.05175;1.05196;731;0
2024.12.03 11:30;1.05195;1.05221;1.05180;1.05184;558;0
2024.12.03 11:40;1.05183;1.05219;1.05164;1.05202;558;0
2024.12.03 11:50;1.05201;1.05217;1.05179;1.05205;503;0
2024.12.03 12:00;1.05203;1.05240;1.05174;1.05235;613;0
2024.12.03 12:10;1.05236;1.05269;1.05225;1.05250;522;0
2024.12.03 12:20;1.05249;1.05274;1.05237;1.05257;307;0
2024.12.03 12:30;1.05258;1.05275;1.05248;1.05260;344;0
2024.12.03 12:40;1.05261;1.05297;1.05197;1.05202;504;0
2024.12.03 12:50;1.05205;1.05224;1.05121;1.05147;645;0
2024.12.03 13:00;1.05146;1.05197;1.05138;1.05193;508;0
2024.12.03 13:10;1.05194;1.05235;1.05167;1.05231;504;0
2024.12.03 13:20;1.05229;1.05255;1.05199;1.05217;460;0
2024.12.03 13:30;1.05216;1.05235;1.05177;1.05224;537;0
2024.12.03 13:40;1.05223;1.05236;1.05177;1.05200;509;0
2024.12.03 13:50;1.05200;1.05275;1.05199;1.05225;477;0
2024.12.03 14:00;1.05226;1.05244;1.05203;1.05204;518;0
2024.12.03 14:10;1.05205;1.05213;1.05136;1.05157;633;0
2024.12.03 14:20;1.05158;1.05158;1.05097;1.05102;463;0
2024.12.03 14:30;1.05102;1.05149;1.05084;1.05122;505;0
2024.12.03 14:40;1.05122;1.05182;1.05112;1.05182;448;0
2024.12.03 14:50;1.05181;1.05190;1.05070;1.05075;632;0
2024.12.03 15:00;1.05076;1.05149;1.05062;1.05121;659;0
2024.12.03 15:10;1.05123;1.05152;1.05112;1.05131;595;0
2024.12.03 15:20;1.05130;1.05146;1.05112;1.05144;557;0
2024.12.03 15:30;1.05144;1.05191;1.05143;1.05185;537;0
2024.12.03 15:40;1.05185;1.05229;1.05172;1.05194;652;0
2024.12.03 15:50;1.05195;1.05269;1.05195;1.05239;888;0
2024.12.03 16:00;1.05243;1.05264;1.05193;1.05249;960;0
2024.12.03 16:10;1.05251;1.05290;1.05223;1.05225;883;0
2024.12.03 16:20;1.05229;1.05283;1.05220;1.05274;811;0
2024.12.03 16:30;1.05273;1.05287;1.05230;1.05234;971;0
2024.12.03 16:40;1.05235;1.05278;1.05193;1.05204;826;0
2024.12.03 16:50;1.05203;1.05213;1.05170;1.05195;800;0
2024.12.03 17:00;1.05194;1.05196;1.05055;1.05066;1289;0
2024.12.03 17:10;1.05066;1.05076;1.05009;1.05014;1065;0
2024.12.03 17:20;1.05014;1.05037;1.04923;1.04940;976;0
2024.12.03 17:30;1.04943;1.05058;1.04920;1.05044;984;0
2024.12.03 17:40;1.05045;1.05145;1.05025;1.05120;1023;0
2024.12.03 17:50;1.05120;1.05184;1.05110;1.05166;1009;0
2024.12.03 18:00;1.05166;1.05186;1.05043;1.05044;991;0
2024.12.03 18:10;1.05046;1.05127;1.05033;1.05116;731;0
2024.12.03 18:20;1.05121;1.05159;1.05075;1.05076;736;0
2024.12.03 18:30;1.05077;1.05093;1.05032;1.05038;574;0
2024.12.03 18:40;1.05036;1.05138;1.05036;1.05134;649;0
2024.12.03 18:50;1.05133;1.05195;1.05132;1.05177;537;0
2024.12.03 19:00;1.05180;1.05228;1.05178;1.05189;602;0
2024.12.03 19:10;1.05187;1.05235;1.05178;1.05202;520;0
2024.12.03 19:20;1.05200;1.05200;1.05137;1.05164;551;0
2024.12.03 19:30;1.05165;1.05193;1.05152;1.05165;595;0
2024.12.03 19:40;1.05164;1.05174;1.05082;1.05135;608;0
2024.12.03 19:50;1.05138;1.05303;1.05138;1.05285;577;0
2024.12.03 20:00;1.05283;1.05350;1.05280;1.05319;676;0
2024.12.03 20:10;1.05318;1.05319;1.05275;1.05309;545;0
2024.12.03 20:20;1.05310;1.05341;1.05304;1.05320;432;0
2024.12.03 20:30;1.05320;1.05341;1.05308;1.05319;395;0
2024.12.03 20:40;1.05320;1.05325;1.05267;1.05270;442;0
2024.12.03 20:50;1.05269;1.05287;1.05248;1.05278;474;0
2024.12.03 21:00;1.05278;1.05290;1.05247;1.05258;360;0
2024.12.03 21:10;1.05257;1.05257;1.05158;1.05170;372;0
2024.12.03 21:20;1.05171;1.05184;1.05121;1.05136;411;0
2024.12.03 21:30;1.05135;1.05168;1.05122;1.05135;367;0
2024.12.03 21:40;1.05136;1.05142;1.05105;1.05115;297;0
2024.12.03 21:50;1.05114;1.05115;1.05046;1.05046;405;0
2024.12.03 22:00;1.05044;1.05121;1.05027;1.05121;384;0
2024.12.03 22:10;1.05121;1.05126;1.05099;1.05105;283;0
2024.12.03 22:20;1.05105;1.05109;1.05079;1.05085;224;0
2024.12.03 22:30;1.05085;1.05107;1.05060;1.05092;344;0
2024.12.03 22:40;1.05091;1.05100;1.05057;1.05071;357;0
2024.12.03 22:50;1.05071;1.05098;1.05071;1.05089;422;0
2024.12.03 23:00;1.05085;1.05108;1.05070;1.05082;277;0
2024.12.03 23:10;1.05083;1.05089;1.05075;1.05076;120;0
2024.12.03 23:20;1.05076;1.05099;1.05075;1.05094;115;0
2024.12.03 23:30;1.05094;1.05119;1.05088;1.05109;161;0
2024.12.03 23:40;1.05108;1.05117;1.05095;1.05105;135;0
2024.12.03 23:50;1.05106;1.05115;1.05062;1.05063;295;0
2024.12.04 00:00;1.05004;1.05063;1.05004;1.05060;30;7
2024.12.04 00:10;1.05060;1.05064;1.05042;1.05050;29;9
2024.12.04 00:20;1.05050;1.05090;1.05048;1.05074;68;5
2024.12.04 00:30;1.05079;1.05085;1.05073;1.05079;50;10
2024.12.04 00:40;1.05080;1.05081;1.05069;1.05080;88;12
2024.12.04 00:50;1.05077;1.05088;1.05076;1.05083;189;7
2024.12.04 01:00;1.05083;1.05088;1.05065;1.05072;201;0
2024.12.04 01:10;1.05072;1.05072;1.05059;1.05070;94;0
2024.12.04 01:20;1.05070;1.05081;1.05070;1.05078;80;0
2024.12.04 01:30;1.05077;1.05086;1.05073;1.05080;148;0
2024.12.04 01:40;1.05080;1.05090;1.05075;1.05088;81;0
2024.12.04 01:50;1.05087;1.05110;1.05087;1.05101;112;0
2024.12.04 02:00;1.05100;1.05116;1.05089;1.05113;219;0
2024.12.04 02:10;1.05113;1.05121;1.05058;1.05065;329;0
2024.12.04 02:20;1.05065;1.05069;1.05028;1.05032;273;0
2024.12.04 02:30;1.05033;1.05033;1.04973;1.04989;473;0
2024.12.04 02:40;1.04989;1.05004;1.04981;1.04983;360;0
2024.12.04 02:50;1.04985;1.05031;1.04976;1.04992;403;0
2024.12.04 03:00;1.04991;1.05005;1.04972;1.04978;367;0
2024.12.04 03:10;1.04979;1.05076;1.04977;1.05064;471;0
2024.12.04 03:20;1.05062;1.05098;1.05054;1.05062;438;0
2024.12.04 03:30;1.05061;1.05126;1.05055;1.05097;481;0
2024.12.04 03:40;1.05098;1.05116;1.05059;1.05064;464;0
2024.12.04 03:50;1.05064;1.05093;1.05039;1.05060;542;0
2024.12.04 04:00;1.05061;1.05079;1.05034;1.05041;403;0
2024.12.04 04:10;1.05042;1.05048;1.05014;1.05047;395;0
2024.12.04 04:20;1.05048;1.05069;1.05038;1.05058;458;0
2024.12.04 04:30;1.05058;1.05073;1.05014;1.05026;480;0
2024.12.04 04:40;1.05025;1.05027;1.05002;1.05012;394;0
2024.12.04 04:50;1.05014;1.05019;1.04977;1.05003;347;0
2024.12.04 05:00;1.05002;1.05005;1.04935;1.04944;456;0
2024.12.04 05:10;1.04945;1.04980;1.04942;1.04966;361;0
2024.12.04 05:20;1.04965;1.04971;1.04918;1.04923;352;0
2024.12.04 05:30;1.04924;1.04929;1.04879;1.04902;408;0
2024.12.04 05:40;1.04902;1.04943;1.04902;1.04936;365;0
2024.12.04 05:50;1.04938;1.04946;1.04914;1.04938;322;0
2024.12.04 06:00;1.04937;1.04985;1.04908;1.04980;440;0
2024.12.04 06:10;1.04980;1.05028;1.04960;1.05016;383;0
2024.12.04 06:20;1.05017;1.05040;1.05008;1.05034;327;0
2024.12.04 06:30;1.05034;1.05057;1.05024;1.05051;295;0
2024.12.04 06:40;1.05050;1.05098;1.05048;1.05090;255;0
2024.12.04 06:50;1.05090;1.05136;1.05087;1.05109;306;0
2024.12.04 07:00;1.05109;1.05122;1.05096;1.05102;270;0
2024.12.04 07:10;1.05103;1.05136;1.05097;1.05130;285;0
2024.12.04 07:20;1.05131;1.05159;1.05127;1.05155;326;0
2024.12.04 07:30;1.05155;1.05202;1.05155;1.05170;274;0
2024.12.04 07:40;1.05170;1.05189;1.05156;1.05181;267;0
2024.12.04 07:50;1.05182;1.05186;1.05147;1.05150;312;0
2024.12.04 08:00;1.05150;1.05153;1.05122;1.05128;317;0
2024.12.04 08:10;1.05127;1.05129;1.05108;1.05119;299;0
2024.12.04 08:20;1.05118;1.05160;1.05103;1.05141;430;0
2024.12.04 08:30;1.05140;1.05184;1.05128;1.05178;300;0
2024.12.04 08:40;1.05178;1.05252;1.05161;1.05251;318;0
2024.12.04 08:50;1.05251;1.05291;1.05217;1.05229;528;0
2024.12.04 09:00;1.05227;1.05234;1.05189;1.05207;479;0
2024.12.04 09:10;1.05206;1.05265;1.05147;1.05184;596;0
2024.12.04 09:20;1.05184;1.05184;1.05122;1.05128;511;0
2024.12.04 09:30;1.05127;1.05152;1.05091;1.05106;506;0
2024.12.04 09:40;1.05106;1.05154;1.05085;1.05094;570;0
2024.12.04 09:50;1.05093;1.05124;1.05074;1.05091;547;0
2024.12.04 10:00;1.05090;1.05146;1.05062;1.05140;807;0
2024.12.04 10:10;1.05139;1.05150;1.05074;1.05105;713;0
2024.12.04 10:20;1.05104;1.05108;1.05032;1.05037;645;0
2024.12.04 10:30;1.05036;1.05037;1.04984;1.04998;635;0
2024.12.04 10:40;1.04998;1.05019;1.04903;1.04919;687;0
2024.12.04 10:50;1.04931;1.04961;1.04910;1.04913;586;0
2024.12.04 11:00;1.04913;1.04934;1.04836;1.04867;1082;0
2024.12.04 11:10;1.04865;1.04940;1.04823;1.04902;787;0
2024.12.04 11:20;1.04902;1.04949;1.04898;1.04948;594;0
2024.12.04 11:30;1.04949;1.04979;1.04923;1.04938;670;0
2024.12.04 11:40;1.04937;1.05031;1.04921;1.05029;600;0
2024.12.04 11:50;1.05028;1.05062;1.05012;1.05028;574;0
2024.12.04 12:00;1.05030;1.05078;1.05004;1.05012;620;0
2024.12.04 12:10;1.05013;1.05094;1.05006;1.05009;592;0
2024.12.04 12:20;1.05011;1.05046;1.04970;1.04988;544;0
2024.12.04 12:30;1.04990;1.05019;1.04976;1.04987;472;0
2024.12.04 12:40;1.04987;1.05024;1.04972;1.05018;440;0
2024.12.04 12:50;1.05018;1.05032;1.04959;1.04993;558;0
2024.12.04 13:00;1.04993;1.05069;1.04986;1.05038;542;0
2024.12.04 13:10;1.05038;1.05042;1.04974;1.04980;525;0
2024.12.04 13:20;1.04977;1.05044;1.04977;1.05041;435;0
2024.12.04 13:30;1.05043;1.05100;1.05039;1.05089;372;0
2024.12.04 13:40;1.05088;1.05124;1.05050;1.05053;384;0
2024.12.04 13:50;1.05053;1.05074;1.05021;1.05050;450;0
2024.12.04 14:00;1.05049;1.05049;1.04968;1.04979;586;0
2024.12.04 14:10;1.04979;1.05003;1.04966;1.04980;439;0
2024.12.04 14:20;1.04980;1.05022;1.04968;1.04982;462;0
2024.12.04 14:30;1.04982;1.05003;1.04955;1.05002;494;0
2024.12.04 14:40;1.05002;1.05017;1.04971;1.04977;452;0
2024.12.04 14:50;1.04976;1.04983;1.04878;1.04911;571;0
2024.12.04 15:00;1.04904;1.04931;1.04871;1.04919;609;0
2024.12.04 15:10;1.04919;1.04974;1.04897;1.04901;648;0
2024.12.04 15:20;1.04902;1.04906;1.04836;1.04887;748;0
2024.12.04 15:30;1.04888;1.04963;1.04853;1.04927;902;0
2024.12.04 15:40;1.04927;1.04935;1.04793;1.04804;1214;0
2024.12.04 15:50;1.04804;1.04875;1.04795;1.04835;775;0
2024.12.04 16:00;1.04834;1.04842;1.04723;1.04744;772;0
2024.12.04 16:10;1.04745;1.04819;1.04731;1.04816;695;0
2024.12.04 16:20;1.04816;1.04915;1.04802;1.04900;609;0
2024.12.04 16:30;1.04901;1.04917;1.04843;1.04881;666;0
2024.12.04 16:40;1.04878;1.04946;1.04875;1.04910;832;0
2024.12.04 16:50;1.04911;1.04986;1.04890;1.04951;931;0
2024.12.04 17:00;1.04962;1.05184;1.04962;1.05107;1532;0
2024.12.04 17:10;1.05106;1.05314;1.05105;1.05243;1268;0
2024.12.04 17:20;1.05242;1.05441;1.05234;1.05350;1150;0
2024.12.04 17:30;1.05349;1.05389;1.05219;1.05271;1166;0
2024.12.04 17:40;1.05269;1.05319;1.05186;1.05232;1243;0
2024.12.04 17:50;1.05230;1.05376;1.05220;1.05295;1398;0
2024.12.04 18:00;1.05294;1.05326;1.05261;1.05280;990;0
2024.12.04 18:10;1.05280;1.05311;1.05202;1.05225;858;0
2024.12.04 18:20;1.05225;1.05343;1.05217;1.05326;850;0
2024.12.04 18:30;1.05331;1.05367;1.05283;1.05290;629;0
2024.12.04 18:40;1.05290;1.05297;1.05211;1.05242;620;0
2024.12.04 18:50;1.05241;1.05274;1.05216;1.05268;519;0
2024.12.04 19:00;1.05267;1.05314;1.05250;1.05307;625;2
2024.12.04 19:10;1.05307;1.05358;1.05300;1.05353;598;1
2024.12.04 19:20;1.05353;1.05397;1.05335;1.05394;535;0
2024.12.04 19:30;1.05395;1.05426;1.05363;1.05363;399;0
2024.12.04 19:40;1.05363;1.05370;1.05329;1.05364;503;0
2024.12.04 19:50;1.05364;1.05388;1.05356;1.05373;457;0
2024.12.04 20:00;1.05372;1.05388;1.05344;1.05355;477;0
2024.12.04 20:10;1.05355;1.05358;1.05323;1.05323;467;0
2024.12.04 20:20;1.05323;1.05340;1.05293;1.05319;387;0
2024.12.04 20:30;1.05320;1.05357;1.05300;1.05350;352;0
2024.12.04 20:40;1.05350;1.05363;1.05265;1.05283;320;1
2024.12.04 20:50;1.05285;1.05288;1.05155;1.05159;611;1
2024.12.04 21:00;1.05161;1.05266;1.05076;1.05258;1161;2
2024.12.04 21:10;1.05259;1.05292;1.05195;1.05207;720;2
2024.12.04 21:20;1.05207;1.05220;1.05070;1.05152;739;1
2024.12.04 21:30;1.05152;1.05247;1.05103;1.05121;740;0
2024.12.04 21:40;1.05120;1.05150;1.05097;1.05149;522;0
2024.12.04 21:50;1.05149;1.05188;1.05132;1.05139;579;0
2024.12.04 22:00;1.05140;1.05151;1.05119;1.05132;455;0
2024.12.04 22:10;1.05131;1.05142;1.05048;1.05065;369;0
2024.12.04 22:20;1.05067;1.05115;1.05050;1.05111;395;0
2024.12.04 22:30;1.05109;1.05148;1.05104;1.05140;284;0
2024.12.04 22:40;1.05137;1.05174;1.05129;1.05148;424;0
2024.12.04 22:50;1.05149;1.05167;1.05128;1.05129;509;0
2024.12.04 23:00;1.05131;1.05157;1.05112;1.05148;202;0
2024.12.04 23:10;1.05149;1.05151;1.05108;1.05124;152;0
2024.12.04 23:20;1.05123;1.05126;1.05100;1.05102;121;0
2024.12.04 23:30;1.05102;1.05109;1.05077;1.05083;166;1
2024.12.04 23:40;1.05083;1.05109;1.05083;1.05098;167;0
2024.12.04 23:50;1.05097;1.05113;1.05074;1.05076;272;0
2024.12.05 00:00;1.05069;1.05126;1.05039;1.05071;86;11
2024.12.05 00:10;1.05072;1.05106;1.05069;1.05096;168;12
2024.12.05 00:20;1.05098;1.05107;1.05091;1.05099;140;14
2024.12.05 00:30;1.05102;1.05109;1.05100;1.05107;94;17
2024.12.05 00:40;1.05108;1.05121;1.05107;1.05117;57;10
2024.12.05 00:50;1.05117;1.05124;1.05095;1.05102;224;4
2024.12.05 01:00;1.05101;1.05110;1.05090;1.05103;118;0
2024.12.05 01:10;1.05103;1.05104;1.05077;1.05099;112;0
2024.12.05 01:20;1.05099;1.05151;1.05098;1.05139;132;0
2024.12.05 01:30;1.05139;1.05156;1.05118;1.05121;121;0
2024.12.05 01:40;1.05121;1.05135;1.05112;1.05133;132;0
2024.12.05 01:50;1.05131;1.05144;1.05111;1.05124;150;0
2024.12.05 02:00;1.05124;1.05126;1.05082;1.05105;334;0
2024.12.05 02:10;1.05104;1.05123;1.05097;1.05108;227;0
2024.12.05 02:20;1.05109;1.05129;1.05095;1.05106;231;0
2024.12.05 02:30;1.05107;1.05158;1.05107;1.05126;339;0
2024.12.05 02:40;1.05127;1.05151;1.05126;1.05140;251;0
2024.12.05 02:50;1.05139;1.05152;1.05126;1.05140;365;0
2024.12.05 03:00;1.05142;1.05150;1.05130;1.05144;359;0
2024.12.05 03:10;1.05143;1.05158;1.05106;1.05127;330;0
2024.12.05 03:20;1.05128;1.05142;1.05111;1.05134;276;0
2024.12.05 03:30;1.05134;1.05147;1.05102;1.05130;410;0
2024.12.05 03:40;1.05130;1.05140;1.05090;1.05099;236;0
2024.12.05 03:50;1.05100;1.05156;1.05097;1.05121;337;0
2024.12.05 04:00;1.05122;1.05136;1.05105;1.05121;308;0
2024.12.05 04:10;1.05121;1.05164;1.05117;1.05153;238;0
2024.12.05 04:20;1.05153;1.05177;1.05148;1.05170;276;0
2024.12.05 04:30;1.05169;1.05218;1.05169;1.05213;255;0
2024.12.05 04:40;1.05214;1.05227;1.05197;1.05201;270;0
2024.12.05 04:50;1.05202;1.05211;1.05186;1.05199;283;0
2024.12.05 05:00;1.05199;1.05231;1.05193;1.05215;218;0
2024.12.05 05:10;1.05216;1.05227;1.05207;1.05219;161;0
2024.12.05 05:20;1.05219;1.05225;1.05180;1.05184;193;0
2024.12.05 05:30;1.05183;1.05183;1.05157;1.05178;163;0
2024.12.05 05:40;1.05178;1.05201;1.05170;1.05197;198;0
2024.12.05 05:50;1.05197;1.05231;1.05197;1.05229;149;0
2024.12.05 06:00;1.05228;1.05244;1.05227;1.05238;210;0
2024.12.05 06:10;1.05237;1.05246;1.05227;1.05242;113;0
2024.12.05 06:20;1.05242;1.05255;1.05215;1.05229;167;0
2024.12.05 06:30;1.05231;1.05231;1.05212;1.05218;99;0
2024.12.05 06:40;1.05217;1.05217;1.05174;1.05185;148;0
2024.12.05 06:50;1.05186;1.05199;1.05172;1.05181;147;0
2024.12.05 07:00;1.05181;1.05205;1.05171;1.05203;142;0
2024.12.05 07:10;1.05202;1.05237;1.05199;1.05236;204;0
2024.12.05 07:20;1.05238;1.05267;1.05235;1.05243;272;0
2024.12.05 07:30;1.05243;1.05267;1.05242;1.05248;245;0
2024.12.05 07:40;1.05249;1.05282;1.05246;1.05268;423;0
2024.12.05 07:50;1.05268;1.05288;1.05264;1.05266;313;0
2024.12.05 08:00;1.05265;1.05298;1.05263;1.05265;300;0
2024.12.05 08:10;1.05264;1.05269;1.05237;1.05251;252;0
2024.12.05 08:20;1.05252;1.05273;1.05238;1.05242;282;0
2024.12.05 08:30;1.05241;1.05276;1.05228;1.05276;293;0
2024.12.05 08:40;1.05275;1.05283;1.05256;1.05265;298;0
2024.12.05 08:50;1.05266;1.05283;1.05252;1.05257;271;0
2024.12.05 09:00;1.05256;1.05343;1.05252;1.05342;477;0
2024.12.05 09:10;1.05341;1.05386;1.05338;1.05351;459;0
2024.12.05 09:20;1.05350;1.05359;1.05290;1.05295;447;0
2024.12.05 09:30;1.05295;1.05307;1.05248;1.05273;446;0
2024.12.05 09:40;1.05272;1.05314;1.05262;1.05275;418;0
2024.12.05 09:50;1.05275;1.05362;1.05275;1.05353;464;0
2024.12.05 10:00;1.05353;1.05455;1.05333;1.05402;742;0
2024.12.05 10:10;1.05402;1.05421;1.05376;1.05380;718;0
2024.12.05 10:20;1.05379;1.05464;1.05374;1.05433;502;0
2024.12.05 10:30;1.05433;1.05440;1.05355;1.05380;567;0
2024.12.05 10:40;1.05381;1.05393;1.05334;1.05356;541;0
2024.12.05 10:50;1.05356;1.05384;1.05292;1.05302;511;0
2024.12.05 11:00;1.05303;1.05344;1.05276;1.05331;448;0
2024.12.05 11:10;1.05331;1.05334;1.05219;1.05273;573;0
2024.12.05 11:20;1.05272;1.05273;1.05213;1.05232;473;0
2024.12.05 11:30;1.05234;1.05346;1.05219;1.05326;531;0
2024.12.05 11:40;1.05327;1.05346;1.05269;1.05271;468;0
2024.12.05 11:50;1.05272;1.05292;1.05256;1.05287;473;0
2024.12.05 12:00;1.05287;1.05334;1.05271;1.05314;505;0
2024.12.05 12:10;1.05314;1.05352;1.05296;1.05309;487;0
2024.12.05 12:20;1.05309;1.05315;1.05282;1.05293;455;0
2024.12.05 12:30;1.05294;1.05312;1.05252;1.05280;423;0
2024.12.05 12:40;1.05280;1.05282;1.05254;1.05263;451;0
2024.12.05 12:50;1.05262;1.05296;1.05250;1.05260;447;0
2024.12.05 13:00;1.05260;1.05285;1.05235;1.05251;466;0
2024.12.05 13:10;1.05252;1.05275;1.05235;1.05262;300;0
2024.12.05 13:20;1.05262;1.05283;1.05233;1.05255;389;0
2024.12.05 13:30;1.05255;1.05337;1.05252;1.05332;393;0
2024.12.05 13:40;1.05332;1.05361;1.05324;1.05328;397;0
2024.12.05 13:50;1.05329;1.05381;1.05325;1.05364;459;0
2024.12.05 14:00;1.05365;1.05387;1.05351;1.05367;484;0
2024.12.05 14:10;1.05366;1.05366;1.05271;1.05276;436;0
2024.12.05 14:20;1.05277;1.05296;1.05237;1.05291;456;0
2024.12.05 14:30;1.05291;1.05366;1.05276;1.05362;453;0
2024.12.05 14:40;1.05363;1.05386;1.05324;1.05345;382;0
2024.12.05 14:50;1.05348;1.05375;1.05280;1.05367;765;0
2024.12.05 15:00;1.05369;1.05446;1.05332;1.05397;806;0
2024.12.05 15:10;1.05397;1.05497;1.05382;1.05463;693;0
2024.12.05 15:20;1.05464;1.05487;1.05435;1.05452;582;0
2024.12.05 15:30;1.05457;1.05683;1.05457;1.05556;1426;0
2024.12.05 15:40;1.05557;1.05645;1.05486;1.05602;1238;0
2024.12.05 15:50;1.05606;1.05674;1.05573;1.05670;1160;0
2024.12.05 16:00;1.05673;1.05739;1.05660;1.05739;986;0
2024.12.05 16:10;1.05741;1.05784;1.05669;1.05716;981;0
2024.12.05 16:20;1.05717;1.05799;1.05658;1.05794;890;0
2024.12.05 16:30;1.05795;1.05880;1.05772;1.05838;992;0
2024.12.05 16:40;1.05841;1.05895;1.05793;1.05818;871;0
2024.12.05 16:50;1.05822;1.05833;1.05752;1.05755;883;0
2024.12.05 17:00;1.05755;1.05799;1.05702;1.05705;793;0
2024.12.05 17:10;1.05707;1.05750;1.05625;1.05645;984;0
2024.12.05 17:20;1.05646;1.05651;1.05544;1.05568;839;0
2024.12.05 17:30;1.05568;1.05608;1.05561;1.05564;596;0
2024.12.05 17:40;1.05565;1.05649;1.05508;1.05648;837;0
2024.12.05 17:50;1.05647;1.05761;1.05641;1.05723;982;0
2024.12.05 18:00;1.05723;1.05784;1.05708;1.05780;839;0
2024.12.05 18:10;1.05782;1.05783;1.05648;1.05686;735;0
2024.12.05 18:20;1.05686;1.05725;1.05654;1.05709;783;0
2024.12.05 18:30;1.05710;1.05723;1.05660;1.05662;630;0
2024.12.05 18:40;1.05662;1.05701;1.05648;1.05693;462;0
2024.12.05 18:50;1.05696;1.05714;1.05663;1.05704;536;0
2024.12.05 19:00;1.05703;1.05746;1.05697;1.05729;476;0
2024.12.05 19:10;1.05728;1.05736;1.05646;1.05670;482;0
2024.12.05 19:20;1.05669;1.05673;1.05592;1.05605;550;0
2024.12.05 19:30;1.05605;1.05655;1.05574;1.05651;506;0
2024.12.05 19:40;1.05651;1.05651;1.05605;1.05641;404;0
2024.12.05 19:50;1.05642;1.05700;1.05642;1.05676;403;0
2024.12.05 20:00;1.05676;1.05697;1.05664;1.05671;327;0
2024.12.05 20:10;1.05671;1.05678;1.05621;1.05631;387;0
2024.12.05 20:20;1.05630;1.05650;1.05570;1.05589;509;0
2024.12.05 20:30;1.05588;1.05628;1.05573;1.05616;361;0
2024.12.05 20:40;1.05616;1.05668;1.05598;1.05661;353;0
2024.12.05 20:50;1.05661;1.05687;1.05640;1.05681;349;0
2024.12.05 21:00;1.05682;1.05773;1.05682;1.05769;634;0
2024.12.05 21:10;1.05770;1.05775;1.05751;1.05770;450;0
2024.12.05 21:20;1.05770;1.05798;1.05770;1.05782;381;0
2024.12.05 21:30;1.05781;1.05847;1.05770;1.05835;439;0
2024.12.05 21:40;1.05836;1.05859;1.05809;1.05856;362;0
2024.12.05 21:50;1.05858;1.05885;1.05843;1.05873;504;0
2024.12.05 22:00;1.05872;1.05873;1.05829;1.05829;416;0
2024.12.05 22:10;1.05828;1.05858;1.05826;1.05847;254;0
2024.12.05 22:20;1.05848;1.05873;1.05837;1.05870;290;0
2024.12.05 22:30;1.05870;1.05881;1.05838;1.05849;303;0
2024.12.05 22:40;1.05847;1.05862;1.05834;1.05851;265;0
2024.12.05 22:50;1.05852;1.05855;1.05810;1.05844;356;0
2024.12.05 23:00;1.05838;1.05852;1.05820;1.05838;220;0
2024.12.05 23:10;1.05838;1.05859;1.05838;1.05854;137;0
2024.12.05 23:20;1.05855;1.05879;1.05848;1.05875;122;0
2024.12.05 23:30;1.05875;1.05882;1.05869;1.05869;116;0
2024.12.05 23:40;1.05870;1.05885;1.05869;1.05883;135;0
2024.12.05 23:50;1.05882;1.05884;1.05832;1.05835;171;0
2024.12.06 00:00;1.05816;1.05883;1.05816;1.05857;96;4
2024.12.06 00:10;1.05858;1.05882;1.05838;1.05880;75;4
2024.12.06 00:20;1.05880;1.05883;1.05878;1.05879;10;6
2024.12.06 00:30;1.05882;1.05882;1.05860;1.05868;102;5
2024.12.06 00:40;1.05868;1.05869;1.05853;1.05859;142;11
2024.12.06 00:50;1.05858;1.05868;1.05856;1.05867;207;14
2024.12.06 01:00;1.05867;1.05879;1.05840;1.05848;182;1
2024.12.06 01:10;1.05848;1.05857;1.05844;1.05853;171;1
2024.12.06 01:20;1.05853;1.05857;1.05842;1.05857;127;1
2024.12.06 01:30;1.05857;1.05863;1.05838;1.05850;103;1
2024.12.06 01:40;1.05849;1.05870;1.05849;1.05855;108;0
2024.12.06 01:50;1.05854;1.05864;1.05846;1.05864;90;0
2024.12.06 02:00;1.05863;1.05864;1.05800;1.05801;316;2
2024.12.06 02:10;1.05801;1.05809;1.05782;1.05795;259;1
2024.12.06 02:20;1.05796;1.05810;1.05791;1.05802;169;0
2024.12.06 02:30;1.05802;1.05824;1.05790;1.05791;185;0
2024.12.06 02:40;1.05791;1.05801;1.05781;1.05787;208;0
2024.12.06 02:50;1.05789;1.05801;1.05764;1.05772;343;0
2024.12.06 03:00;1.05771;1.05781;1.05756;1.05768;335;0
2024.12.06 03:10;1.05769;1.05775;1.05718;1.05723;351;0
2024.12.06 03:20;1.05722;1.05738;1.05718;1.05731;248;0
2024.12.06 03:30;1.05731;1.05737;1.05707;1.05709;311;0
2024.12.06 03:40;1.05708;1.05709;1.05677;1.05680;377;0
2024.12.06 03:50;1.05681;1.05694;1.05659;1.05686;444;0
2024.12.06 04:00;1.05687;1.05726;1.05683;1.05701;325;0
2024.12.06 04:10;1.05700;1.05734;1.05698;1.05717;312;0
2024.12.06 04:20;1.05718;1.05752;1.05706;1.05739;326;0
2024.12.06 04:30;1.05739;1.05759;1.05733;1.05756;317;0
2024.12.06 04:40;1.05755;1.05782;1.05750;1.05752;280;0
2024.12.06 04:50;1.05753;1.05775;1.05749;1.05769;214;0
2024.12.06 05:00;1.05771;1.05790;1.05760;1.05784;310;0
2024.12.06 05:10;1.05784;1.05803;1.05768;1.05769;271;0
2024.12.06 05:20;1.05769;1.05777;1.05752;1.05754;284;0
2024.12.06 05:30;1.05755;1.05764;1.05728;1.05750;214;0
2024.12.06 05:40;1.05749;1.05754;1.05731;1.05734;211;0
2024.12.06 05:50;1.05733;1.05766;1.05732;1.05760;175;0
2024.12.06 06:00;1.05759;1.05771;1.05742;1.05743;246;0
2024.12.06 06:10;1.05744;1.05765;1.05741;1.05745;143;0
2024.12.06 06:20;1.05744;1.05752;1.05741;1.05745;167;0
2024.12.06 06:30;1.05745;1.05747;1.05725;1.05744;182;0
2024.12.06 06:40;1.05744;1.05754;1.05732;1.05745;179;0
2024.12.06 06:50;1.05743;1.05754;1.05739;1.05753;107;0
2024.12.06 07:00;1.05754;1.05754;1.05688;1.05701;209;0
2024.12.06 07:10;1.05700;1.05721;1.05700;1.05718;150;1
2024.12.06 07:20;1.05718;1.05732;1.05710;1.05721;133;0
2024.12.06 07:30;1.05722;1.05734;1.05713;1.05722;185;0
2024.12.06 07:40;1.05723;1.05741;1.05711;1.05718;266;0
2024.12.06 07:50;1.05718;1.05741;1.05712;1.05722;270;0
2024.12.06 08:00;1.05720;1.05729;1.05692;1.05715;326;0
2024.12.06 08:10;1.05714;1.05750;1.05710;1.05743;270;0
2024.12.06 08:20;1.05742;1.05780;1.05738;1.05757;260;0
2024.12.06 08:30;1.05757;1.05762;1.05739;1.05757;186;0
2024.12.06 08:40;1.05758;1.05775;1.05748;1.05751;199;0
2024.12.06 08:50;1.05750;1.05754;1.05730;1.05742;287;0
2024.12.06 09:00;1.05744;1.05745;1.05674;1.05687;618;0
2024.12.06 09:10;1.05688;1.05759;1.05679;1.05750;391;0
2024.12.06 09:20;1.05750;1.05774;1.05708;1.05720;560;0
2024.12.06 09:30;1.05719;1.05733;1.05702;1.05717;423;0
2024.12.06 09:40;1.05716;1.05764;1.05707;1.05761;379;0
2024.12.06 09:50;1.05761;1.05844;1.05761;1.05837;629;0
2024.12.06 10:00;1.05836;1.05941;1.05818;1.05928;733;0
2024.12.06 10:10;1.05928;1.05937;1.05864;1.05874;599;0
2024.12.06 10:20;1.05874;1.05877;1.05828;1.05828;479;0
2024.12.06 10:30;1.05828;1.05835;1.05794;1.05809;468;0
2024.12.06 10:40;1.05810;1.05822;1.05764;1.05785;476;0
2024.12.06 10:50;1.05784;1.05821;1.05779;1.05820;417;0
2024.12.06 11:00;1.05820;1.05834;1.05734;1.05751;516;0
2024.12.06 11:10;1.05751;1.05795;1.05749;1.05765;469;0
2024.12.06 11:20;1.05765;1.05831;1.05742;1.05750;401;0
2024.12.06 11:30;1.05749;1.05776;1.05712;1.05775;398;0
2024.12.06 11:40;1.05775;1.05824;1.05775;1.05811;533;0
2024.12.06 11:50;1.05811;1.05815;1.05766;1.05772;467;0
2024.12.06 12:00;1.05774;1.05793;1.05728;1.05753;428;0
2024.12.06 12:10;1.05754;1.05758;1.05714;1.05747;403;0
2024.12.06 12:20;1.05747;1.05767;1.05731;1.05746;361;0
2024.12.06 12:30;1.05748;1.05829;1.05732;1.05818;395;0
2024.12.06 12:40;1.05816;1.05824;1.05794;1.05811;419;0
2024.12.06 12:50;1.05810;1.05848;1.05799;1.05825;388;0
2024.12.06 13:00;1.05826;1.05872;1.05824;1.05827;375;0
2024.12.06 13:10;1.05821;1.05824;1.05767;1.05768;374;0
2024.12.06 13:20;1.05768;1.05825;1.05768;1.05818;266;0
2024.12.06 13:30;1.05819;1.05839;1.05801;1.05812;321;0
2024.12.06 13:40;1.05813;1.05871;1.05784;1.05860;409;0
2024.12.06 13:50;1.05860;1.05889;1.05845;1.05870;393;0
2024.12.06 14:00;1.05869;1.05872;1.05805;1.05830;366;0
2024.12.06 14:10;1.05831;1.05863;1.05820;1.05862;473;0
2024.12.06 14:20;1.05861;1.05885;1.05820;1.05841;453;0
2024.12.06 14:30;1.05840;1.05865;1.05824;1.05831;485;0
2024.12.06 14:40;1.05829;1.05863;1.05817;1.05835;508;0
2024.12.06 14:50;1.05835;1.05859;1.05804;1.05813;550;0
2024.12.06 15:00;1.05814;1.05850;1.05808;1.05809;637;0
2024.12.06 15:10;1.05809;1.05847;1.05791;1.05817;516;0
2024.12.06 15:20;1.05817;1.05898;1.05808;1.05848;760;0
2024.12.06 15:30;1.05843;1.06297;1.05819;1.06215;1858;0
2024.12.06 15:40;1.06220;1.06239;1.05958;1.05988;1555;0
2024.12.06 15:50;1.05988;1.06132;1.05983;1.06043;1408;0
2024.12.06 16:00;1.06043;1.06070;1.05829;1.05853;1385;0
2024.12.06 16:10;1.05854;1.05887;1.05679;1.05785;1412;0
2024.12.06 16:20;1.05785;1.05863;1.05698;1.05817;1293;0
2024.12.06 16:30;1.05817;1.05899;1.05725;1.05791;1362;0
2024.12.06 16:40;1.05791;1.05849;1.05727;1.05807;1121;0
2024.12.06 16:50;1.05808;1.05870;1.05758;1.05788;970;0
2024.12.06 17:00;1.05789;1.05789;1.05633;1.05633;1173;0
2024.12.06 17:10;1.05632;1.05679;1.05521;1.05538;1016;0
2024.12.06 17:20;1.05539;1.05660;1.05519;1.05655;806;0
2024.12.06 17:30;1.05656;1.05665;1.05504;1.05509;767;0
2024.12.06 17:40;1.05507;1.05629;1.05440;1.05625;941;0
2024.12.06 17:50;1.05624;1.05675;1.05578;1.05633;1032;0
2024.12.06 18:00;1.05634;1.05640;1.05539;1.05573;850;0
2024.12.06 18:10;1.05573;1.05657;1.05559;1.05624;652;0
2024.12.06 18:20;1.05627;1.05727;1.05627;1.05711;800;0
2024.12.06 18:30;1.05711;1.05754;1.05689;1.05699;681;0
2024.12.06 18:40;1.05699;1.05736;1.05626;1.05641;594;0
2024.12.06 18:50;1.05639;1.05665;1.05619;1.05622;662;0
2024.12.06 19:00;1.05625;1.05625;1.05519;1.05591;823;0
2024.12.06 19:10;1.05591;1.05602;1.05501;1.05517;519;0
2024.12.06 19:20;1.05518;1.05530;1.05472;1.05530;577;0
2024.12.06 19:30;1.05533;1.05619;1.05530;1.05583;433;0
2024.12.06 19:40;1.05581;1.05590;1.05488;1.05530;514;0
2024.12.06 19:50;1.05531;1.05545;1.05483;1.05512;561;0
2024.12.06 20:00;1.05511;1.05585;1.05506;1.05584;475;0
2024.12.06 20:10;1.05586;1.05606;1.05569;1.05580;379;0
2024.12.06 20:20;1.05580;1.05610;1.05574;1.05578;307;0
2024.12.06 20:30;1.05578;1.05578;1.05515;1.05518;360;0
2024.12.06 20:40;1.05521;1.05545;1.05503;1.05504;335;0
2024.12.06 20:50;1.05503;1.05505;1.05461;1.05493;388;0
2024.12.06 21:00;1.05494;1.05499;1.05444;1.05453;371;0
2024.12.06 21:10;1.05454;1.05456;1.05423;1.05450;354;0
2024.12.06 21:20;1.05450;1.05485;1.05449;1.05484;311;0
2024.12.06 21:30;1.05485;1.05528;1.05479;1.05509;307;0
2024.12.06 21:40;1.05507;1.05513;1.05478;1.05501;299;0
2024.12.06 21:50;1.05501;1.05552;1.05500;1.05544;316;0
2024.12.06 22:00;1.05550;1.05583;1.05538;1.05576;393;0
2024.12.06 22:10;1.05575;1.05597;1.05547;1.05594;257;0
2024.12.06 22:20;1.05593;1.05608;1.05579;1.05603;233;0
2024.12.06 22:30;1.05603;1.05632;1.05587;1.05627;260;0
2024.12.06 22:40;1.05624;1.05637;1.05604;1.05615;277;0
2024.12.06 22:50;1.05616;1.05639;1.05610;1.05634;397;0
2024.12.06 23:00;1.05634;1.05652;1.05616;1.05649;216;0
2024.12.06 23:10;1.05648;1.05656;1.05636;1.05643;117;0
2024.12.06 23:20;1.05644;1.05662;1.05644;1.05658;126;0
2024.12.06 23:30;1.05658;1.05664;1.05654;1.05660;86;0
2024.12.06 23:40;1.05659;1.05673;1.05659;1.05670;87;0
2024.12.06 23:50;1.05666;1.05695;1.05662;1.05680;154;0
2024.12.09 00:00;1.05555;1.05604;1.05549;1.05598;49;20
2024.12.09 00:10;1.05606;1.05606;1.05586;1.05595;87;20
2024.12.09 00:20;1.05595;1.05595;1.05595;1.05595;3;21
2024.12.09 00:30;1.05595;1.05618;1.05586;1.05618;151;20
2024.12.09 00:40;1.05610;1.05632;1.05595;1.05622;344;20
2024.12.09 00:50;1.05621;1.05623;1.05616;1.05618;39;20
2024.12.09 01:00;1.05636;1.05694;1.05592;1.05672;321;0
2024.12.09 01:10;1.05672;1.05675;1.05640;1.05653;238;0
2024.12.09 01:20;1.05653;1.05653;1.05619;1.05627;126;0
2024.12.09 01:30;1.05625;1.05655;1.05613;1.05646;143;0
2024.12.09 01:40;1.05647;1.05672;1.05613;1.05665;166;0
2024.12.09 01:50;1.05665;1.05672;1.05646;1.05656;134;0
2024.12.09 02:00;1.05656;1.05659;1.05577;1.05582;341;0
2024.12.09 02:10;1.05581;1.05611;1.05576;1.05594;283;0
2024.12.09 02:20;1.05594;1.05609;1.05579;1.05586;207;0
2024.12.09 02:30;1.05586;1.05586;1.05566;1.05574;283;0
2024.12.09 02:40;1.05575;1.05579;1.05554;1.05563;234;0
2024.12.09 02:50;1.05563;1.05601;1.05561;1.05593;302;0
2024.12.09 03:00;1.05592;1.05609;1.05550;1.05551;364;0
2024.12.09 03:10;1.05551;1.05583;1.05551;1.05557;377;0
2024.12.09 03:20;1.05558;1.05576;1.05532;1.05565;312;0
2024.12.09 03:30;1.05566;1.05572;1.05540;1.05541;280;0
2024.12.09 03:40;1.05540;1.05543;1.05520;1.05523;339;0
2024.12.09 03:50;1.05523;1.05536;1.05512;1.05519;272;0
2024.12.09 04:00;1.05520;1.05561;1.05519;1.05549;318;0
2024.12.09 04:10;1.05550;1.05561;1.05517;1.05531;273;0
2024.12.09 04:20;1.05533;1.05556;1.05522;1.05527;252;0
2024.12.09 04:30;1.05526;1.05549;1.05516;1.05525;288;0
2024.12.09 04:40;1.05524;1.05541;1.05504;1.05539;251;0
2024.12.09 04:50;1.05540;1.05550;1.05522;1.05548;247;0
2024.12.09 05:00;1.05548;1.05564;1.05513;1.05522;229;0
2024.12.09 05:10;1.05521;1.05539;1.05518;1.05531;257;0
2024.12.09 05:20;1.05532;1.05532;1.05452;1.05466;342;0
2024.12.09 05:30;1.05467;1.05496;1.05455;1.05464;261;0
2024.12.09 05:40;1.05464;1.05464;1.05419;1.05421;254;0
2024.12.09 05:50;1.05421;1.05427;1.05364;1.05371;277;0
2024.12.09 06:00;1.05372;1.05391;1.05351;1.05369;271;0
2024.12.09 06:10;1.05369;1.05400;1.05365;1.05390;249;0
2024.12.09 06:20;1.05389;1.05398;1.05330;1.05333;235;0
2024.12.09 06:30;1.05333;1.05354;1.05332;1.05344;276;0
2024.12.09 06:40;1.05343;1.05354;1.05322;1.05349;233;0
2024.12.09 06:50;1.05347;1.05365;1.05337;1.05348;253;0
2024.12.09 07:00;1.05348;1.05369;1.05342;1.05363;188;0
2024.12.09 07:10;1.05363;1.05382;1.05340;1.05355;217;0
2024.12.09 07:20;1.05357;1.05373;1.05342;1.05343;234;0
2024.12.09 07:30;1.05342;1.05368;1.05337;1.05350;206;0
2024.12.09 07:40;1.05349;1.05382;1.05342;1.05369;195;0
2024.12.09 07:50;1.05369;1.05382;1.05344;1.05372;227;0
2024.12.09 08:00;1.05373;1.05420;1.05369;1.05407;271;0
2024.12.09 08:10;1.05407;1.05414;1.05365;1.05376;327;0
2024.12.09 08:20;1.05375;1.05420;1.05374;1.05396;330;0
2024.12.09 08:30;1.05397;1.05440;1.05397;1.05438;298;0
2024.12.09 08:40;1.05438;1.05438;1.05410;1.05420;277;0
2024.12.09 08:50;1.05421;1.05450;1.05418;1.05443;333;0
2024.12.09 09:00;1.05442;1.05487;1.05416;1.05417;457;0
2024.12.09 09:10;1.05417;1.05504;1.05411;1.05477;575;0
2024.12.09 09:20;1.05477;1.05567;1.05462;1.05541;750;0
2024.12.09 09:30;1.05542;1.05587;1.05538;1.05573;759;0
2024.12.09 09:40;1.05572;1.05576;1.05474;1.05554;716;0
2024.12.09 09:50;1.05553;1.05664;1.05527;1.05642;794;0
2024.12.09 10:00;1.05641;1.05661;1.05570;1.05579;947;0
2024.12.09 10:10;1.05579;1.05610;1.05566;1.05580;827;0
2024.12.09 10:20;1.05583;1.05664;1.05570;1.05642;742;0
2024.12.09 10:30;1.05644;1.05658;1.05567;1.05592;747;0
2024.12.09 10:40;1.05591;1.05658;1.05590;1.05641;656;0
2024.12.09 10:50;1.05640;1.05704;1.05635;1.05674;653;0
2024.12.09 11:00;1.05674;1.05743;1.05671;1.05685;665;0
2024.12.09 11:10;1.05685;1.05711;1.05654;1.05706;572;0
2024.12.09 11:20;1.05708;1.05750;1.05683;1.05730;594;0
2024.12.09 11:30;1.05730;1.05739;1.05705;1.05705;520;0
2024.12.09 11:40;1.05705;1.05705;1.05617;1.05651;605;0
2024.12.09 11:50;1.05652;1.05682;1.05626;1.05661;508;0
2024.12.09 12:00;1.05662;1.05835;1.05662;1.05806;563;0
2024.12.09 12:10;1.05805;1.05846;1.05768;1.05801;603;0
2024.12.09 12:20;1.05801;1.05831;1.05792;1.05808;584;0
2024.12.09 12:30;1.05807;1.05833;1.05800;1.05833;441;0
2024.12.09 12:40;1.05834;1.05853;1.05796;1.05802;407;0
2024.12.09 12:50;1.05803;1.05840;1.05790;1.05804;491;0
2024.12.09 13:00;1.05803;1.05841;1.05793;1.05825;462;0
2024.12.09 13:10;1.05823;1.05849;1.05805;1.05837;348;0
2024.12.09 13:20;1.05838;1.05850;1.05802;1.05805;358;0
2024.12.09 13:30;1.05804;1.05807;1.05771;1.05773;358;0
2024.12.09 13:40;1.05773;1.05803;1.05750;1.05762;323;0
2024.12.09 13:50;1.05763;1.05776;1.05675;1.05688;489;0
2024.12.09 14:00;1.05688;1.05713;1.05657;1.05659;432;0
2024.12.09 14:10;1.05661;1.05680;1.05623;1.05638;398;0
2024.12.09 14:20;1.05638;1.05673;1.05626;1.05665;287;0
2024.12.09 14:30;1.05666;1.05673;1.05607;1.05624;360;0
2024.12.09 14:40;1.05624;1.05630;1.05579;1.05603;420;0
2024.12.09 14:50;1.05603;1.05675;1.05578;1.05656;662;0
2024.12.09 15:00;1.05657;1.05708;1.05602;1.05678;671;0
2024.12.09 15:10;1.05678;1.05685;1.05615;1.05650;691;0
2024.12.09 15:20;1.05650;1.05715;1.05580;1.05704;815;0
2024.12.09 15:30;1.05705;1.05766;1.05699;1.05728;720;0
2024.12.09 15:40;1.05728;1.05763;1.05712;1.05763;708;0
2024.12.09 15:50;1.05762;1.05777;1.05723;1.05761;692;0
2024.12.09 16:00;1.05762;1.05821;1.05724;1.05733;769;0
2024.12.09 16:10;1.05734;1.05794;1.05715;1.05762;627;0
2024.12.09 16:20;1.05763;1.05847;1.05758;1.05788;543;0
2024.12.09 16:30;1.05789;1.05790;1.05726;1.05761;845;0
2024.12.09 16:40;1.05762;1.05795;1.05733;1.05756;760;0
2024.12.09 16:50;1.05756;1.05826;1.05753;1.05781;834;0
2024.12.09 17:00;1.05781;1.05807;1.05736;1.05764;863;0
2024.12.09 17:10;1.05763;1.05765;1.05718;1.05730;595;0
2024.12.09 17:20;1.05730;1.05783;1.05719;1.05751;601;0
2024.12.09 17:30;1.05752;1.05804;1.05752;1.05802;716;0
2024.12.09 17:40;1.05800;1.05864;1.05774;1.05824;703;0
2024.12.09 17:50;1.05825;1.05928;1.05817;1.05912;794;0
2024.12.09 18:00;1.05912;1.05943;1.05885;1.05913;716;0
2024.12.09 18:10;1.05912;1.05913;1.05847;1.05847;489;0
2024.12.09 18:20;1.05847;1.05847;1.05776;1.05818;479;0
2024.12.09 18:30;1.05817;1.05845;1.05765;1.05767;480;0
2024.12.09 18:40;1.05766;1.05773;1.05743;1.05764;417;0
2024.12.09 18:50;1.05763;1.05769;1.05680;1.05703;463;0
2024.12.09 19:00;1.05702;1.05722;1.05672;1.05688;434;1
2024.12.09 19:10;1.05687;1.05739;1.05678;1.05739;382;0
2024.12.09 19:20;1.05741;1.05745;1.05688;1.05692;353;0
2024.12.09 19:30;1.05690;1.05703;1.05672;1.05698;297;0
2024.12.09 19:40;1.05698;1.05725;1.05687;1.05713;262;0
2024.12.09 19:50;1.05712;1.05717;1.05666;1.05669;308;0
2024.12.09 20:00;1.05667;1.05675;1.05657;1.05657;280;0
2024.12.09 20:10;1.05658;1.05669;1.05621;1.05640;269;0
2024.12.09 20:20;1.05640;1.05662;1.05623;1.05634;274;0
2024.12.09 20:30;1.05633;1.05638;1.05616;1.05620;285;0
2024.12.09 20:40;1.05620;1.05629;1.05604;1.05627;246;0
2024.12.09 20:50;1.05624;1.05658;1.05624;1.05635;422;0
2024.12.09 21:00;1.05636;1.05645;1.05621;1.05627;407;0
2024.12.09 21:10;1.05628;1.05628;1.05603;1.05610;216;0
2024.12.09 21:20;1.05610;1.05613;1.05571;1.05578;269;0
2024.12.09 21:30;1.05580;1.05611;1.05576;1.05598;238;0
2024.12.09 21:40;1.05598;1.05601;1.05563;1.05570;314;0
2024.12.09 21:50;1.05570;1.05570;1.05515;1.05551;377;0
2024.12.09 22:00;1.05552;1.05576;1.05532;1.05542;309;0
2024.12.09 22:10;1.05543;1.05546;1.05512;1.05513;343;0
2024.12.09 22:20;1.05513;1.05517;1.05471;1.05472;288;0
2024.12.09 22:30;1.05473;1.05503;1.05471;1.05499;337;0
2024.12.09 22:40;1.05497;1.05504;1.05471;1.05479;263;0
2024.12.09 22:50;1.05480;1.05511;1.05477;1.05499;347;0
2024.12.09 23:00;1.05501;1.05550;1.05501;1.05517;285;0
2024.12.09 23:10;1.05519;1.05535;1.05500;1.05503;136;0
2024.12.09 23:20;1.05503;1.05530;1.05503;1.05527;178;0
2024.12.09 23:30;1.05527;1.05527;1.05508;1.05518;148;0
2024.12.09 23:40;1.05518;1.05520;1.05510;1.05516;135;0
2024.12.09 23:50;1.05515;1.05548;1.05515;1.05531;201;0
2024.12.10 00:00;1.05524;1.05550;1.05524;1.05537;61;18
2024.12.10 00:10;1.05535;1.05540;1.05510;1.05533;110;18
2024.12.10 00:20;1.05533;1.05547;1.05514;1.05543;101;16
2024.12.10 00:30;1.05543;1.05549;1.05531;1.05547;274;19
2024.12.10 00:40;1.05544;1.05552;1.05533;1.05543;310;13
2024.12.10 00:50;1.05540;1.05548;1.05538;1.05545;227;11
2024.12.10 01:00;1.05549;1.05550;1.05534;1.05542;84;1
2024.12.10 01:10;1.05541;1.05551;1.05536;1.05544;97;1
2024.12.10 01:20;1.05545;1.05545;1.05532;1.05533;92;1
2024.12.10 01:30;1.05533;1.05538;1.05527;1.05532;89;1
2024.12.10 01:40;1.05532;1.05571;1.05530;1.05553;153;1
2024.12.10 01:50;1.05552;1.05552;1.05536;1.05541;165;1
2024.12.10 02:00;1.05542;1.05544;1.05490;1.05491;292;1
2024.12.10 02:10;1.05491;1.05522;1.05489;1.05516;233;1
2024.12.10 02:20;1.05517;1.05527;1.05509;1.05522;207;1
2024.12.10 02:30;1.05522;1.05533;1.05517;1.05525;225;1
2024.12.10 02:40;1.05525;1.05528;1.05510;1.05521;195;1
2024.12.10 02:50;1.05521;1.05540;1.05496;1.05531;302;1
2024.12.10 03:00;1.05531;1.05534;1.05477;1.05489;336;1
2024.12.10 03:10;1.05489;1.05502;1.05478;1.05478;266;1
2024.12.10 03:20;1.05478;1.05498;1.05474;1.05492;240;1
2024.12.10 03:30;1.05491;1.05500;1.05461;1.05462;351;1
2024.12.10 03:40;1.05462;1.05507;1.05453;1.05502;359;1
2024.12.10 03:50;1.05503;1.05536;1.05501;1.05529;370;1
2024.12.10 04:00;1.05530;1.05614;1.05529;1.05596;471;1
2024.12.10 04:10;1.05597;1.05604;1.05574;1.05582;345;1
2024.12.10 04:20;1.05576;1.05582;1.05528;1.05544;324;1
2024.12.10 04:30;1.05542;1.05567;1.05537;1.05549;290;0
2024.12.10 04:40;1.05548;1.05587;1.05542;1.05559;283;1
2024.12.10 04:50;1.05560;1.05560;1.05516;1.05533;309;1
2024.12.10 05:00;1.05534;1.05546;1.05515;1.05537;290;1
2024.12.10 05:10;1.05537;1.05542;1.05505;1.05516;231;1
2024.12.10 05:20;1.05517;1.05545;1.05507;1.05527;259;1
2024.12.10 05:30;1.05526;1.05555;1.05488;1.05529;552;1
2024.12.10 05:40;1.05530;1.05576;1.05528;1.05555;372;0
2024.12.10 05:50;1.05555;1.05572;1.05532;1.05564;292;1
2024.12.10 06:00;1.05565;1.05598;1.05565;1.05577;270;1
2024.12.10 06:10;1.05576;1.05588;1.05561;1.05561;215;1
2024.12.10 06:20;1.05562;1.05589;1.05562;1.05578;207;1
2024.12.10 06:30;1.05578;1.05601;1.05577;1.05594;279;1
2024.12.10 06:40;1.05595;1.05597;1.05573;1.05574;251;1
2024.12.10 06:50;1.05574;1.05585;1.05571;1.05574;207;1
2024.12.10 07:00;1.05576;1.05593;1.05567;1.05568;272;1
2024.12.10 07:10;1.05568;1.05571;1.05549;1.05562;256;1
2024.12.10 07:20;1.05563;1.05565;1.05541;1.05552;203;1
2024.12.10 07:30;1.05552;1.05592;1.05551;1.05587;202;1
2024.12.10 07:40;1.05586;1.05623;1.05583;1.05620;202;1
2024.12.10 07:50;1.05620;1.05627;1.05604;1.05620;327;0
2024.12.10 08:00;1.05620;1.05630;1.05608;1.05626;296;0
2024.12.10 08:10;1.05625;1.05652;1.05623;1.05645;192;1
2024.12.10 08:20;1.05646;1.05670;1.05644;1.05669;257;1
2024.12.10 08:30;1.05670;1.05682;1.05643;1.05663;274;1
2024.12.10 08:40;1.05662;1.05662;1.05617;1.05622;344;0
2024.12.10 08:50;1.05623;1.05668;1.05621;1.05668;295;1
2024.12.10 09:00;1.05661;1.05666;1.05611;1.05616;370;0
2024.12.10 09:10;1.05615;1.05617;1.05585;1.05591;389;0
2024.12.10 09:20;1.05590;1.05602;1.05562;1.05601;399;0
2024.12.10 09:30;1.05602;1.05627;1.05576;1.05600;421;0
2024.12.10 09:40;1.05599;1.05616;1.05526;1.05564;458;0
2024.12.10 09:50;1.05563;1.05566;1.05469;1.05486;493;0
2024.12.10 10:00;1.05488;1.05516;1.05431;1.05487;675;0
2024.12.10 10:10;1.05486;1.05488;1.05390;1.05408;564;0
2024.12.10 10:20;1.05407;1.05481;1.05407;1.05469;534;0
2024.12.10 10:30;1.05471;1.05496;1.05434;1.05485;479;0
2024.12.10 10:40;1.05485;1.05488;1.05396;1.05401;521;0
2024.12.10 10:50;1.05399;1.05429;1.05377;1.05378;507;0
2024.12.10 11:00;1.05377;1.05382;1.05310;1.05321;631;0
2024.12.10 11:10;1.05320;1.05371;1.05291;1.05366;620;0
2024.12.10 11:20;1.05365;1.05374;1.05258;1.05261;558;0
2024.12.10 11:30;1.05261;1.05360;1.05249;1.05342;632;0
2024.12.10 11:40;1.05341;1.05346;1.05230;1.05237;588;0
2024.12.10 11:50;1.05242;1.05317;1.05238;1.05311;607;0
2024.12.10 12:00;1.05311;1.05365;1.05303;1.05364;533;0
2024.12.10 12:10;1.05364;1.05379;1.05311;1.05312;464;0
2024.12.10 12:20;1.05311;1.05339;1.05270;1.05300;408;0
2024.12.10 12:30;1.05300;1.05343;1.05300;1.05333;410;0
2024.12.10 12:40;1.05333;1.05338;1.05271;1.05283;450;0
2024.12.10 12:50;1.05282;1.05297;1.05259;1.05280;462;0
2024.12.10 13:00;1.05280;1.05286;1.05238;1.05269;461;0
2024.12.10 13:10;1.05268;1.05306;1.05243;1.05306;389;0
2024.12.10 13:20;1.05305;1.05330;1.05283;1.05324;449;0
2024.12.10 13:30;1.05325;1.05327;1.05284;1.05316;425;0
2024.12.10 13:40;1.05315;1.05330;1.05283;1.05286;316;0
2024.12.10 13:50;1.05288;1.05329;1.05281;1.05315;448;0
2024.12.10 14:00;1.05315;1.05327;1.05286;1.05303;421;0
2024.12.10 14:10;1.05300;1.05338;1.05248;1.05248;456;0
2024.12.10 14:20;1.05249;1.05269;1.05211;1.05232;564;0
2024.12.10 14:30;1.05232;1.05301;1.05202;1.05269;631;0
2024.12.10 14:40;1.05269;1.05322;1.05269;1.05318;467;0
2024.12.10 14:50;1.05320;1.05332;1.05303;1.05306;482;0
2024.12.10 15:00;1.05307;1.05319;1.05261;1.05270;597;0
2024.12.10 15:10;1.05268;1.05279;1.05175;1.05193;565;0
2024.12.10 15:20;1.05193;1.05238;1.05157;1.05212;596;0
2024.12.10 15:30;1.05212;1.05285;1.05212;1.05263;699;0
2024.12.10 15:40;1.05262;1.05280;1.05202;1.05205;624;0
2024.12.10 15:50;1.05205;1.05266;1.05182;1.05229;613;0
2024.12.10 16:00;1.05238;1.05288;1.05214;1.05273;679;0
2024.12.10 16:10;1.05275;1.05297;1.05246;1.05294;542;0
2024.12.10 16:20;1.05295;1.05296;1.05268;1.05274;477;0
2024.12.10 16:30;1.05275;1.05313;1.05236;1.05269;776;0
2024.12.10 16:40;1.05269;1.05299;1.05247;1.05248;747;0
2024.12.10 16:50;1.05247;1.05256;1.05195;1.05196;726;0
2024.12.10 17:00;1.05197;1.05256;1.05069;1.05093;849;0
2024.12.10 17:10;1.05092;1.05105;1.05052;1.05079;812;0
2024.12.10 17:20;1.05083;1.05099;1.05007;1.05028;807;0
2024.12.10 17:30;1.05027;1.05107;1.05010;1.05072;755;0
2024.12.10 17:40;1.05070;1.05132;1.05031;1.05084;661;0
2024.12.10 17:50;1.05086;1.05089;1.04985;1.05036;1081;0
2024.12.10 18:00;1.05037;1.05074;1.04996;1.05044;888;0
2024.12.10 18:10;1.05045;1.05105;1.05022;1.05025;637;0
2024.12.10 18:20;1.05024;1.05099;1.05024;1.05072;557;0
2024.12.10 18:30;1.05073;1.05096;1.05005;1.05010;562;0
2024.12.10 18:40;1.05012;1.05102;1.05011;1.05101;501;0
2024.12.10 18:50;1.05101;1.05126;1.05088;1.05116;493;0
2024.12.10 19:00;1.05117;1.05138;1.05086;1.05131;514;0
2024.12.10 19:10;1.05132;1.05167;1.05117;1.05118;404;0
2024.12.10 19:20;1.05118;1.05137;1.05080;1.05086;354;0
2024.12.10 19:30;1.05087;1.05088;1.05047;1.05088;339;0
2024.12.10 19:40;1.05089;1.05136;1.05078;1.05127;299;0
2024.12.10 19:50;1.05128;1.05130;1.05080;1.05097;390;0
2024.12.10 20:00;1.05097;1.05143;1.05087;1.05118;432;0
2024.12.10 20:10;1.05119;1.05190;1.05103;1.05144;370;0
2024.12.10 20:20;1.05144;1.05196;1.05143;1.05191;328;0
2024.12.10 20:30;1.05192;1.05236;1.05190;1.05223;373;0
2024.12.10 20:40;1.05222;1.05250;1.05206;1.05248;350;0
2024.12.10 20:50;1.05247;1.05268;1.05246;1.05256;341;0
2024.12.10 21:00;1.05255;1.05303;1.05248;1.05285;320;0
2024.12.10 21:10;1.05284;1.05302;1.05272;1.05287;355;0
2024.12.10 21:20;1.05286;1.05311;1.05266;1.05266;281;0
2024.12.10 21:30;1.05265;1.05280;1.05251;1.05263;248;0
2024.12.10 21:40;1.05265;1.05268;1.05244;1.05265;295;0
2024.12.10 21:50;1.05265;1.05280;1.05242;1.05268;323;0
2024.12.10 22:00;1.05267;1.05278;1.05242;1.05272;316;0
2024.12.10 22:10;1.05270;1.05282;1.05250;1.05255;286;0
2024.12.10 22:20;1.05254;1.05274;1.05239;1.05268;247;0
2024.12.10 22:30;1.05269;1.05303;1.05269;1.05301;357;0
2024.12.10 22:40;1.05301;1.05307;1.05280;1.05287;230;0
2024.12.10 22:50;1.05287;1.05289;1.05257;1.05265;322;0
2024.12.10 23:00;1.05266;1.05268;1.05241;1.05250;173;0
2024.12.10 23:10;1.05250;1.05264;1.05237;1.05239;87;0
2024.12.10 23:20;1.05238;1.05284;1.05238;1.05270;127;0
2024.12.10 23:30;1.05270;1.05288;1.05266;1.05285;143;0
2024.12.10 23:40;1.05284;1.05285;1.05257;1.05262;128;0
2024.12.10 23:50;1.05264;1.05278;1.05261;1.05271;270;0
2024.12.11 00:00;1.05257;1.05279;1.05248;1.05272;32;10
2024.12.11 00:10;1.05272;1.05272;1.05266;1.05268;13;8
2024.12.11 00:20;1.05268;1.05280;1.05265;1.05278;56;16
2024.12.11 00:30;1.05278;1.05287;1.05275;1.05283;83;9
2024.12.11 00:40;1.05284;1.05287;1.05281;1.05285;51;9
2024.12.11 00:50;1.05285;1.05287;1.05279;1.05283;58;4
2024.12.11 01:00;1.05278;1.05304;1.05277;1.05300;140;1
2024.12.11 01:10;1.05301;1.05314;1.05296;1.05311;85;1
2024.12.11 01:20;1.05312;1.05319;1.05308;1.05316;46;1
2024.12.11 01:30;1.05316;1.05318;1.05313;1.05318;24;1
2024.12.11 01:40;1.05317;1.05318;1.05307;1.05315;58;1
2024.12.11 01:50;1.05315;1.05316;1.05306;1.05310;72;1
2024.12.11 02:00;1.05313;1.05319;1.05281;1.05283;232;1
2024.12.11 02:10;1.05284;1.05295;1.05275;1.05289;198;1
2024.12.11 02:20;1.05289;1.05301;1.05283;1.05283;127;1
2024.12.11 02:30;1.05282;1.05302;1.05279;1.05299;132;1
2024.12.11 02:40;1.05300;1.05308;1.05295;1.05306;126;1
2024.12.11 02:50;1.05305;1.05323;1.05287;1.05288;254;1
2024.12.11 03:00;1.05288;1.05308;1.05287;1.05294;341;0
2024.12.11 03:10;1.05294;1.05319;1.05281;1.05303;302;1
2024.12.11 03:20;1.05302;1.05338;1.05302;1.05336;280;1
2024.12.11 03:30;1.05339;1.05354;1.05321;1.05341;323;1
2024.12.11 03:40;1.05339;1.05353;1.05317;1.05333;345;0
2024.12.11 03:50;1.05332;1.05356;1.05317;1.05347;278;1
2024.12.11 04:00;1.05346;1.05348;1.05328;1.05341;227;1
2024.12.11 04:10;1.05342;1.05354;1.05330;1.05350;203;1
2024.12.11 04:20;1.05351;1.05392;1.05350;1.05382;241;1
2024.12.11 04:30;1.05383;1.05387;1.05350;1.05363;243;1
2024.12.11 04:40;1.05362;1.05377;1.05336;1.05352;243;0
2024.12.11 04:50;1.05353;1.05384;1.05352;1.05368;226;1
2024.12.11 05:00;1.05369;1.05377;1.05339;1.05342;281;0
2024.12.11 05:10;1.05341;1.05350;1.05331;1.05346;223;0
2024.12.11 05:20;1.05346;1.05346;1.05283;1.05311;229;1
2024.12.11 05:30;1.05310;1.05313;1.05283;1.05307;218;1
2024.12.11 05:40;1.05306;1.05317;1.05303;1.05308;117;1
2024.12.11 05:50;1.05308;1.05308;1.05277;1.05282;213;1
2024.12.11 06:00;1.05281;1.05304;1.05275;1.05288;169;1
2024.12.11 06:10;1.05287;1.05290;1.05279;1.05290;149;1
2024.12.11 06:20;1.05290;1.05290;1.05265;1.05267;153;1
2024.12.11 06:30;1.05266;1.05266;1.05231;1.05236;217;1
2024.12.11 06:40;1.05235;1.05235;1.05204;1.05228;205;1
2024.12.11 06:50;1.05228;1.05256;1.05228;1.05246;151;1
2024.12.11 07:00;1.05245;1.05257;1.05235;1.05236;180;1
2024.12.11 07:10;1.05236;1.05245;1.05230;1.05230;120;1
2024.12.11 07:20;1.05231;1.05234;1.05212;1.05217;137;1
2024.12.11 07:30;1.05216;1.05241;1.05209;1.05241;180;1
2024.12.11 07:40;1.05242;1.05254;1.05225;1.05246;156;1
2024.12.11 07:50;1.05245;1.05269;1.05238;1.05240;211;1
2024.12.11 08:00;1.05241;1.05261;1.05223;1.05259;218;1
2024.12.11 08:10;1.05259;1.05280;1.05258;1.05271;230;1
2024.12.11 08:20;1.05272;1.05276;1.05246;1.05246;226;1
2024.12.11 08:30;1.05248;1.05280;1.05245;1.05278;181;1
2024.12.11 08:40;1.05278;1.05278;1.05231;1.05240;262;1
2024.12.11 08:50;1.05241;1.05267;1.05229;1.05258;271;1
2024.12.11 09:00;1.05260;1.05283;1.05131;1.05132;623;0
2024.12.11 09:10;1.05134;1.05191;1.05088;1.05162;1069;0
2024.12.11 09:20;1.05162;1.05173;1.05066;1.05070;768;0
2024.12.11 09:30;1.05071;1.05105;1.04949;1.04960;1025;0
2024.12.11 09:40;1.04961;1.04988;1.04880;1.04931;937;0
2024.12.11 09:50;1.04931;1.04951;1.04882;1.04900;938;0
2024.12.11 10:00;1.04899;1.05006;1.04896;1.04995;766;0
2024.12.11 10:10;1.04996;1.05031;1.04952;1.04975;559;0
2024.12.11 10:20;1.04974;1.05038;1.04945;1.05026;594;0
2024.12.11 10:30;1.05026;1.05117;1.05025;1.05107;523;0
2024.12.11 10:40;1.05105;1.05120;1.05083;1.05104;561;0
2024.12.11 10:50;1.05105;1.05126;1.05045;1.05055;513;0
2024.12.11 11:00;1.05055;1.05058;1.05013;1.05038;535;0
2024.12.11 11:10;1.05039;1.05098;1.05010;1.05038;893;0
2024.12.11 11:20;1.05038;1.05046;1.04964;1.05029;895;0
2024.12.11 11:30;1.05031;1.05071;1.05010;1.05020;640;0
2024.12.11 11:40;1.05019;1.05035;1.04989;1.05021;649;0
2024.12.11 11:50;1.05024;1.05054;1.04988;1.05004;576;0
2024.12.11 12:00;1.05003;1.05015;1.04892;1.04904;642;0
2024.12.11 12:10;1.04904;1.04988;1.04870;1.04942;731;0
2024.12.11 12:20;1.04939;1.04964;1.04920;1.04946;619;0
2024.12.11 12:30;1.04947;1.04979;1.04924;1.04964;472;0
2024.12.11 12:40;1.04966;1.05015;1.04952;1.04969;408;0
2024.12.11 12:50;1.04968;1.04989;1.04935;1.04951;517;0
2024.12.11 13:00;1.04951;1.04966;1.04901;1.04944;469;0
2024.12.11 13:10;1.04945;1.05002;1.04913;1.04999;500;0
2024.12.11 13:20;1.04999;1.05035;1.04967;1.04984;514;0
2024.12.11 13:30;1.04983;1.05018;1.04962;1.05017;473;0
2024.12.11 13:40;1.05016;1.05022;1.04964;1.05005;522;0
2024.12.11 13:50;1.05005;1.05053;1.05002;1.05035;410;0
2024.12.11 14:00;1.05034;1.05090;1.05031;1.05073;517;0
2024.12.11 14:10;1.05073;1.05178;1.05072;1.05147;693;0
2024.12.11 14:20;1.05149;1.05181;1.05066;1.05072;692;0
2024.12.11 14:30;1.05072;1.05072;1.05022;1.05060;563;0
2024.12.11 14:40;1.05060;1.05091;1.05008;1.05010;505;0
2024.12.11 14:50;1.05010;1.05087;1.04999;1.05030;562;0
2024.12.11 15:00;1.05031;1.05095;1.05031;1.05071;627;0
2024.12.11 15:10;1.05072;1.05087;1.05040;1.05076;563;0
2024.12.11 15:20;1.05076;1.05163;1.05066;1.05146;696;0
2024.12.11 15:30;1.05140;1.05331;1.05026;1.05195;1702;0
2024.12.11 15:40;1.05192;1.05373;1.05135;1.05294;1381;0
2024.12.11 15:50;1.05294;1.05319;1.05203;1.05241;1181;0
2024.12.11 16:00;1.05237;1.05291;1.05190;1.05200;1182;0
2024.12.11 16:10;1.05199;1.05223;1.05106;1.05120;1052;0
2024.12.11 16:20;1.05120;1.05141;1.05049;1.05075;922;0
2024.12.11 16:30;1.05076;1.05091;1.04977;1.05008;1117;0
2024.12.11 16:40;1.05007;1.05088;1.04977;1.04998;1086;0
2024.12.11 16:50;1.05000;1.05049;1.04941;1.05009;1143;0
2024.12.11 17:00;1.05016;1.05038;1.04906;1.04980;1123;0
2024.12.11 17:10;1.04980;1.05081;1.04971;1.05067;884;0
2024.12.11 17:20;1.05063;1.05079;1.04966;1.04973;868;0
2024.12.11 17:30;1.04973;1.04995;1.04824;1.04875;963;0
2024.12.11 17:40;1.04874;1.04924;1.04802;1.04822;895;0
2024.12.11 17:50;1.04823;1.04931;1.04802;1.04906;1361;0
2024.12.11 18:00;1.04908;1.04937;1.04879;1.04926;888;0
2024.12.11 18:10;1.04926;1.04981;1.04886;1.04902;696;0
2024.12.11 18:20;1.04903;1.04916;1.04853;1.04902;586;0
2024.12.11 18:30;1.04902;1.05018;1.04891;1.05016;541;0
2024.12.11 18:40;1.05017;1.05107;1.05012;1.05088;645;0
2024.12.11 18:50;1.05089;1.05119;1.05070;1.05079;591;0
2024.12.11 19:00;1.05078;1.05117;1.05045;1.05046;535;0
2024.12.11 19:10;1.05045;1.05049;1.04970;1.04970;437;0
2024.12.11 19:20;1.04969;1.04978;1.04928;1.04943;392;0
2024.12.11 19:30;1.04942;1.04979;1.04937;1.04954;507;0
2024.12.11 19:40;1.04948;1.04965;1.04916;1.04928;489;0
2024.12.11 19:50;1.04930;1.04933;1.04862;1.04876;414;0
2024.12.11 20:00;1.04875;1.04994;1.04875;1.04979;788;2
2024.12.11 20:10;1.04978;1.04993;1.04949;1.04949;496;0
2024.12.11 20:20;1.04949;1.04999;1.04944;1.04988;390;0
2024.12.11 20:30;1.04990;1.04999;1.04961;1.04966;464;0
2024.12.11 20:40;1.04965;1.04966;1.04852;1.04856;569;1
2024.12.11 20:50;1.04856;1.04876;1.04831;1.04845;664;0
2024.12.11 21:00;1.04845;1.04874;1.04815;1.04841;488;0
2024.12.11 21:10;1.04840;1.04867;1.04831;1.04843;383;0
2024.12.11 21:20;1.04842;1.04898;1.04836;1.04896;377;0
2024.12.11 21:30;1.04896;1.04942;1.04883;1.04894;482;0
2024.12.11 21:40;1.04893;1.04906;1.04872;1.04887;380;0
2024.12.11 21:50;1.04887;1.04914;1.04882;1.04912;419;0
2024.12.11 22:00;1.04913;1.04945;1.04913;1.04922;340;0
2024.12.11 22:10;1.04921;1.04947;1.04910;1.04936;300;0
2024.12.11 22:20;1.04936;1.04952;1.04918;1.04936;306;0
2024.12.11 22:30;1.04936;1.04943;1.04917;1.04923;251;0
2024.12.11 22:40;1.04922;1.04938;1.04903;1.04927;303;0
2024.12.11 22:50;1.04926;1.04938;1.04883;1.04925;417;0
2024.12.11 23:00;1.04927;1.04965;1.04924;1.04940;277;0
2024.12.11 23:10;1.04940;1.04949;1.04933;1.04946;97;0
2024.12.11 23:20;1.04946;1.04961;1.04941;1.04954;165;1
2024.12.11 23:30;1.04953;1.04973;1.04944;1.04960;196;1
2024.12.11 23:40;1.04959;1.04965;1.04952;1.04959;138;0
2024.12.11 23:50;1.04958;1.04962;1.04932;1.04932;252;0
2024.12.12 00:00;1.04901;1.04965;1.04901;1.04964;47;20
2024.12.12 00:10;1.04956;1.04967;1.04911;1.04965;141;12
2024.12.12 00:20;1.04963;1.04967;1.04958;1.04967;34;10
2024.12.12 00:30;1.04967;1.04968;1.04958;1.04965;108;16
2024.12.12 00:40;1.04965;1.04973;1.04964;1.04970;155;18
2024.12.12 00:50;1.04971;1.04971;1.04960;1.04964;61;17
2024.12.12 01:00;1.04972;1.04996;1.04968;1.04977;145;1
2024.12.12 01:10;1.04977;1.05005;1.04977;1.04995;76;1
2024.12.12 01:20;1.04996;1.05005;1.04990;1.05004;81;1
2024.12.12 01:30;1.05004;1.05032;1.05004;1.05031;98;1
2024.12.12 01:40;1.05030;1.05056;1.05024;1.05047;131;1
2024.12.12 01:50;1.05046;1.05065;1.05045;1.05054;113;1
2024.12.12 02:00;1.05054;1.05085;1.05051;1.05076;285;0
2024.12.12 02:10;1.05076;1.05078;1.05050;1.05051;234;1
2024.12.12 02:20;1.05052;1.05056;1.05028;1.05028;192;1
2024.12.12 02:30;1.05029;1.05066;1.05023;1.05042;640;1
2024.12.12 02:40;1.05042;1.05051;1.05022;1.05047;255;1
2024.12.12 02:50;1.05046;1.05060;1.05028;1.05057;409;0
2024.12.12 03:00;1.05057;1.05076;1.05052;1.05073;388;1
2024.12.12 03:10;1.05073;1.05075;1.05032;1.05052;285;0
2024.12.12 03:20;1.05053;1.05088;1.05048;1.05077;353;1
2024.12.12 03:30;1.05078;1.05082;1.05048;1.05063;407;1
2024.12.12 03:40;1.05064;1.05077;1.05043;1.05064;297;1
2024.12.12 03:50;1.05064;1.05077;1.05050;1.05061;303;0
2024.12.12 04:00;1.05062;1.05073;1.05033;1.05037;256;1
2024.12.12 04:10;1.05036;1.05052;1.05029;1.05034;239;1
2024.12.12 04:20;1.05035;1.05049;1.05028;1.05036;247;1
2024.12.12 04:30;1.05037;1.05052;1.05019;1.05022;240;1
2024.12.12 04:40;1.05023;1.05052;1.05023;1.05034;254;1
2024.12.12 04:50;1.05034;1.05044;1.05020;1.05035;213;1
2024.12.12 05:00;1.05035;1.05036;1.05018;1.05020;172;0
2024.12.12 05:10;1.05020;1.05053;1.05008;1.05049;213;1
2024.12.12 05:20;1.05049;1.05078;1.05049;1.05075;204;1
2024.12.12 05:30;1.05077;1.05085;1.05052;1.05056;223;1
2024.12.12 05:40;1.05055;1.05059;1.05035;1.05042;218;1
2024.12.12 05:50;1.05042;1.05064;1.05037;1.05054;187;1
2024.12.12 06:00;1.05053;1.05073;1.05044;1.05066;187;1
2024.12.12 06:10;1.05067;1.05077;1.05064;1.05065;136;1
2024.12.12 06:20;1.05065;1.05090;1.05065;1.05080;110;1
2024.12.12 06:30;1.05079;1.05083;1.05045;1.05049;172;1
2024.12.12 06:40;1.05049;1.05065;1.05044;1.05044;166;1
2024.12.12 06:50;1.05043;1.05090;1.05043;1.05090;185;1
2024.12.12 07:00;1.05091;1.05094;1.05047;1.05055;222;1
2024.12.12 07:10;1.05055;1.05064;1.05045;1.05063;179;1
2024.12.12 07:20;1.05064;1.05064;1.05047;1.05063;196;1
2024.12.12 07:30;1.05064;1.05078;1.05033;1.05063;359;0
2024.12.12 07:40;1.05063;1.05068;1.05039;1.05057;275;1
2024.12.12 07:50;1.05056;1.05070;1.05041;1.05065;303;1
2024.12.12 08:00;1.05065;1.05087;1.05064;1.05072;244;1
2024.12.12 08:10;1.05073;1.05077;1.05043;1.05048;284;1
2024.12.12 08:20;1.05049;1.05071;1.05047;1.05068;190;1
2024.12.12 08:30;1.05068;1.05094;1.05068;1.05093;246;1
2024.12.12 08:40;1.05091;1.05099;1.05085;1.05098;227;1
2024.12.12 08:50;1.05099;1.05143;1.05090;1.05143;289;0
2024.12.12 09:00;1.05141;1.05265;1.05126;1.05234;625;0
2024.12.12 09:10;1.05233;1.05309;1.05220;1.05274;755;0
2024.12.12 09:20;1.05274;1.05283;1.05213;1.05221;639;0
2024.12.12 09:30;1.05221;1.05254;1.05213;1.05250;536;0
2024.12.12 09:40;1.05251;1.05264;1.05226;1.05259;538;0
2024.12.12 09:50;1.05258;1.05263;1.05162;1.05164;729;0
2024.12.12 10:00;1.05160;1.05207;1.05112;1.05164;736;0
2024.12.12 10:10;1.05163;1.05179;1.05109;1.05151;606;0
2024.12.12 10:20;1.05151;1.05178;1.05113;1.05113;399;0
2024.12.12 10:30;1.05114;1.05142;1.05046;1.05112;1038;1
2024.12.12 10:40;1.05111;1.05112;1.05049;1.05064;708;0
2024.12.12 10:50;1.05066;1.05120;1.05058;1.05091;615;0
2024.12.12 11:00;1.05091;1.05109;1.05054;1.05109;583;0
2024.12.12 11:10;1.05108;1.05143;1.05097;1.05126;567;0
2024.12.12 11:20;1.05126;1.05174;1.05117;1.05129;492;0
2024.12.12 11:30;1.05130;1.05162;1.05094;1.05159;511;0
2024.12.12 11:40;1.05159;1.05166;1.05085;1.05113;639;0
2024.12.12 11:50;1.05113;1.05113;1.05066;1.05100;489;0
2024.12.12 12:00;1.05100;1.05142;1.05096;1.05111;514;0
2024.12.12 12:10;1.05110;1.05129;1.05075;1.05088;475;0
2024.12.12 12:20;1.05089;1.05093;1.05066;1.05090;462;0
2024.12.12 12:30;1.05093;1.05102;1.05027;1.05045;448;0
2024.12.12 12:40;1.05044;1.05051;1.05012;1.05025;445;0
2024.12.12 12:50;1.05025;1.05025;1.04953;1.04967;542;0
2024.12.12 13:00;1.04967;1.05010;1.04943;1.04978;769;0
2024.12.12 13:10;1.04978;1.05000;1.04952;1.04999;630;0
2024.12.12 13:20;1.05000;1.05032;1.04990;1.05030;483;0
2024.12.12 13:30;1.05031;1.05074;1.05031;1.05071;476;0
2024.12.12 13:40;1.05071;1.05076;1.05033;1.05037;394;0
2024.12.12 13:50;1.05038;1.05062;1.05024;1.05025;501;0
2024.12.12 14:00;1.05025;1.05039;1.04984;1.04991;494;0
2024.12.12 14:10;1.04990;1.05012;1.04945;1.04958;488;0
2024.12.12 14:20;1.04957;1.04979;1.04925;1.04976;467;0
2024.12.12 14:30;1.04975;1.05020;1.04965;1.05003;452;0
2024.12.12 14:40;1.05004;1.05032;1.04987;1.04995;504;0
2024.12.12 14:50;1.04994;1.05009;1.04887;1.04891;750;0
2024.12.12 15:00;1.04891;1.04920;1.04867;1.04905;852;0
2024.12.12 15:10;1.04902;1.04979;1.04694;1.04853;1160;0
2024.12.12 15:20;1.04854;1.04908;1.04778;1.04815;1125;0
2024.12.12 15:30;1.04814;1.04955;1.04802;1.04939;1413;0
2024.12.12 15:40;1.04939;1.05019;1.04916;1.04962;1249;0
2024.12.12 15:50;1.04964;1.04993;1.04820;1.04847;1162;1
2024.12.12 16:00;1.04852;1.04949;1.04806;1.04855;1123;0
2024.12.12 16:10;1.04854;1.04906;1.04720;1.04835;1269;0
2024.12.12 16:20;1.04834;1.04939;1.04748;1.04812;1368;0
2024.12.12 16:30;1.04812;1.04919;1.04794;1.04919;1211;0
2024.12.12 16:40;1.04917;1.05154;1.04917;1.05098;1395;0
2024.12.12 16:50;1.05098;1.05202;1.05075;1.05186;1334;0
2024.12.12 17:00;1.05193;1.05211;1.05023;1.05026;1252;0
2024.12.12 17:10;1.05026;1.05050;1.04935;1.04936;1173;0
2024.12.12 17:20;1.04938;1.04948;1.04834;1.04835;1117;0
2024.12.12 17:30;1.04834;1.04834;1.04666;1.04688;1179;0
2024.12.12 17:40;1.04689;1.04727;1.04636;1.04691;1060;0
2024.12.12 17:50;1.04690;1.04757;1.04645;1.04732;1351;0
2024.12.12 18:00;1.04729;1.04896;1.04718;1.04832;1092;0
2024.12.12 18:10;1.04832;1.04969;1.04811;1.04923;874;0
2024.12.12 18:20;1.04924;1.04947;1.04859;1.04944;753;0
2024.12.12 18:30;1.04946;1.05046;1.04946;1.05037;719;0
2024.12.12 18:40;1.05039;1.05085;1.05029;1.05068;558;0
2024.12.12 18:50;1.05067;1.05157;1.05067;1.05133;712;0
2024.12.12 19:00;1.05132;1.05150;1.05106;1.05140;589;0
2024.12.12 19:10;1.05139;1.05173;1.05086;1.05086;544;0
2024.12.12 19:20;1.05087;1.05091;1.04998;1.05048;670;0
2024.12.12 19:30;1.05047;1.05057;1.04982;1.04983;565;0
2024.12.12 19:40;1.04980;1.05036;1.04951;1.04981;608;0
2024.12.12 19:50;1.04982;1.05013;1.04972;1.05007;675;0
2024.12.12 20:00;1.05008;1.05023;1.04911;1.04970;854;0
2024.12.12 20:10;1.04969;1.04978;1.04911;1.04947;585;0
2024.12.12 20:20;1.04947;1.04954;1.04914;1.04931;560;0
2024.12.12 20:30;1.04931;1.04943;1.04862;1.04862;569;0
2024.12.12 20:40;1.04862;1.04867;1.04825;1.04841;560;0
2024.12.12 20:50;1.04841;1.04868;1.04819;1.04825;585;0
2024.12.12 21:00;1.04825;1.04845;1.04800;1.04835;526;0
2024.12.12 21:10;1.04834;1.04853;1.04812;1.04826;450;0
2024.12.12 21:20;1.04827;1.04835;1.04763;1.04771;418;0
2024.12.12 21:30;1.04771;1.04778;1.04735;1.04749;424;1
2024.12.12 21:40;1.04748;1.04788;1.04738;1.04760;383;0
2024.12.12 21:50;1.04761;1.04763;1.04723;1.04726;437;0
2024.12.12 22:00;1.04727;1.04735;1.04702;1.04715;332;0
2024.12.12 22:10;1.04716;1.04744;1.04704;1.04739;325;0
2024.12.12 22:20;1.04739;1.04746;1.04708;1.04714;352;0
2024.12.12 22:30;1.04714;1.04727;1.04666;1.04668;305;0
2024.12.12 22:40;1.04668;1.04671;1.04646;1.04653;253;0
2024.12.12 22:50;1.04653;1.04673;1.04650;1.04672;285;0
2024.12.12 23:00;1.04673;1.04721;1.04657;1.04703;251;0
2024.12.12 23:10;1.04703;1.04711;1.04652;1.04661;133;0
2024.12.12 23:20;1.04662;1.04686;1.04643;1.04674;198;0
2024.12.12 23:30;1.04675;1.04683;1.04647;1.04651;140;0
2024.12.12 23:40;1.04651;1.04667;1.04643;1.04666;169;0
2024.12.12 23:50;1.04667;1.04685;1.04661;1.04664;248;0
2024.12.13 00:00;1.04674;1.04690;1.04639;1.04689;41;22
2024.12.13 00:10;1.04690;1.04695;1.04663;1.04680;162;14
2024.12.13 00:20;1.04681;1.04701;1.04681;1.04698;122;27
2024.12.13 00:30;1.04698;1.04705;1.04688;1.04705;216;10
2024.12.13 00:40;1.04702;1.04707;1.04686;1.04693;229;11
2024.12.13 00:50;1.04696;1.04701;1.04684;1.04697;322;13
2024.12.13 01:00;1.04691;1.04703;1.04646;1.04693;208;1
2024.12.13 01:10;1.04692;1.04719;1.04692;1.04719;109;1
2024.12.13 01:20;1.04718;1.04728;1.04707;1.04713;176;1
2024.12.13 01:30;1.04713;1.04716;1.04706;1.04706;112;1
2024.12.13 01:40;1.04707;1.04740;1.04705;1.04735;112;1
2024.12.13 01:50;1.04734;1.04740;1.04728;1.04737;117;1
2024.12.13 02:00;1.04737;1.04747;1.04699;1.04731;329;1
2024.12.13 02:10;1.04730;1.04756;1.04728;1.04748;247;1
2024.12.13 02:20;1.04747;1.04754;1.04731;1.04750;282;1
2024.12.13 02:30;1.04750;1.04755;1.04735;1.04746;210;1
2024.12.13 02:40;1.04746;1.04767;1.04725;1.04738;229;0
2024.12.13 02:50;1.04738;1.04803;1.04734;1.04794;385;1
2024.12.13 03:00;1.04793;1.04807;1.04758;1.04766;399;1
2024.12.13 03:10;1.04765;1.04768;1.04701;1.04733;409;1
2024.12.13 03:20;1.04732;1.04743;1.04649;1.04672;397;1
2024.12.13 03:30;1.04671;1.04671;1.04633;1.04656;426;1
2024.12.13 03:40;1.04655;1.04692;1.04646;1.04659;302;1
2024.12.13 03:50;1.04660;1.04691;1.04643;1.04653;458;1
2024.12.13 04:00;1.04652;1.04656;1.04622;1.04629;386;0
2024.12.13 04:10;1.04628;1.04654;1.04623;1.04654;413;1
2024.12.13 04:20;1.04645;1.04653;1.04635;1.04646;288;1
2024.12.13 04:30;1.04646;1.04663;1.04614;1.04656;310;1
2024.12.13 04:40;1.04657;1.04667;1.04621;1.04624;302;1
2024.12.13 04:50;1.04623;1.04629;1.04601;1.04605;323;0
2024.12.13 05:00;1.04605;1.04628;1.04605;1.04617;280;1
2024.12.13 05:10;1.04616;1.04640;1.04607;1.04639;230;1
2024.12.13 05:20;1.04638;1.04638;1.04617;1.04620;203;1
2024.12.13 05:30;1.04618;1.04652;1.04617;1.04651;205;1
2024.12.13 05:40;1.04650;1.04651;1.04628;1.04637;206;1
2024.12.13 05:50;1.04637;1.04638;1.04596;1.04602;247;1
2024.12.13 06:00;1.04602;1.04616;1.04590;1.04607;161;1
2024.12.13 06:10;1.04608;1.04614;1.04562;1.04575;259;1
2024.12.13 06:20;1.04575;1.04598;1.04573;1.04579;191;1
2024.12.13 06:30;1.04578;1.04626;1.04578;1.04625;166;0
2024.12.13 06:40;1.04625;1.04631;1.04613;1.04625;127;1
2024.12.13 06:50;1.04625;1.04637;1.04620;1.04637;175;1
2024.12.13 07:00;1.04638;1.04646;1.04626;1.04629;135;1
2024.12.13 07:10;1.04630;1.04630;1.04606;1.04614;186;1
2024.12.13 07:20;1.04615;1.04630;1.04603;1.04617;160;1
2024.12.13 07:30;1.04616;1.04634;1.04609;1.04631;161;1
2024.12.13 07:40;1.04632;1.04639;1.04623;1.04629;165;1
2024.12.13 07:50;1.04627;1.04658;1.04619;1.04652;218;1
2024.12.13 08:00;1.04653;1.04657;1.04630;1.04633;283;1
2024.12.13 08:10;1.04634;1.04634;1.04602;1.04603;271;0
2024.12.13 08:20;1.04603;1.04613;1.04566;1.04605;309;1
2024.12.13 08:30;1.04605;1.04620;1.04593;1.04620;272;1
2024.12.13 08:40;1.04619;1.04629;1.04599;1.04620;272;1
2024.12.13 08:50;1.04619;1.04660;1.04615;1.04656;309;1
2024.12.13 09:00;1.04643;1.04646;1.04551;1.04570;748;0
2024.12.13 09:10;1.04569;1.04592;1.04530;1.04571;679;0
2024.12.13 09:20;1.04572;1.04597;1.04535;1.04563;572;0
2024.12.13 09:30;1.04562;1.04597;1.04532;1.04593;650;0
2024.12.13 09:40;1.04592;1.04623;1.04575;1.04594;538;0
2024.12.13 09:50;1.04593;1.04640;1.04586;1.04593;596;0
2024.12.13 10:00;1.04593;1.04674;1.04563;1.04667;658;0
2024.12.13 10:10;1.04666;1.04717;1.04644;1.04684;595;0
2024.12.13 10:20;1.04686;1.04688;1.04618;1.04662;597;0
2024.12.13 10:30;1.04662;1.04703;1.04651;1.04686;616;0
2024.12.13 10:40;1.04685;1.04693;1.04638;1.04688;574;0
2024.12.13 10:50;1.04689;1.04695;1.04661;1.04687;519;0
2024.12.13 11:00;1.04687;1.04704;1.04663;1.04680;498;0
2024.12.13 11:10;1.04680;1.04716;1.04667;1.04715;504;0
2024.12.13 11:20;1.04715;1.04734;1.04691;1.04708;548;0
2024.12.13 11:30;1.04707;1.04732;1.04677;1.04702;511;0
2024.12.13 11:40;1.04701;1.04757;1.04689;1.04737;592;0
2024.12.13 11:50;1.04736;1.04939;1.04723;1.04873;687;0
2024.12.13 12:00;1.04877;1.04905;1.04834;1.04893;689;0
2024.12.13 12:10;1.04892;1.04956;1.04884;1.04897;767;0
2024.12.13 12:20;1.04898;1.04954;1.04881;1.04946;674;0
2024.12.13 12:30;1.04945;1.04957;1.04865;1.04875;633;0
2024.12.13 12:40;1.04875;1.04915;1.04863;1.04891;550;0
2024.12.13 12:50;1.04891;1.04908;1.04842;1.04871;717;0
2024.12.13 13:00;1.04870;1.04929;1.04862;1.04890;510;0
2024.12.13 13:10;1.04886;1.04944;1.04879;1.04944;443;0
2024.12.13 13:20;1.04943;1.04943;1.04907;1.04916;498;0
2024.12.13 13:30;1.04916;1.04932;1.04895;1.04920;487;0
2024.12.13 13:40;1.04920;1.04943;1.04879;1.04911;436;0
2024.12.13 13:50;1.04909;1.04926;1.04869;1.04888;415;0
2024.12.13 14:00;1.04888;1.04936;1.04879;1.04933;642;0
2024.12.13 14:10;1.04933;1.04955;1.04926;1.04935;510;0
2024.12.13 14:20;1.04935;1.04951;1.04906;1.04940;399;0
2024.12.13 14:30;1.04940;1.05016;1.04940;1.05016;569;0
2024.12.13 14:40;1.05016;1.05194;1.05016;1.05104;961;0
2024.12.13 14:50;1.05103;1.05161;1.05069;1.05160;771;0
2024.12.13 15:00;1.05162;1.05185;1.05130;1.05177;680;0
2024.12.13 15:10;1.05178;1.05242;1.05155;1.05202;793;0
2024.12.13 15:20;1.05202;1.05203;1.05133;1.05159;763;0
2024.12.13 15:30;1.05158;1.05172;1.05101;1.05123;847;0
2024.12.13 15:40;1.05124;1.05216;1.05123;1.05188;649;0
2024.12.13 15:50;1.05189;1.05192;1.05088;1.05104;672;0
2024.12.13 16:00;1.05102;1.05103;1.04993;1.05025;774;0
2024.12.13 16:10;1.05025;1.05052;1.04999;1.05016;667;0
2024.12.13 16:20;1.05016;1.05025;1.04959;1.04976;561;0
2024.12.13 16:30;1.04975;1.04983;1.04890;1.04923;713;0
2024.12.13 16:40;1.04923;1.04960;1.04907;1.04922;681;0
2024.12.13 16:50;1.04921;1.04938;1.04885;1.04905;622;0
2024.12.13 17:00;1.04905;1.04905;1.04829;1.04862;718;0
2024.12.13 17:10;1.04861;1.04941;1.04840;1.04937;548;0
2024.12.13 17:20;1.04935;1.04956;1.04849;1.04877;719;0
2024.12.13 17:30;1.04876;1.04916;1.04853;1.04895;643;0
2024.12.13 17:40;1.04895;1.04939;1.04868;1.04869;698;0
2024.12.13 17:50;1.04869;1.04897;1.04822;1.04891;1009;0
2024.12.13 18:00;1.04889;1.04910;1.04868;1.04898;736;0
2024.12.13 18:10;1.04895;1.05025;1.04886;1.04977;763;0
2024.12.13 18:20;1.04978;1.04991;1.04931;1.04943;623;0
2024.12.13 18:30;1.04944;1.04982;1.04934;1.04974;517;0
2024.12.13 18:40;1.04975;1.05031;1.04945;1.05031;529;0
2024.12.13 18:50;1.05031;1.05061;1.04967;1.04978;639;0
2024.12.13 19:00;1.04979;1.04979;1.04923;1.04957;512;2
2024.12.13 19:10;1.04958;1.04982;1.04933;1.04937;565;1
2024.12.13 19:20;1.04937;1.04956;1.04926;1.04939;416;0
2024.12.13 19:30;1.04940;1.04956;1.04911;1.04952;443;0
2024.12.13 19:40;1.04951;1.05042;1.04921;1.04974;602;1
2024.12.13 19:50;1.04974;1.04984;1.04940;1.04963;567;1
2024.12.13 20:00;1.04963;1.04976;1.04891;1.04897;566;1
2024.12.13 20:10;1.04896;1.04926;1.04892;1.04923;395;0
2024.12.13 20:20;1.04924;1.04952;1.04911;1.04930;439;0
2024.12.13 20:30;1.04929;1.04983;1.04927;1.04973;380;0
2024.12.13 20:40;1.04974;1.04987;1.04948;1.04953;291;0
2024.12.13 20:50;1.04951;1.04971;1.04922;1.04959;401;0
2024.12.13 21:00;1.04958;1.04984;1.04930;1.04981;376;0
2024.12.13 21:10;1.04982;1.05025;1.04977;1.05001;325;0
2024.12.13 21:20;1.05001;1.05003;1.04972;1.04973;286;0
2024.12.13 21:30;1.04972;1.04995;1.04961;1.04968;338;0
2024.12.13 21:40;1.04967;1.04971;1.04920;1.04926;322;0
2024.12.13 21:50;1.04927;1.04949;1.04921;1.04947;308;0
2024.12.13 22:00;1.04951;1.04965;1.04939;1.04951;276;0
2024.12.13 22:10;1.04950;1.04963;1.04926;1.04931;362;0
2024.12.13 22:20;1.04930;1.04966;1.04930;1.04963;218;0
2024.12.13 22:30;1.04962;1.04974;1.04950;1.04959;243;0
2024.12.13 22:40;1.04958;1.04958;1.04937;1.04951;257;1
2024.12.13 22:50;1.04950;1.04975;1.04950;1.04971;288;1
2024.12.13 23:00;1.04973;1.04977;1.04958;1.04974;214;0
2024.12.13 23:10;1.04975;1.04979;1.04964;1.04975;116;0
2024.12.13 23:20;1.04975;1.05031;1.04974;1.05016;184;0
2024.12.13 23:30;1.05016;1.05022;1.04985;1.05019;131;0
2024.12.13 23:40;1.05018;1.05034;1.05011;1.05033;90;0
2024.12.13 23:50;1.05033;1.05044;1.05025;1.05036;74;1
2024.12.16 00:00;1.04845;1.04865;1.04812;1.04856;76;63
2024.12.16 00:10;1.04856;1.04880;1.04853;1.04864;91;43
2024.12.16 00:20;1.04866;1.04876;1.04836;1.04841;84;20
2024.12.16 00:30;1.04841;1.04963;1.04839;1.04960;305;20
2024.12.16 00:40;1.04958;1.05001;1.04954;1.04978;615;20
2024.12.16 00:50;1.04977;1.05006;1.04927;1.04929;309;20
2024.12.16 01:00;1.04973;1.05053;1.04973;1.05051;265;1
2024.12.16 01:10;1.05052;1.05075;1.05051;1.05059;150;1
2024.12.16 01:20;1.05059;1.05065;1.05046;1.05051;144;1
2024.12.16 01:30;1.05047;1.05088;1.05035;1.05088;173;1
2024.12.16 01:40;1.05088;1.05106;1.05083;1.05100;182;1
2024.12.16 01:50;1.05100;1.05108;1.05088;1.05095;125;1
2024.12.16 02:00;1.05093;1.05126;1.05093;1.05107;292;1
2024.12.16 02:10;1.05106;1.05121;1.05101;1.05102;201;1
2024.12.16 02:20;1.05102;1.05126;1.05101;1.05118;240;1
2024.12.16 02:30;1.05117;1.05186;1.05115;1.05154;272;1
2024.12.16 02:40;1.05154;1.05177;1.05141;1.05162;274;1
2024.12.16 02:50;1.05161;1.05188;1.05135;1.05143;491;1
2024.12.16 03:00;1.05143;1.05150;1.05123;1.05141;289;1
2024.12.16 03:10;1.05140;1.05207;1.05140;1.05188;517;1
2024.12.16 03:20;1.05189;1.05205;1.05179;1.05201;302;1
2024.12.16 03:30;1.05202;1.05212;1.05183;1.05192;325;1
2024.12.16 03:40;1.05192;1.05205;1.05179;1.05197;354;1
2024.12.16 03:50;1.05198;1.05198;1.05174;1.05189;242;1
2024.12.16 04:00;1.05189;1.05201;1.05174;1.05197;315;1
2024.12.16 04:10;1.05198;1.05229;1.05182;1.05185;303;1
2024.12.16 04:20;1.05185;1.05192;1.05144;1.05152;248;1
2024.12.16 04:30;1.05151;1.05158;1.05134;1.05138;323;1
2024.12.16 04:40;1.05138;1.05143;1.05117;1.05118;248;1
2024.12.16 04:50;1.05118;1.05129;1.05097;1.05126;371;1
2024.12.16 05:00;1.05126;1.05143;1.05115;1.05137;254;1
2024.12.16 05:10;1.05135;1.05151;1.05119;1.05124;192;0
2024.12.16 05:20;1.05123;1.05127;1.05101;1.05113;194;1
2024.12.16 05:30;1.05114;1.05120;1.05097;1.05116;217;1
2024.12.16 05:40;1.05117;1.05130;1.05111;1.05118;116;1
2024.12.16 05:50;1.05119;1.05131;1.05114;1.05118;184;1
2024.12.16 06:00;1.05119;1.05146;1.05119;1.05136;116;1
2024.12.16 06:10;1.05136;1.05157;1.05133;1.05151;213;1
2024.12.16 06:20;1.05152;1.05159;1.05132;1.05136;183;1
2024.12.16 06:30;1.05136;1.05164;1.05128;1.05143;207;1
2024.12.16 06:40;1.05145;1.05147;1.05126;1.05128;160;1
2024.12.16 06:50;1.05129;1.05163;1.05118;1.05158;163;1
2024.12.16 07:00;1.05159;1.05188;1.05157;1.05181;207;1
2024.12.16 07:10;1.05180;1.05186;1.05168;1.05173;168;1
2024.12.16 07:20;1.05174;1.05187;1.05165;1.05185;201;1
2024.12.16 07:30;1.05185;1.05211;1.05184;1.05210;162;1
2024.12.16 07:40;1.05209;1.05213;1.05198;1.05203;140;1
2024.12.16 07:50;1.05202;1.05203;1.05164;1.05194;223;1
2024.12.16 08:00;1.05193;1.05206;1.05170;1.05170;208;1
2024.12.16 08:10;1.05169;1.05173;1.05135;1.05147;291;1
2024.12.16 08:20;1.05146;1.05187;1.05131;1.05178;370;0
2024.12.16 08:30;1.05178;1.05181;1.05125;1.05127;334;1
2024.12.16 08:40;1.05127;1.05132;1.05115;1.05131;226;1
2024.12.16 08:50;1.05131;1.05145;1.05130;1.05136;192;1
2024.12.16 09:00;1.05136;1.05167;1.05128;1.05166;388;0
2024.12.16 09:10;1.05165;1.05206;1.05119;1.05183;371;0
2024.12.16 09:20;1.05182;1.05209;1.05166;1.05178;360;0
2024.12.16 09:30;1.05179;1.05200;1.05101;1.05136;499;0
2024.12.16 09:40;1.05136;1.05152;1.05115;1.05151;447;0
2024.12.16 09:50;1.05150;1.05156;1.05044;1.05049;612;0
2024.12.16 10:00;1.05049;1.05106;1.05033;1.05076;782;0
2024.12.16 10:10;1.05075;1.05117;1.05002;1.05057;760;0
2024.12.16 10:20;1.05056;1.05109;1.05047;1.05083;684;0
2024.12.16 10:30;1.05075;1.05247;1.05075;1.05183;943;2
2024.12.16 10:40;1.05184;1.05215;1.05098;1.05105;666;0
2024.12.16 10:50;1.05105;1.05135;1.05066;1.05088;561;0
2024.12.16 11:00;1.05101;1.05177;1.05068;1.05172;668;0
2024.12.16 11:10;1.05170;1.05209;1.05157;1.05157;557;0
2024.12.16 11:20;1.05156;1.05177;1.05100;1.05123;473;0
2024.12.16 11:30;1.05125;1.05165;1.05096;1.05099;757;0
2024.12.16 11:40;1.05098;1.05114;1.05060;1.05084;541;0
2024.12.16 11:50;1.05085;1.05095;1.05033;1.05050;524;0
2024.12.16 12:00;1.05050;1.05060;1.05033;1.05060;435;0
2024.12.16 12:10;1.05061;1.05061;1.04979;1.05016;434;0
2024.12.16 12:20;1.05016;1.05034;1.04991;1.05014;375;0
2024.12.16 12:30;1.05015;1.05015;1.04965;1.04972;388;0
2024.12.16 12:40;1.04971;1.04986;1.04917;1.04927;461;0
2024.12.16 12:50;1.04926;1.04926;1.04884;1.04889;448;0
2024.12.16 13:00;1.04890;1.04924;1.04881;1.04911;393;0
2024.12.16 13:10;1.04910;1.04924;1.04901;1.04916;266;0
2024.12.16 13:20;1.04917;1.04923;1.04887;1.04907;315;0
2024.12.16 13:30;1.04906;1.04914;1.04873;1.04907;353;0
2024.12.16 13:40;1.04907;1.04916;1.04861;1.04872;405;0
2024.12.16 13:50;1.04872;1.04910;1.04832;1.04907;375;0
2024.12.16 14:00;1.04905;1.04948;1.04897;1.04937;384;0
2024.12.16 14:10;1.04937;1.04977;1.04935;1.04971;262;0
2024.12.16 14:20;1.04971;1.04972;1.04926;1.04960;318;0
2024.12.16 14:30;1.04961;1.05000;1.04935;1.04973;545;0
2024.12.16 14:40;1.04973;1.04998;1.04954;1.04966;438;0
2024.12.16 14:50;1.04967;1.04983;1.04905;1.04906;613;0
2024.12.16 15:00;1.04906;1.05004;1.04905;1.04981;662;0
2024.12.16 15:10;1.04981;1.04997;1.04967;1.04990;431;0
2024.12.16 15:20;1.04991;1.05044;1.04981;1.05019;526;0
2024.12.16 15:30;1.05024;1.05037;1.04983;1.04988;592;0
2024.12.16 15:40;1.04987;1.05021;1.04963;1.05000;500;0
2024.12.16 15:50;1.05001;1.05083;1.05001;1.05076;534;0
2024.12.16 16:00;1.05078;1.05083;1.05009;1.05032;554;0
2024.12.16 16:10;1.05032;1.05040;1.04950;1.04963;603;0
2024.12.16 16:20;1.04963;1.04963;1.04885;1.04908;702;0
2024.12.16 16:30;1.04907;1.04908;1.04850;1.04879;745;0
2024.12.16 16:40;1.04880;1.04895;1.04752;1.04786;986;0
2024.12.16 16:50;1.04785;1.04851;1.04745;1.04825;869;0
2024.12.16 17:00;1.04828;1.04909;1.04827;1.04893;735;0
2024.12.16 17:10;1.04892;1.04924;1.04832;1.04843;729;0
2024.12.16 17:20;1.04842;1.04971;1.04833;1.04961;645;0
2024.12.16 17:30;1.04960;1.05031;1.04957;1.05026;654;0
2024.12.16 17:40;1.05026;1.05123;1.05026;1.05119;793;0
2024.12.16 17:50;1.05120;1.05128;1.05041;1.05065;876;0
2024.12.16 18:00;1.05066;1.05128;1.05066;1.05085;720;0
2024.12.16 18:10;1.05085;1.05092;1.04996;1.05041;616;0
2024.12.16 18:20;1.05042;1.05058;1.04952;1.04997;723;0
2024.12.16 18:30;1.04998;1.05064;1.04973;1.05000;684;0
2024.12.16 18:40;1.05000;1.05068;1.05000;1.05062;612;0
2024.12.16 18:50;1.05063;1.05132;1.05042;1.05113;582;0
2024.12.16 19:00;1.05113;1.05120;1.05054;1.05114;526;1
2024.12.16 19:10;1.05114;1.05206;1.05080;1.05179;645;1
2024.12.16 19:20;1.05179;1.05179;1.05099;1.05124;571;0
2024.12.16 19:30;1.05124;1.05148;1.05068;1.05078;579;0
2024.12.16 19:40;1.05077;1.05116;1.05068;1.05091;435;0
2024.12.16 19:50;1.05090;1.05129;1.05072;1.05111;511;1
2024.12.16 20:00;1.05111;1.05130;1.05096;1.05126;442;1
2024.12.16 20:10;1.05127;1.05142;1.05106;1.05112;274;1
2024.12.16 20:20;1.05113;1.05120;1.05072;1.05085;333;0
2024.12.16 20:30;1.05084;1.05089;1.05059;1.05059;296;1
2024.12.16 20:40;1.05060;1.05103;1.05059;1.05081;214;1
2024.12.16 20:50;1.05082;1.05216;1.05076;1.05204;522;0
2024.12.16 21:00;1.05204;1.05223;1.05149;1.05179;552;1
2024.12.16 21:10;1.05178;1.05183;1.05130;1.05135;288;1
2024.12.16 21:20;1.05134;1.05145;1.05117;1.05140;284;1
2024.12.16 21:30;1.05142;1.05142;1.05084;1.05084;340;0
2024.12.16 21:40;1.05083;1.05100;1.05065;1.05098;274;1
2024.12.16 21:50;1.05098;1.05110;1.05083;1.05099;320;1
2024.12.16 22:00;1.05099;1.05109;1.05085;1.05105;284;1
2024.12.16 22:10;1.05103;1.05110;1.05079;1.05085;232;1
2024.12.16 22:20;1.05086;1.05106;1.05076;1.05100;200;1
2024.12.16 22:30;1.05099;1.05111;1.05084;1.05086;200;1
2024.12.16 22:40;1.05086;1.05091;1.05067;1.05073;245;1
2024.12.16 22:50;1.05073;1.05095;1.05066;1.05080;310;1
2024.12.16 23:00;1.05081;1.05100;1.05070;1.05070;124;1
2024.12.16 23:10;1.05071;1.05087;1.05069;1.05075;92;1
2024.12.16 23:20;1.05074;1.05100;1.05067;1.05087;117;1
2024.12.16 23:30;1.05091;1.05100;1.05078;1.05091;114;1
2024.12.16 23:40;1.05092;1.05131;1.05088;1.05126;112;0
2024.12.16 23:50;1.05126;1.05154;1.05102;1.05105;244;0
2024.12.17 00:00;1.05067;1.05116;1.05066;1.05115;91;5
2024.12.17 00:10;1.05112;1.05117;1.05084;1.05092;105;21
2024.12.17 00:20;1.05093;1.05097;1.05082;1.05085;105;25
2024.12.17 00:30;1.05085;1.05100;1.05077;1.05097;206;9
2024.12.17 00:40;1.05097;1.05097;1.05077;1.05084;53;4
2024.12.17 00:50;1.05083;1.05105;1.05079;1.05100;293;8
2024.12.17 01:00;1.05100;1.05125;1.05087;1.05108;176;1
2024.12.17 01:10;1.05107;1.05139;1.05106;1.05129;123;1
2024.12.17 01:20;1.05129;1.05151;1.05129;1.05144;111;1
2024.12.17 01:30;1.05143;1.05148;1.05133;1.05141;84;1
2024.12.17 01:40;1.05141;1.05161;1.05140;1.05159;89;1
2024.12.17 01:50;1.05160;1.05185;1.05158;1.05169;112;1
2024.12.17 02:00;1.05168;1.05195;1.05166;1.05174;285;1
2024.12.17 02:10;1.05176;1.05179;1.05150;1.05176;224;1
2024.12.17 02:20;1.05177;1.05194;1.05171;1.05192;233;1
2024.12.17 02:30;1.05191;1.05211;1.05173;1.05211;205;1
2024.12.17 02:40;1.05211;1.05240;1.05203;1.05238;207;1
2024.12.17 02:50;1.05238;1.05342;1.05235;1.05287;543;1
2024.12.17 03:00;1.05287;1.05298;1.05219;1.05228;403;0
2024.12.17 03:10;1.05227;1.05234;1.05207;1.05215;276;1
2024.12.17 03:20;1.05215;1.05231;1.05198;1.05202;282;1
2024.12.17 03:30;1.05203;1.05215;1.05191;1.05203;309;1
2024.12.17 03:40;1.05202;1.05213;1.05187;1.05213;326;0
2024.12.17 03:50;1.05212;1.05223;1.05192;1.05213;257;0
2024.12.17 04:00;1.05213;1.05247;1.05201;1.05247;333;1
2024.12.17 04:10;1.05246;1.05269;1.05222;1.05256;334;0
2024.12.17 04:20;1.05255;1.05261;1.05242;1.05247;210;1
2024.12.17 04:30;1.05247;1.05249;1.05211;1.05232;276;1
2024.12.17 04:40;1.05231;1.05234;1.05201;1.05205;270;1
2024.12.17 04:50;1.05206;1.05208;1.05167;1.05171;248;1
2024.12.17 05:00;1.05171;1.05193;1.05162;1.05172;254;1
2024.12.17 05:10;1.05173;1.05187;1.05167;1.05168;201;1
2024.12.17 05:20;1.05167;1.05175;1.05154;1.05170;194;0
2024.12.17 05:30;1.05169;1.05170;1.05153;1.05164;107;1
2024.12.17 05:40;1.05164;1.05168;1.05125;1.05126;140;1
2024.12.17 05:50;1.05126;1.05129;1.05113;1.05122;173;0
2024.12.17 06:00;1.05122;1.05123;1.05095;1.05112;149;1
2024.12.17 06:10;1.05111;1.05112;1.05093;1.05099;118;1
2024.12.17 06:20;1.05099;1.05111;1.05097;1.05106;121;1
2024.12.17 06:30;1.05106;1.05117;1.05103;1.05108;154;1
2024.12.17 06:40;1.05109;1.05115;1.05089;1.05100;125;1
2024.12.17 06:50;1.05099;1.05102;1.05079;1.05081;128;1
2024.12.17 07:00;1.05081;1.05084;1.05077;1.05081;162;1
2024.12.17 07:10;1.05082;1.05085;1.05070;1.05071;161;1
2024.12.17 07:20;1.05071;1.05092;1.05066;1.05090;200;1
2024.12.17 07:30;1.05090;1.05100;1.05065;1.05070;218;0
2024.12.17 07:40;1.05070;1.05077;1.05059;1.05063;246;1
2024.12.17 07:50;1.05063;1.05074;1.05025;1.05046;362;1
2024.12.17 08:00;1.05047;1.05079;1.05046;1.05046;242;1
2024.12.17 08:10;1.05045;1.05055;1.05005;1.05007;295;0
2024.12.17 08:20;1.05007;1.05013;1.04975;1.04983;312;1
2024.12.17 08:30;1.04983;1.05008;1.04983;1.05001;305;1
2024.12.17 08:40;1.05001;1.05005;1.04984;1.04993;395;0
2024.12.17 08:50;1.04993;1.05030;1.04976;1.05028;389;1
2024.12.17 09:00;1.05027;1.05036;1.04992;1.05022;522;0
2024.12.17 09:10;1.05022;1.05069;1.05018;1.05068;476;0
2024.12.17 09:20;1.05069;1.05077;1.05048;1.05066;407;0
2024.12.17 09:30;1.05065;1.05092;1.05032;1.05036;566;0
2024.12.17 09:40;1.05037;1.05038;1.04986;1.05005;484;0
2024.12.17 09:50;1.05003;1.05004;1.04955;1.04974;621;0
2024.12.17 10:00;1.04974;1.05000;1.04960;1.04968;678;0
2024.12.17 10:10;1.04967;1.04984;1.04940;1.04949;536;0
2024.12.17 10:20;1.04950;1.04978;1.04924;1.04924;479;0
2024.12.17 10:30;1.04922;1.04925;1.04871;1.04874;615;0
2024.12.17 10:40;1.04874;1.04919;1.04851;1.04898;704;2
2024.12.17 10:50;1.04897;1.04922;1.04885;1.04890;691;0
2024.12.17 11:00;1.04891;1.04892;1.04807;1.04816;837;0
2024.12.17 11:10;1.04816;1.04848;1.04806;1.04847;514;0
2024.12.17 11:20;1.04847;1.04865;1.04829;1.04837;484;0
2024.12.17 11:30;1.04834;1.04841;1.04809;1.04813;388;0
2024.12.17 11:40;1.04814;1.04861;1.04804;1.04855;476;0
2024.12.17 11:50;1.04854;1.04885;1.04832;1.04852;616;0
2024.12.17 12:00;1.04870;1.04897;1.04823;1.04823;621;0
2024.12.17 12:10;1.04823;1.04866;1.04813;1.04841;620;0
2024.12.17 12:20;1.04841;1.04846;1.04791;1.04818;499;0
2024.12.17 12:30;1.04817;1.04867;1.04809;1.04866;498;0
2024.12.17 12:40;1.04867;1.04877;1.04837;1.04843;429;0
2024.12.17 12:50;1.04843;1.04882;1.04840;1.04879;380;2
2024.12.17 13:00;1.04878;1.04929;1.04848;1.04848;541;2
2024.12.17 13:10;1.04847;1.04870;1.04839;1.04857;440;2
2024.12.17 13:20;1.04858;1.04901;1.04856;1.04896;388;0
2024.12.17 13:30;1.04896;1.04927;1.04889;1.04889;373;0
2024.12.17 13:40;1.04889;1.04931;1.04888;1.04928;432;0
2024.12.17 13:50;1.04928;1.04941;1.04911;1.04913;419;0
2024.12.17 14:00;1.04912;1.04949;1.04881;1.04919;460;0
2024.12.17 14:10;1.04918;1.04926;1.04898;1.04909;405;0
2024.12.17 14:20;1.04909;1.04935;1.04896;1.04911;407;0
2024.12.17 14:30;1.04911;1.04945;1.04898;1.04922;413;0
2024.12.17 14:40;1.04921;1.04958;1.04920;1.04952;561;0
2024.12.17 14:50;1.04952;1.05015;1.04947;1.05013;587;0
2024.12.17 15:00;1.05013;1.05015;1.04958;1.04971;656;0
2024.12.17 15:10;1.04971;1.04981;1.04946;1.04978;528;0
2024.12.17 15:20;1.04977;1.04987;1.04941;1.04950;599;0
2024.12.17 15:30;1.04950;1.05064;1.04931;1.04971;1140;0
2024.12.17 15:40;1.04972;1.04994;1.04918;1.04986;821;0
2024.12.17 15:50;1.04986;1.05066;1.04963;1.05048;710;0
2024.12.17 16:00;1.05046;1.05099;1.05042;1.05079;799;0
2024.12.17 16:10;1.05078;1.05116;1.05064;1.05067;649;0
2024.12.17 16:20;1.05067;1.05080;1.05021;1.05062;743;0
2024.12.17 16:30;1.05063;1.05092;1.05041;1.05065;863;0
2024.12.17 16:40;1.05064;1.05098;1.05045;1.05073;839;0
2024.12.17 16:50;1.05074;1.05074;1.04977;1.05048;829;0
2024.12.17 17:00;1.05051;1.05062;1.05004;1.05053;593;0
2024.12.17 17:10;1.05052;1.05093;1.05018;1.05057;772;0
2024.12.17 17:20;1.05058;1.05084;1.05002;1.05047;784;0
2024.12.17 17:30;1.05047;1.05052;1.04997;1.05037;767;0
2024.12.17 17:40;1.05036;1.05051;1.04958;1.04967;891;0
2024.12.17 17:50;1.04966;1.05008;1.04957;1.04988;930;0
2024.12.17 18:00;1.04990;1.05042;1.04986;1.05039;809;0
2024.12.17 18:10;1.05039;1.05062;1.04993;1.04995;646;0
2024.12.17 18:20;1.04994;1.05031;1.04945;1.04987;676;0
2024.12.17 18:30;1.04987;1.05015;1.04956;1.05007;590;0
2024.12.17 18:40;1.05006;1.05021;1.04993;1.05012;474;0
2024.12.17 18:50;1.05011;1.05061;1.05009;1.05050;506;0
2024.12.17 19:00;1.05051;1.05159;1.05043;1.05136;641;1
2024.12.17 19:10;1.05136;1.05142;1.04994;1.05003;768;1
2024.12.17 19:20;1.05003;1.05062;1.04986;1.05061;513;1
2024.12.17 19:30;1.05062;1.05077;1.05009;1.05023;509;0
2024.12.17 19:40;1.05024;1.05070;1.05020;1.05063;418;1
2024.12.17 19:50;1.05064;1.05065;1.04980;1.04997;525;1
2024.12.17 20:00;1.04996;1.05002;1.04953;1.04998;565;1
2024.12.17 20:10;1.04999;1.04999;1.04968;1.04971;344;1
2024.12.17 20:20;1.04971;1.04990;1.04953;1.04990;373;1
2024.12.17 20:30;1.04991;1.05040;1.04980;1.05029;372;1
2024.12.17 20:40;1.05029;1.05042;1.04955;1.04955;454;1
2024.12.17 20:50;1.04957;1.04965;1.04900;1.04934;558;1
2024.12.17 21:00;1.04934;1.04954;1.04927;1.04932;448;1
2024.12.17 21:10;1.04931;1.04939;1.04914;1.04915;260;1
2024.12.17 21:20;1.04916;1.04921;1.04879;1.04882;276;1
2024.12.17 21:30;1.04881;1.04914;1.04880;1.04914;288;1
2024.12.17 21:40;1.04914;1.04933;1.04898;1.04930;252;1
2024.12.17 21:50;1.04931;1.04935;1.04883;1.04885;303;1
2024.12.17 22:00;1.04885;1.04903;1.04880;1.04897;279;1
2024.12.17 22:10;1.04896;1.04896;1.04875;1.04880;224;1
2024.12.17 22:20;1.04881;1.04903;1.04877;1.04902;220;1
2024.12.17 22:30;1.04903;1.04906;1.04881;1.04884;259;1
2024.12.17 22:40;1.04885;1.04892;1.04851;1.04858;250;1
2024.12.17 22:50;1.04859;1.04899;1.04855;1.04882;412;0
2024.12.17 23:00;1.04883;1.04884;1.04866;1.04882;226;1
2024.12.17 23:10;1.04883;1.04894;1.04879;1.04893;70;1
2024.12.17 23:20;1.04893;1.04898;1.04887;1.04897;122;1
2024.12.17 23:30;1.04897;1.04917;1.04895;1.04917;100;1
2024.12.17 23:40;1.04917;1.04930;1.04913;1.04922;103;0
2024.12.17 23:50;1.04922;1.04923;1.04898;1.04908;183;0
2024.12.18 00:00;1.04862;1.04928;1.04862;1.04921;57;7
2024.12.18 00:10;1.04924;1.04931;1.04913;1.04924;40;15
2024.12.18 00:20;1.04922;1.04930;1.04917;1.04917;56;13
2024.12.18 00:30;1.04921;1.04922;1.04915;1.04920;25;12
2024.12.18 00:40;1.04921;1.04926;1.04919;1.04926;31;6
2024.12.18 00:50;1.04926;1.04943;1.04920;1.04926;92;6
2024.12.18 01:00;1.04920;1.04945;1.04920;1.04927;123;1
2024.12.18 01:10;1.04925;1.04932;1.04918;1.04928;85;1
2024.12.18 01:20;1.04928;1.04937;1.04926;1.04931;78;1
2024.12.18 01:30;1.04932;1.04942;1.04932;1.04939;77;1
2024.12.18 01:40;1.04940;1.04951;1.04936;1.04945;73;1
2024.12.18 01:50;1.04946;1.04953;1.04944;1.04945;75;1
2024.12.18 02:00;1.04943;1.04966;1.04928;1.04961;246;1
2024.12.18 02:10;1.04962;1.05002;1.04962;1.04993;206;1
2024.12.18 02:20;1.04994;1.05013;1.04982;1.05008;199;1
2024.12.18 02:30;1.05009;1.05017;1.04988;1.05014;172;1
2024.12.18 02:40;1.05014;1.05028;1.04992;1.05000;224;1
2024.12.18 02:50;1.04999;1.05014;1.04970;1.04993;438;1
2024.12.18 03:00;1.04992;1.05009;1.04965;1.04966;302;1
2024.12.18 03:10;1.04966;1.04995;1.04960;1.04994;240;1
2024.12.18 03:20;1.04992;1.05006;1.04983;1.04989;233;1
2024.12.18 03:30;1.04990;1.04994;1.04966;1.04976;295;1
2024.12.18 03:40;1.04976;1.05004;1.04971;1.04978;300;1
2024.12.18 03:50;1.04977;1.05026;1.04954;1.05021;371;1
2024.12.18 04:00;1.05022;1.05036;1.04990;1.04996;338;1
2024.12.18 04:10;1.04996;1.05003;1.04979;1.04985;189;1
2024.12.18 04:20;1.04985;1.04992;1.04968;1.04990;223;1
2024.12.18 04:30;1.04989;1.05003;1.04988;1.04996;179;1
2024.12.18 04:40;1.04996;1.05021;1.04961;1.05010;300;1
2024.12.18 04:50;1.05010;1.05031;1.04996;1.05008;344;1
2024.12.18 05:00;1.05009;1.05017;1.04987;1.05009;205;1
2024.12.18 05:10;1.05009;1.05022;1.05004;1.05005;238;1
2024.12.18 05:20;1.05005;1.05027;1.05002;1.05026;184;1
2024.12.18 05:30;1.05026;1.05026;1.05007;1.05018;225;1
2024.12.18 05:40;1.05018;1.05021;1.04996;1.05013;211;1
2024.12.18 05:50;1.05013;1.05017;1.04988;1.04991;175;1
2024.12.18 06:00;1.04991;1.04997;1.04973;1.04977;152;1
2024.12.18 06:10;1.04978;1.04988;1.04960;1.04981;227;1
2024.12.18 06:20;1.04982;1.05008;1.04979;1.05003;210;1
2024.12.18 06:30;1.05003;1.05045;1.05002;1.05044;186;1
2024.12.18 06:40;1.05045;1.05057;1.05042;1.05048;192;1
2024.12.18 06:50;1.05047;1.05052;1.05025;1.05030;187;1
2024.12.18 07:00;1.05029;1.05029;1.05003;1.05004;227;1
2024.12.18 07:10;1.05003;1.05029;1.05001;1.05010;168;1
2024.12.18 07:20;1.05009;1.05027;1.05003;1.05006;230;1
2024.12.18 07:30;1.05006;1.05026;1.05002;1.05018;209;1
2024.12.18 07:40;1.05019;1.05037;1.05016;1.05030;145;1
2024.12.18 07:50;1.05029;1.05046;1.05009;1.05022;217;1
2024.12.18 08:00;1.05023;1.05064;1.05016;1.05060;206;1
2024.12.18 08:10;1.05060;1.05076;1.05049;1.05070;227;1
2024.12.18 08:20;1.05072;1.05083;1.05058;1.05061;229;1
2024.12.18 08:30;1.05060;1.05077;1.05050;1.05075;208;0
2024.12.18 08:40;1.05076;1.05114;1.05075;1.05087;285;1
2024.12.18 08:50;1.05090;1.05117;1.05083;1.05111;302;0
2024.12.18 09:00;1.05112;1.05127;1.05080;1.05115;627;0
2024.12.18 09:10;1.05116;1.05126;1.05078;1.05098;429;0
2024.12.18 09:20;1.05099;1.05122;1.05073;1.05073;399;0
2024.12.18 09:30;1.05073;1.05087;1.05055;1.05066;406;0
2024.12.18 09:40;1.05066;1.05066;1.04991;1.04993;472;0
2024.12.18 09:50;1.04993;1.04994;1.04934;1.04969;664;0
2024.12.18 10:00;1.04968;1.04989;1.04920;1.04925;700;0
2024.12.18 10:10;1.04924;1.04936;1.04893;1.04918;538;0
2024.12.18 10:20;1.04918;1.04929;1.04873;1.04926;552;0
2024.12.18 10:30;1.04926;1.04964;1.04921;1.04946;553;0
2024.12.18 10:40;1.04946;1.04964;1.04925;1.04947;607;0
2024.12.18 10:50;1.04947;1.04949;1.04901;1.04935;455;0
2024.12.18 11:00;1.04934;1.04947;1.04912;1.04933;418;0
2024.12.18 11:10;1.04933;1.04974;1.04921;1.04940;421;0
2024.12.18 11:20;1.04939;1.04984;1.04932;1.04942;379;0
2024.12.18 11:30;1.04939;1.04970;1.04922;1.04942;445;0
2024.12.18 11:40;1.04941;1.04963;1.04915;1.04941;470;0
2024.12.18 11:50;1.04941;1.04951;1.04919;1.04942;362;0
2024.12.18 12:00;1.04943;1.04974;1.04914;1.04918;378;0
2024.12.18 12:10;1.04917;1.04933;1.04912;1.04930;370;0
2024.12.18 12:20;1.04929;1.04937;1.04889;1.04894;394;0
2024.12.18 12:30;1.04894;1.04958;1.04890;1.04934;475;0
2024.12.18 12:40;1.04934;1.05001;1.04925;1.04978;424;0
2024.12.18 12:50;1.04980;1.04987;1.04942;1.04986;482;0
2024.12.18 13:00;1.04985;1.05034;1.04967;1.05021;454;0
2024.12.18 13:10;1.05020;1.05025;1.04967;1.04968;476;0
2024.12.18 13:20;1.04969;1.05011;1.04956;1.05004;395;0
2024.12.18 13:30;1.05005;1.05029;1.04998;1.05017;327;0
2024.12.18 13:40;1.05017;1.05036;1.04987;1.04988;390;0
2024.12.18 13:50;1.04989;1.04989;1.04946;1.04966;411;0
2024.12.18 14:00;1.04966;1.04973;1.04923;1.04924;418;0
2024.12.18 14:10;1.04925;1.04966;1.04919;1.04947;370;0
2024.12.18 14:20;1.04950;1.04976;1.04934;1.04950;424;0
2024.12.18 14:30;1.04949;1.05021;1.04948;1.04965;532;0
2024.12.18 14:40;1.04964;1.04980;1.04926;1.04934;474;0
2024.12.18 14:50;1.04935;1.04952;1.04857;1.04904;531;0
2024.12.18 15:00;1.04905;1.04987;1.04896;1.04960;653;0
2024.12.18 15:10;1.04959;1.04975;1.04879;1.04879;526;0
2024.12.18 15:20;1.04880;1.04886;1.04825;1.04873;569;0
2024.12.18 15:30;1.04873;1.04936;1.04851;1.04936;631;0
2024.12.18 15:40;1.04934;1.04942;1.04886;1.04910;695;0
2024.12.18 15:50;1.04909;1.04931;1.04877;1.04919;807;0
2024.12.18 16:00;1.04919;1.04961;1.04890;1.04954;859;0
2024.12.18 16:10;1.04956;1.04956;1.04908;1.04911;676;0
2024.12.18 16:20;1.04910;1.04927;1.04880;1.04888;604;0
2024.12.18 16:30;1.04887;1.04919;1.04874;1.04911;705;0
2024.12.18 16:40;1.04911;1.04965;1.04886;1.04955;632;0
2024.12.18 16:50;1.04954;1.05032;1.04928;1.04964;817;0
2024.12.18 17:00;1.04963;1.04988;1.04899;1.04911;740;0
2024.12.18 17:10;1.04912;1.04925;1.04857;1.04871;561;0
2024.12.18 17:20;1.04873;1.04910;1.04855;1.04889;571;0
2024.12.18 17:30;1.04889;1.04899;1.04846;1.04881;509;0
2024.12.18 17:40;1.04880;1.04898;1.04757;1.04757;536;0
2024.12.18 17:50;1.04756;1.04766;1.04701;1.04737;1043;0
2024.12.18 18:00;1.04738;1.04758;1.04697;1.04711;636;0
2024.12.18 18:10;1.04710;1.04807;1.04706;1.04794;485;0
2024.12.18 18:20;1.04795;1.04802;1.04730;1.04752;552;0
2024.12.18 18:30;1.04752;1.04772;1.04681;1.04695;597;0
2024.12.18 18:40;1.04696;1.04724;1.04681;1.04690;526;0
2024.12.18 18:50;1.04691;1.04699;1.04670;1.04690;501;0
2024.12.18 19:00;1.04689;1.04741;1.04689;1.04725;590;1
2024.12.18 19:10;1.04723;1.04753;1.04699;1.04710;458;0
2024.12.18 19:20;1.04710;1.04754;1.04705;1.04746;438;0
2024.12.18 19:30;1.04745;1.04779;1.04737;1.04767;347;0
2024.12.18 19:40;1.04767;1.04799;1.04752;1.04799;325;0
2024.12.18 19:50;1.04800;1.04800;1.04731;1.04752;376;0
2024.12.18 20:00;1.04752;1.04783;1.04736;1.04779;351;0
2024.12.18 20:10;1.04780;1.04813;1.04765;1.04805;321;0
2024.12.18 20:20;1.04805;1.04845;1.04798;1.04844;316;0
2024.12.18 20:30;1.04845;1.04919;1.04845;1.04897;504;2
2024.12.18 20:40;1.04898;1.04924;1.04877;1.04883;463;0
2024.12.18 20:50;1.04882;1.04892;1.04855;1.04869;447;0
2024.12.18 21:00;1.04864;1.04864;1.04138;1.04146;1772;1
2024.12.18 21:10;1.04147;1.04235;1.04111;1.04221;1521;1
2024.12.18 21:20;1.04223;1.04272;1.04150;1.04151;1179;1
2024.12.18 21:30;1.04151;1.04238;1.03964;1.03968;1587;3
2024.12.18 21:40;1.03966;1.04109;1.03733;1.03754;1595;2
2024.12.18 21:50;1.03757;1.03892;1.03753;1.03773;1542;1
2024.12.18 22:00;1.03771;1.03803;1.03547;1.03682;1564;1
2024.12.18 22:10;1.03685;1.03753;1.03439;1.03462;1390;1
2024.12.18 22:20;1.03462;1.03711;1.03462;1.03560;1441;0
2024.12.18 22:30;1.03560;1.03591;1.03500;1.03571;1022;0
2024.12.18 22:40;1.03572;1.03719;1.03535;1.03677;1235;1
2024.12.18 22:50;1.03677;1.03697;1.03606;1.03651;1075;0
2024.12.18 23:00;1.03650;1.03760;1.03650;1.03732;731;0
2024.12.18 23:10;1.03734;1.03744;1.03670;1.03671;456;0
2024.12.18 23:20;1.03672;1.03676;1.03633;1.03660;484;0
2024.12.18 23:30;1.03659;1.03674;1.03616;1.03642;439;1
2024.12.18 23:40;1.03643;1.03678;1.03530;1.03551;674;0
2024.12.18 23:50;1.03551;1.03551;1.03452;1.03514;647;0
2024.12.19 00:00;1.03499;1.03508;1.03456;1.03503;31;40
2024.12.19 00:10;1.03502;1.03520;1.03476;1.03498;214;36
2024.12.19 00:20;1.03497;1.03518;1.03494;1.03502;227;23
2024.12.19 00:30;1.03501;1.03532;1.03494;1.03514;186;19
2024.12.19 00:40;1.03514;1.03518;1.03506;1.03509;83;14
2024.12.19 00:50;1.03510;1.03511;1.03480;1.03502;339;11
2024.12.19 01:00;1.03502;1.03599;1.03493;1.03592;366;0
2024.12.19 01:10;1.03593;1.03605;1.03568;1.03597;407;0
2024.12.19 01:20;1.03596;1.03597;1.03544;1.03549;279;0
2024.12.19 01:30;1.03549;1.03573;1.03540;1.03570;285;0
2024.12.19 01:40;1.03571;1.03582;1.03474;1.03508;344;0
2024.12.19 01:50;1.03509;1.03516;1.03489;1.03503;412;0
2024.12.19 02:00;1.03507;1.03620;1.03504;1.03612;689;0
2024.12.19 02:10;1.03613;1.03643;1.03580;1.03625;570;0
2024.12.19 02:20;1.03626;1.03672;1.03620;1.03657;528;0
2024.12.19 02:30;1.03656;1.03723;1.03649;1.03710;472;0
2024.12.19 02:40;1.03711;1.03764;1.03711;1.03761;471;0
2024.12.19 02:50;1.03762;1.03800;1.03722;1.03731;767;0
2024.12.19 03:00;1.03729;1.03762;1.03716;1.03750;576;0
2024.12.19 03:10;1.03750;1.03800;1.03731;1.03792;596;0
2024.12.19 03:20;1.03793;1.03795;1.03750;1.03750;470;0
2024.12.19 03:30;1.03750;1.03778;1.03710;1.03774;541;0
2024.12.19 03:40;1.03774;1.03780;1.03741;1.03743;554;0
2024.12.19 03:50;1.03744;1.03784;1.03733;1.03780;335;0
2024.12.19 04:00;1.03782;1.03793;1.03747;1.03761;402;0
2024.12.19 04:10;1.03762;1.03781;1.03723;1.03771;341;0
2024.12.19 04:20;1.03772;1.03794;1.03762;1.03766;366;0
2024.12.19 04:30;1.03767;1.03773;1.03741;1.03748;372;0
2024.12.19 04:40;1.03748;1.03774;1.03743;1.03746;390;0
2024.12.19 04:50;1.03746;1.03905;1.03733;1.03901;912;0
2024.12.19 05:00;1.03900;1.03908;1.03771;1.03774;579;0
2024.12.19 05:10;1.03774;1.03818;1.03744;1.03811;472;0
2024.12.19 05:20;1.03810;1.03837;1.03800;1.03805;382;0
2024.12.19 05:30;1.03806;1.03812;1.03774;1.03801;352;0
2024.12.19 05:40;1.03800;1.03812;1.03782;1.03800;279;0
2024.12.19 05:50;1.03801;1.03806;1.03772;1.03783;258;0
2024.12.19 06:00;1.03781;1.03794;1.03768;1.03771;275;0
2024.12.19 06:10;1.03772;1.03786;1.03747;1.03784;256;0
2024.12.19 06:20;1.03784;1.03804;1.03779;1.03799;287;0
2024.12.19 06:30;1.03799;1.03821;1.03782;1.03782;256;0
2024.12.19 06:40;1.03781;1.03788;1.03762;1.03762;201;0
2024.12.19 06:50;1.03763;1.03803;1.03758;1.03789;355;0
2024.12.19 07:00;1.03788;1.03828;1.03780;1.03797;316;0
2024.12.19 07:10;1.03798;1.03816;1.03797;1.03811;232;0
2024.12.19 07:20;1.03811;1.03852;1.03802;1.03846;269;0
2024.12.19 07:30;1.03844;1.03854;1.03800;1.03820;285;0
2024.12.19 07:40;1.03821;1.03822;1.03786;1.03787;364;0
2024.12.19 07:50;1.03787;1.03820;1.03761;1.03819;441;0
2024.12.19 08:00;1.03820;1.03820;1.03773;1.03777;529;0
2024.12.19 08:10;1.03778;1.03847;1.03778;1.03835;407;0
2024.12.19 08:20;1.03836;1.03872;1.03835;1.03871;494;0
2024.12.19 08:30;1.03872;1.03881;1.03849;1.03871;678;0
2024.12.19 08:40;1.03872;1.03874;1.03820;1.03861;707;0
2024.12.19 08:50;1.03861;1.03876;1.03838;1.03852;555;0
2024.12.19 09:00;1.03853;1.03970;1.03850;1.03942;854;0
2024.12.19 09:10;1.03943;1.04094;1.03941;1.04002;1037;0
2024.12.19 09:20;1.04002;1.04024;1.03969;1.03987;632;0
2024.12.19 09:30;1.03987;1.04005;1.03903;1.03957;864;0
2024.12.19 09:40;1.03957;1.03990;1.03924;1.03972;839;0
2024.12.19 09:50;1.03972;1.04000;1.03949;1.03949;710;0
2024.12.19 10:00;1.03948;1.04052;1.03905;1.04016;996;0
2024.12.19 10:10;1.04015;1.04031;1.03937;1.03944;800;0
2024.12.19 10:20;1.03944;1.04020;1.03934;1.03998;815;0
2024.12.19 10:30;1.03995;1.04007;1.03917;1.03944;745;0
2024.12.19 10:40;1.03943;1.04086;1.03934;1.04028;1014;0
2024.12.19 10:50;1.04027;1.04095;1.04016;1.04085;918;0
2024.12.19 11:00;1.04085;1.04176;1.04080;1.04174;1060;0
2024.12.19 11:10;1.04174;1.04201;1.04161;1.04181;739;0
2024.12.19 11:20;1.04179;1.04198;1.04149;1.04197;708;0
2024.12.19 11:30;1.04199;1.04219;1.04117;1.04163;732;0
2024.12.19 11:40;1.04164;1.04223;1.04142;1.04163;810;0
2024.12.19 11:50;1.04162;1.04167;1.04085;1.04124;799;0
2024.12.19 12:00;1.04125;1.04125;1.04041;1.04111;674;0
2024.12.19 12:10;1.04110;1.04159;1.04097;1.04130;658;0
2024.12.19 12:20;1.04129;1.04146;1.04094;1.04102;556;0
2024.12.19 12:30;1.04099;1.04139;1.04072;1.04090;697;0
2024.12.19 12:40;1.04090;1.04126;1.04075;1.04089;598;0
2024.12.19 12:50;1.04087;1.04129;1.04046;1.04052;548;0
2024.12.19 13:00;1.04052;1.04106;1.04050;1.04099;583;0
2024.12.19 13:10;1.04098;1.04154;1.04082;1.04143;572;0
2024.12.19 13:20;1.04142;1.04152;1.04101;1.04106;568;0
2024.12.19 13:30;1.04105;1.04123;1.04081;1.04091;508;0
2024.12.19 13:40;1.04090;1.04092;1.04017;1.04036;555;0
2024.12.19 13:50;1.04035;1.04036;1.04001;1.04032;526;0
2024.12.19 14:00;1.04032;1.04084;1.03988;1.04083;1083;0
2024.12.19 14:10;1.04084;1.04086;1.04006;1.04048;687;0
2024.12.19 14:20;1.04047;1.04062;1.03993;1.04006;670;0
2024.12.19 14:30;1.04005;1.04095;1.03990;1.04062;754;0
2024.12.19 14:40;1.04062;1.04071;1.04001;1.04052;676;0
2024.12.19 14:50;1.04052;1.04102;1.03908;1.03937;973;0
2024.12.19 15:00;1.03935;1.03998;1.03858;1.03950;1027;0
2024.12.19 15:10;1.03950;1.04082;1.03950;1.04079;799;0
2024.12.19 15:20;1.04078;1.04119;1.04058;1.04062;863;0
2024.12.19 15:30;1.04071;1.04100;1.03967;1.04098;1189;0
2024.12.19 15:40;1.04099;1.04140;1.04053;1.04059;1140;0
2024.12.19 15:50;1.04059;1.04059;1.03968;1.03991;959;0
2024.12.19 16:00;1.03989;1.04071;1.03979;1.04021;1074;0
2024.12.19 16:10;1.04022;1.04023;1.03938;1.03957;972;0
2024.12.19 16:20;1.03958;1.04016;1.03950;1.03998;760;0
2024.12.19 16:30;1.03998;1.04052;1.03969;1.04042;991;0
2024.12.19 16:40;1.04040;1.04047;1.03967;1.03983;910;0
2024.12.19 16:50;1.03983;1.03999;1.03952;1.03957;784;0
2024.12.19 17:00;1.03957;1.04018;1.03902;1.04002;969;0
2024.12.19 17:10;1.04003;1.04016;1.03939;1.03989;783;0
2024.12.19 17:20;1.03991;1.04009;1.03930;1.03997;905;0
2024.12.19 17:30;1.03997;1.04009;1.03910;1.03921;972;0
2024.12.19 17:40;1.03922;1.03932;1.03799;1.03809;969;0
2024.12.19 17:50;1.03808;1.03855;1.03769;1.03800;1061;0
2024.12.19 18:00;1.03799;1.03804;1.03734;1.03763;935;0
2024.12.19 18:10;1.03762;1.03779;1.03683;1.03779;1013;0
2024.12.19 18:20;1.03778;1.03845;1.03750;1.03824;851;0
2024.12.19 18:30;1.03824;1.03844;1.03738;1.03763;847;0
2024.12.19 18:40;1.03764;1.03770;1.03655;1.03660;835;0
2024.12.19 18:50;1.03660;1.03672;1.03560;1.03567;821;0
2024.12.19 19:00;1.03568;1.03687;1.03547;1.03677;872;0
2024.12.19 19:10;1.03678;1.03701;1.03643;1.03678;757;1
2024.12.19 19:20;1.03680;1.03763;1.03659;1.03743;725;1
2024.12.19 19:30;1.03743;1.03743;1.03676;1.03686;765;0
2024.12.19 19:40;1.03686;1.03700;1.03654;1.03661;648;0
2024.12.19 19:50;1.03661;1.03661;1.03592;1.03616;665;0
2024.12.19 20:00;1.03617;1.03646;1.03552;1.03616;899;0
2024.12.19 20:10;1.03618;1.03700;1.03618;1.03695;674;0
2024.12.19 20:20;1.03699;1.03726;1.03680;1.03685;647;0
2024.12.19 20:30;1.03684;1.03702;1.03650;1.03664;405;0
2024.12.19 20:40;1.03662;1.03705;1.03657;1.03683;586;1
2024.12.19 20:50;1.03683;1.03755;1.03670;1.03740;592;1
2024.12.19 21:00;1.03739;1.03773;1.03725;1.03736;670;1
2024.12.19 21:10;1.03734;1.03739;1.03668;1.03675;660;1
2024.12.19 21:20;1.03676;1.03676;1.03632;1.03653;422;0
2024.12.19 21:30;1.03653;1.03681;1.03645;1.03664;471;0
2024.12.19 21:40;1.03663;1.03678;1.03626;1.03627;458;0
2024.12.19 21:50;1.03626;1.03649;1.03612;1.03613;526;1
2024.12.19 22:00;1.03614;1.03635;1.03586;1.03630;570;1
2024.12.19 22:10;1.03631;1.03687;1.03627;1.03669;406;0
2024.12.19 22:20;1.03669;1.03681;1.03656;1.03674;420;0
2024.12.19 22:30;1.03672;1.03675;1.03642;1.03651;473;0
2024.12.19 22:40;1.03650;1.03691;1.03648;1.03682;383;0
2024.12.19 22:50;1.03682;1.03686;1.03663;1.03680;349;0
2024.12.19 23:00;1.03680;1.03680;1.03631;1.03633;196;0
2024.12.19 23:10;1.03632;1.03634;1.03607;1.03625;172;0
2024.12.19 23:20;1.03626;1.03635;1.03608;1.03633;182;1
2024.12.19 23:30;1.03633;1.03641;1.03626;1.03638;212;0
2024.12.19 23:40;1.03638;1.03646;1.03618;1.03631;154;0
2024.12.19 23:50;1.03631;1.03643;1.03617;1.03620;247;0
2024.12.20 00:00;1.03630;1.03640;1.03611;1.03636;109;30
2024.12.20 00:10;1.03638;1.03639;1.03621;1.03635;133;25
2024.12.20 00:20;1.03635;1.03643;1.03632;1.03634;110;16
2024.12.20 00:30;1.03634;1.03643;1.03627;1.03638;129;12
2024.12.20 00:40;1.03639;1.03650;1.03636;1.03641;180;9
2024.12.20 00:50;1.03640;1.03658;1.03638;1.03653;76;4
2024.12.20 01:00;1.03655;1.03658;1.03612;1.03623;167;0
2024.12.20 01:10;1.03622;1.03643;1.03618;1.03641;136;0
2024.12.20 01:20;1.03641;1.03641;1.03619;1.03620;91;0
2024.12.20 01:30;1.03618;1.03632;1.03611;1.03625;186;0
2024.12.20 01:40;1.03625;1.03647;1.03620;1.03631;163;0
2024.12.20 01:50;1.03631;1.03647;1.03631;1.03647;166;0
2024.12.20 02:00;1.03648;1.03691;1.03630;1.03631;347;0
2024.12.20 02:10;1.03632;1.03661;1.03625;1.03658;379;0
2024.12.20 02:20;1.03659;1.03670;1.03648;1.03667;250;0
2024.12.20 02:30;1.03666;1.03672;1.03639;1.03642;294;0
2024.12.20 02:40;1.03641;1.03671;1.03616;1.03656;280;0
2024.12.20 02:50;1.03655;1.03657;1.03633;1.03651;490;0
2024.12.20 03:00;1.03650;1.03651;1.03614;1.03622;558;0
2024.12.20 03:10;1.03622;1.03626;1.03587;1.03621;563;0
2024.12.20 03:20;1.03622;1.03658;1.03615;1.03635;405;0
2024.12.20 03:30;1.03636;1.03675;1.03633;1.03669;327;0
2024.12.20 03:40;1.03668;1.03675;1.03637;1.03647;441;0
2024.12.20 03:50;1.03648;1.03666;1.03628;1.03635;337;0
2024.12.20 04:00;1.03634;1.03647;1.03600;1.03603;354;0
2024.12.20 04:10;1.03603;1.03647;1.03603;1.03622;357;0
2024.12.20 04:20;1.03622;1.03646;1.03620;1.03641;393;0
2024.12.20 04:30;1.03642;1.03642;1.03610;1.03613;303;0
2024.12.20 04:40;1.03614;1.03624;1.03600;1.03604;332;0
2024.12.20 04:50;1.03605;1.03641;1.03603;1.03636;350;0
2024.12.20 05:00;1.03635;1.03656;1.03614;1.03633;311;0
2024.12.20 05:10;1.03633;1.03647;1.03628;1.03634;333;0
2024.12.20 05:20;1.03635;1.03640;1.03614;1.03626;358;0
2024.12.20 05:30;1.03626;1.03634;1.03601;1.03617;369;0
2024.12.20 05:40;1.03616;1.03621;1.03590;1.03596;268;0
2024.12.20 05:50;1.03597;1.03623;1.03590;1.03619;264;0
2024.12.20 06:00;1.03620;1.03628;1.03606;1.03626;238;0
2024.12.20 06:10;1.03627;1.03629;1.03598;1.03604;217;0
2024.12.20 06:20;1.03603;1.03619;1.03601;1.03610;289;0
2024.12.20 06:30;1.03609;1.03629;1.03606;1.03619;248;0
2024.12.20 06:40;1.03619;1.03624;1.03607;1.03610;214;0
2024.12.20 06:50;1.03611;1.03619;1.03584;1.03587;155;0
2024.12.20 07:00;1.03586;1.03610;1.03567;1.03607;305;0
2024.12.20 07:10;1.03608;1.03619;1.03595;1.03600;175;0
2024.12.20 07:20;1.03600;1.03616;1.03583;1.03585;187;0
2024.12.20 07:30;1.03584;1.03613;1.03566;1.03611;279;0
2024.12.20 07:40;1.03610;1.03628;1.03607;1.03616;165;0
2024.12.20 07:50;1.03616;1.03667;1.03605;1.03662;280;0
2024.12.20 08:00;1.03661;1.03698;1.03518;1.03557;461;0
2024.12.20 08:10;1.03558;1.03565;1.03430;1.03529;1021;0
2024.12.20 08:20;1.03529;1.03621;1.03529;1.03621;569;0
2024.12.20 08:30;1.03623;1.03710;1.03615;1.03704;504;0
2024.12.20 08:40;1.03704;1.03709;1.03671;1.03682;393;0
2024.12.20 08:50;1.03682;1.03775;1.03682;1.03749;566;0
2024.12.20 09:00;1.03747;1.03800;1.03733;1.03794;730;0
2024.12.20 09:10;1.03795;1.03816;1.03756;1.03770;637;0
2024.12.20 09:20;1.03769;1.03815;1.03725;1.03779;639;0
2024.12.20 09:30;1.03779;1.03793;1.03727;1.03775;660;0
2024.12.20 09:40;1.03775;1.03853;1.03771;1.03825;646;0
2024.12.20 09:50;1.03825;1.03847;1.03780;1.03828;746;0
2024.12.20 10:00;1.03827;1.03845;1.03780;1.03843;680;0
2024.12.20 10:10;1.03843;1.03930;1.03841;1.03897;774;0
2024.12.20 10:20;1.03898;1.03985;1.03894;1.03947;725;0
2024.12.20 10:30;1.03946;1.03978;1.03925;1.03946;700;0
2024.12.20 10:40;1.03947;1.03980;1.03904;1.03932;578;0
2024.12.20 10:50;1.03933;1.03979;1.03913;1.03921;605;0
2024.12.20 11:00;1.03921;1.03923;1.03847;1.03856;717;0
2024.12.20 11:10;1.03856;1.03858;1.03807;1.03853;608;0
2024.12.20 11:20;1.03852;1.03857;1.03782;1.03826;572;0
2024.12.20 11:30;1.03825;1.03842;1.03802;1.03826;565;0
2024.12.20 11:40;1.03826;1.03836;1.03759;1.03768;552;0
2024.12.20 11:50;1.03768;1.03866;1.03761;1.03827;620;0
2024.12.20 12:00;1.03828;1.03884;1.03824;1.03873;469;0
2024.12.20 12:10;1.03873;1.03903;1.03827;1.03834;515;0
2024.12.20 12:20;1.03834;1.03884;1.03813;1.03867;456;0
2024.12.20 12:30;1.03866;1.03896;1.03834;1.03871;506;0
2024.12.20 12:40;1.03871;1.03894;1.03867;1.03875;434;0
2024.12.20 12:50;1.03874;1.03932;1.03872;1.03919;468;0
2024.12.20 13:00;1.03918;1.03919;1.03826;1.03830;491;0
2024.12.20 13:10;1.03831;1.03860;1.03795;1.03810;572;0
2024.12.20 13:20;1.03811;1.03884;1.03808;1.03883;451;0
2024.12.20 13:30;1.03882;1.03953;1.03872;1.03946;539;0
2024.12.20 13:40;1.03947;1.03975;1.03903;1.03920;548;0
2024.12.20 13:50;1.03919;1.03945;1.03901;1.03914;479;0
2024.12.20 14:00;1.03914;1.03947;1.03907;1.03937;466;0
2024.12.20 14:10;1.03937;1.03954;1.03925;1.03954;427;0
2024.12.20 14:20;1.03954;1.03987;1.03944;1.03982;350;0
2024.12.20 14:30;1.03983;1.04003;1.03937;1.03945;504;0
2024.12.20 14:40;1.03945;1.03987;1.03944;1.03973;514;0
2024.12.20 14:50;1.03974;1.03989;1.03878;1.03896;726;0
2024.12.20 15:00;1.03896;1.03910;1.03877;1.03898;543;0
2024.12.20 15:10;1.03899;1.03958;1.03892;1.03954;487;0
2024.12.20 15:20;1.03952;1.04012;1.03946;1.03989;720;0
2024.12.20 15:30;1.03990;1.04190;1.03984;1.04081;1368;2
2024.12.20 15:40;1.04082;1.04149;1.04036;1.04060;1096;0
2024.12.20 15:50;1.04060;1.04119;1.04031;1.04075;966;0
2024.12.20 16:00;1.04071;1.04087;1.03975;1.03987;1027;0
2024.12.20 16:10;1.03988;1.04000;1.03909;1.03917;841;0
2024.12.20 16:20;1.03917;1.03986;1.03890;1.03924;748;0
2024.12.20 16:30;1.03924;1.03981;1.03899;1.03934;1038;0
2024.12.20 16:40;1.03933;1.03957;1.03860;1.03865;980;0
2024.12.20 16:50;1.03867;1.03969;1.03863;1.03934;1014;0
2024.12.20 17:00;1.03937;1.04073;1.03926;1.04042;1163;0
2024.12.20 17:10;1.04041;1.04062;1.03985;1.04032;823;0
2024.12.20 17:20;1.04028;1.04035;1.03914;1.03942;957;0
2024.12.20 17:30;1.03942;1.04031;1.03923;1.03956;1051;0
2024.12.20 17:40;1.03955;1.04073;1.03955;1.04014;1017;0
2024.12.20 17:50;1.04014;1.04014;1.03911;1.03967;1196;0
2024.12.20 18:00;1.03968;1.04021;1.03959;1.04002;996;0
2024.12.20 18:10;1.04003;1.04124;1.03999;1.04122;771;0
2024.12.20 18:20;1.04122;1.04191;1.04120;1.04125;819;0
2024.12.20 18:30;1.04126;1.04274;1.04122;1.04271;862;0
2024.12.20 18:40;1.04270;1.04340;1.04245;1.04319;943;0
2024.12.20 18:50;1.04320;1.04350;1.04258;1.04281;865;0
2024.12.20 19:00;1.04280;1.04367;1.04255;1.04357;956;1
2024.12.20 19:10;1.04357;1.04448;1.04357;1.04418;810;0
2024.12.20 19:20;1.04418;1.04427;1.04376;1.04382;717;1
2024.12.20 19:30;1.04383;1.04383;1.04309;1.04332;761;0
2024.12.20 19:40;1.04333;1.04347;1.04279;1.04302;889;0
2024.12.20 19:50;1.04299;1.04319;1.04283;1.04284;653;0
2024.12.20 20:00;1.04283;1.04291;1.04249;1.04273;532;1
2024.12.20 20:10;1.04273;1.04327;1.04272;1.04282;554;1
2024.12.20 20:20;1.04281;1.04294;1.04238;1.04243;523;1
2024.12.20 20:30;1.04243;1.04337;1.04222;1.04333;465;1
2024.12.20 20:40;1.04333;1.04411;1.04332;1.04410;417;1
2024.12.20 20:50;1.04410;1.04429;1.04366;1.04367;479;1
2024.12.20 21:00;1.04367;1.04394;1.04339;1.04389;534;0
2024.12.20 21:10;1.04389;1.04420;1.04385;1.04406;475;1
2024.12.20 21:20;1.04405;1.04447;1.04398;1.04435;367;1
2024.12.20 21:30;1.04436;1.04448;1.04404;1.04432;504;1
2024.12.20 21:40;1.04430;1.04452;1.04414;1.04451;350;1
2024.12.20 21:50;1.04453;1.04475;1.04427;1.04447;560;1
2024.12.20 22:00;1.04447;1.04447;1.04383;1.04429;504;1
2024.12.20 22:10;1.04430;1.04471;1.04430;1.04460;383;1
2024.12.20 22:20;1.04459;1.04464;1.04431;1.04442;344;1
2024.12.20 22:30;1.04441;1.04441;1.04407;1.04422;432;1
2024.12.20 22:40;1.04422;1.04423;1.04372;1.04372;351;1
2024.12.20 22:50;1.04372;1.04375;1.04286;1.04288;506;1
2024.12.20 23:00;1.04287;1.04336;1.04277;1.04284;393;0
2024.12.20 23:10;1.04285;1.04288;1.04267;1.04280;171;1
2024.12.20 23:20;1.04281;1.04282;1.04251;1.04253;176;1
2024.12.20 23:30;1.04253;1.04259;1.04219;1.04247;181;1
2024.12.20 23:40;1.04246;1.04286;1.04243;1.04278;208;0
2024.12.20 23:50;1.04281;1.04289;1.04272;1.04285;93;0
2024.12.23 00:00;1.04307;1.04309;1.04256;1.04296;46;22
2024.12.23 00:10;1.04297;1.04309;1.04285;1.04285;103;21
2024.12.23 00:20;1.04285;1.04357;1.04283;1.04357;79;20
2024.12.23 00:30;1.04343;1.04449;1.04340;1.04340;261;20
2024.12.23 00:40;1.04341;1.04387;1.04314;1.04367;298;25
2024.12.23 00:50;1.04367;1.04380;1.04324;1.04338;154;20
2024.12.23 01:00;1.04344;1.04439;1.04310;1.04409;421;1
2024.12.23 01:10;1.04408;1.04415;1.04338;1.04344;297;1
2024.12.23 01:20;1.04345;1.04346;1.04312;1.04318;201;1
2024.12.23 01:30;1.04317;1.04328;1.04303;1.04318;176;1
2024.12.23 01:40;1.04317;1.04337;1.04311;1.04337;121;1
2024.12.23 01:50;1.04336;1.04341;1.04324;1.04336;130;1
2024.12.23 02:00;1.04337;1.04368;1.04336;1.04348;280;1
2024.12.23 02:10;1.04346;1.04355;1.04337;1.04348;211;1
2024.12.23 02:20;1.04348;1.04360;1.04335;1.04356;178;1
2024.12.23 02:30;1.04356;1.04356;1.04327;1.04330;225;1
2024.12.23 02:40;1.04330;1.04342;1.04322;1.04334;185;1
2024.12.23 02:50;1.04334;1.04344;1.04306;1.04318;363;1
2024.12.23 03:00;1.04319;1.04325;1.04284;1.04285;296;1
2024.12.23 03:10;1.04284;1.04304;1.04267;1.04300;335;0
2024.12.23 03:20;1.04300;1.04313;1.04288;1.04308;228;1
2024.12.23 03:30;1.04309;1.04333;1.04309;1.04324;317;1
2024.12.23 03:40;1.04324;1.04376;1.04320;1.04372;256;1
2024.12.23 03:50;1.04372;1.04382;1.04354;1.04360;213;1
2024.12.23 04:00;1.04361;1.04406;1.04359;1.04398;273;1
2024.12.23 04:10;1.04399;1.04402;1.04379;1.04384;238;0
2024.12.23 04:20;1.04385;1.04410;1.04378;1.04397;213;1
2024.12.23 04:30;1.04399;1.04430;1.04388;1.04405;304;0
2024.12.23 04:40;1.04403;1.04416;1.04390;1.04396;231;1
2024.12.23 04:50;1.04396;1.04430;1.04396;1.04405;247;1
2024.12.23 05:00;1.04405;1.04410;1.04384;1.04398;205;1
2024.12.23 05:10;1.04397;1.04410;1.04385;1.04389;174;1
2024.12.23 05:20;1.04389;1.04410;1.04389;1.04400;134;1
2024.12.23 05:30;1.04401;1.04419;1.04394;1.04417;157;1
2024.12.23 05:40;1.04418;1.04421;1.04396;1.04407;121;1
2024.12.23 05:50;1.04408;1.04426;1.04383;1.04393;178;1
2024.12.23 06:00;1.04392;1.04400;1.04388;1.04393;122;1
2024.12.23 06:10;1.04394;1.04419;1.04394;1.04414;136;1
2024.12.23 06:20;1.04414;1.04423;1.04406;1.04415;197;1
2024.12.23 06:30;1.04414;1.04429;1.04409;1.04429;208;1
2024.12.23 06:40;1.04429;1.04431;1.04404;1.04422;115;1
2024.12.23 06:50;1.04421;1.04454;1.04420;1.04430;197;1
2024.12.23 07:00;1.04432;1.04443;1.04422;1.04429;170;1
2024.12.23 07:10;1.04428;1.04428;1.04402;1.04421;169;1
2024.12.23 07:20;1.04420;1.04421;1.04399;1.04411;164;1
2024.12.23 07:30;1.04412;1.04420;1.04405;1.04408;139;0
2024.12.23 07:40;1.04408;1.04416;1.04396;1.04411;143;1
2024.12.23 07:50;1.04411;1.04431;1.04395;1.04401;181;1
2024.12.23 08:00;1.04401;1.04420;1.04373;1.04375;275;0
2024.12.23 08:10;1.04374;1.04416;1.04368;1.04381;199;1
2024.12.23 08:20;1.04380;1.04392;1.04356;1.04364;227;1
2024.12.23 08:30;1.04364;1.04367;1.04340;1.04361;219;1
2024.12.23 08:40;1.04359;1.04387;1.04330;1.04338;237;1
2024.12.23 08:50;1.04339;1.04357;1.04333;1.04339;213;1
2024.12.23 09:00;1.04344;1.04356;1.04322;1.04356;309;0
2024.12.23 09:10;1.04356;1.04368;1.04337;1.04346;292;0
2024.12.23 09:20;1.04345;1.04358;1.04302;1.04320;316;0
2024.12.23 09:30;1.04320;1.04321;1.04292;1.04300;358;0
2024.12.23 09:40;1.04302;1.04302;1.04162;1.04179;654;0
2024.12.23 09:50;1.04178;1.04180;1.04113;1.04126;591;0
2024.12.23 10:00;1.04126;1.04181;1.04125;1.04173;547;0
2024.12.23 10:10;1.04174;1.04174;1.04137;1.04174;389;0
2024.12.23 10:20;1.04174;1.04177;1.04072;1.04108;473;0
2024.12.23 10:30;1.04107;1.04139;1.04083;1.04103;500;0
2024.12.23 10:40;1.04102;1.04150;1.04087;1.04145;491;0
2024.12.23 10:50;1.04146;1.04189;1.04135;1.04180;399;0
2024.12.23 11:00;1.04181;1.04191;1.04116;1.04139;528;0
2024.12.23 11:10;1.04140;1.04194;1.04139;1.04162;318;0
2024.12.23 11:20;1.04161;1.04192;1.04155;1.04182;411;0
2024.12.23 11:30;1.04182;1.04192;1.04112;1.04116;373;0
2024.12.23 11:40;1.04116;1.04134;1.04112;1.04118;362;0
2024.12.23 11:50;1.04119;1.04127;1.04072;1.04078;332;0
2024.12.23 12:00;1.04078;1.04081;1.04038;1.04068;392;0
2024.12.23 12:10;1.04067;1.04098;1.04050;1.04057;364;0
2024.12.23 12:20;1.04058;1.04076;1.04026;1.04043;270;0
2024.12.23 12:30;1.04043;1.04043;1.03961;1.03992;402;0
2024.12.23 12:40;1.03992;1.04013;1.03926;1.03935;433;0
2024.12.23 12:50;1.03936;1.03960;1.03866;1.03899;680;0
2024.12.23 13:00;1.03899;1.03948;1.03898;1.03945;345;0
2024.12.23 13:10;1.03946;1.04000;1.03946;1.03973;324;0
2024.12.23 13:20;1.03971;1.03990;1.03951;1.03986;286;0
2024.12.23 13:30;1.03986;1.03988;1.03881;1.03904;431;0
2024.12.23 13:40;1.03903;1.03947;1.03872;1.03944;437;0
2024.12.23 13:50;1.03945;1.04011;1.03941;1.04001;362;0
2024.12.23 14:00;1.03999;1.04014;1.03937;1.03944;442;0
2024.12.23 14:10;1.03943;1.03953;1.03856;1.03856;416;0
2024.12.23 14:20;1.03857;1.03926;1.03857;1.03898;517;0
2024.12.23 14:30;1.03897;1.03942;1.03888;1.03936;494;0
2024.12.23 14:40;1.03935;1.03941;1.03899;1.03941;370;0
2024.12.23 14:50;1.03941;1.03985;1.03891;1.03954;639;0
2024.12.23 15:00;1.03952;1.03985;1.03923;1.03929;686;0
2024.12.23 15:10;1.03930;1.03950;1.03881;1.03906;503;0
2024.12.23 15:20;1.03907;1.03989;1.03905;1.03973;489;0
2024.12.23 15:30;1.03971;1.03995;1.03912;1.03915;691;0
2024.12.23 15:40;1.03916;1.03996;1.03908;1.03985;532;0
2024.12.23 15:50;1.03984;1.04028;1.03974;1.03993;489;0
2024.12.23 16:00;1.03999;1.04051;1.03979;1.04046;706;0
2024.12.23 16:10;1.04046;1.04085;1.04008;1.04044;575;0
2024.12.23 16:20;1.04044;1.04081;1.04015;1.04023;532;0
2024.12.23 16:30;1.04023;1.04023;1.03971;1.03987;642;0
2024.12.23 16:40;1.03986;1.04003;1.03934;1.03992;640;0
2024.12.23 16:50;1.03993;1.04010;1.03914;1.03939;717;0
2024.12.23 17:00;1.03939;1.03947;1.03841;1.03853;800;0
2024.12.23 17:10;1.03852;1.03961;1.03845;1.03938;755;0
2024.12.23 17:20;1.03939;1.03948;1.03899;1.03907;684;0
2024.12.23 17:30;1.03906;1.03950;1.03903;1.03929;643;0
2024.12.23 17:40;1.03929;1.03967;1.03915;1.03938;677;0
2024.12.23 17:50;1.03937;1.03938;1.03891;1.03908;716;0
2024.12.23 18:00;1.03907;1.03988;1.03892;1.03899;556;0
2024.12.23 18:10;1.03899;1.03997;1.03898;1.03963;536;0
2024.12.23 18:20;1.03964;1.03987;1.03932;1.03970;489;0
2024.12.23 18:30;1.03971;1.04055;1.03969;1.04029;470;0
2024.12.23 18:40;1.04030;1.04094;1.04028;1.04060;515;0
2024.12.23 18:50;1.04061;1.04104;1.04047;1.04079;547;0
2024.12.23 19:00;1.04079;1.04153;1.04067;1.04148;410;0
2024.12.23 19:10;1.04150;1.04179;1.04126;1.04149;543;1
2024.12.23 19:20;1.04148;1.04163;1.04076;1.04077;447;1
2024.12.23 19:30;1.04076;1.04076;1.04029;1.04042;413;1
2024.12.23 19:40;1.04041;1.04052;1.03968;1.03999;393;0
2024.12.23 19:50;1.04000;1.04000;1.03963;1.03975;418;1
2024.12.23 20:00;1.03973;1.04071;1.03973;1.04061;455;1
2024.12.23 20:10;1.04061;1.04093;1.04052;1.04064;326;1
2024.12.23 20:20;1.04063;1.04107;1.04049;1.04098;343;1
2024.12.23 20:30;1.04097;1.04124;1.04092;1.04114;262;1
2024.12.23 20:40;1.04113;1.04117;1.04052;1.04070;345;0
2024.12.23 20:50;1.04070;1.04093;1.04051;1.04087;271;1
2024.12.23 21:00;1.04085;1.04092;1.04031;1.04035;331;1
2024.12.23 21:10;1.04035;1.04037;1.04004;1.04020;246;1
2024.12.23 21:20;1.04021;1.04023;1.03992;1.04007;272;1
2024.12.23 21:30;1.04008;1.04074;1.04008;1.04073;303;1
2024.12.23 21:40;1.04074;1.04114;1.04071;1.04082;316;1
2024.12.23 21:50;1.04083;1.04123;1.04074;1.04113;419;0
2024.12.23 22:00;1.04112;1.04140;1.04069;1.04079;385;1
2024.12.23 22:10;1.04079;1.04084;1.04031;1.04036;417;1
2024.12.23 22:20;1.04035;1.04061;1.04034;1.04061;254;1
2024.12.23 22:30;1.04060;1.04071;1.04037;1.04059;209;1
2024.12.23 22:40;1.04059;1.04067;1.04048;1.04065;156;1
2024.12.23 22:50;1.04065;1.04087;1.04056;1.04058;307;1
2024.12.23 23:00;1.04058;1.04070;1.04041;1.04055;271;1
2024.12.23 23:10;1.04055;1.04067;1.04054;1.04060;88;1
2024.12.23 23:20;1.04058;1.04061;1.04052;1.04057;77;0
2024.12.23 23:30;1.04059;1.04082;1.04059;1.04072;108;2
2024.12.23 23:40;1.04072;1.04073;1.04050;1.04052;123;0
2024.12.23 23:50;1.04053;1.04068;1.04042;1.04050;137;0
2024.12.24 00:00;1.04025;1.04064;1.04012;1.04058;90;22
2024.12.24 00:10;1.04059;1.04062;1.04035;1.04044;258;24
2024.12.24 00:20;1.04045;1.04071;1.04042;1.04071;59;10
2024.12.24 00:30;1.04071;1.04071;1.04059;1.04061;34;8
2024.12.24 00:40;1.04061;1.04061;1.04052;1.04054;110;11
2024.12.24 00:50;1.04055;1.04057;1.04046;1.04046;56;9
2024.12.24 01:00;1.04050;1.04081;1.04050;1.04057;121;2
2024.12.24 01:10;1.04058;1.04084;1.04058;1.04076;147;2
2024.12.24 01:20;1.04067;1.04079;1.04067;1.04072;82;1
2024.12.24 01:30;1.04072;1.04077;1.04055;1.04056;116;1
2024.12.24 01:40;1.04056;1.04064;1.04041;1.04045;89;0
2024.12.24 01:50;1.04047;1.04052;1.04034;1.04041;87;0
2024.12.24 02:00;1.04040;1.04046;1.04009;1.04017;178;2
2024.12.24 02:10;1.04019;1.04024;1.04010;1.04012;140;0
2024.12.24 02:20;1.04013;1.04019;1.03987;1.03998;118;2
2024.12.24 02:30;1.03997;1.03997;1.03980;1.03986;99;0
2024.12.24 02:40;1.03986;1.04002;1.03981;1.03983;119;0
2024.12.24 02:50;1.03983;1.04004;1.03981;1.04003;222;0
2024.12.24 03:00;1.04003;1.04046;1.03997;1.04023;182;0
2024.12.24 03:10;1.04025;1.04027;1.04003;1.04015;163;0
2024.12.24 03:20;1.04014;1.04030;1.04008;1.04008;131;0
2024.12.24 03:30;1.04009;1.04025;1.04009;1.04016;149;0
2024.12.24 03:40;1.04017;1.04023;1.04003;1.04020;172;0
2024.12.24 03:50;1.04021;1.04034;1.04013;1.04027;211;1
2024.12.24 04:00;1.04026;1.04054;1.04026;1.04040;222;0
2024.12.24 04:10;1.04039;1.04087;1.04033;1.04041;225;0
2024.12.24 04:20;1.04040;1.04062;1.04022;1.04030;230;0
2024.12.24 04:30;1.04031;1.04031;1.03964;1.03991;234;1
2024.12.24 04:40;1.03990;1.03990;1.03973;1.03978;182;0
2024.12.24 04:50;1.03979;1.04006;1.03978;1.03996;150;2
2024.12.24 05:00;1.03997;1.04003;1.03951;1.03956;214;0
2024.12.24 05:10;1.03956;1.03971;1.03949;1.03957;193;0
2024.12.24 05:20;1.03957;1.03964;1.03949;1.03954;174;0
2024.12.24 05:30;1.03954;1.03971;1.03950;1.03955;152;0
2024.12.24 05:40;1.03956;1.03961;1.03886;1.03905;211;0
2024.12.24 05:50;1.03904;1.03912;1.03886;1.03909;165;2
2024.12.24 06:00;1.03908;1.03932;1.03908;1.03918;191;2
2024.12.24 06:10;1.03917;1.03932;1.03913;1.03918;136;1
2024.12.24 06:20;1.03919;1.03956;1.03912;1.03955;186;0
2024.12.24 06:30;1.03955;1.03970;1.03946;1.03964;98;2
2024.12.24 06:40;1.03964;1.03970;1.03946;1.03952;103;0
2024.12.24 06:50;1.03952;1.03965;1.03948;1.03964;136;0
2024.12.24 07:00;1.03965;1.03976;1.03942;1.03947;131;0
2024.12.24 07:10;1.03948;1.03952;1.03936;1.03943;126;0
2024.12.24 07:20;1.03942;1.03963;1.03941;1.03946;124;1
2024.12.24 07:30;1.03945;1.03953;1.03939;1.03951;151;0
2024.12.24 07:40;1.03950;1.03964;1.03945;1.03963;155;1
2024.12.24 07:50;1.03964;1.03972;1.03955;1.03969;194;1
2024.12.24 08:00;1.03968;1.03974;1.03956;1.03974;147;0
2024.12.24 08:10;1.03974;1.03986;1.03925;1.03935;193;0
2024.12.24 08:20;1.03935;1.03969;1.03929;1.03961;190;1
2024.12.24 08:30;1.03960;1.03961;1.03931;1.03952;140;1
2024.12.24 08:40;1.03953;1.03975;1.03953;1.03971;172;0
2024.12.24 08:50;1.03970;1.03970;1.03944;1.03961;159;0
2024.12.24 09:00;1.03958;1.03979;1.03946;1.03970;369;2
2024.12.24 09:10;1.03971;1.03984;1.03939;1.03939;217;2
2024.12.24 09:20;1.03939;1.03982;1.03933;1.03976;216;2
2024.12.24 09:30;1.03975;1.03977;1.03932;1.03940;218;2
2024.12.24 09:40;1.03941;1.03949;1.03925;1.03941;244;2
2024.12.24 09:50;1.03940;1.03940;1.03902;1.03904;225;0
2024.12.24 10:00;1.03906;1.03944;1.03901;1.03938;289;0
2024.12.24 10:10;1.03939;1.03959;1.03937;1.03950;271;0
2024.12.24 10:20;1.03951;1.03971;1.03932;1.03966;263;1
2024.12.24 10:30;1.03968;1.04039;1.03967;1.04038;292;0
2024.12.24 10:40;1.04040;1.04055;1.03975;1.03975;363;0
2024.12.24 10:50;1.03976;1.03980;1.03920;1.03954;368;0
2024.12.24 11:00;1.03953;1.03979;1.03937;1.03949;318;0
2024.12.24 11:10;1.03948;1.03983;1.03948;1.03977;194;0
2024.12.24 11:20;1.03978;1.03988;1.03951;1.03958;232;0
2024.12.24 11:30;1.03958;1.03982;1.03940;1.03949;258;0
2024.12.24 11:40;1.03951;1.03964;1.03903;1.03933;322;0
2024.12.24 11:50;1.03933;1.03941;1.03903;1.03919;342;0
2024.12.24 12:00;1.03918;1.03922;1.03891;1.03895;297;0
2024.12.24 12:10;1.03894;1.03951;1.03894;1.03938;213;0
2024.12.24 12:20;1.03937;1.03967;1.03920;1.03941;191;0
2024.12.24 12:30;1.03940;1.03941;1.03904;1.03927;171;0
2024.12.24 12:40;1.03928;1.03929;1.03907;1.03924;248;0
2024.12.24 12:50;1.03923;1.03975;1.03923;1.03966;309;0
2024.12.24 13:00;1.03965;1.04010;1.03953;1.03984;255;0
2024.12.24 13:10;1.03986;1.04036;1.03986;1.04022;276;0
2024.12.24 13:20;1.04023;1.04028;1.04001;1.04001;247;0
2024.12.24 13:30;1.04002;1.04004;1.03956;1.03964;271;0
2024.12.24 13:40;1.03964;1.03975;1.03935;1.03943;304;0
2024.12.24 13:50;1.03946;1.03951;1.03915;1.03947;288;0
2024.12.24 14:00;1.03948;1.03986;1.03933;1.03956;386;1
2024.12.24 14:10;1.03956;1.04018;1.03951;1.04018;378;1
2024.12.24 14:20;1.04017;1.04035;1.03994;1.03999;320;1
2024.12.24 14:30;1.03998;1.04035;1.03998;1.04007;314;1
2024.12.24 14:40;1.04006;1.04025;1.03994;1.04024;236;1
2024.12.24 14:50;1.04024;1.04029;1.03891;1.03914;596;1
2024.12.24 15:00;1.03913;1.03956;1.03895;1.03945;422;1
2024.12.24 15:10;1.03945;1.04000;1.03935;1.03986;379;1
2024.12.24 15:20;1.03986;1.04013;1.03984;1.04004;357;1
2024.12.24 15:30;1.04003;1.04009;1.03974;1.03980;402;1
2024.12.24 15:40;1.03979;1.04023;1.03927;1.04022;462;1
2024.12.24 15:50;1.04023;1.04034;1.03999;1.04024;314;1
2024.12.24 16:00;1.04024;1.04028;1.03953;1.03973;445;1
2024.12.24 16:10;1.03974;1.04014;1.03971;1.04014;382;1
2024.12.24 16:20;1.04014;1.04075;1.04006;1.04069;444;1
2024.12.24 16:30;1.04070;1.04101;1.04031;1.04075;617;1
2024.12.24 16:40;1.04076;1.04089;1.04052;1.04073;485;1
2024.12.24 16:50;1.04074;1.04085;1.04027;1.04048;502;1
2024.12.24 17:00;1.04048;1.04079;1.04037;1.04045;501;1
2024.12.24 17:10;1.04046;1.04050;1.03986;1.03992;462;1
2024.12.24 17:20;1.03992;1.04004;1.03934;1.03953;529;1
2024.12.24 17:30;1.03953;1.03974;1.03926;1.03936;465;1
2024.12.24 17:40;1.03936;1.03967;1.03914;1.03966;503;1
2024.12.24 17:50;1.03965;1.03967;1.03906;1.03916;593;1
2024.12.24 18:00;1.03917;1.03963;1.03914;1.03918;429;1
2024.12.24 18:10;1.03917;1.03920;1.03876;1.03900;324;1
2024.12.24 18:20;1.03901;1.03916;1.03885;1.03910;303;1
2024.12.24 18:30;1.03910;1.03949;1.03898;1.03927;395;1
2024.12.24 18:40;1.03927;1.03952;1.03884;1.03897;365;1
2024.12.24 18:50;1.03897;1.03913;1.03873;1.03875;323;1
2024.12.24 19:00;1.03874;1.03938;1.03862;1.03924;371;2
2024.12.24 19:10;1.03925;1.03936;1.03903;1.03904;294;2
2024.12.24 19:20;1.03902;1.03923;1.03880;1.03914;292;2
2024.12.24 19:30;1.03913;1.03919;1.03888;1.03890;277;2
2024.12.24 19:40;1.03889;1.03891;1.03835;1.03867;250;1
2024.12.24 19:50;1.03867;1.03914;1.03861;1.03885;383;2
2024.12.24 20:00;1.03884;1.03931;1.03884;1.03920;179;0
2024.12.24 20:10;1.03922;1.03922;1.03902;1.03906;169;0
2024.12.24 20:20;1.03906;1.03916;1.03872;1.03873;217;1
2024.12.24 20:30;1.03873;1.03890;1.03866;1.03890;81;2
2024.12.24 20:40;1.03889;1.03904;1.03888;1.03897;116;1
2024.12.24 20:50;1.03897;1.03929;1.03895;1.03920;129;2
2024.12.24 21:00;1.03920;1.03924;1.03913;1.03919;280;2
2024.12.24 21:10;1.03920;1.03976;1.03895;1.03906;176;1
2024.12.24 21:20;1.03905;1.03936;1.03900;1.03915;267;14
2024.12.24 21:30;1.03915;1.03945;1.03914;1.03914;92;2
2024.12.24 21:40;1.03912;1.03946;1.03912;1.03921;112;1
2024.12.24 21:50;1.03918;1.03922;1.03897;1.03922;289;21
2024.12.24 22:00;1.03921;1.03937;1.03891;1.03927;238;2
2024.12.24 22:10;1.03926;1.03943;1.03893;1.03930;222;15
2024.12.24 22:20;1.03929;1.03938;1.03884;1.03914;231;15
2024.12.24 22:30;1.03910;1.03943;1.03894;1.03933;193;19
2024.12.24 22:40;1.03934;1.03938;1.03892;1.03925;253;22
2024.12.24 22:50;1.03924;1.04003;1.03910;1.03966;583;4
2024.12.24 23:00;1.03965;1.04024;1.03934;1.03943;535;19
2024.12.24 23:10;1.03946;1.04026;1.03936;1.03950;193;4
2024.12.24 23:20;1.03990;1.04015;1.03906;1.03984;96;2
2024.12.24 23:30;1.03956;1.03956;1.03897;1.03921;70;2
2024.12.24 23:40;1.03896;1.03914;1.03884;1.03886;49;84
2024.12.24 23:50;1.03884;1.03962;1.03884;1.03906;108;81
2024.12.26 00:00;1.03978;1.04002;1.03978;1.03999;20;66
2024.12.26 00:10;1.03999;1.03999;1.03989;1.03999;12;76
2024.12.26 00:20;1.03999;1.04031;1.03994;1.04031;30;32
2024.12.26 00:30;1.04030;1.04034;1.03981;1.03995;152;18
2024.12.26 00:40;1.03995;1.04000;1.03987;1.03997;91;43
2024.12.26 00:50;1.03997;1.04011;1.03992;1.04008;159;39
2024.12.26 01:00;1.04012;1.04021;1.03956;1.03990;186;0
2024.12.26 01:10;1.03990;1.04029;1.03979;1.04029;204;0
2024.12.26 01:20;1.04029;1.04032;1.03994;1.04003;257;0
2024.12.26 01:30;1.04003;1.04007;1.03989;1.03998;210;0
2024.12.26 01:40;1.03999;1.04003;1.03986;1.03988;109;0
2024.12.26 01:50;1.03987;1.03993;1.03973;1.03991;102;0
2024.12.26 02:00;1.03991;1.04012;1.03965;1.03968;335;0
2024.12.26 02:10;1.03969;1.03975;1.03957;1.03961;101;0
2024.12.26 02:20;1.03959;1.03963;1.03936;1.03942;150;0
2024.12.26 02:30;1.03942;1.03949;1.03929;1.03938;155;0
2024.12.26 02:40;1.03940;1.03989;1.03932;1.03987;253;0
2024.12.26 02:50;1.03987;1.04002;1.03961;1.03966;271;0
2024.12.26 03:00;1.03967;1.03984;1.03943;1.03977;305;0
2024.12.26 03:10;1.03978;1.03982;1.03963;1.03972;274;0
2024.12.26 03:20;1.03973;1.03991;1.03955;1.03969;277;0
2024.12.26 03:30;1.03970;1.03992;1.03969;1.03989;266;0
2024.12.26 03:40;1.03991;1.04000;1.03976;1.03983;186;0
2024.12.26 03:50;1.03982;1.03991;1.03968;1.03972;291;0
2024.12.26 04:00;1.03973;1.03995;1.03966;1.03995;211;0
2024.12.26 04:10;1.03995;1.03999;1.03984;1.03997;189;0
2024.12.26 04:20;1.03997;1.03997;1.03975;1.03982;166;0
2024.12.26 04:30;1.03982;1.03990;1.03976;1.03990;158;0
2024.12.26 04:40;1.03990;1.03991;1.03968;1.03978;126;0
2024.12.26 04:50;1.03978;1.03998;1.03978;1.03988;180;0
2024.12.26 05:00;1.03988;1.03999;1.03984;1.03994;184;0
2024.12.26 05:10;1.03995;1.04000;1.03992;1.03998;104;0
2024.12.26 05:20;1.03998;1.04042;1.03994;1.04022;144;0
2024.12.26 05:30;1.04025;1.04033;1.04018;1.04030;97;0
2024.12.26 05:40;1.04029;1.04031;1.04010;1.04022;188;0
2024.12.26 05:50;1.04021;1.04028;1.04006;1.04008;196;0
2024.12.26 06:00;1.04009;1.04009;1.03987;1.03992;146;0
2024.12.26 06:10;1.03992;1.03993;1.03977;1.03986;166;0
2024.12.26 06:20;1.03987;1.03996;1.03980;1.03994;154;0
2024.12.26 06:30;1.03993;1.04015;1.03992;1.04008;129;0
2024.12.26 06:40;1.04007;1.04007;1.03992;1.03993;131;0
2024.12.26 06:50;1.03994;1.03994;1.03977;1.03978;187;0
2024.12.26 07:00;1.03978;1.04001;1.03978;1.03999;121;0
2024.12.26 07:10;1.03999;1.04002;1.03982;1.03998;166;0
2024.12.26 07:20;1.03998;1.04011;1.03996;1.04004;162;0
2024.12.26 07:30;1.04003;1.04025;1.04003;1.04024;106;0
2024.12.26 07:40;1.04024;1.04028;1.04005;1.04009;122;0
2024.12.26 07:50;1.04009;1.04017;1.03971;1.03979;192;0
2024.12.26 08:00;1.03977;1.03996;1.03967;1.03995;180;0
2024.12.26 08:10;1.03996;1.04002;1.03991;1.04000;130;0
2024.12.26 08:20;1.03999;1.04000;1.03992;1.03997;145;0
2024.12.26 08:30;1.03997;1.03999;1.03991;1.03995;102;0
2024.12.26 08:40;1.03995;1.04004;1.03992;1.03999;84;0
2024.12.26 08:50;1.04000;1.04001;1.03978;1.03982;132;0
2024.12.26 09:00;1.03980;1.03994;1.03978;1.03981;152;0
2024.12.26 09:10;1.03981;1.03989;1.03904;1.03930;257;0
2024.12.26 09:20;1.03929;1.03932;1.03903;1.03930;287;0
2024.12.26 09:30;1.03931;1.03938;1.03916;1.03928;166;0
2024.12.26 09:40;1.03929;1.03963;1.03926;1.03962;211;0
2024.12.26 09:50;1.03962;1.04000;1.03950;1.03976;320;1
2024.12.26 10:00;1.03975;1.03986;1.03947;1.03960;253;1
2024.12.26 10:10;1.03960;1.03975;1.03941;1.03941;236;0
2024.12.26 10:20;1.03941;1.03953;1.03932;1.03947;281;1
2024.12.26 10:30;1.03947;1.03952;1.03933;1.03934;214;1
2024.12.26 10:40;1.03933;1.03959;1.03925;1.03947;208;0
2024.12.26 10:50;1.03948;1.03959;1.03946;1.03949;192;0
2024.12.26 11:00;1.03948;1.03948;1.03912;1.03945;272;1
2024.12.26 11:10;1.03946;1.03978;1.03940;1.03949;319;3
2024.12.26 11:20;1.03950;1.03976;1.03943;1.03973;243;0
2024.12.26 11:30;1.03973;1.03984;1.03957;1.03968;190;2
2024.12.26 11:40;1.03969;1.03993;1.03961;1.03992;201;2
2024.12.26 11:50;1.03993;1.04001;1.03970;1.03991;238;1
2024.12.26 12:00;1.03991;1.04001;1.03982;1.03993;176;1
2024.12.26 12:10;1.03994;1.04019;1.03994;1.04006;129;0
2024.12.26 12:20;1.04007;1.04017;1.04004;1.04014;149;0
2024.12.26 12:30;1.04014;1.04030;1.04008;1.04029;179;1
2024.12.26 12:40;1.04029;1.04030;1.03999;1.04002;211;1
2024.12.26 12:50;1.04002;1.04020;1.04002;1.04017;120;1
2024.12.26 13:00;1.04016;1.04021;1.04000;1.04007;148;1
2024.12.26 13:10;1.04007;1.04017;1.03992;1.04009;174;0
2024.12.26 13:20;1.04010;1.04019;1.03996;1.04003;198;1
2024.12.26 13:30;1.04002;1.04014;1.04002;1.04010;98;1
2024.12.26 13:40;1.04011;1.04017;1.04007;1.04013;88;0
2024.12.26 13:50;1.04012;1.04015;1.04006;1.04013;115;0
2024.12.26 14:00;1.04012;1.04013;1.03966;1.03969;192;0
2024.12.26 14:10;1.03968;1.03969;1.03941;1.03950;258;0
2024.12.26 14:20;1.03951;1.03951;1.03926;1.03946;304;0
2024.12.26 14:30;1.03945;1.03950;1.03936;1.03947;228;0
2024.12.26 14:40;1.03947;1.03952;1.03930;1.03939;204;0
2024.12.26 14:50;1.03939;1.04000;1.03933;1.03994;335;0
2024.12.26 15:00;1.03996;1.04014;1.03994;1.04011;276;0
2024.12.26 15:10;1.04012;1.04057;1.04012;1.04016;297;0
2024.12.26 15:20;1.04017;1.04017;1.03974;1.03976;283;0
2024.12.26 15:30;1.03980;1.04026;1.03976;1.04007;507;0
2024.12.26 15:40;1.04006;1.04041;1.03990;1.04038;402;0
2024.12.26 15:50;1.04038;1.04039;1.04008;1.04027;337;0
2024.12.26 16:00;1.04026;1.04038;1.03998;1.04027;481;0
2024.12.26 16:10;1.04025;1.04027;1.03970;1.03979;422;0
2024.12.26 16:20;1.03978;1.03995;1.03971;1.03985;382;0
2024.12.26 16:30;1.03985;1.03985;1.03951;1.03972;390;0
2024.12.26 16:40;1.03973;1.03985;1.03949;1.03975;461;0
2024.12.26 16:50;1.03976;1.04044;1.03953;1.04024;644;0
2024.12.26 17:00;1.04023;1.04043;1.03981;1.04038;544;0
2024.12.26 17:10;1.04038;1.04094;1.04038;1.04071;633;0
2024.12.26 17:20;1.04071;1.04116;1.04063;1.04097;521;0
2024.12.26 17:30;1.04099;1.04152;1.04082;1.04140;494;0
2024.12.26 17:40;1.04139;1.04150;1.04119;1.04146;417;0
2024.12.26 17:50;1.04146;1.04150;1.04087;1.04087;680;0
2024.12.26 18:00;1.04088;1.04139;1.04082;1.04132;642;0
2024.12.26 18:10;1.04132;1.04146;1.04114;1.04124;390;0
2024.12.26 18:20;1.04124;1.04188;1.04115;1.04183;333;0
2024.12.26 18:30;1.04184;1.04187;1.04156;1.04170;262;0
2024.12.26 18:40;1.04170;1.04184;1.04150;1.04176;301;0
2024.12.26 18:50;1.04176;1.04228;1.04168;1.04220;365;0
2024.12.26 19:00;1.04220;1.04225;1.04194;1.04195;265;2
2024.12.26 19:10;1.04196;1.04205;1.04161;1.04161;312;2
2024.12.26 19:20;1.04158;1.04160;1.04108;1.04121;342;2
2024.12.26 19:30;1.04122;1.04145;1.04094;1.04103;349;1
2024.12.26 19:40;1.04102;1.04103;1.04064;1.04081;386;0
2024.12.26 19:50;1.04082;1.04127;1.04078;1.04120;403;0
2024.12.26 20:00;1.04118;1.04248;1.04117;1.04238;618;0
2024.12.26 20:10;1.04237;1.04247;1.04215;1.04239;389;0
2024.12.26 20:20;1.04239;1.04278;1.04230;1.04267;370;0
2024.12.26 20:30;1.04270;1.04300;1.04252;1.04260;394;0
2024.12.26 20:40;1.04256;1.04264;1.04238;1.04244;348;0
2024.12.26 20:50;1.04244;1.04244;1.04202;1.04211;391;0
2024.12.26 21:00;1.04209;1.04209;1.04170;1.04172;322;0
2024.12.26 21:10;1.04172;1.04181;1.04143;1.04145;271;0
2024.12.26 21:20;1.04147;1.04175;1.04147;1.04172;213;0
2024.12.26 21:30;1.04172;1.04198;1.04157;1.04197;262;0
2024.12.26 21:40;1.04198;1.04236;1.04198;1.04228;410;0
2024.12.26 21:50;1.04229;1.04229;1.04175;1.04176;402;1
2024.12.26 22:00;1.04175;1.04198;1.04156;1.04195;318;0
2024.12.26 22:10;1.04195;1.04211;1.04185;1.04200;192;0
2024.12.26 22:20;1.04199;1.04203;1.04186;1.04193;223;0
2024.12.26 22:30;1.04192;1.04207;1.04180;1.04197;208;0
2024.12.26 22:40;1.04197;1.04200;1.04184;1.04197;218;0
2024.12.26 22:50;1.04196;1.04214;1.04186;1.04200;309;2
2024.12.26 23:00;1.04203;1.04203;1.04189;1.04201;200;0
2024.12.26 23:10;1.04201;1.04213;1.04191;1.04212;165;0
2024.12.26 23:20;1.04211;1.04218;1.04193;1.04210;107;0
2024.12.26 23:30;1.04210;1.04221;1.04206;1.04220;117;0
2024.12.26 23:40;1.04221;1.04228;1.04211;1.04228;110;0
2024.12.26 23:50;1.04227;1.04232;1.04152;1.04159;102;0
2024.12.27 00:00;1.04137;1.04196;1.04137;1.04188;102;48
2024.12.27 00:10;1.04192;1.04194;1.04164;1.04178;211;49
2024.12.27 00:20;1.04178;1.04229;1.04174;1.04194;257;29
2024.12.27 00:30;1.04195;1.04232;1.04193;1.04228;209;10
2024.12.27 00:40;1.04229;1.04231;1.04223;1.04224;138;13
2024.12.27 00:50;1.04224;1.04233;1.04219;1.04231;66;11
2024.12.27 01:00;1.04228;1.04247;1.04213;1.04232;188;2
2024.12.27 01:10;1.04232;1.04235;1.04222;1.04231;89;1
2024.12.27 01:20;1.04230;1.04242;1.04225;1.04229;117;0
2024.12.27 01:30;1.04229;1.04234;1.04212;1.04231;130;0
2024.12.27 01:40;1.04233;1.04239;1.04226;1.04227;129;0
2024.12.27 01:50;1.04226;1.04227;1.04208;1.04218;191;0
2024.12.27 02:00;1.04218;1.04236;1.04208;1.04236;273;1
2024.12.27 02:10;1.04235;1.04239;1.04214;1.04215;200;0
2024.12.27 02:20;1.04216;1.04228;1.04208;1.04210;196;0
2024.12.27 02:30;1.04211;1.04213;1.04186;1.04192;181;0
2024.12.27 02:40;1.04192;1.04224;1.04176;1.04220;205;0
2024.12.27 02:50;1.04218;1.04226;1.04179;1.04180;375;1
2024.12.27 03:00;1.04181;1.04181;1.04159;1.04170;376;1
2024.12.27 03:10;1.04169;1.04179;1.04155;1.04155;226;0
2024.12.27 03:20;1.04155;1.04168;1.04140;1.04166;283;1
2024.12.27 03:30;1.04166;1.04183;1.04147;1.04150;311;1
2024.12.27 03:40;1.04150;1.04161;1.04141;1.04145;235;0
2024.12.27 03:50;1.04145;1.04146;1.04120;1.04131;224;1
2024.12.27 04:00;1.04131;1.04139;1.04117;1.04136;257;0
2024.12.27 04:10;1.04136;1.04140;1.04108;1.04113;245;0
2024.12.27 04:20;1.04113;1.04117;1.04095;1.04096;276;1
2024.12.27 04:30;1.04095;1.04101;1.04079;1.04097;252;0
2024.12.27 04:40;1.04096;1.04101;1.04091;1.04093;178;0
2024.12.27 04:50;1.04094;1.04108;1.04092;1.04095;285;0
2024.12.27 05:00;1.04094;1.04094;1.04079;1.04090;202;0
2024.12.27 05:10;1.04090;1.04094;1.04081;1.04085;158;0
2024.12.27 05:20;1.04085;1.04088;1.04067;1.04086;183;0
2024.12.27 05:30;1.04087;1.04106;1.04086;1.04105;123;0
2024.12.27 05:40;1.04106;1.04115;1.04101;1.04102;90;0
2024.12.27 05:50;1.04103;1.04128;1.04099;1.04126;89;0
2024.12.27 06:00;1.04128;1.04134;1.04104;1.04108;95;0
2024.12.27 06:10;1.04109;1.04114;1.04103;1.04112;157;0
2024.12.27 06:20;1.04112;1.04113;1.04101;1.04102;124;1
2024.12.27 06:30;1.04101;1.04101;1.04078;1.04088;157;1
2024.12.27 06:40;1.04089;1.04107;1.04088;1.04095;170;0
2024.12.27 06:50;1.04096;1.04098;1.04085;1.04090;82;0
2024.12.27 07:00;1.04090;1.04090;1.04079;1.04081;152;1
2024.12.27 07:10;1.04081;1.04093;1.04073;1.04082;163;0
2024.12.27 07:20;1.04082;1.04113;1.04082;1.04112;125;0
2024.12.27 07:30;1.04112;1.04113;1.04090;1.04091;140;0
2024.12.27 07:40;1.04092;1.04106;1.04088;1.04092;141;0
2024.12.27 07:50;1.04094;1.04111;1.04085;1.04092;255;0
2024.12.27 08:00;1.04092;1.04100;1.04083;1.04091;197;0
2024.12.27 08:10;1.04091;1.04099;1.04075;1.04098;160;1
2024.12.27 08:20;1.04097;1.04119;1.04096;1.04108;145;0
2024.12.27 08:30;1.04108;1.04117;1.04101;1.04110;178;0
2024.12.27 08:40;1.04109;1.04122;1.04090;1.04090;130;0
2024.12.27 08:50;1.04091;1.04123;1.04090;1.04121;216;1
2024.12.27 09:00;1.04117;1.04117;1.04082;1.04084;366;0
2024.12.27 09:10;1.04085;1.04099;1.04080;1.04088;291;0
2024.12.27 09:20;1.04089;1.04118;1.04088;1.04093;209;0
2024.12.27 09:30;1.04094;1.04115;1.04075;1.04086;305;0
2024.12.27 09:40;1.04085;1.04087;1.04050;1.04062;325;0
2024.12.27 09:50;1.04063;1.04248;1.04057;1.04218;762;0
2024.12.27 10:00;1.04216;1.04258;1.04174;1.04236;515;0
2024.12.27 10:10;1.04235;1.04257;1.04200;1.04200;459;0
2024.12.27 10:20;1.04200;1.04220;1.04132;1.04135;385;0
2024.12.27 10:30;1.04136;1.04152;1.04104;1.04123;389;0
2024.12.27 10:40;1.04123;1.04174;1.04120;1.04129;283;0
2024.12.27 10:50;1.04127;1.04134;1.04108;1.04123;292;0
2024.12.27 11:00;1.04121;1.04136;1.04090;1.04131;323;1
2024.12.27 11:10;1.04132;1.04133;1.04105;1.04127;283;0
2024.12.27 11:20;1.04128;1.04159;1.04128;1.04146;271;0
2024.12.27 11:30;1.04145;1.04163;1.04107;1.04116;378;0
2024.12.27 11:40;1.04116;1.04137;1.04114;1.04131;276;0
2024.12.27 11:50;1.04132;1.04180;1.04117;1.04169;261;0
2024.12.27 12:00;1.04169;1.04198;1.04144;1.04146;290;0
2024.12.27 12:10;1.04145;1.04168;1.04135;1.04151;270;0
2024.12.27 12:20;1.04151;1.04187;1.04144;1.04176;194;0
2024.12.27 12:30;1.04177;1.04191;1.04116;1.04127;240;0
2024.12.27 12:40;1.04127;1.04166;1.04126;1.04161;240;0
2024.12.27 12:50;1.04162;1.04213;1.04159;1.04187;324;0
2024.12.27 13:00;1.04187;1.04226;1.04186;1.04211;339;0
2024.12.27 13:10;1.04211;1.04291;1.04206;1.04261;415;0
2024.12.27 13:20;1.04260;1.04319;1.04240;1.04289;444;0
2024.12.27 13:30;1.04288;1.04308;1.04281;1.04285;268;0
2024.12.27 13:40;1.04286;1.04347;1.04281;1.04345;240;0
2024.12.27 13:50;1.04344;1.04407;1.04316;1.04386;395;1
2024.12.27 14:00;1.04386;1.04440;1.04380;1.04424;361;1
2024.12.27 14:10;1.04424;1.04430;1.04364;1.04388;335;1
2024.12.27 14:20;1.04388;1.04406;1.04341;1.04344;299;1
2024.12.27 14:30;1.04345;1.04345;1.04295;1.04318;326;1
2024.12.27 14:40;1.04319;1.04346;1.04319;1.04339;197;1
2024.12.27 14:50;1.04340;1.04342;1.04281;1.04325;430;1
2024.12.27 15:00;1.04325;1.04380;1.04319;1.04346;537;1
2024.12.27 15:10;1.04347;1.04378;1.04286;1.04290;466;1
2024.12.27 15:20;1.04289;1.04335;1.04287;1.04306;465;1
2024.12.27 15:30;1.04307;1.04337;1.04306;1.04331;455;1
2024.12.27 15:40;1.04329;1.04369;1.04315;1.04367;422;1
2024.12.27 15:50;1.04367;1.04385;1.04328;1.04385;594;1
2024.12.27 16:00;1.04384;1.04397;1.04347;1.04351;682;1
2024.12.27 16:10;1.04352;1.04354;1.04310;1.04329;541;1
2024.12.27 16:20;1.04324;1.04329;1.04293;1.04319;525;1
2024.12.27 16:30;1.04318;1.04359;1.04305;1.04326;686;1
2024.12.27 16:40;1.04324;1.04377;1.04318;1.04347;592;1
2024.12.27 16:50;1.04348;1.04352;1.04246;1.04264;688;1
2024.12.27 17:00;1.04265;1.04272;1.04199;1.04208;688;1
2024.12.27 17:10;1.04207;1.04208;1.04159;1.04198;554;1
2024.12.27 17:20;1.04197;1.04241;1.04175;1.04231;562;1
2024.12.27 17:30;1.04230;1.04270;1.04219;1.04239;529;1
2024.12.27 17:40;1.04239;1.04337;1.04232;1.04337;740;1
2024.12.27 17:50;1.04338;1.04359;1.04177;1.04219;984;1
2024.12.27 18:00;1.04219;1.04272;1.04207;1.04263;815;1
2024.12.27 18:10;1.04264;1.04280;1.04245;1.04279;519;1
2024.12.27 18:20;1.04279;1.04302;1.04269;1.04299;433;1
2024.12.27 18:30;1.04298;1.04306;1.04255;1.04270;406;1
2024.12.27 18:40;1.04269;1.04325;1.04269;1.04319;372;1
2024.12.27 18:50;1.04320;1.04323;1.04219;1.04222;522;1
2024.12.27 19:00;1.04220;1.04226;1.04175;1.04180;543;1
2024.12.27 19:10;1.04181;1.04189;1.04160;1.04167;491;0
2024.12.27 19:20;1.04167;1.04200;1.04144;1.04192;486;0
2024.12.27 19:30;1.04191;1.04193;1.04154;1.04167;487;0
2024.12.27 19:40;1.04167;1.04203;1.04161;1.04175;441;0
2024.12.27 19:50;1.04176;1.04216;1.04160;1.04214;483;0
2024.12.27 20:00;1.04212;1.04255;1.04208;1.04251;369;0
2024.12.27 20:10;1.04253;1.04278;1.04242;1.04242;367;0
2024.12.27 20:20;1.04244;1.04273;1.04239;1.04246;379;0
2024.12.27 20:30;1.04246;1.04288;1.04246;1.04263;301;0
2024.12.27 20:40;1.04264;1.04281;1.04251;1.04252;313;0
2024.12.27 20:50;1.04253;1.04274;1.04243;1.04264;270;0
2024.12.27 21:00;1.04262;1.04283;1.04238;1.04272;381;1
2024.12.27 21:10;1.04272;1.04284;1.04248;1.04270;326;0
2024.12.27 21:20;1.04270;1.04271;1.04241;1.04259;365;0
2024.12.27 21:30;1.04259;1.04283;1.04242;1.04279;335;0
2024.12.27 21:40;1.04280;1.04282;1.04260;1.04275;190;0
2024.12.27 21:50;1.04275;1.04304;1.04274;1.04282;351;0
2024.12.27 22:00;1.04283;1.04283;1.04236;1.04244;438;0
2024.12.27 22:10;1.04244;1.04253;1.04231;1.04240;319;0
2024.12.27 22:20;1.04240;1.04249;1.04229;1.04232;285;0
2024.12.27 22:30;1.04230;1.04268;1.04228;1.04267;311;0
2024.12.27 22:40;1.04267;1.04271;1.04241;1.04244;289;0
2024.12.27 22:50;1.04246;1.04273;1.04243;1.04258;346;0
2024.12.27 23:00;1.04258;1.04260;1.04236;1.04250;130;0
2024.12.27 23:10;1.04249;1.04259;1.04246;1.04259;97;0
2024.12.27 23:20;1.04257;1.04263;1.04233;1.04233;98;0
2024.12.27 23:30;1.04232;1.04240;1.04219;1.04226;92;1
2024.12.27 23:40;1.04224;1.04233;1.04218;1.04229;73;0
2024.12.27 23:50;1.04226;1.04246;1.04226;1.04240;70;0
2024.12.30 00:00;1.04188;1.04315;1.04188;1.04315;81;22
2024.12.30 00:10;1.04317;1.04317;1.04307;1.04310;96;20
2024.12.30 00:20;1.04309;1.04310;1.04300;1.04304;38;20
2024.12.30 00:30;1.04303;1.04304;1.04261;1.04274;178;21
2024.12.30 00:40;1.04273;1.04303;1.04271;1.04301;136;20
2024.12.30 00:50;1.04300;1.04313;1.04265;1.04307;149;20
2024.12.30 01:00;1.04309;1.04340;1.04269;1.04328;217;0
2024.12.30 01:10;1.04329;1.04339;1.04306;1.04329;146;0
2024.12.30 01:20;1.04329;1.04332;1.04317;1.04320;155;0
2024.12.30 01:30;1.04319;1.04319;1.04281;1.04290;157;0
2024.12.30 01:40;1.04289;1.04309;1.04285;1.04296;131;0
2024.12.30 01:50;1.04296;1.04296;1.04284;1.04294;93;0
2024.12.30 02:00;1.04295;1.04306;1.04265;1.04280;237;0
2024.12.30 02:10;1.04280;1.04300;1.04258;1.04300;137;0
2024.12.30 02:20;1.04299;1.04300;1.04284;1.04291;111;0
2024.12.30 02:30;1.04292;1.04297;1.04282;1.04288;84;0
2024.12.30 02:40;1.04288;1.04312;1.04286;1.04303;144;0
2024.12.30 02:50;1.04303;1.04308;1.04256;1.04275;280;0
2024.12.30 03:00;1.04276;1.04292;1.04262;1.04274;200;0
2024.12.30 03:10;1.04275;1.04285;1.04253;1.04280;217;0
2024.12.30 03:20;1.04280;1.04283;1.04262;1.04271;160;0
2024.12.30 03:30;1.04272;1.04308;1.04269;1.04300;159;0
2024.12.30 03:40;1.04299;1.04304;1.04287;1.04295;86;0
2024.12.30 03:50;1.04295;1.04296;1.04249;1.04253;160;0
2024.12.30 04:00;1.04256;1.04262;1.04239;1.04256;194;0
2024.12.30 04:10;1.04257;1.04269;1.04252;1.04261;105;0
2024.12.30 04:20;1.04262;1.04263;1.04254;1.04259;87;0
2024.12.30 04:30;1.04259;1.04275;1.04244;1.04271;132;0
2024.12.30 04:40;1.04273;1.04274;1.04254;1.04256;121;0
2024.12.30 04:50;1.04258;1.04260;1.04247;1.04256;125;0
2024.12.30 05:00;1.04257;1.04257;1.04232;1.04247;161;0
2024.12.30 05:10;1.04246;1.04249;1.04208;1.04233;191;0
2024.12.30 05:20;1.04232;1.04233;1.04223;1.04232;99;0
2024.12.30 05:30;1.04232;1.04246;1.04227;1.04244;117;0
2024.12.30 05:40;1.04244;1.04255;1.04242;1.04249;71;0
2024.12.30 05:50;1.04249;1.04250;1.04234;1.04246;133;0
2024.12.30 06:00;1.04246;1.04254;1.04242;1.04250;110;0
2024.12.30 06:10;1.04252;1.04254;1.04244;1.04253;99;0
2024.12.30 06:20;1.04254;1.04256;1.04248;1.04253;110;0
2024.12.30 06:30;1.04254;1.04256;1.04249;1.04253;89;0
2024.12.30 06:40;1.04253;1.04260;1.04249;1.04260;107;0
2024.12.30 06:50;1.04259;1.04261;1.04250;1.04254;81;0
2024.12.30 07:00;1.04252;1.04260;1.04247;1.04257;96;0
2024.12.30 07:10;1.04258;1.04261;1.04253;1.04259;91;0
2024.12.30 07:20;1.04259;1.04260;1.04247;1.04253;90;0
2024.12.30 07:30;1.04251;1.04266;1.04245;1.04261;111;0
2024.12.30 07:40;1.04260;1.04266;1.04241;1.04250;112;0
2024.12.30 07:50;1.04250;1.04267;1.04228;1.04252;185;0
2024.12.30 08:00;1.04252;1.04299;1.04251;1.04299;178;0
2024.12.30 08:10;1.04299;1.04308;1.04282;1.04291;198;0
2024.12.30 08:20;1.04292;1.04301;1.04272;1.04291;202;0
2024.12.30 08:30;1.04293;1.04316;1.04287;1.04291;147;0
2024.12.30 08:40;1.04290;1.04296;1.04274;1.04276;190;0
2024.12.30 08:50;1.04275;1.04293;1.04272;1.04287;184;0
2024.12.30 09:00;1.04285;1.04294;1.04246;1.04263;283;2
2024.12.30 09:10;1.04263;1.04284;1.04249;1.04276;391;1
2024.12.30 09:20;1.04277;1.04281;1.04246;1.04252;308;0
2024.12.30 09:30;1.04252;1.04253;1.04209;1.04240;339;0
2024.12.30 09:40;1.04242;1.04268;1.04225;1.04236;400;0
2024.12.30 09:50;1.04235;1.04288;1.04228;1.04267;401;2
2024.12.30 10:00;1.04264;1.04297;1.04253;1.04288;684;2
2024.12.30 10:10;1.04288;1.04295;1.04202;1.04211;564;2
2024.12.30 10:20;1.04211;1.04211;1.04182;1.04196;451;0
2024.12.30 10:30;1.04196;1.04228;1.04169;1.04210;367;0
2024.12.30 10:40;1.04209;1.04226;1.04200;1.04202;268;0
2024.12.30 10:50;1.04201;1.04208;1.04092;1.04127;469;0
2024.12.30 11:00;1.04126;1.04181;1.04108;1.04181;457;2
2024.12.30 11:10;1.04180;1.04185;1.04132;1.04153;453;1
2024.12.30 11:20;1.04152;1.04184;1.04131;1.04182;500;0
2024.12.30 11:30;1.04182;1.04224;1.04169;1.04222;349;0
2024.12.30 11:40;1.04224;1.04261;1.04211;1.04261;397;1
2024.12.30 11:50;1.04259;1.04392;1.04246;1.04338;611;1
2024.12.30 12:00;1.04337;1.04414;1.04326;1.04412;474;2
2024.12.30 12:10;1.04410;1.04440;1.04400;1.04410;616;1
2024.12.30 12:20;1.04409;1.04422;1.04356;1.04360;584;1
2024.12.30 12:30;1.04359;1.04386;1.04352;1.04368;392;0
2024.12.30 12:40;1.04369;1.04418;1.04362;1.04418;372;0
2024.12.30 12:50;1.04417;1.04441;1.04379;1.04381;440;0
2024.12.30 13:00;1.04380;1.04426;1.04368;1.04407;413;1
2024.12.30 13:10;1.04407;1.04437;1.04403;1.04427;372;0
2024.12.30 13:20;1.04428;1.04498;1.04428;1.04471;396;0
2024.12.30 13:30;1.04467;1.04508;1.04459;1.04482;379;0
2024.12.30 13:40;1.04482;1.04494;1.04453;1.04461;382;1
2024.12.30 13:50;1.04462;1.04521;1.04448;1.04479;462;1
2024.12.30 14:00;1.04478;1.04553;1.04470;1.04530;480;1
2024.12.30 14:10;1.04530;1.04583;1.04519;1.04521;458;0
2024.12.30 14:20;1.04521;1.04524;1.04390;1.04448;606;1
2024.12.30 14:30;1.04449;1.04462;1.04408;1.04410;386;0
2024.12.30 14:40;1.04411;1.04516;1.04410;1.04482;497;0
2024.12.30 14:50;1.04482;1.04500;1.04466;1.04494;469;0
2024.12.30 15:00;1.04495;1.04519;1.04432;1.04439;486;0
2024.12.30 15:10;1.04440;1.04440;1.04360;1.04375;579;0
2024.12.30 15:20;1.04378;1.04428;1.04364;1.04376;559;0
2024.12.30 15:30;1.04375;1.04378;1.04314;1.04339;707;0
2024.12.30 15:40;1.04341;1.04343;1.04200;1.04212;646;0
2024.12.30 15:50;1.04211;1.04229;1.03851;1.03878;1393;2
2024.12.30 16:00;1.03880;1.03990;1.03799;1.03976;1305;2
2024.12.30 16:10;1.03976;1.04080;1.03974;1.04012;777;1
2024.12.30 16:20;1.04013;1.04074;1.04000;1.04008;689;1
2024.12.30 16:30;1.04001;1.04001;1.03863;1.03875;866;1
2024.12.30 16:40;1.03876;1.04016;1.03857;1.04016;818;1
2024.12.30 16:50;1.04015;1.04088;1.04006;1.04052;924;0
2024.12.30 17:00;1.04053;1.04058;1.03946;1.03992;977;0
2024.12.30 17:10;1.03991;1.03991;1.03889;1.03912;782;0
2024.12.30 17:20;1.03914;1.03965;1.03870;1.03914;798;0
2024.12.30 17:30;1.03913;1.03948;1.03868;1.03937;749;0
2024.12.30 17:40;1.03936;1.03957;1.03756;1.03769;872;0
2024.12.30 17:50;1.03768;1.03823;1.03717;1.03804;1180;1
2024.12.30 18:00;1.03805;1.03843;1.03784;1.03820;930;0
2024.12.30 18:10;1.03820;1.03888;1.03793;1.03840;712;0
2024.12.30 18:20;1.03839;1.03847;1.03747;1.03791;676;0
2024.12.30 18:30;1.03791;1.03887;1.03791;1.03887;505;0
2024.12.30 18:40;1.03889;1.03912;1.03791;1.03793;580;1
2024.12.30 18:50;1.03795;1.03883;1.03790;1.03857;587;2
2024.12.30 19:00;1.03857;1.03906;1.03845;1.03861;624;2
2024.12.30 19:10;1.03860;1.03923;1.03860;1.03892;503;2
2024.12.30 19:20;1.03891;1.03934;1.03876;1.03914;456;1
2024.12.30 19:30;1.03915;1.03924;1.03862;1.03881;441;2
2024.12.30 19:40;1.03882;1.03930;1.03864;1.03921;396;2
2024.12.30 19:50;1.03921;1.03954;1.03920;1.03941;411;2
2024.12.30 20:00;1.03942;1.03994;1.03937;1.03991;380;2
2024.12.30 20:10;1.03991;1.03996;1.03969;1.03971;367;2
2024.12.30 20:20;1.03971;1.03981;1.03958;1.03971;274;1
2024.12.30 20:30;1.03971;1.04019;1.03964;1.03990;407;0
2024.12.30 20:40;1.03992;1.04052;1.03992;1.04034;333;0
2024.12.30 20:50;1.04034;1.04071;1.04024;1.04045;427;0
2024.12.30 21:00;1.04046;1.04054;1.03991;1.04013;329;0
2024.12.30 21:10;1.04014;1.04018;1.03980;1.03984;331;0
2024.12.30 21:20;1.03985;1.04030;1.03985;1.04021;303;0
2024.12.30 21:30;1.04021;1.04040;1.04017;1.04019;324;0
2024.12.30 21:40;1.04019;1.04028;1.03996;1.04014;290;0
2024.12.30 21:50;1.04014;1.04014;1.03960;1.03965;343;2
2024.12.30 22:00;1.03966;1.04007;1.03952;1.04007;380;0
2024.12.30 22:10;1.04006;1.04041;1.04005;1.04041;273;0
2024.12.30 22:20;1.04040;1.04051;1.04015;1.04024;341;0
2024.12.30 22:30;1.04025;1.04029;1.04003;1.04023;283;1
2024.12.30 22:40;1.04024;1.04041;1.04017;1.04020;231;1
2024.12.30 22:50;1.04021;1.04021;1.03986;1.03987;385;2
2024.12.30 23:00;1.03988;1.04021;1.03983;1.04002;187;0
2024.12.30 23:10;1.04002;1.04011;1.03998;1.04000;95;0
2024.12.30 23:20;1.04000;1.04015;1.03997;1.03998;152;0
2024.12.30 23:30;1.03998;1.04017;1.03997;1.04017;128;1
2024.12.30 23:40;1.04018;1.04040;1.04015;1.04036;87;0
2024.12.30 23:50;1.04036;1.04068;1.04035;1.04065;137;0
2024.12.31 00:00;1.04065;1.04065;1.03962;1.04033;98;11
2024.12.31 00:10;1.04032;1.04041;1.04003;1.04035;311;22
2024.12.31 00:20;1.04034;1.04040;1.03998;1.04013;160;20
2024.12.31 00:30;1.04013;1.04029;1.04007;1.04019;97;16
2024.12.31 00:40;1.04019;1.04028;1.04018;1.04025;130;15
2024.12.31 00:50;1.04026;1.04047;1.04024;1.04041;112;11
2024.12.31 01:00;1.04047;1.04051;1.03990;1.03991;225;2
2024.12.31 01:10;1.03990;1.04026;1.03989;1.04020;112;2
2024.12.31 01:20;1.04021;1.04036;1.04021;1.04033;77;2
2024.12.31 01:30;1.04033;1.04056;1.04033;1.04053;115;2
2024.12.31 01:40;1.04054;1.04056;1.04041;1.04043;112;2
2024.12.31 01:50;1.04043;1.04060;1.04043;1.04057;109;2
2024.12.31 02:00;1.04057;1.04059;1.04038;1.04041;179;1
2024.12.31 02:10;1.04041;1.04042;1.04029;1.04030;94;0
2024.12.31 02:20;1.04030;1.04031;1.04020;1.04025;142;0
2024.12.31 02:30;1.04024;1.04025;1.03971;1.03972;233;0
2024.12.31 02:40;1.03973;1.04014;1.03970;1.04012;189;0
2024.12.31 02:50;1.04012;1.04037;1.04001;1.04035;175;0
2024.12.31 03:00;1.04036;1.04053;1.04022;1.04053;232;0
2024.12.31 03:10;1.04052;1.04086;1.04052;1.04079;237;0
2024.12.31 03:20;1.04078;1.04115;1.04077;1.04105;192;0
2024.12.31 03:30;1.04104;1.04128;1.04069;1.04080;430;1
2024.12.31 03:40;1.04081;1.04132;1.04081;1.04131;425;1
2024.12.31 03:50;1.04130;1.04133;1.04092;1.04119;398;1
2024.12.31 04:00;1.04118;1.04148;1.04097;1.04098;335;0
2024.12.31 04:10;1.04099;1.04111;1.04084;1.04084;288;0
2024.12.31 04:20;1.04085;1.04107;1.04078;1.04093;219;0
2024.12.31 04:30;1.04095;1.04119;1.04093;1.04102;221;0
2024.12.31 04:40;1.04102;1.04105;1.04084;1.04092;196;0
2024.12.31 04:50;1.04091;1.04130;1.04091;1.04125;178;0
2024.12.31 05:00;1.04125;1.04135;1.04094;1.04097;232;0
2024.12.31 05:10;1.04098;1.04114;1.04097;1.04107;290;0
2024.12.31 05:20;1.04106;1.04115;1.04104;1.04108;157;0
2024.12.31 05:30;1.04107;1.04109;1.04090;1.04097;154;1
2024.12.31 05:40;1.04098;1.04101;1.04080;1.04084;157;1
2024.12.31 05:50;1.04084;1.04092;1.04072;1.04085;176;0
2024.12.31 06:00;1.04085;1.04091;1.04065;1.04067;123;0
2024.12.31 06:10;1.04069;1.04078;1.04066;1.04069;111;0
2024.12.31 06:20;1.04069;1.04076;1.04050;1.04051;132;0
2024.12.31 06:30;1.04051;1.04070;1.04036;1.04062;143;1
2024.12.31 06:40;1.04063;1.04076;1.04055;1.04063;147;0
2024.12.31 06:50;1.04062;1.04072;1.04041;1.04043;158;0
2024.12.31 07:00;1.04044;1.04068;1.04040;1.04065;99;0
2024.12.31 07:10;1.04066;1.04071;1.04061;1.04061;106;0
2024.12.31 07:20;1.04062;1.04070;1.04062;1.04065;79;0
2024.12.31 07:30;1.04066;1.04076;1.04062;1.04070;131;1
2024.12.31 07:40;1.04068;1.04071;1.04053;1.04054;135;0
2024.12.31 07:50;1.04054;1.04054;1.04024;1.04038;244;1
2024.12.31 08:00;1.04039;1.04053;1.04039;1.04046;202;0
2024.12.31 08:10;1.04047;1.04050;1.04016;1.04024;150;0
2024.12.31 08:20;1.04024;1.04034;1.04014;1.04015;146;0
2024.12.31 08:30;1.04016;1.04016;1.03996;1.04009;214;0
2024.12.31 08:40;1.04007;1.04029;1.04003;1.04028;211;0
2024.12.31 08:50;1.04029;1.04059;1.04029;1.04037;280;0
2024.12.31 09:00;1.04038;1.04051;1.04022;1.04049;323;2
2024.12.31 09:10;1.04049;1.04052;1.04029;1.04049;318;2
2024.12.31 09:20;1.04049;1.04088;1.04037;1.04077;398;2
2024.12.31 09:30;1.04077;1.04100;1.04065;1.04078;303;0
2024.12.31 09:40;1.04080;1.04129;1.04071;1.04110;368;0
2024.12.31 09:50;1.04109;1.04121;1.04094;1.04118;391;2
2024.12.31 10:00;1.04117;1.04147;1.04102;1.04141;453;2
2024.12.31 10:10;1.04141;1.04143;1.04075;1.04099;400;1
2024.12.31 10:20;1.04100;1.04117;1.04057;1.04070;480;1
2024.12.31 10:30;1.04071;1.04139;1.04070;1.04139;541;1
2024.12.31 10:40;1.04139;1.04139;1.04072;1.04095;430;0
2024.12.31 10:50;1.04096;1.04200;1.04090;1.04182;457;0
2024.12.31 11:00;1.04183;1.04186;1.04116;1.04132;450;0
2024.12.31 11:10;1.04133;1.04177;1.04130;1.04150;477;0
2024.12.31 11:20;1.04151;1.04159;1.04126;1.04138;337;0
2024.12.31 11:30;1.04138;1.04191;1.04132;1.04188;441;0
2024.12.31 11:40;1.04189;1.04238;1.04188;1.04227;510;2
2024.12.31 11:50;1.04227;1.04244;1.04182;1.04185;629;2
2024.12.31 12:00;1.04188;1.04188;1.04050;1.04098;813;2
2024.12.31 12:10;1.04099;1.04128;1.04065;1.04083;540;2
2024.12.31 12:20;1.04082;1.04104;1.04070;1.04103;431;0
2024.12.31 12:30;1.04104;1.04122;1.04078;1.04105;512;0
2024.12.31 12:40;1.04106;1.04136;1.04087;1.04135;357;0
2024.12.31 12:50;1.04135;1.04200;1.04125;1.04128;506;0
2024.12.31 13:00;1.04127;1.04187;1.04126;1.04181;363;0
2024.12.31 13:10;1.04182;1.04193;1.04159;1.04159;352;0
2024.12.31 13:20;1.04158;1.04186;1.04136;1.04138;327;0
2024.12.31 13:30;1.04136;1.04146;1.04086;1.04097;388;0
2024.12.31 13:40;1.04096;1.04114;1.04080;1.04089;370;0
2024.12.31 13:50;1.04088;1.04109;1.04051;1.04103;402;0
2024.12.31 14:00;1.04103;1.04143;1.04067;1.04080;430;1
2024.12.31 14:10;1.04081;1.04119;1.04063;1.04093;397;0
2024.12.31 14:20;1.04093;1.04112;1.04030;1.04031;468;0
2024.12.31 14:30;1.04029;1.04036;1.03994;1.04021;380;0
2024.12.31 14:40;1.04022;1.04057;1.04002;1.04015;422;0
2024.12.31 14:50;1.04015;1.04015;1.03912;1.03926;626;0
2024.12.31 15:00;1.03928;1.03967;1.03858;1.03889;681;2
2024.12.31 15:10;1.03890;1.03926;1.03853;1.03854;529;0
2024.12.31 15:20;1.03854;1.03928;1.03836;1.03906;568;0
2024.12.31 15:30;1.03906;1.03973;1.03901;1.03943;520;0
2024.12.31 15:40;1.03944;1.03964;1.03892;1.03904;577;0
2024.12.31 15:50;1.03904;1.03933;1.03879;1.03930;609;0
2024.12.31 16:00;1.03930;1.03943;1.03815;1.03817;681;0
2024.12.31 16:10;1.03813;1.03890;1.03779;1.03859;694;0
2024.12.31 16:20;1.03859;1.03864;1.03790;1.03808;572;0
2024.12.31 16:30;1.03807;1.03858;1.03750;1.03815;876;0
2024.12.31 16:40;1.03814;1.03821;1.03746;1.03749;791;0
2024.12.31 16:50;1.03748;1.03804;1.03748;1.03757;810;0
2024.12.31 17:00;1.03756;1.03818;1.03701;1.03818;912;0
2024.12.31 17:10;1.03817;1.03892;1.03816;1.03821;915;0
2024.12.31 17:20;1.03822;1.03822;1.03735;1.03751;804;0
2024.12.31 17:30;1.03750;1.03762;1.03640;1.03714;836;0
2024.12.31 17:40;1.03714;1.03762;1.03605;1.03613;984;0
2024.12.31 17:50;1.03614;1.03634;1.03525;1.03547;1269;0
2024.12.31 18:00;1.03547;1.03612;1.03468;1.03515;1119;0
2024.12.31 18:10;1.03515;1.03555;1.03488;1.03530;740;0
2024.12.31 18:20;1.03531;1.03542;1.03500;1.03524;592;0
2024.12.31 18:30;1.03524;1.03579;1.03499;1.03516;575;0
2024.12.31 18:40;1.03516;1.03518;1.03475;1.03509;627;1
2024.12.31 18:50;1.03511;1.03525;1.03474;1.03503;540;0
2024.12.31 19:00;1.03503;1.03545;1.03479;1.03539;504;2
2024.12.31 19:10;1.03540;1.03546;1.03500;1.03540;459;0
2024.12.31 19:20;1.03541;1.03550;1.03472;1.03473;635;1
2024.12.31 19:30;1.03473;1.03484;1.03450;1.03458;729;0
2024.12.31 19:40;1.03457;1.03512;1.03442;1.03446;584;0
2024.12.31 19:50;1.03445;1.03536;1.03444;1.03491;630;0
2024.12.31 20:00;1.03484;1.03508;1.03460;1.03488;773;0
2024.12.31 20:10;1.03488;1.03491;1.03454;1.03486;410;0
2024.12.31 20:20;1.03486;1.03531;1.03480;1.03528;482;0
2024.12.31 20:30;1.03528;1.03545;1.03512;1.03530;486;0
2024.12.31 20:40;1.03530;1.03568;1.03529;1.03554;385;0
2024.12.31 20:50;1.03553;1.03562;1.03527;1.03529;459;0
2024.12.31 21:00;1.03528;1.03580;1.03515;1.03568;436;1
2024.12.31 21:10;1.03569;1.03646;1.03569;1.03592;414;2
2024.12.31 21:20;1.03590;1.03596;1.03575;1.03590;240;0
2024.12.31 21:30;1.03590;1.03590;1.03547;1.03549;381;0
2024.12.31 21:40;1.03550;1.03563;1.03539;1.03543;291;0
2024.12.31 21:50;1.03543;1.03569;1.03538;1.03547;253;1
2024.12.31 22:00;1.03548;1.03601;1.03545;1.03596;309;0
2024.12.31 22:10;1.03595;1.03598;1.03570;1.03597;185;0
2024.12.31 22:20;1.03599;1.03632;1.03599;1.03613;182;0
2024.12.31 22:30;1.03613;1.03613;1.03589;1.03593;267;0
2024.12.31 22:40;1.03593;1.03606;1.03585;1.03605;167;2
2024.12.31 22:50;1.03605;1.03607;1.03568;1.03584;291;2
2024.12.31 23:00;1.03585;1.03608;1.03585;1.03595;151;0
2024.12.31 23:10;1.03594;1.03603;1.03591;1.03598;51;0
2024.12.31 23:20;1.03599;1.03599;1.03576;1.03586;70;0
2024.12.31 23:30;1.03588;1.03596;1.03570;1.03581;111;1
2024.12.31 23:40;1.03579;1.03589;1.03557;1.03566;199;0
2024.12.31 23:50;1.03566;1.03570;1.03525;1.03531;363;0
2025.01.02 00:00;1.03515;1.03527;1.03493;1.03499;19;25
2025.01.02 00:10;1.03499;1.03527;1.03495;1.03518;89;62
2025.01.02 00:20;1.03514;1.03545;1.03494;1.03539;119;39
2025.01.02 00:30;1.03541;1.03573;1.03536;1.03569;162;5
2025.01.02 00:40;1.03567;1.03573;1.03562;1.03565;372;7
2025.01.02 00:50;1.03561;1.03579;1.03555;1.03556;243;6
2025.01.02 01:00;1.03548;1.03566;1.03510;1.03545;277;0
2025.01.02 01:10;1.03545;1.03545;1.03529;1.03541;149;0
2025.01.02 01:20;1.03540;1.03541;1.03513;1.03513;156;0
2025.01.02 01:30;1.03513;1.03517;1.03464;1.03489;293;0
2025.01.02 01:40;1.03490;1.03520;1.03480;1.03514;176;0
2025.01.02 01:50;1.03513;1.03533;1.03505;1.03508;280;0
2025.01.02 02:00;1.03508;1.03514;1.03492;1.03514;249;0
2025.01.02 02:10;1.03514;1.03518;1.03479;1.03490;199;0
2025.01.02 02:20;1.03490;1.03513;1.03473;1.03506;205;0
2025.01.02 02:30;1.03504;1.03517;1.03485;1.03505;178;0
2025.01.02 02:40;1.03504;1.03519;1.03497;1.03515;182;0
2025.01.02 02:50;1.03515;1.03565;1.03503;1.03521;299;0
2025.01.02 03:00;1.03522;1.03522;1.03443;1.03487;583;0
2025.01.02 03:10;1.03486;1.03507;1.03465;1.03474;480;0
2025.01.02 03:20;1.03475;1.03541;1.03469;1.03509;444;0
2025.01.02 03:30;1.03508;1.03560;1.03490;1.03559;448;0
2025.01.02 03:40;1.03558;1.03608;1.03558;1.03586;324;0
2025.01.02 03:50;1.03586;1.03599;1.03572;1.03579;301;0
2025.01.02 04:00;1.03579;1.03612;1.03576;1.03605;336;0
2025.01.02 04:10;1.03606;1.03614;1.03594;1.03608;196;0
2025.01.02 04:20;1.03608;1.03637;1.03602;1.03633;218;0
2025.01.02 04:30;1.03632;1.03656;1.03629;1.03655;162;0
2025.01.02 04:40;1.03658;1.03704;1.03657;1.03703;242;0
2025.01.02 04:50;1.03703;1.03712;1.03692;1.03709;178;0
2025.01.02 05:00;1.03710;1.03733;1.03705;1.03729;192;0
2025.01.02 05:10;1.03731;1.03732;1.03681;1.03694;197;0
2025.01.02 05:20;1.03695;1.03715;1.03692;1.03704;133;0
2025.01.02 05:30;1.03705;1.03742;1.03700;1.03717;186;1
2025.01.02 05:40;1.03718;1.03726;1.03697;1.03697;159;0
2025.01.02 05:50;1.03698;1.03717;1.03694;1.03716;141;0
2025.01.02 06:00;1.03716;1.03746;1.03716;1.03743;205;0
2025.01.02 06:10;1.03743;1.03750;1.03734;1.03738;139;0
2025.01.02 06:20;1.03737;1.03739;1.03709;1.03711;160;0
2025.01.02 06:30;1.03712;1.03715;1.03672;1.03672;214;0
2025.01.02 06:40;1.03672;1.03690;1.03664;1.03690;178;0
2025.01.02 06:50;1.03689;1.03705;1.03688;1.03693;128;0
2025.01.02 07:00;1.03692;1.03707;1.03655;1.03655;205;0
2025.01.02 07:10;1.03657;1.03670;1.03649;1.03661;129;0
2025.01.02 07:20;1.03661;1.03669;1.03635;1.03647;194;0
2025.01.02 07:30;1.03647;1.03654;1.03623;1.03628;160;0
2025.01.02 07:40;1.03628;1.03642;1.03618;1.03632;152;0
2025.01.02 07:50;1.03633;1.03650;1.03622;1.03637;237;0
2025.01.02 08:00;1.03639;1.03639;1.03608;1.03619;324;0
2025.01.02 08:10;1.03620;1.03633;1.03615;1.03624;236;0
2025.01.02 08:20;1.03623;1.03634;1.03604;1.03616;212;0
2025.01.02 08:30;1.03614;1.03640;1.03600;1.03622;334;0
2025.01.02 08:40;1.03622;1.03649;1.03617;1.03640;226;0
2025.01.02 08:50;1.03640;1.03647;1.03622;1.03637;223;0
2025.01.02 09:00;1.03637;1.03684;1.03629;1.03674;506;0
2025.01.02 09:10;1.03673;1.03681;1.03634;1.03675;465;1
2025.01.02 09:20;1.03675;1.03695;1.03660;1.03687;335;0
2025.01.02 09:30;1.03688;1.03695;1.03659;1.03660;401;0
2025.01.02 09:40;1.03661;1.03724;1.03658;1.03719;476;1
2025.01.02 09:50;1.03718;1.03722;1.03623;1.03628;459;2
2025.01.02 10:00;1.03628;1.03709;1.03594;1.03597;860;2
2025.01.02 10:10;1.03597;1.03618;1.03534;1.03534;791;2
2025.01.02 10:20;1.03531;1.03540;1.03483;1.03488;655;1
2025.01.02 10:30;1.03487;1.03605;1.03463;1.03558;713;1
2025.01.02 10:40;1.03557;1.03602;1.03549;1.03579;642;0
2025.01.02 10:50;1.03578;1.03629;1.03552;1.03629;712;0
2025.01.02 11:00;1.03630;1.03667;1.03569;1.03603;712;1
2025.01.02 11:10;1.03603;1.03701;1.03599;1.03694;480;0
2025.01.02 11:20;1.03694;1.03706;1.03615;1.03621;469;0
2025.01.02 11:30;1.03621;1.03648;1.03580;1.03582;513;0
2025.01.02 11:40;1.03581;1.03586;1.03538;1.03569;507;0
2025.01.02 11:50;1.03567;1.03571;1.03495;1.03517;480;0
2025.01.02 12:00;1.03516;1.03553;1.03516;1.03531;502;0
2025.01.02 12:10;1.03531;1.03567;1.03520;1.03566;461;0
2025.01.02 12:20;1.03565;1.03570;1.03497;1.03507;443;0
2025.01.02 12:30;1.03506;1.03507;1.03396;1.03411;755;0
2025.01.02 12:40;1.03412;1.03427;1.03137;1.03171;808;0
2025.01.02 12:50;1.03172;1.03277;1.03151;1.03167;1163;1
2025.01.02 13:00;1.03167;1.03284;1.03156;1.03282;779;0
2025.01.02 13:10;1.03281;1.03343;1.03277;1.03340;714;1
2025.01.02 13:20;1.03339;1.03341;1.03218;1.03218;611;1
2025.01.02 13:30;1.03217;1.03226;1.03150;1.03222;561;0
2025.01.02 13:40;1.03224;1.03292;1.03218;1.03282;441;0
2025.01.02 13:50;1.03281;1.03322;1.03213;1.03322;496;0
2025.01.02 14:00;1.03322;1.03343;1.03272;1.03297;665;0
2025.01.02 14:10;1.03295;1.03317;1.03278;1.03311;554;0
2025.01.02 14:20;1.03311;1.03325;1.03266;1.03291;523;0
2025.01.02 14:30;1.03290;1.03314;1.03269;1.03304;538;0
2025.01.02 14:40;1.03303;1.03304;1.03201;1.03213;560;0
2025.01.02 14:50;1.03212;1.03275;1.03149;1.03183;692;0
2025.01.02 15:00;1.03182;1.03239;1.03139;1.03208;575;0
2025.01.02 15:10;1.03207;1.03214;1.03149;1.03180;659;0
2025.01.02 15:20;1.03177;1.03219;1.03128;1.03179;632;0
2025.01.02 15:30;1.03179;1.03297;1.03114;1.03238;1074;0
2025.01.02 15:40;1.03238;1.03286;1.03175;1.03179;769;0
2025.01.02 15:50;1.03179;1.03185;1.03116;1.03134;703;0
2025.01.02 16:00;1.03135;1.03144;1.03065;1.03100;653;0
2025.01.02 16:10;1.03101;1.03143;1.03063;1.03122;661;0
2025.01.02 16:20;1.03122;1.03202;1.03104;1.03158;719;0
2025.01.02 16:30;1.03159;1.03239;1.03116;1.03121;889;0
2025.01.02 16:40;1.03121;1.03168;1.03059;1.03059;650;0
2025.01.02 16:50;1.03058;1.03078;1.03022;1.03060;778;0
2025.01.02 17:00;1.03037;1.03089;1.03011;1.03012;798;0
2025.01.02 17:10;1.03013;1.03075;1.03009;1.03069;638;0
2025.01.02 17:20;1.03068;1.03082;1.02809;1.02857;951;0
2025.01.02 17:30;1.02855;1.02926;1.02818;1.02922;911;0
2025.01.02 17:40;1.02924;1.02973;1.02838;1.02839;989;0
2025.01.02 17:50;1.02838;1.02919;1.02725;1.02742;1194;0
2025.01.02 18:00;1.02741;1.02763;1.02243;1.02527;1515;0
2025.01.02 18:10;1.02526;1.02626;1.02470;1.02620;1105;0
2025.01.02 18:20;1.02621;1.02622;1.02498;1.02531;929;0
2025.01.02 18:30;1.02535;1.02555;1.02452;1.02518;892;0
2025.01.02 18:40;1.02519;1.02528;1.02410;1.02474;808;0
2025.01.02 18:50;1.02475;1.02643;1.02474;1.02613;871;0
2025.01.02 19:00;1.02610;1.02659;1.02557;1.02648;680;0
2025.01.02 19:10;1.02651;1.02680;1.02593;1.02613;666;1
2025.01.02 19:20;1.02612;1.02654;1.02566;1.02569;542;1
2025.01.02 19:30;1.02567;1.02616;1.02514;1.02616;506;0
2025.01.02 19:40;1.02616;1.02666;1.02591;1.02593;426;0
2025.01.02 19:50;1.02591;1.02663;1.02587;1.02649;494;0
2025.01.02 20:00;1.02652;1.02662;1.02613;1.02639;515;1
2025.01.02 20:10;1.02639;1.02657;1.02607;1.02640;479;0
2025.01.02 20:20;1.02636;1.02644;1.02602;1.02626;323;0
2025.01.02 20:30;1.02623;1.02626;1.02569;1.02573;269;0
2025.01.02 20:40;1.02574;1.02620;1.02562;1.02588;334;0
2025.01.02 20:50;1.02588;1.02595;1.02558;1.02564;403;1
2025.01.02 21:00;1.02565;1.02594;1.02550;1.02558;328;0
2025.01.02 21:10;1.02557;1.02557;1.02492;1.02509;275;0
2025.01.02 21:20;1.02510;1.02578;1.02503;1.02570;273;1
2025.01.02 21:30;1.02570;1.02595;1.02538;1.02554;306;1
2025.01.02 21:40;1.02555;1.02565;1.02494;1.02503;224;0
2025.01.02 21:50;1.02503;1.02519;1.02480;1.02513;293;1
2025.01.02 22:00;1.02511;1.02568;1.02506;1.02561;257;0
2025.01.02 22:10;1.02559;1.02582;1.02538;1.02579;161;0
2025.01.02 22:20;1.02579;1.02632;1.02569;1.02621;188;0
2025.01.02 22:30;1.02623;1.02645;1.02597;1.02605;197;0
2025.01.02 22:40;1.02606;1.02630;1.02606;1.02626;160;0
2025.01.02 22:50;1.02629;1.02641;1.02614;1.02615;201;1
2025.01.02 23:00;1.02614;1.02655;1.02614;1.02655;131;0
2025.01.02 23:10;1.02655;1.02656;1.02625;1.02627;86;1
2025.01.02 23:20;1.02627;1.02657;1.02626;1.02651;89;0
2025.01.02 23:30;1.02646;1.02661;1.02631;1.02645;89;1
2025.01.02 23:40;1.02633;1.02666;1.02633;1.02662;129;25
2025.01.02 23:50;1.02662;1.02675;1.02556;1.02565;173;25
2025.01.03 00:00;1.02569;1.02600;1.02534;1.02563;72;63
2025.01.03 00:10;1.02563;1.02636;1.02562;1.02619;184;24
2025.01.03 00:20;1.02618;1.02655;1.02594;1.02648;153;24
2025.01.03 00:30;1.02648;1.02655;1.02644;1.02654;369;24
2025.01.03 00:40;1.02654;1.02659;1.02648;1.02657;66;24
2025.01.03 00:50;1.02656;1.02661;1.02640;1.02642;116;24
2025.01.03 01:00;1.02652;1.02669;1.02644;1.02667;250;0
2025.01.03 01:10;1.02667;1.02673;1.02663;1.02665;310;0
2025.01.03 01:20;1.02665;1.02670;1.02648;1.02663;86;0
2025.01.03 01:30;1.02665;1.02665;1.02649;1.02650;72;0
2025.01.03 01:40;1.02651;1.02662;1.02651;1.02662;107;0
2025.01.03 01:50;1.02663;1.02681;1.02663;1.02678;138;0
2025.01.03 02:00;1.02679;1.02692;1.02671;1.02679;182;0
2025.01.03 02:10;1.02679;1.02680;1.02658;1.02671;205;0
2025.01.03 02:20;1.02672;1.02682;1.02664;1.02676;195;0
2025.01.03 02:30;1.02675;1.02692;1.02671;1.02684;167;0
2025.01.03 02:40;1.02684;1.02717;1.02679;1.02717;162;0
2025.01.03 02:50;1.02715;1.02735;1.02710;1.02730;247;0
2025.01.03 03:00;1.02731;1.02731;1.02700;1.02715;252;0
2025.01.03 03:10;1.02715;1.02716;1.02689;1.02707;216;0
2025.01.03 03:20;1.02707;1.02718;1.02671;1.02684;213;0
2025.01.03 03:30;1.02684;1.02702;1.02673;1.02692;284;0
2025.01.03 03:40;1.02692;1.02693;1.02675;1.02691;176;0
2025.01.03 03:50;1.02690;1.02690;1.02664;1.02676;219;0
2025.01.03 04:00;1.02675;1.02717;1.02667;1.02690;235;0
2025.01.03 04:10;1.02690;1.02711;1.02685;1.02688;236;0
2025.01.03 04:20;1.02689;1.02716;1.02677;1.02716;218;0
2025.01.03 04:30;1.02718;1.02723;1.02704;1.02713;179;0
2025.01.03 04:40;1.02713;1.02743;1.02712;1.02742;137;0
2025.01.03 04:50;1.02744;1.02747;1.02720;1.02722;183;0
2025.01.03 05:00;1.02723;1.02728;1.02716;1.02721;142;0
2025.01.03 05:10;1.02722;1.02726;1.02705;1.02719;173;0
2025.01.03 05:20;1.02719;1.02745;1.02709;1.02736;229;0
2025.01.03 05:30;1.02737;1.02741;1.02707;1.02718;157;0
2025.01.03 05:40;1.02718;1.02720;1.02700;1.02705;127;0
2025.01.03 05:50;1.02704;1.02712;1.02687;1.02708;172;0
2025.01.03 06:00;1.02706;1.02710;1.02675;1.02686;170;0
2025.01.03 06:10;1.02690;1.02700;1.02679;1.02696;120;0
2025.01.03 06:20;1.02695;1.02696;1.02671;1.02687;122;0
2025.01.03 06:30;1.02688;1.02699;1.02680;1.02691;128;0
2025.01.03 06:40;1.02691;1.02692;1.02673;1.02686;123;0
2025.01.03 06:50;1.02687;1.02698;1.02681;1.02697;154;0
2025.01.03 07:00;1.02697;1.02698;1.02673;1.02677;172;0
2025.01.03 07:10;1.02677;1.02677;1.02649;1.02651;152;0
2025.01.03 07:20;1.02651;1.02721;1.02646;1.02716;215;0
2025.01.03 07:30;1.02717;1.02736;1.02716;1.02734;187;0
2025.01.03 07:40;1.02735;1.02735;1.02708;1.02721;195;0
2025.01.03 07:50;1.02722;1.02725;1.02697;1.02717;240;0
2025.01.03 08:00;1.02717;1.02736;1.02715;1.02735;242;0
2025.01.03 08:10;1.02736;1.02748;1.02732;1.02748;157;0
2025.01.03 08:20;1.02748;1.02748;1.02734;1.02738;164;0
2025.01.03 08:30;1.02738;1.02739;1.02722;1.02734;173;0
2025.01.03 08:40;1.02735;1.02750;1.02726;1.02749;174;0
2025.01.03 08:50;1.02750;1.02794;1.02743;1.02793;244;0
2025.01.03 09:00;1.02789;1.02825;1.02763;1.02768;437;0
2025.01.03 09:10;1.02767;1.02817;1.02714;1.02762;648;0
2025.01.03 09:20;1.02762;1.02806;1.02687;1.02783;800;0
2025.01.03 09:30;1.02782;1.02847;1.02779;1.02808;496;0
2025.01.03 09:40;1.02809;1.02839;1.02803;1.02830;400;0
2025.01.03 09:50;1.02829;1.02837;1.02804;1.02808;455;0
2025.01.03 10:00;1.02808;1.02881;1.02808;1.02813;642;0
2025.01.03 10:10;1.02813;1.02857;1.02780;1.02841;489;0
2025.01.03 10:20;1.02841;1.02881;1.02808;1.02808;496;0
2025.01.03 10:30;1.02808;1.02810;1.02741;1.02753;514;0
2025.01.03 10:40;1.02753;1.02810;1.02728;1.02794;506;0
2025.01.03 10:50;1.02794;1.02860;1.02794;1.02804;331;0
2025.01.03 11:00;1.02804;1.02877;1.02803;1.02873;534;0
2025.01.03 11:10;1.02873;1.02948;1.02873;1.02944;607;0
2025.01.03 11:20;1.02944;1.02991;1.02944;1.02963;452;0
2025.01.03 11:30;1.02963;1.02999;1.02910;1.02934;422;0
2025.01.03 11:40;1.02933;1.02933;1.02879;1.02887;346;0
2025.01.03 11:50;1.02887;1.02908;1.02876;1.02903;407;0
2025.01.03 12:00;1.02903;1.02939;1.02873;1.02874;465;0
2025.01.03 12:10;1.02874;1.02876;1.02811;1.02833;378;0
2025.01.03 12:20;1.02829;1.02852;1.02799;1.02837;424;0
2025.01.03 12:30;1.02838;1.02859;1.02825;1.02843;304;0
2025.01.03 12:40;1.02842;1.02854;1.02821;1.02842;330;0
2025.01.03 12:50;1.02841;1.02841;1.02792;1.02814;277;0
2025.01.03 13:00;1.02813;1.02876;1.02813;1.02874;470;0
2025.01.03 13:10;1.02875;1.02925;1.02875;1.02918;383;0
2025.01.03 13:20;1.02918;1.02992;1.02914;1.02980;358;0
2025.01.03 13:30;1.02980;1.02981;1.02920;1.02966;378;0
2025.01.03 13:40;1.02966;1.03029;1.02958;1.03028;351;0
2025.01.03 13:50;1.03028;1.03029;1.02973;1.02973;314;0
2025.01.03 14:00;1.02972;1.03010;1.02948;1.02981;447;0
2025.01.03 14:10;1.02981;1.02983;1.02946;1.02950;380;0
2025.01.03 14:20;1.02951;1.02967;1.02942;1.02962;320;0
2025.01.03 14:30;1.02962;1.03007;1.02957;1.03003;340;0
2025.01.03 14:40;1.03003;1.03009;1.02962;1.02996;376;0
2025.01.03 14:50;1.02997;1.03008;1.02952;1.02956;436;0
2025.01.03 15:00;1.02958;1.02990;1.02957;1.02987;391;0
2025.01.03 15:10;1.02986;1.03002;1.02942;1.02951;393;0
2025.01.03 15:20;1.02950;1.02957;1.02915;1.02939;424;0
2025.01.03 15:30;1.02940;1.02985;1.02932;1.02963;451;0
2025.01.03 15:40;1.02963;1.03000;1.02957;1.02971;358;0
2025.01.03 15:50;1.02971;1.02976;1.02914;1.02932;473;0
2025.01.03 16:00;1.02931;1.02931;1.02879;1.02893;461;0
2025.01.03 16:10;1.02893;1.02931;1.02886;1.02931;452;0
2025.01.03 16:20;1.02931;1.02948;1.02908;1.02911;421;0
2025.01.03 16:30;1.02921;1.02945;1.02893;1.02934;456;0
2025.01.03 16:40;1.02934;1.02984;1.02934;1.02979;548;0
2025.01.03 16:50;1.02976;1.03024;1.02967;1.03004;490;0
2025.01.03 17:00;1.02947;1.03058;1.02922;1.02988;1152;0
2025.01.03 17:10;1.02993;1.03027;1.02860;1.02864;877;0
2025.01.03 17:20;1.02862;1.02863;1.02734;1.02751;740;0
2025.01.03 17:30;1.02760;1.02851;1.02731;1.02848;783;0
2025.01.03 17:40;1.02851;1.02869;1.02807;1.02869;629;0
2025.01.03 17:50;1.02869;1.02892;1.02840;1.02892;728;0
2025.01.03 18:00;1.02891;1.02943;1.02880;1.02900;674;0
2025.01.03 18:10;1.02900;1.02938;1.02860;1.02930;482;0
2025.01.03 18:20;1.02928;1.02960;1.02898;1.02956;446;0
2025.01.03 18:30;1.02957;1.02999;1.02918;1.02922;519;0
2025.01.03 18:40;1.02921;1.02923;1.02867;1.02870;413;0
2025.01.03 18:50;1.02872;1.02909;1.02835;1.02909;367;0
2025.01.03 19:00;1.02910;1.03035;1.02909;1.03034;452;1
2025.01.03 19:10;1.03031;1.03046;1.03005;1.03014;364;0
2025.01.03 19:20;1.03014;1.03038;1.02989;1.03022;355;0
2025.01.03 19:30;1.03023;1.03057;1.02984;1.03015;353;0
2025.01.03 19:40;1.03015;1.03044;1.02994;1.03011;356;1
2025.01.03 19:50;1.03011;1.03028;1.02973;1.02980;320;0
2025.01.03 20:00;1.02979;1.02988;1.02924;1.02953;275;0
2025.01.03 20:10;1.02953;1.02985;1.02942;1.02973;269;0
2025.01.03 20:20;1.02971;1.03014;1.02971;1.03013;265;0
2025.01.03 20:30;1.03009;1.03021;1.02980;1.03005;281;0
2025.01.03 20:40;1.03004;1.03019;1.02962;1.02963;229;0
2025.01.03 20:50;1.02963;1.02977;1.02937;1.02973;245;0
2025.01.03 21:00;1.02969;1.02970;1.02938;1.02967;216;0
2025.01.03 21:10;1.02972;1.03019;1.02960;1.03017;206;0
2025.01.03 21:20;1.03017;1.03046;1.03008;1.03038;258;0
2025.01.03 21:30;1.03038;1.03061;1.03026;1.03054;233;0
2025.01.03 21:40;1.03054;1.03056;1.03033;1.03037;179;0
2025.01.03 21:50;1.03037;1.03037;1.02986;1.03012;240;0
2025.01.03 22:00;1.03011;1.03046;1.02988;1.03034;286;1
2025.01.03 22:10;1.03037;1.03075;1.03030;1.03060;255;0
2025.01.03 22:20;1.03061;1.03064;1.03024;1.03032;194;0
2025.01.03 22:30;1.03032;1.03039;1.03010;1.03023;186;0
2025.01.03 22:40;1.03022;1.03028;1.03009;1.03021;195;0
2025.01.03 22:50;1.03021;1.03071;1.03020;1.03057;243;1
2025.01.03 23:00;1.03056;1.03099;1.03047;1.03097;179;1
2025.01.03 23:10;1.03096;1.03096;1.03066;1.03068;86;0
2025.01.03 23:20;1.03068;1.03079;1.03067;1.03076;96;0
2025.01.03 23:30;1.03076;1.03078;1.03059;1.03061;63;0
2025.01.03 23:40;1.03049;1.03069;1.03046;1.03066;119;25
2025.01.03 23:50;1.03066;1.03069;1.03063;1.03067;89;25
2025.01.06 00:00;1.03018;1.03032;1.03018;1.03021;28;29
2025.01.06 00:10;1.03021;1.03021;1.03012;1.03021;27;40
2025.01.06 00:20;1.03021;1.03043;1.03021;1.03040;26;29
2025.01.06 00:30;1.03038;1.03060;1.03037;1.03057;73;29
2025.01.06 00:40;1.03058;1.03059;1.03049;1.03052;123;29
2025.01.06 00:50;1.03052;1.03052;1.02954;1.03007;195;29
2025.01.06 01:00;1.03010;1.03063;1.03009;1.03042;165;0
2025.01.06 01:10;1.03042;1.03065;1.03028;1.03060;153;0
2025.01.06 01:20;1.03061;1.03061;1.03047;1.03055;120;0
2025.01.06 01:30;1.03050;1.03067;1.03034;1.03052;145;0
2025.01.06 01:40;1.03052;1.03079;1.03052;1.03076;116;0
2025.01.06 01:50;1.03076;1.03076;1.03039;1.03052;216;0
2025.01.06 02:00;1.03051;1.03053;1.02977;1.02988;336;0
2025.01.06 02:10;1.02989;1.03003;1.02957;1.02986;366;0
2025.01.06 02:20;1.02986;1.02988;1.02962;1.02974;212;0
2025.01.06 02:30;1.02976;1.02977;1.02956;1.02958;316;0
2025.01.06 02:40;1.02959;1.02980;1.02953;1.02976;263;0
2025.01.06 02:50;1.02977;1.03046;1.02976;1.03030;341;0
2025.01.06 03:00;1.03029;1.03042;1.03012;1.03033;298;0
2025.01.06 03:10;1.03033;1.03114;1.03032;1.03105;352;0
2025.01.06 03:20;1.03099;1.03108;1.03055;1.03072;303;0
2025.01.06 03:30;1.03072;1.03090;1.03051;1.03082;338;0
2025.01.06 03:40;1.03081;1.03105;1.03074;1.03088;239;0
2025.01.06 03:50;1.03085;1.03136;1.03079;1.03121;377;0
2025.01.06 04:00;1.03121;1.03159;1.03107;1.03153;353;0
2025.01.06 04:10;1.03153;1.03176;1.03149;1.03163;333;0
2025.01.06 04:20;1.03162;1.03164;1.03120;1.03134;314;0
2025.01.06 04:30;1.03134;1.03137;1.03115;1.03134;283;0
2025.01.06 04:40;1.03133;1.03163;1.03131;1.03161;283;0
2025.01.06 04:50;1.03162;1.03176;1.03154;1.03160;228;0
2025.01.06 05:00;1.03161;1.03182;1.03145;1.03155;275;0
2025.01.06 05:10;1.03156;1.03173;1.03146;1.03150;238;0
2025.01.06 05:20;1.03150;1.03166;1.03147;1.03155;164;0
2025.01.06 05:30;1.03155;1.03164;1.03131;1.03160;233;0
2025.01.06 05:40;1.03160;1.03165;1.03139;1.03162;170;0
2025.01.06 05:50;1.03163;1.03183;1.03155;1.03164;172;0
2025.01.06 06:00;1.03165;1.03176;1.03141;1.03147;171;0
2025.01.06 06:10;1.03147;1.03150;1.03131;1.03134;191;0
2025.01.06 06:20;1.03134;1.03158;1.03128;1.03155;130;0
2025.01.06 06:30;1.03155;1.03172;1.03155;1.03170;145;0
2025.01.06 06:40;1.03170;1.03171;1.03151;1.03164;93;0
2025.01.06 06:50;1.03159;1.03170;1.03149;1.03151;127;0
2025.01.06 07:00;1.03150;1.03157;1.03137;1.03145;178;0
2025.01.06 07:10;1.03143;1.03152;1.03127;1.03134;194;0
2025.01.06 07:20;1.03134;1.03176;1.03123;1.03162;168;0
2025.01.06 07:30;1.03161;1.03182;1.03152;1.03152;191;0
2025.01.06 07:40;1.03153;1.03154;1.03123;1.03135;148;0
2025.01.06 07:50;1.03132;1.03132;1.03084;1.03089;308;0
2025.01.06 08:00;1.03089;1.03125;1.03079;1.03101;309;0
2025.01.06 08:10;1.03099;1.03117;1.03093;1.03111;250;0
2025.01.06 08:20;1.03111;1.03111;1.03077;1.03089;232;0
2025.01.06 08:30;1.03089;1.03142;1.03089;1.03132;255;0
2025.01.06 08:40;1.03131;1.03166;1.03122;1.03124;233;0
2025.01.06 08:50;1.03120;1.03141;1.03107;1.03127;336;0
2025.01.06 09:00;1.03126;1.03159;1.03099;1.03126;361;0
2025.01.06 09:10;1.03132;1.03153;1.03119;1.03145;317;0
2025.01.06 09:20;1.03144;1.03198;1.03140;1.03191;302;0
2025.01.06 09:30;1.03192;1.03271;1.03184;1.03224;427;0
2025.01.06 09:40;1.03224;1.03249;1.03210;1.03227;376;0
2025.01.06 09:50;1.03227;1.03283;1.03215;1.03272;346;1
2025.01.06 10:00;1.03272;1.03344;1.03266;1.03321;522;1
2025.01.06 10:10;1.03321;1.03422;1.03312;1.03401;494;0
2025.01.06 10:20;1.03402;1.03413;1.03331;1.03403;581;0
2025.01.06 10:30;1.03404;1.03435;1.03352;1.03373;540;0
2025.01.06 10:40;1.03373;1.03404;1.03327;1.03372;406;0
2025.01.06 10:50;1.03371;1.03524;1.03371;1.03502;556;1
2025.01.06 11:00;1.03501;1.03644;1.03401;1.03643;1116;2
2025.01.06 11:10;1.03643;1.03688;1.03548;1.03614;847;0
2025.01.06 11:20;1.03612;1.03670;1.03583;1.03583;630;0
2025.01.06 11:30;1.03581;1.03592;1.03509;1.03532;624;0
2025.01.06 11:40;1.03531;1.03548;1.03498;1.03515;487;0
2025.01.06 11:50;1.03515;1.03561;1.03506;1.03555;488;0
2025.01.06 12:00;1.03556;1.03580;1.03476;1.03485;492;1
2025.01.06 12:10;1.03485;1.03492;1.03447;1.03457;482;0
2025.01.06 12:20;1.03457;1.03477;1.03423;1.03451;351;0
2025.01.06 12:30;1.03452;1.03488;1.03445;1.03466;343;0
2025.01.06 12:40;1.03465;1.03467;1.03387;1.03400;401;0
2025.01.06 12:50;1.03400;1.03423;1.03351;1.03351;374;1
2025.01.06 13:00;1.03351;1.03508;1.03286;1.03498;951;1
2025.01.06 13:10;1.03496;1.04009;1.03479;1.03914;1468;1
2025.01.06 13:20;1.03914;1.04167;1.03914;1.04136;1362;1
2025.01.06 13:30;1.04137;1.04329;1.04131;1.04232;1281;1
2025.01.06 13:40;1.04232;1.04277;1.04084;1.04110;1162;0
2025.01.06 13:50;1.04111;1.04222;1.04099;1.04219;822;0
2025.01.06 14:00;1.04216;1.04307;1.04163;1.04172;830;0
2025.01.06 14:10;1.04171;1.04185;1.04098;1.04101;832;0
2025.01.06 14:20;1.04100;1.04133;1.03983;1.03992;814;0
2025.01.06 14:30;1.03993;1.04072;1.03922;1.04044;885;0
2025.01.06 14:40;1.04044;1.04085;1.04012;1.04071;736;0
2025.01.06 14:50;1.04071;1.04136;1.03962;1.04108;773;0
2025.01.06 15:00;1.04110;1.04259;1.04109;1.04258;872;0
2025.01.06 15:10;1.04259;1.04275;1.04193;1.04255;895;0
2025.01.06 15:20;1.04258;1.04368;1.04243;1.04357;921;0
2025.01.06 15:30;1.04359;1.04360;1.04165;1.04174;965;0
2025.01.06 15:40;1.04178;1.04178;1.04044;1.04109;937;0
2025.01.06 15:50;1.04110;1.04183;1.04097;1.04167;775;0
2025.01.06 16:00;1.04168;1.04237;1.04110;1.04118;911;0
2025.01.06 16:10;1.04114;1.04145;1.03534;1.03592;1364;0
2025.01.06 16:20;1.03598;1.03826;1.03563;1.03813;1453;2
2025.01.06 16:30;1.03813;1.03858;1.03707;1.03758;1176;2
2025.01.06 16:40;1.03760;1.03886;1.03667;1.03882;1104;2
2025.01.06 16:50;1.03881;1.03987;1.03864;1.03926;1057;2
2025.01.06 17:00;1.03925;1.03987;1.03830;1.03850;1220;2
2025.01.06 17:10;1.03850;1.03884;1.03789;1.03790;1096;2
2025.01.06 17:20;1.03791;1.03809;1.03758;1.03809;906;0
2025.01.06 17:30;1.03816;1.03848;1.03724;1.03747;871;0
2025.01.06 17:40;1.03747;1.03845;1.03713;1.03769;1053;0
2025.01.06 17:50;1.03772;1.03985;1.03772;1.03934;1269;0
2025.01.06 18:00;1.03936;1.03975;1.03900;1.03915;944;0
2025.01.06 18:10;1.03916;1.03931;1.03854;1.03913;728;0
2025.01.06 18:20;1.03912;1.03963;1.03866;1.03948;753;0
2025.01.06 18:30;1.03950;1.04029;1.03948;1.03996;684;0
2025.01.06 18:40;1.03996;1.04008;1.03932;1.03934;513;0
2025.01.06 18:50;1.03937;1.03978;1.03921;1.03969;462;0
2025.01.06 19:00;1.03969;1.03969;1.03860;1.03868;504;0
2025.01.06 19:10;1.03867;1.03874;1.03807;1.03817;499;0
2025.01.06 19:20;1.03818;1.03868;1.03810;1.03833;417;0
2025.01.06 19:30;1.03834;1.03857;1.03802;1.03824;425;0
2025.01.06 19:40;1.03823;1.03848;1.03806;1.03829;374;0
2025.01.06 19:50;1.03828;1.03879;1.03792;1.03874;422;0
2025.01.06 20:00;1.03874;1.03892;1.03771;1.03772;551;0
2025.01.06 20:10;1.03772;1.03847;1.03772;1.03828;413;0
2025.01.06 20:20;1.03828;1.03877;1.03823;1.03857;372;0
2025.01.06 20:30;1.03856;1.03880;1.03821;1.03838;359;0
2025.01.06 20:40;1.03838;1.03872;1.03796;1.03868;355;0
2025.01.06 20:50;1.03869;1.03874;1.03809;1.03819;316;0
2025.01.06 21:00;1.03820;1.03864;1.03788;1.03855;471;0
2025.01.06 21:10;1.03855;1.03889;1.03835;1.03883;399;0
2025.01.06 21:20;1.03881;1.03903;1.03867;1.03881;386;0
2025.01.06 21:30;1.03879;1.03919;1.03873;1.03884;433;0
2025.01.06 21:40;1.03883;1.03900;1.03873;1.03891;297;0
2025.01.06 21:50;1.03891;1.03892;1.03858;1.03883;359;0
2025.01.06 22:00;1.03883;1.03919;1.03868;1.03917;444;0
2025.01.06 22:10;1.03917;1.03920;1.03893;1.03893;285;0
2025.01.06 22:20;1.03889;1.03912;1.03886;1.03893;277;0
2025.01.06 22:30;1.03892;1.03892;1.03862;1.03864;252;0
2025.01.06 22:40;1.03863;1.03882;1.03859;1.03876;340;0
2025.01.06 22:50;1.03878;1.03881;1.03858;1.03877;305;0
2025.01.06 23:00;1.03881;1.03887;1.03861;1.03862;202;0
2025.01.06 23:10;1.03862;1.03919;1.03862;1.03919;176;0
2025.01.06 23:20;1.03922;1.03922;1.03904;1.03911;160;0
2025.01.06 23:30;1.03911;1.03917;1.03887;1.03893;138;0
2025.01.06 23:40;1.03881;1.03893;1.03877;1.03887;124;25
2025.01.06 23:50;1.03887;1.03896;1.03876;1.03886;184;25
2025.01.07 00:00;1.03888;1.03917;1.03803;1.03885;139;24
2025.01.07 00:10;1.03886;1.03902;1.03850;1.03889;269;30
2025.01.07 00:20;1.03890;1.03910;1.03888;1.03903;90;24
2025.01.07 00:30;1.03902;1.03913;1.03883;1.03901;109;24
2025.01.07 00:40;1.03901;1.03902;1.03881;1.03883;80;24
2025.01.07 00:50;1.03884;1.03889;1.03876;1.03887;195;24
2025.01.07 01:00;1.03895;1.03899;1.03860;1.03869;166;0
2025.01.07 01:10;1.03869;1.03877;1.03826;1.03834;136;0
2025.01.07 01:20;1.03832;1.03840;1.03829;1.03833;102;0
2025.01.07 01:30;1.03832;1.03859;1.03825;1.03858;124;0
2025.01.07 01:40;1.03857;1.03858;1.03816;1.03831;125;0
2025.01.07 01:50;1.03831;1.03843;1.03820;1.03834;122;0
2025.01.07 02:00;1.03835;1.03837;1.03806;1.03823;251;0
2025.01.07 02:10;1.03824;1.03833;1.03790;1.03807;225;0
2025.01.07 02:20;1.03805;1.03807;1.03771;1.03773;259;0
2025.01.07 02:30;1.03773;1.03798;1.03773;1.03791;243;0
2025.01.07 02:40;1.03788;1.03837;1.03786;1.03837;301;0
2025.01.07 02:50;1.03839;1.03853;1.03802;1.03844;374;0
2025.01.07 03:00;1.03841;1.03848;1.03785;1.03795;416;0
2025.01.07 03:10;1.03794;1.03812;1.03774;1.03811;315;0
2025.01.07 03:20;1.03812;1.03826;1.03797;1.03800;225;0
2025.01.07 03:30;1.03800;1.03803;1.03767;1.03778;341;0
2025.01.07 03:40;1.03779;1.03792;1.03761;1.03791;276;0
2025.01.07 03:50;1.03791;1.03833;1.03787;1.03811;376;0
2025.01.07 04:00;1.03809;1.03854;1.03809;1.03843;339;0
2025.01.07 04:10;1.03843;1.03844;1.03822;1.03833;232;0
2025.01.07 04:20;1.03834;1.03848;1.03823;1.03844;256;0
2025.01.07 04:30;1.03843;1.03843;1.03819;1.03836;196;0
2025.01.07 04:40;1.03835;1.03835;1.03807;1.03813;214;0
2025.01.07 04:50;1.03813;1.03828;1.03799;1.03823;256;0
2025.01.07 05:00;1.03823;1.03825;1.03801;1.03814;234;0
2025.01.07 05:10;1.03814;1.03843;1.03812;1.03839;188;0
2025.01.07 05:20;1.03839;1.03857;1.03834;1.03856;181;0
2025.01.07 05:30;1.03856;1.03903;1.03856;1.03902;178;0
2025.01.07 05:40;1.03902;1.03930;1.03900;1.03908;181;0
2025.01.07 05:50;1.03908;1.03928;1.03901;1.03928;144;0
2025.01.07 06:00;1.03927;1.03934;1.03904;1.03908;169;0
2025.01.07 06:10;1.03909;1.03922;1.03904;1.03922;156;0
2025.01.07 06:20;1.03922;1.03928;1.03904;1.03928;164;0
2025.01.07 06:30;1.03928;1.03944;1.03917;1.03937;209;0
2025.01.07 06:40;1.03935;1.03935;1.03917;1.03920;169;0
2025.01.07 06:50;1.03920;1.03939;1.03912;1.03918;207;0
2025.01.07 07:00;1.03918;1.03930;1.03909;1.03918;197;0
2025.01.07 07:10;1.03919;1.03959;1.03917;1.03958;203;0
2025.01.07 07:20;1.03957;1.03962;1.03938;1.03954;291;0
2025.01.07 07:30;1.03953;1.04011;1.03953;1.04011;254;0
2025.01.07 07:40;1.04010;1.04033;1.03997;1.04015;260;0
2025.01.07 07:50;1.04015;1.04024;1.03959;1.03968;317;0
2025.01.07 08:00;1.03968;1.04042;1.03963;1.04033;295;0
2025.01.07 08:10;1.04033;1.04035;1.04013;1.04022;328;0
2025.01.07 08:20;1.04022;1.04033;1.03983;1.04003;271;0
2025.01.07 08:30;1.04003;1.04025;1.03996;1.04002;299;0
2025.01.07 08:40;1.04002;1.04002;1.03967;1.03978;263;0
2025.01.07 08:50;1.03977;1.03989;1.03963;1.03973;238;0
2025.01.07 09:00;1.03975;1.04057;1.03975;1.04057;380;0
2025.01.07 09:10;1.04057;1.04129;1.04057;1.04129;437;0
2025.01.07 09:20;1.04131;1.04158;1.04113;1.04127;364;0
2025.01.07 09:30;1.04129;1.04187;1.04103;1.04183;525;1
2025.01.07 09:40;1.04184;1.04244;1.04112;1.04122;789;2
2025.01.07 09:50;1.04123;1.04170;1.04093;1.04146;604;0
2025.01.07 10:00;1.04146;1.04209;1.04132;1.04179;725;0
2025.01.07 10:10;1.04179;1.04185;1.04058;1.04058;738;0
2025.01.07 10:20;1.04059;1.04110;1.04030;1.04064;618;0
2025.01.07 10:30;1.04064;1.04099;1.04053;1.04074;592;0
2025.01.07 10:40;1.04074;1.04202;1.04053;1.04194;493;0
2025.01.07 10:50;1.04193;1.04252;1.04176;1.04252;553;0
2025.01.07 11:00;1.04251;1.04344;1.04248;1.04278;807;0
2025.01.07 11:10;1.04278;1.04297;1.04243;1.04257;481;0
2025.01.07 11:20;1.04255;1.04284;1.04241;1.04251;414;0
2025.01.07 11:30;1.04252;1.04302;1.04245;1.04291;453;0
2025.01.07 11:40;1.04291;1.04295;1.04254;1.04274;515;0
2025.01.07 11:50;1.04275;1.04298;1.04241;1.04276;355;0
2025.01.07 12:00;1.04263;1.04274;1.04167;1.04236;774;0
2025.01.07 12:10;1.04235;1.04344;1.04235;1.04328;611;0
2025.01.07 12:20;1.04328;1.04334;1.04227;1.04228;505;0
2025.01.07 12:30;1.04230;1.04261;1.04209;1.04254;492;0
2025.01.07 12:40;1.04254;1.04301;1.04242;1.04299;404;0
2025.01.07 12:50;1.04300;1.04345;1.04262;1.04280;446;0
2025.01.07 13:00;1.04280;1.04284;1.04219;1.04231;493;0
2025.01.07 13:10;1.04231;1.04234;1.04156;1.04167;486;0
2025.01.07 13:20;1.04167;1.04176;1.04092;1.04094;491;0
2025.01.07 13:30;1.04093;1.04106;1.04052;1.04067;507;0
2025.01.07 13:40;1.04067;1.04119;1.04067;1.04113;441;0
2025.01.07 13:50;1.04112;1.04147;1.04088;1.04134;423;0
2025.01.07 14:00;1.04134;1.04171;1.04089;1.04091;468;0
2025.01.07 14:10;1.04092;1.04136;1.04055;1.04115;522;0
2025.01.07 14:20;1.04114;1.04125;1.04039;1.04055;493;0
2025.01.07 14:30;1.04056;1.04062;1.03989;1.04026;469;0
2025.01.07 14:40;1.04029;1.04031;1.03903;1.03970;649;0
2025.01.07 14:50;1.03970;1.03971;1.03872;1.03892;803;0
2025.01.07 15:00;1.03893;1.03938;1.03884;1.03932;575;0
2025.01.07 15:10;1.03932;1.04022;1.03932;1.04022;634;0
2025.01.07 15:20;1.04024;1.04039;1.04001;1.04014;527;0
2025.01.07 15:30;1.04014;1.04052;1.03988;1.04001;500;0
2025.01.07 15:40;1.04000;1.04002;1.03866;1.03884;574;0
2025.01.07 15:50;1.03883;1.03971;1.03882;1.03965;617;0
2025.01.07 16:00;1.03965;1.03969;1.03911;1.03926;724;0
2025.01.07 16:10;1.03932;1.03955;1.03897;1.03899;628;0
2025.01.07 16:20;1.03899;1.03969;1.03893;1.03955;429;0
2025.01.07 16:30;1.03955;1.03971;1.03911;1.03920;683;0
2025.01.07 16:40;1.03920;1.03975;1.03920;1.03936;634;0
2025.01.07 16:50;1.03936;1.03955;1.03910;1.03930;607;0
2025.01.07 17:00;1.03872;1.03872;1.03600;1.03600;1368;0
2025.01.07 17:10;1.03601;1.03746;1.03590;1.03732;1039;0
2025.01.07 17:20;1.03731;1.03805;1.03725;1.03790;954;0
2025.01.07 17:30;1.03793;1.03809;1.03666;1.03691;908;0
2025.01.07 17:40;1.03693;1.03712;1.03552;1.03639;1162;0
2025.01.07 17:50;1.03643;1.03735;1.03628;1.03727;1149;0
2025.01.07 18:00;1.03729;1.03750;1.03680;1.03694;904;0
2025.01.07 18:10;1.03696;1.03730;1.03638;1.03708;841;0
2025.01.07 18:20;1.03708;1.03718;1.03643;1.03664;601;0
2025.01.07 18:30;1.03658;1.03815;1.03626;1.03748;1046;0
2025.01.07 18:40;1.03748;1.03774;1.03687;1.03707;775;0
2025.01.07 18:50;1.03708;1.03714;1.03633;1.03684;793;0
2025.01.07 19:00;1.03685;1.03724;1.03640;1.03657;660;0
2025.01.07 19:10;1.03658;1.03734;1.03617;1.03713;635;0
2025.01.07 19:20;1.03714;1.03714;1.03538;1.03691;781;0
2025.01.07 19:30;1.03695;1.03738;1.03657;1.03697;513;0
2025.01.07 19:40;1.03687;1.03694;1.03615;1.03649;555;0
2025.01.07 19:50;1.03648;1.03691;1.03631;1.03670;432;0
2025.01.07 20:00;1.03670;1.03694;1.03609;1.03612;508;0
2025.01.07 20:10;1.03613;1.03683;1.03565;1.03672;481;0
2025.01.07 20:20;1.03673;1.03686;1.03598;1.03611;509;0
2025.01.07 20:30;1.03611;1.03611;1.03544;1.03578;468;0
2025.01.07 20:40;1.03581;1.03581;1.03505;1.03528;454;0
2025.01.07 20:50;1.03527;1.03554;1.03493;1.03544;380;0
2025.01.07 21:00;1.03544;1.03588;1.03526;1.03575;411;0
2025.01.07 21:10;1.03577;1.03579;1.03522;1.03559;340;0
2025.01.07 21:20;1.03560;1.03578;1.03547;1.03578;301;0
2025.01.07 21:30;1.03577;1.03580;1.03540;1.03548;268;0
2025.01.07 21:40;1.03549;1.03597;1.03532;1.03579;309;0
2025.01.07 21:50;1.03579;1.03591;1.03537;1.03551;295;0
2025.01.07 22:00;1.03549;1.03560;1.03505;1.03506;366;0
2025.01.07 22:10;1.03505;1.03510;1.03485;1.03504;242;0
2025.01.07 22:20;1.03506;1.03506;1.03466;1.03476;274;0
2025.01.07 22:30;1.03477;1.03481;1.03448;1.03462;348;0
2025.01.07 22:40;1.03462;1.03478;1.03451;1.03462;282;0
2025.01.07 22:50;1.03463;1.03478;1.03441;1.03444;240;0
2025.01.07 23:00;1.03441;1.03443;1.03407;1.03422;146;0
2025.01.07 23:10;1.03421;1.03433;1.03409;1.03417;155;0
2025.01.07 23:20;1.03417;1.03433;1.03406;1.03433;144;0
2025.01.07 23:30;1.03434;1.03435;1.03421;1.03424;145;0
2025.01.07 23:40;1.03411;1.03413;1.03391;1.03399;131;25
2025.01.07 23:50;1.03400;1.03405;1.03384;1.03393;182;25
2025.01.08 00:00;1.03378;1.03415;1.03378;1.03391;115;24
2025.01.08 00:10;1.03391;1.03415;1.03388;1.03403;128;24
2025.01.08 00:20;1.03403;1.03422;1.03394;1.03416;119;24
2025.01.08 00:30;1.03415;1.03423;1.03401;1.03414;103;24
2025.01.08 00:40;1.03414;1.03420;1.03414;1.03419;80;24
2025.01.08 00:50;1.03419;1.03424;1.03410;1.03415;143;24
2025.01.08 01:00;1.03418;1.03438;1.03408;1.03415;149;1
2025.01.08 01:10;1.03414;1.03416;1.03391;1.03411;107;0
2025.01.08 01:20;1.03413;1.03429;1.03413;1.03424;70;1
2025.01.08 01:30;1.03422;1.03430;1.03420;1.03425;66;1
2025.01.08 01:40;1.03426;1.03449;1.03420;1.03443;99;1
2025.01.08 01:50;1.03443;1.03448;1.03410;1.03415;147;1
2025.01.08 02:00;1.03416;1.03446;1.03416;1.03441;198;1
2025.01.08 02:10;1.03442;1.03459;1.03431;1.03456;180;0
2025.01.08 02:20;1.03458;1.03494;1.03458;1.03491;202;0
2025.01.08 02:30;1.03492;1.03492;1.03444;1.03464;281;1
2025.01.08 02:40;1.03464;1.03492;1.03464;1.03476;143;0
2025.01.08 02:50;1.03478;1.03480;1.03440;1.03468;260;0
2025.01.08 03:00;1.03468;1.03491;1.03453;1.03490;270;0
2025.01.08 03:10;1.03490;1.03495;1.03463;1.03464;211;0
2025.01.08 03:20;1.03463;1.03493;1.03463;1.03489;156;0
2025.01.08 03:30;1.03482;1.03509;1.03471;1.03507;245;0
2025.01.08 03:40;1.03508;1.03522;1.03484;1.03497;210;0
2025.01.08 03:50;1.03496;1.03531;1.03492;1.03530;159;0
2025.01.08 04:00;1.03530;1.03548;1.03521;1.03546;153;0
2025.01.08 04:10;1.03546;1.03549;1.03526;1.03534;132;0
2025.01.08 04:20;1.03534;1.03536;1.03524;1.03530;173;0
2025.01.08 04:30;1.03531;1.03534;1.03518;1.03521;188;0
2025.01.08 04:40;1.03520;1.03537;1.03515;1.03536;169;0
2025.01.08 04:50;1.03535;1.03545;1.03523;1.03542;104;0
2025.01.08 05:00;1.03542;1.03542;1.03523;1.03534;151;0
2025.01.08 05:10;1.03534;1.03538;1.03518;1.03528;141;0
2025.01.08 05:20;1.03529;1.03533;1.03501;1.03502;173;0
2025.01.08 05:30;1.03503;1.03503;1.03465;1.03473;189;0
2025.01.08 05:40;1.03473;1.03487;1.03463;1.03487;152;0
2025.01.08 05:50;1.03488;1.03495;1.03477;1.03478;107;0
2025.01.08 06:00;1.03477;1.03497;1.03475;1.03497;120;0
2025.01.08 06:10;1.03497;1.03521;1.03497;1.03505;137;0
2025.01.08 06:20;1.03505;1.03510;1.03493;1.03502;122;0
2025.01.08 06:30;1.03502;1.03514;1.03496;1.03500;158;0
2025.01.08 06:40;1.03499;1.03504;1.03473;1.03493;155;0
2025.01.08 06:50;1.03495;1.03515;1.03486;1.03512;137;0
2025.01.08 07:00;1.03513;1.03520;1.03494;1.03500;178;0
2025.01.08 07:10;1.03500;1.03527;1.03496;1.03527;186;0
2025.01.08 07:20;1.03524;1.03553;1.03522;1.03550;170;0
2025.01.08 07:30;1.03550;1.03558;1.03534;1.03548;148;0
2025.01.08 07:40;1.03548;1.03548;1.03530;1.03539;102;0
2025.01.08 07:50;1.03539;1.03558;1.03538;1.03549;163;0
2025.01.08 08:00;1.03550;1.03574;1.03550;1.03571;150;0
2025.01.08 08:10;1.03571;1.03575;1.03541;1.03543;159;0
2025.01.08 08:20;1.03542;1.03551;1.03530;1.03542;162;0
2025.01.08 08:30;1.03542;1.03556;1.03528;1.03555;213;0
2025.01.08 08:40;1.03555;1.03568;1.03545;1.03547;221;0
2025.01.08 08:50;1.03547;1.03556;1.03461;1.03515;305;0
2025.01.08 09:00;1.03514;1.03517;1.03415;1.03428;613;0
2025.01.08 09:10;1.03429;1.03466;1.03411;1.03439;466;0
2025.01.08 09:20;1.03431;1.03480;1.03431;1.03446;438;0
2025.01.08 09:30;1.03446;1.03446;1.03398;1.03426;463;0
2025.01.08 09:40;1.03426;1.03432;1.03324;1.03340;565;0
2025.01.08 09:50;1.03343;1.03367;1.03284;1.03324;593;0
2025.01.08 10:00;1.03322;1.03379;1.03223;1.03225;794;0
2025.01.08 10:10;1.03226;1.03396;1.03226;1.03383;720;0
2025.01.08 10:20;1.03382;1.03391;1.03251;1.03254;625;0
2025.01.08 10:30;1.03254;1.03307;1.03236;1.03270;523;0
2025.01.08 10:40;1.03269;1.03327;1.03201;1.03201;525;0
2025.01.08 10:50;1.03201;1.03252;1.03180;1.03188;622;0
2025.01.08 11:00;1.03187;1.03263;1.03183;1.03252;682;0
2025.01.08 11:10;1.03250;1.03264;1.03221;1.03236;455;0
2025.01.08 11:20;1.03236;1.03241;1.03154;1.03205;560;0
2025.01.08 11:30;1.03207;1.03244;1.03182;1.03239;473;0
2025.01.08 11:40;1.03238;1.03249;1.03171;1.03176;503;0
2025.01.08 11:50;1.03176;1.03225;1.03171;1.03195;484;0
2025.01.08 12:00;1.03192;1.03214;1.03125;1.03137;510;0
2025.01.08 12:10;1.03137;1.03168;1.03101;1.03132;581;0
2025.01.08 12:20;1.03130;1.03179;1.03125;1.03148;442;0
2025.01.08 12:30;1.03148;1.03161;1.03115;1.03146;459;0
2025.01.08 12:40;1.03145;1.03159;1.03110;1.03146;461;0
2025.01.08 12:50;1.03147;1.03203;1.03139;1.03189;501;0
2025.01.08 13:00;1.03188;1.03199;1.03165;1.03166;473;0
2025.01.08 13:10;1.03164;1.03184;1.03070;1.03070;687;0
2025.01.08 13:20;1.03072;1.03097;1.03002;1.03004;834;0
2025.01.08 13:30;1.03006;1.03006;1.02748;1.02758;1401;0
2025.01.08 13:40;1.02761;1.02959;1.02732;1.02944;1198;0
2025.01.08 13:50;1.02943;1.02978;1.02914;1.02977;726;0
2025.01.08 14:00;1.02978;1.02998;1.02914;1.02936;637;0
2025.01.08 14:10;1.02933;1.02951;1.02850;1.02857;652;0
2025.01.08 14:20;1.02858;1.02930;1.02843;1.02888;735;0
2025.01.08 14:30;1.02889;1.02954;1.02833;1.02953;724;0
2025.01.08 14:40;1.02954;1.03002;1.02844;1.02854;743;0
2025.01.08 14:50;1.02854;1.02878;1.02808;1.02827;645;0
2025.01.08 15:00;1.02826;1.02948;1.02809;1.02856;1166;0
2025.01.08 15:10;1.02856;1.02968;1.02855;1.02903;892;0
2025.01.08 15:20;1.02890;1.03041;1.02890;1.02940;974;0
2025.01.08 15:30;1.02936;1.03023;1.02916;1.02922;1171;0
2025.01.08 15:40;1.02921;1.02984;1.02906;1.02963;1078;0
2025.01.08 15:50;1.02962;1.03044;1.02917;1.03034;978;0
2025.01.08 16:00;1.03035;1.03075;1.02984;1.02989;971;0
2025.01.08 16:10;1.02989;1.03008;1.02935;1.02968;817;0
2025.01.08 16:20;1.02969;1.02991;1.02932;1.02935;693;0
2025.01.08 16:30;1.02934;1.02965;1.02906;1.02917;835;0
2025.01.08 16:40;1.02918;1.02988;1.02904;1.02988;842;0
2025.01.08 16:50;1.02987;1.03020;1.02890;1.02915;786;0
2025.01.08 17:00;1.02928;1.03099;1.02926;1.03061;803;0
2025.01.08 17:10;1.03061;1.03090;1.03011;1.03053;791;0
2025.01.08 17:20;1.03053;1.03053;1.03000;1.03010;713;0
2025.01.08 17:30;1.03008;1.03032;1.02973;1.02998;720;0
2025.01.08 17:40;1.02999;1.03010;1.02951;1.02998;777;0
2025.01.08 17:50;1.02997;1.03036;1.02962;1.03016;741;0
2025.01.08 18:00;1.03016;1.03022;1.02955;1.02975;664;0
2025.01.08 18:10;1.02975;1.03008;1.02945;1.02988;592;0
2025.01.08 18:20;1.02991;1.03084;1.02991;1.03036;682;0
2025.01.08 18:30;1.03037;1.03063;1.03021;1.03046;573;0
2025.01.08 18:40;1.03046;1.03111;1.03020;1.03081;666;0
2025.01.08 18:50;1.03082;1.03145;1.03076;1.03125;575;0
2025.01.08 19:00;1.03125;1.03134;1.03040;1.03062;610;0
2025.01.08 19:10;1.03061;1.03062;1.02985;1.03008;531;0
2025.01.08 19:20;1.03009;1.03049;1.03006;1.03029;575;0
2025.01.08 19:30;1.03030;1.03037;1.02982;1.02997;479;0
2025.01.08 19:40;1.02997;1.03051;1.02988;1.03022;407;0
2025.01.08 19:50;1.03021;1.03064;1.03021;1.03053;426;0
2025.01.08 20:00;1.03053;1.03121;1.03053;1.03093;658;0
2025.01.08 20:10;1.03094;1.03111;1.03069;1.03091;458;0
2025.01.08 20:20;1.03091;1.03132;1.03087;1.03121;410;0
2025.01.08 20:30;1.03121;1.03159;1.03111;1.03142;393;0
2025.01.08 20:40;1.03143;1.03158;1.03134;1.03138;351;0
2025.01.08 20:50;1.03137;1.03141;1.03106;1.03126;329;0
2025.01.08 21:00;1.03125;1.03187;1.03122;1.03174;610;0
2025.01.08 21:10;1.03173;1.03222;1.03126;1.03216;418;0
2025.01.08 21:20;1.03211;1.03243;1.03192;1.03237;429;0
2025.01.08 21:30;1.03236;1.03236;1.03126;1.03130;479;0
2025.01.08 21:40;1.03129;1.03138;1.03097;1.03107;390;0
2025.01.08 21:50;1.03108;1.03121;1.03083;1.03090;348;0
2025.01.08 22:00;1.03093;1.03122;1.03090;1.03110;311;0
2025.01.08 22:10;1.03110;1.03133;1.03079;1.03128;314;0
2025.01.08 22:20;1.03128;1.03132;1.03106;1.03117;312;0
2025.01.08 22:30;1.03117;1.03127;1.03107;1.03117;280;0
2025.01.08 22:40;1.03117;1.03167;1.03116;1.03158;258;0
2025.01.08 22:50;1.03157;1.03163;1.03143;1.03161;254;0
2025.01.08 23:00;1.03161;1.03193;1.03160;1.03189;203;0
2025.01.08 23:10;1.03190;1.03191;1.03167;1.03174;109;0
2025.01.08 23:20;1.03169;1.03173;1.03155;1.03160;111;0
2025.01.08 23:30;1.03158;1.03162;1.03145;1.03154;117;0
2025.01.08 23:40;1.03155;1.03160;1.03139;1.03158;116;1
2025.01.08 23:50;1.03158;1.03184;1.03156;1.03170;196;25
2025.01.09 00:00;1.03079;1.03166;1.03079;1.03166;45;24
2025.01.09 00:10;1.03164;1.03171;1.03164;1.03168;55;24
2025.01.09 00:20;1.03168;1.03172;1.03168;1.03172;20;24
2025.01.09 00:30;1.03172;1.03172;1.03167;1.03171;17;24
2025.01.09 00:40;1.03171;1.03172;1.03169;1.03171;36;24
2025.01.09 00:50;1.03171;1.03172;1.03168;1.03170;24;24
2025.01.09 01:00;1.03179;1.03187;1.03160;1.03172;97;1
2025.01.09 01:10;1.03167;1.03174;1.03139;1.03144;132;1
2025.01.09 01:20;1.03144;1.03156;1.03141;1.03153;86;0
2025.01.09 01:30;1.03153;1.03160;1.03151;1.03160;82;0
2025.01.09 01:40;1.03160;1.03167;1.03152;1.03154;74;0
2025.01.09 01:50;1.03154;1.03160;1.03132;1.03132;108;0
2025.01.09 02:00;1.03132;1.03147;1.03122;1.03123;205;1
2025.01.09 02:10;1.03122;1.03124;1.03106;1.03121;163;0
2025.01.09 02:20;1.03121;1.03124;1.03104;1.03121;164;0
2025.01.09 02:30;1.03121;1.03125;1.03047;1.03075;351;0
2025.01.09 02:40;1.03076;1.03094;1.03069;1.03088;233;0
2025.01.09 02:50;1.03089;1.03132;1.03072;1.03131;327;0
2025.01.09 03:00;1.03135;1.03144;1.03114;1.03139;292;0
2025.01.09 03:10;1.03139;1.03168;1.03127;1.03160;257;0
2025.01.09 03:20;1.03160;1.03174;1.03159;1.03163;120;0
2025.01.09 03:30;1.03163;1.03164;1.03134;1.03143;216;0
2025.01.09 03:40;1.03143;1.03154;1.03121;1.03139;244;0
2025.01.09 03:50;1.03138;1.03150;1.03134;1.03143;215;0
2025.01.09 04:00;1.03144;1.03171;1.03142;1.03162;165;0
2025.01.09 04:10;1.03162;1.03188;1.03160;1.03188;192;0
2025.01.09 04:20;1.03187;1.03199;1.03169;1.03169;139;0
2025.01.09 04:30;1.03170;1.03172;1.03153;1.03155;146;0
2025.01.09 04:40;1.03153;1.03177;1.03149;1.03169;153;0
2025.01.09 04:50;1.03169;1.03172;1.03154;1.03165;135;0
2025.01.09 05:00;1.03165;1.03195;1.03163;1.03190;162;0
2025.01.09 05:10;1.03190;1.03214;1.03189;1.03195;236;0
2025.01.09 05:20;1.03194;1.03194;1.03175;1.03184;165;0
2025.01.09 05:30;1.03183;1.03201;1.03180;1.03189;164;0
2025.01.09 05:40;1.03189;1.03191;1.03140;1.03143;162;0
2025.01.09 05:50;1.03142;1.03143;1.03109;1.03110;192;0
2025.01.09 06:00;1.03110;1.03122;1.03076;1.03082;231;0
2025.01.09 06:10;1.03083;1.03085;1.03056;1.03070;191;0
2025.01.09 06:20;1.03072;1.03099;1.03060;1.03096;170;0
2025.01.09 06:30;1.03097;1.03097;1.03067;1.03073;151;0
2025.01.09 06:40;1.03073;1.03093;1.03072;1.03087;112;0
2025.01.09 06:50;1.03087;1.03094;1.03083;1.03091;117;0
2025.01.09 07:00;1.03092;1.03113;1.03075;1.03112;196;0
2025.01.09 07:10;1.03112;1.03125;1.03104;1.03114;151;0
2025.01.09 07:20;1.03117;1.03122;1.03093;1.03095;143;0
2025.01.09 07:30;1.03096;1.03120;1.03081;1.03119;180;0
2025.01.09 07:40;1.03118;1.03118;1.03082;1.03105;168;0
2025.01.09 07:50;1.03104;1.03112;1.03053;1.03067;225;0
2025.01.09 08:00;1.03067;1.03067;1.03015;1.03016;227;0
2025.01.09 08:10;1.03015;1.03025;1.02970;1.03014;468;0
2025.01.09 08:20;1.03013;1.03030;1.03009;1.03012;249;0
2025.01.09 08:30;1.03012;1.03053;1.03009;1.03048;260;0
2025.01.09 08:40;1.03048;1.03078;1.03047;1.03077;251;0
2025.01.09 08:50;1.03076;1.03082;1.02969;1.03000;424;0
2025.01.09 09:00;1.03007;1.03045;1.02992;1.03025;592;0
2025.01.09 09:10;1.03028;1.03083;1.03006;1.03060;611;0
2025.01.09 09:20;1.03061;1.03075;1.03022;1.03032;570;0
2025.01.09 09:30;1.03036;1.03036;1.02969;1.02983;613;0
2025.01.09 09:40;1.02983;1.02992;1.02930;1.02948;651;0
2025.01.09 09:50;1.02949;1.02966;1.02876;1.02910;631;0
2025.01.09 10:00;1.02909;1.02943;1.02835;1.02924;890;0
2025.01.09 10:10;1.02924;1.02990;1.02920;1.02974;689;0
2025.01.09 10:20;1.02972;1.03045;1.02959;1.02993;653;0
2025.01.09 10:30;1.02993;1.03034;1.02980;1.03018;597;0
2025.01.09 10:40;1.03017;1.03046;1.02978;1.03003;516;0
2025.01.09 10:50;1.03004;1.03078;1.03000;1.03078;505;0
2025.01.09 11:00;1.03077;1.03100;1.03032;1.03047;487;0
2025.01.09 11:10;1.03048;1.03175;1.03040;1.03152;548;0
2025.01.09 11:20;1.03153;1.03171;1.03093;1.03134;611;0
2025.01.09 11:30;1.03134;1.03156;1.03108;1.03126;570;0
2025.01.09 11:40;1.03126;1.03155;1.03053;1.03054;549;0
2025.01.09 11:50;1.03053;1.03081;1.03032;1.03058;432;0
2025.01.09 12:00;1.03060;1.03069;1.03000;1.03029;517;0
2025.01.09 12:10;1.03029;1.03075;1.03029;1.03064;477;0
2025.01.09 12:20;1.03069;1.03125;1.03066;1.03104;455;0
2025.01.09 12:30;1.03104;1.03115;1.03067;1.03071;455;0
2025.01.09 12:40;1.03071;1.03085;1.02996;1.03042;669;0
2025.01.09 12:50;1.03043;1.03076;1.03017;1.03031;523;0
2025.01.09 13:00;1.03030;1.03036;1.02994;1.03002;595;0
2025.01.09 13:10;1.03003;1.03016;1.02975;1.02976;393;0
2025.01.09 13:20;1.02975;1.03019;1.02968;1.03003;403;0
2025.01.09 13:30;1.03004;1.03018;1.02983;1.02997;459;0
2025.01.09 13:40;1.02998;1.03018;1.02991;1.03010;477;0
2025.01.09 13:50;1.03011;1.03044;1.02996;1.03011;440;0
2025.01.09 14:00;1.03011;1.03026;1.02996;1.03011;415;0
2025.01.09 14:10;1.03009;1.03041;1.02996;1.03020;395;0
2025.01.09 14:20;1.03020;1.03025;1.02983;1.03011;356;0
2025.01.09 14:30;1.03011;1.03032;1.02992;1.02992;331;0
2025.01.09 14:40;1.02992;1.03026;1.02961;1.03018;433;0
2025.01.09 14:50;1.03018;1.03051;1.02999;1.03034;457;0
2025.01.09 15:00;1.03033;1.03064;1.03010;1.03050;388;0
2025.01.09 15:10;1.03050;1.03093;1.03043;1.03079;453;0
2025.01.09 15:20;1.03077;1.03123;1.03060;1.03118;485;0
2025.01.09 15:30;1.03118;1.03187;1.03118;1.03139;644;0
2025.01.09 15:40;1.03138;1.03152;1.03101;1.03124;596;0
2025.01.09 15:50;1.03125;1.03135;1.03053;1.03080;547;0
2025.01.09 16:00;1.03080;1.03123;1.03073;1.03122;609;0
2025.01.09 16:10;1.03122;1.03148;1.03080;1.03108;626;0
2025.01.09 16:20;1.03108;1.03134;1.03090;1.03101;388;0
2025.01.09 16:30;1.03100;1.03120;1.03051;1.03108;421;0
2025.01.09 16:40;1.03108;1.03113;1.03055;1.03064;441;0
2025.01.09 16:50;1.03064;1.03115;1.03056;1.03074;568;0
2025.01.09 17:00;1.03074;1.03096;1.03003;1.03021;458;0
2025.01.09 17:10;1.03021;1.03040;1.03007;1.03012;453;0
2025.01.09 17:20;1.03011;1.03051;1.03006;1.03044;402;0
2025.01.09 17:30;1.03043;1.03043;1.03001;1.03027;359;0
2025.01.09 17:40;1.03026;1.03026;1.02948;1.03002;524;0
2025.01.09 17:50;1.03002;1.03010;1.02961;1.02994;545;0
2025.01.09 18:00;1.02993;1.03001;1.02936;1.02967;480;0
2025.01.09 18:10;1.02968;1.02996;1.02960;1.02972;367;0
2025.01.09 18:20;1.02972;1.02984;1.02937;1.02950;350;0
2025.01.09 18:30;1.02951;1.02967;1.02910;1.02967;332;0
2025.01.09 18:40;1.02967;1.03011;1.02956;1.03003;298;0
2025.01.09 18:50;1.03003;1.03006;1.02961;1.02973;444;0
2025.01.09 19:00;1.02973;1.03019;1.02972;1.02998;347;0
2025.01.09 19:10;1.02998;1.03007;1.02973;1.02973;295;0
2025.01.09 19:20;1.02974;1.02988;1.02951;1.02973;233;0
2025.01.09 19:30;1.02973;1.02973;1.02937;1.02946;303;0
2025.01.09 19:40;1.02945;1.02960;1.02941;1.02954;290;0
2025.01.09 19:50;1.02954;1.02985;1.02939;1.02974;325;0
2025.01.09 20:00;1.02972;1.02974;1.02940;1.02962;225;0
2025.01.09 20:10;1.02961;1.02971;1.02950;1.02968;172;0
2025.01.09 20:20;1.02968;1.02994;1.02964;1.02994;152;0
2025.01.09 20:30;1.02994;1.03014;1.02992;1.03009;190;0
2025.01.09 20:40;1.03008;1.03025;1.03008;1.03011;146;0
2025.01.09 20:50;1.03010;1.03013;1.02988;1.03001;220;0
2025.01.09 21:00;1.03001;1.03021;1.03001;1.03016;141;0
2025.01.09 21:10;1.03015;1.03015;1.02986;1.02990;132;0
2025.01.09 21:20;1.02989;1.03005;1.02979;1.03003;125;0
2025.01.09 21:30;1.03003;1.03011;1.02993;1.03010;118;0
2025.01.09 21:40;1.03009;1.03010;1.02988;1.02998;152;0
2025.01.09 21:50;1.02997;1.03020;1.02978;1.02980;173;0
2025.01.09 22:00;1.02981;1.03011;1.02981;1.03010;141;0
2025.01.09 22:10;1.03010;1.03012;1.02990;1.03005;96;0
2025.01.09 22:20;1.03006;1.03017;1.03003;1.03011;78;0
2025.01.09 22:30;1.03011;1.03033;1.03011;1.03031;117;0
2025.01.09 22:40;1.03031;1.03037;1.03023;1.03023;108;0
2025.01.09 22:50;1.03023;1.03023;1.03010;1.03011;113;0
2025.01.09 23:00;1.03012;1.03012;1.02991;1.02993;109;0
2025.01.09 23:10;1.02994;1.03000;1.02992;1.02998;74;0
2025.01.09 23:20;1.02998;1.03010;1.02998;1.03004;75;0
2025.01.09 23:30;1.03004;1.03007;1.02993;1.02996;59;0
2025.01.09 23:40;1.02997;1.02997;1.02997;1.02997;1;1
2025.01.09 23:50;1.02995;1.02995;1.02995;1.02995;1;5
2025.01.10 00:00;1.02992;1.02994;1.02991;1.02993;8;24
2025.01.10 00:10;1.02993;1.02997;1.02991;1.02994;70;24
2025.01.10 00:20;1.02993;1.03000;1.02980;1.02980;100;24
2025.01.10 00:30;1.02985;1.02985;1.02956;1.02979;128;24
2025.01.10 00:40;1.02979;1.02979;1.02971;1.02977;63;24
2025.01.10 00:50;1.02977;1.03006;1.02977;1.03005;129;24
2025.01.10 01:00;1.03012;1.03019;1.02989;1.03001;189;1
2025.01.10 01:10;1.03001;1.03002;1.02988;1.02989;121;0
2025.01.10 01:20;1.02989;1.03000;1.02984;1.02999;54;0
2025.01.10 01:30;1.02999;1.02999;1.02970;1.02973;61;0
2025.01.10 01:40;1.02973;1.02981;1.02968;1.02972;93;0
2025.01.10 01:50;1.02973;1.02974;1.02955;1.02964;90;0
2025.01.10 02:00;1.02965;1.03001;1.02957;1.02995;239;1
2025.01.10 02:10;1.02994;1.03004;1.02947;1.02947;175;0
2025.01.10 02:20;1.02940;1.02960;1.02926;1.02943;215;0
2025.01.10 02:30;1.02943;1.02944;1.02921;1.02938;135;0
2025.01.10 02:40;1.02939;1.02950;1.02926;1.02938;139;0
2025.01.10 02:50;1.02940;1.02970;1.02930;1.02954;283;0
2025.01.10 03:00;1.02952;1.02986;1.02936;1.02982;265;0
2025.01.10 03:10;1.02981;1.03001;1.02978;1.03001;192;0
2025.01.10 03:20;1.03001;1.03034;1.02994;1.03017;239;0
2025.01.10 03:30;1.03017;1.03034;1.02992;1.03033;259;0
2025.01.10 03:40;1.03034;1.03046;1.03022;1.03034;197;0
2025.01.10 03:50;1.03034;1.03038;1.03005;1.03020;195;0
2025.01.10 04:00;1.03020;1.03038;1.02996;1.02999;211;0
2025.01.10 04:10;1.02999;1.03015;1.02994;1.03000;136;0
2025.01.10 04:20;1.02998;1.03020;1.02997;1.03013;121;0
2025.01.10 04:30;1.03013;1.03032;1.02992;1.02994;138;0
2025.01.10 04:40;1.02994;1.03006;1.02982;1.03005;136;0
2025.01.10 04:50;1.03005;1.03022;1.03004;1.03019;139;0
2025.01.10 05:00;1.03017;1.03023;1.02998;1.03023;133;0
2025.01.10 05:10;1.03023;1.03033;1.03010;1.03014;99;0
2025.01.10 05:20;1.03014;1.03017;1.03002;1.03003;95;0
2025.01.10 05:30;1.03004;1.03004;1.02984;1.03000;109;0
2025.01.10 05:40;1.02999;1.03011;1.02992;1.03004;89;0
2025.01.10 05:50;1.03004;1.03009;1.02976;1.02984;129;0
2025.01.10 06:00;1.02983;1.03000;1.02973;1.02980;131;0
2025.01.10 06:10;1.02979;1.02983;1.02966;1.02979;164;0
2025.01.10 06:20;1.02979;1.02982;1.02971;1.02972;92;0
2025.01.10 06:30;1.02972;1.02973;1.02935;1.02953;113;0
2025.01.10 06:40;1.02954;1.02954;1.02936;1.02943;122;0
2025.01.10 06:50;1.02944;1.02963;1.02941;1.02949;168;0
2025.01.10 07:00;1.02951;1.02956;1.02938;1.02948;161;0
2025.01.10 07:10;1.02949;1.02968;1.02949;1.02967;114;0
2025.01.10 07:20;1.02967;1.02974;1.02948;1.02949;151;0
2025.01.10 07:30;1.02950;1.02950;1.02901;1.02923;195;0
2025.01.10 07:40;1.02923;1.02929;1.02898;1.02898;150;0
2025.01.10 07:50;1.02899;1.02907;1.02846;1.02855;250;0
2025.01.10 08:00;1.02856;1.02884;1.02850;1.02861;276;0
2025.01.10 08:10;1.02860;1.02862;1.02822;1.02834;278;0
2025.01.10 08:20;1.02832;1.02850;1.02823;1.02849;213;0
2025.01.10 08:30;1.02849;1.02863;1.02827;1.02832;196;0
2025.01.10 08:40;1.02833;1.02853;1.02822;1.02822;212;0
2025.01.10 08:50;1.02821;1.02834;1.02811;1.02818;251;0
2025.01.10 09:00;1.02816;1.02881;1.02812;1.02879;445;0
2025.01.10 09:10;1.02880;1.02908;1.02863;1.02904;388;0
2025.01.10 09:20;1.02905;1.02911;1.02857;1.02884;348;0
2025.01.10 09:30;1.02885;1.02927;1.02885;1.02912;323;0
2025.01.10 09:40;1.02912;1.02949;1.02900;1.02940;319;0
2025.01.10 09:50;1.02942;1.02972;1.02925;1.02970;409;0
2025.01.10 10:00;1.02971;1.02971;1.02927;1.02953;433;0
2025.01.10 10:10;1.02952;1.02983;1.02937;1.02972;411;0
2025.01.10 10:20;1.02973;1.03047;1.02972;1.03011;459;0
2025.01.10 10:30;1.03014;1.03087;1.03013;1.03069;681;0
2025.01.10 10:40;1.03069;1.03119;1.03032;1.03032;616;0
2025.01.10 10:50;1.03031;1.03049;1.03005;1.03026;492;0
2025.01.10 11:00;1.03026;1.03029;1.02990;1.03028;534;0
2025.01.10 11:10;1.03027;1.03039;1.02990;1.03025;532;0
2025.01.10 11:20;1.03023;1.03028;1.03000;1.03010;427;0
2025.01.10 11:30;1.03008;1.03031;1.02996;1.03028;418;0
2025.01.10 11:40;1.03028;1.03053;1.03017;1.03038;431;0
2025.01.10 11:50;1.03038;1.03058;1.02994;1.02999;428;0
2025.01.10 12:00;1.03001;1.03018;1.02998;1.03016;333;0
2025.01.10 12:10;1.03019;1.03047;1.03002;1.03022;368;1
2025.01.10 12:20;1.03022;1.03052;1.03003;1.03052;328;0
2025.01.10 12:30;1.03049;1.03057;1.03012;1.03036;439;0
2025.01.10 12:40;1.03036;1.03059;1.03015;1.03037;330;0
2025.01.10 12:50;1.03036;1.03036;1.03009;1.03022;362;0
2025.01.10 13:00;1.03020;1.03049;1.03017;1.03018;386;0
2025.01.10 13:10;1.03017;1.03034;1.03000;1.03029;366;0
2025.01.10 13:20;1.03029;1.03037;1.02989;1.03023;296;0
2025.01.10 13:30;1.03023;1.03037;1.03006;1.03032;291;0
2025.01.10 13:40;1.03032;1.03053;1.02996;1.03013;281;0
2025.01.10 13:50;1.03014;1.03033;1.02995;1.03018;343;0
2025.01.10 14:00;1.03017;1.03040;1.02993;1.03008;441;0
2025.01.10 14:10;1.03007;1.03028;1.02991;1.03025;372;0
2025.01.10 14:20;1.03024;1.03086;1.03024;1.03068;360;0
2025.01.10 14:30;1.03068;1.03094;1.03059;1.03073;391;0
2025.01.10 14:40;1.03073;1.03090;1.03046;1.03061;425;0
2025.01.10 14:50;1.03061;1.03066;1.03036;1.03055;479;0
2025.01.10 15:00;1.03054;1.03089;1.03038;1.03041;449;0
2025.01.10 15:10;1.03041;1.03118;1.03026;1.03117;484;0
2025.01.10 15:20;1.03117;1.03117;1.03034;1.03044;519;0
2025.01.10 15:30;1.03045;1.03045;1.02128;1.02345;1913;0
2025.01.10 15:40;1.02346;1.02516;1.02296;1.02474;1572;0
2025.01.10 15:50;1.02472;1.02605;1.02441;1.02565;1393;0
2025.01.10 16:00;1.02565;1.02652;1.02454;1.02455;1396;0
2025.01.10 16:10;1.02456;1.02684;1.02444;1.02637;1216;0
2025.01.10 16:20;1.02636;1.02662;1.02574;1.02608;1141;0
2025.01.10 16:30;1.02609;1.02678;1.02504;1.02604;1329;0
2025.01.10 16:40;1.02601;1.02728;1.02569;1.02594;1288;0
2025.01.10 16:50;1.02594;1.02594;1.02475;1.02532;970;0
2025.01.10 17:00;1.02531;1.02532;1.02363;1.02457;1392;0
2025.01.10 17:10;1.02458;1.02671;1.02458;1.02656;1187;0
2025.01.10 17:20;1.02654;1.02782;1.02654;1.02676;1066;0
2025.01.10 17:30;1.02673;1.02674;1.02563;1.02629;1043;0
2025.01.10 17:40;1.02628;1.02630;1.02527;1.02549;1021;0
2025.01.10 17:50;1.02546;1.02552;1.02453;1.02504;1108;0
2025.01.10 18:00;1.02502;1.02512;1.02385;1.02415;1003;0
2025.01.10 18:10;1.02415;1.02421;1.02303;1.02313;934;0
2025.01.10 18:20;1.02314;1.02380;1.02280;1.02323;963;0
2025.01.10 18:30;1.02324;1.02379;1.02291;1.02298;869;0
2025.01.10 18:40;1.02297;1.02375;1.02274;1.02372;840;0
2025.01.10 18:50;1.02372;1.02410;1.02364;1.02375;667;0
2025.01.10 19:00;1.02375;1.02436;1.02328;1.02435;688;0
2025.01.10 19:10;1.02435;1.02456;1.02388;1.02388;645;0
2025.01.10 19:20;1.02388;1.02399;1.02339;1.02392;628;0
2025.01.10 19:30;1.02393;1.02491;1.02393;1.02461;626;0
2025.01.10 19:40;1.02460;1.02506;1.02455;1.02465;576;0
2025.01.10 19:50;1.02464;1.02476;1.02428;1.02445;590;0
2025.01.10 20:00;1.02444;1.02460;1.02405;1.02433;507;0
2025.01.10 20:10;1.02434;1.02437;1.02361;1.02385;516;0
2025.01.10 20:20;1.02385;1.02416;1.02378;1.02399;375;0
2025.01.10 20:30;1.02400;1.02400;1.02358;1.02375;394;0
2025.01.10 20:40;1.02375;1.02428;1.02373;1.02410;491;0
2025.01.10 20:50;1.02409;1.02425;1.02369;1.02415;418;0
2025.01.10 21:00;1.02416;1.02423;1.02350;1.02351;453;0
2025.01.10 21:10;1.02351;1.02415;1.02351;1.02410;401;0
2025.01.10 21:20;1.02405;1.02439;1.02389;1.02407;422;0
2025.01.10 21:30;1.02407;1.02445;1.02383;1.02445;425;0
2025.01.10 21:40;1.02445;1.02481;1.02434;1.02451;383;0
2025.01.10 21:50;1.02450;1.02489;1.02444;1.02453;492;0
2025.01.10 22:00;1.02454;1.02455;1.02424;1.02430;389;0
2025.01.10 22:10;1.02431;1.02435;1.02371;1.02379;339;0
2025.01.10 22:20;1.02378;1.02406;1.02371;1.02404;336;0
2025.01.10 22:30;1.02405;1.02422;1.02394;1.02413;314;0
2025.01.10 22:40;1.02412;1.02438;1.02404;1.02412;360;0
2025.01.10 22:50;1.02412;1.02460;1.02409;1.02445;417;0
2025.01.10 23:00;1.02444;1.02461;1.02439;1.02461;200;0
2025.01.10 23:10;1.02460;1.02483;1.02457;1.02482;195;0
2025.01.10 23:20;1.02483;1.02489;1.02435;1.02440;167;0
2025.01.10 23:30;1.02440;1.02466;1.02439;1.02447;152;0
2025.01.10 23:40;1.02435;1.02450;1.02426;1.02448;122;25
2025.01.10 23:50;1.02450;1.02451;1.02433;1.02436;133;25
2025.01.13 00:00;1.02308;1.02399;1.02308;1.02399;87;52
2025.01.13 00:10;1.02397;1.02415;1.02392;1.02408;122;29
2025.01.13 00:20;1.02413;1.02437;1.02381;1.02387;139;29
2025.01.13 00:30;1.02388;1.02426;1.02382;1.02423;246;29
2025.01.13 00:40;1.02422;1.02426;1.02409;1.02425;175;29
2025.01.13 00:50;1.02426;1.02455;1.02422;1.02454;79;29
2025.01.13 01:00;1.02464;1.02464;1.02393;1.02401;183;1
2025.01.13 01:10;1.02402;1.02445;1.02389;1.02437;160;0
2025.01.13 01:20;1.02438;1.02454;1.02435;1.02448;76;0
2025.01.13 01:30;1.02449;1.02468;1.02448;1.02458;130;0
2025.01.13 01:40;1.02457;1.02468;1.02441;1.02442;135;0
2025.01.13 01:50;1.02444;1.02444;1.02423;1.02431;156;0
2025.01.13 02:00;1.02432;1.02450;1.02405;1.02409;299;0
2025.01.13 02:10;1.02410;1.02421;1.02390;1.02406;300;0
2025.01.13 02:20;1.02404;1.02419;1.02399;1.02404;184;0
2025.01.13 02:30;1.02400;1.02419;1.02389;1.02393;156;0
2025.01.13 02:40;1.02393;1.02406;1.02365;1.02377;231;0
2025.01.13 02:50;1.02377;1.02435;1.02376;1.02424;271;0
2025.01.13 03:00;1.02425;1.02457;1.02410;1.02413;299;0
2025.01.13 03:10;1.02412;1.02482;1.02411;1.02462;402;0
2025.01.13 03:20;1.02462;1.02499;1.02450;1.02450;314;0
2025.01.13 03:30;1.02449;1.02457;1.02398;1.02399;359;0
2025.01.13 03:40;1.02400;1.02430;1.02392;1.02423;404;0
2025.01.13 03:50;1.02423;1.02442;1.02400;1.02417;297;0
2025.01.13 04:00;1.02417;1.02443;1.02406;1.02428;251;0
2025.01.13 04:10;1.02428;1.02431;1.02388;1.02405;250;0
2025.01.13 04:20;1.02406;1.02452;1.02393;1.02449;233;0
2025.01.13 04:30;1.02447;1.02449;1.02408;1.02411;246;0
2025.01.13 04:40;1.02411;1.02423;1.02386;1.02396;232;0
2025.01.13 04:50;1.02396;1.02426;1.02396;1.02401;231;0
2025.01.13 05:00;1.02399;1.02404;1.02373;1.02377;250;0
2025.01.13 05:10;1.02377;1.02383;1.02317;1.02323;255;0
2025.01.13 05:20;1.02323;1.02329;1.02270;1.02280;411;0
2025.01.13 05:30;1.02280;1.02290;1.02186;1.02200;377;0
2025.01.13 05:40;1.02197;1.02203;1.02140;1.02183;301;0
2025.01.13 05:50;1.02177;1.02190;1.02127;1.02154;236;0
2025.01.13 06:00;1.02153;1.02200;1.02152;1.02195;243;0
2025.01.13 06:10;1.02195;1.02199;1.02154;1.02185;240;0
2025.01.13 06:20;1.02185;1.02185;1.02148;1.02153;196;0
2025.01.13 06:30;1.02152;1.02160;1.02087;1.02112;313;0
2025.01.13 06:40;1.02112;1.02125;1.02075;1.02121;210;0
2025.01.13 06:50;1.02122;1.02128;1.02104;1.02118;181;0
2025.01.13 07:00;1.02119;1.02144;1.02103;1.02140;198;0
2025.01.13 07:10;1.02140;1.02154;1.02128;1.02139;195;0
2025.01.13 07:20;1.02140;1.02144;1.02124;1.02139;209;0
2025.01.13 07:30;1.02139;1.02160;1.02118;1.02154;243;0
2025.01.13 07:40;1.02154;1.02180;1.02152;1.02168;296;0
2025.01.13 07:50;1.02168;1.02205;1.02168;1.02196;276;0
2025.01.13 08:00;1.02196;1.02251;1.02196;1.02220;279;0
2025.01.13 08:10;1.02220;1.02247;1.02210;1.02222;335;0
2025.01.13 08:20;1.02222;1.02227;1.02166;1.02174;350;0
2025.01.13 08:30;1.02173;1.02220;1.02173;1.02201;264;0
2025.01.13 08:40;1.02201;1.02202;1.02159;1.02163;282;0
2025.01.13 08:50;1.02163;1.02195;1.02144;1.02176;281;0
2025.01.13 09:00;1.02164;1.02213;1.02146;1.02197;500;1
2025.01.13 09:10;1.02193;1.02221;1.02126;1.02160;492;1
2025.01.13 09:20;1.02160;1.02167;1.02076;1.02080;537;1
2025.01.13 09:30;1.02079;1.02172;1.02072;1.02147;510;0
2025.01.13 09:40;1.02146;1.02212;1.02098;1.02212;495;0
2025.01.13 09:50;1.02211;1.02237;1.02145;1.02152;625;0
2025.01.13 10:00;1.02154;1.02255;1.02136;1.02243;811;0
2025.01.13 10:10;1.02242;1.02313;1.02240;1.02295;778;0
2025.01.13 10:20;1.02295;1.02310;1.02217;1.02239;650;0
2025.01.13 10:30;1.02239;1.02273;1.02191;1.02213;770;0
2025.01.13 10:40;1.02213;1.02214;1.02140;1.02146;688;0
2025.01.13 10:50;1.02146;1.02227;1.02146;1.02216;630;0
2025.01.13 11:00;1.02216;1.02240;1.02178;1.02192;742;0
2025.01.13 11:10;1.02192;1.02221;1.02160;1.02174;643;0
2025.01.13 11:20;1.02174;1.02174;1.01779;1.01871;1089;0
2025.01.13 11:30;1.01869;1.01950;1.01813;1.01917;996;0
2025.01.13 11:40;1.01917;1.02018;1.01889;1.01988;851;0
2025.01.13 11:50;1.01988;1.01992;1.01889;1.01933;817;0
2025.01.13 12:00;1.01932;1.01998;1.01930;1.01988;702;0
2025.01.13 12:10;1.01988;1.02058;1.01981;1.02044;598;0
2025.01.13 12:20;1.02044;1.02063;1.02003;1.02004;523;0
2025.01.13 12:30;1.02005;1.02022;1.01967;1.01990;586;0
2025.01.13 12:40;1.01988;1.02025;1.01962;1.01984;447;0
2025.01.13 12:50;1.01984;1.02073;1.01983;1.02020;469;0
2025.01.13 13:00;1.02020;1.02040;1.01930;1.01958;606;0
2025.01.13 13:10;1.01959;1.01968;1.01890;1.01892;522;0
2025.01.13 13:20;1.01891;1.01921;1.01860;1.01908;525;0
2025.01.13 13:30;1.01906;1.02020;1.01886;1.02007;565;0
2025.01.13 13:40;1.02005;1.02028;1.01975;1.01989;530;0
2025.01.13 13:50;1.01988;1.02000;1.01954;1.01958;467;0
2025.01.13 14:00;1.01959;1.01980;1.01904;1.01907;576;0
2025.01.13 14:10;1.01909;1.01950;1.01902;1.01925;524;0
2025.01.13 14:20;1.01927;1.01965;1.01879;1.01883;551;0
2025.01.13 14:30;1.01889;1.01935;1.01887;1.01924;647;0
2025.01.13 14:40;1.01923;1.02008;1.01923;1.02007;648;0
2025.01.13 14:50;1.02009;1.02060;1.01981;1.02027;692;0
2025.01.13 15:00;1.02028;1.02033;1.01973;1.01981;679;0
2025.01.13 15:10;1.01982;1.02046;1.01965;1.02046;601;0
2025.01.13 15:20;1.02045;1.02131;1.02026;1.02086;737;0
2025.01.13 15:30;1.02085;1.02207;1.02085;1.02169;765;0
2025.01.13 15:40;1.02168;1.02174;1.02112;1.02153;672;0
2025.01.13 15:50;1.02153;1.02160;1.02065;1.02084;672;0
2025.01.13 16:00;1.02084;1.02084;1.02019;1.02029;724;0
2025.01.13 16:10;1.02030;1.02112;1.02024;1.02074;613;0
2025.01.13 16:20;1.02078;1.02125;1.02076;1.02102;587;0
2025.01.13 16:30;1.02106;1.02126;1.02042;1.02044;771;0
2025.01.13 16:40;1.02044;1.02061;1.02003;1.02043;717;0
2025.01.13 16:50;1.02041;1.02096;1.02013;1.02081;764;0
2025.01.13 17:00;1.02083;1.02089;1.02034;1.02038;537;0
2025.01.13 17:10;1.02037;1.02053;1.01974;1.02043;717;0
2025.01.13 17:20;1.02043;1.02063;1.01993;1.02013;730;0
2025.01.13 17:30;1.02014;1.02030;1.01958;1.01998;771;0
2025.01.13 17:40;1.01999;1.02055;1.01963;1.02047;760;0
2025.01.13 17:50;1.02047;1.02047;1.01963;1.01970;898;0
2025.01.13 18:00;1.01970;1.01988;1.01917;1.01960;727;0
2025.01.13 18:10;1.01959;1.02009;1.01958;1.01976;556;0
2025.01.13 18:20;1.01976;1.02070;1.01953;1.02070;467;0
2025.01.13 18:30;1.02070;1.02124;1.02068;1.02120;555;0
2025.01.13 18:40;1.02120;1.02164;1.02119;1.02145;538;0
2025.01.13 18:50;1.02146;1.02175;1.02081;1.02082;494;0
2025.01.13 19:00;1.02082;1.02139;1.02070;1.02124;501;0
2025.01.13 19:10;1.02125;1.02167;1.02098;1.02159;553;0
2025.01.13 19:20;1.02151;1.02174;1.02132;1.02161;454;0
2025.01.13 19:30;1.02160;1.02181;1.02132;1.02174;538;0
2025.01.13 19:40;1.02173;1.02181;1.02140;1.02142;389;0
2025.01.13 19:50;1.02142;1.02195;1.02125;1.02180;389;0
2025.01.13 20:00;1.02180;1.02194;1.02133;1.02142;401;0
2025.01.13 20:10;1.02143;1.02168;1.02122;1.02132;403;0
2025.01.13 20:20;1.02132;1.02151;1.02128;1.02149;282;0
2025.01.13 20:30;1.02152;1.02187;1.02152;1.02163;362;0
2025.01.13 20:40;1.02163;1.02215;1.02161;1.02209;277;0
2025.01.13 20:50;1.02209;1.02209;1.02159;1.02160;274;0
2025.01.13 21:00;1.02161;1.02162;1.02119;1.02132;331;0
2025.01.13 21:10;1.02132;1.02142;1.02109;1.02110;273;0
2025.01.13 21:20;1.02111;1.02146;1.02111;1.02143;300;0
2025.01.13 21:30;1.02143;1.02147;1.02104;1.02105;237;0
2025.01.13 21:40;1.02105;1.02120;1.02088;1.02090;331;0
2025.01.13 21:50;1.02091;1.02110;1.02071;1.02072;316;0
2025.01.13 22:00;1.02071;1.02132;1.02070;1.02114;346;0
2025.01.13 22:10;1.02114;1.02149;1.02114;1.02149;221;0
2025.01.13 22:20;1.02152;1.02159;1.02129;1.02130;253;0
2025.01.13 22:30;1.02126;1.02159;1.02124;1.02129;208;0
2025.01.13 22:40;1.02130;1.02163;1.02112;1.02155;253;0
2025.01.13 22:50;1.02155;1.02176;1.02154;1.02167;221;0
2025.01.13 23:00;1.02167;1.02191;1.02163;1.02185;120;0
2025.01.13 23:10;1.02183;1.02199;1.02179;1.02198;88;0
2025.01.13 23:20;1.02198;1.02225;1.02198;1.02225;135;0
2025.01.13 23:30;1.02225;1.02232;1.02207;1.02212;117;0
2025.01.13 23:40;1.02200;1.02351;1.02199;1.02322;417;25
2025.01.13 23:50;1.02320;1.02456;1.02318;1.02438;652;25
2025.01.14 00:00;1.02445;1.02490;1.02377;1.02448;153;24
2025.01.14 00:10;1.02447;1.02572;1.02447;1.02523;274;24
2025.01.14 00:20;1.02523;1.02576;1.02505;1.02553;226;24
2025.01.14 00:30;1.02553;1.02575;1.02528;1.02575;179;24
2025.01.14 00:40;1.02574;1.02653;1.02564;1.02649;315;24
2025.01.14 00:50;1.02649;1.02724;1.02572;1.02586;202;24
2025.01.14 01:00;1.02584;1.02663;1.02509;1.02558;349;1
2025.01.14 01:10;1.02558;1.02669;1.02557;1.02628;283;1
2025.01.14 01:20;1.02627;1.02705;1.02614;1.02689;244;1
2025.01.14 01:30;1.02688;1.02774;1.02688;1.02734;422;1
2025.01.14 01:40;1.02734;1.02734;1.02681;1.02701;344;1
2025.01.14 01:50;1.02701;1.02701;1.02627;1.02639;264;0
2025.01.14 02:00;1.02638;1.02639;1.02549;1.02571;504;0
2025.01.14 02:10;1.02571;1.02577;1.02508;1.02522;325;0
2025.01.14 02:20;1.02517;1.02522;1.02492;1.02496;157;0
2025.01.14 02:30;1.02496;1.02519;1.02474;1.02505;267;0
2025.01.14 02:40;1.02506;1.02506;1.02468;1.02480;209;0
2025.01.14 02:50;1.02480;1.02485;1.02457;1.02481;315;0
2025.01.14 03:00;1.02477;1.02487;1.02436;1.02487;303;0
2025.01.14 03:10;1.02487;1.02487;1.02457;1.02467;232;0
2025.01.14 03:20;1.02468;1.02480;1.02432;1.02457;216;0
2025.01.14 03:30;1.02458;1.02487;1.02421;1.02470;664;0
2025.01.14 03:40;1.02470;1.02490;1.02420;1.02442;410;0
2025.01.14 03:50;1.02440;1.02500;1.02411;1.02492;435;0
2025.01.14 04:00;1.02495;1.02504;1.02415;1.02424;315;0
2025.01.14 04:10;1.02425;1.02447;1.02406;1.02415;240;0
2025.01.14 04:20;1.02414;1.02457;1.02412;1.02445;228;0
2025.01.14 04:30;1.02445;1.02449;1.02413;1.02413;178;0
2025.01.14 04:40;1.02413;1.02442;1.02383;1.02441;199;0
2025.01.14 04:50;1.02441;1.02462;1.02433;1.02448;275;0
2025.01.14 05:00;1.02447;1.02526;1.02438;1.02525;236;0
2025.01.14 05:10;1.02525;1.02552;1.02497;1.02502;327;0
2025.01.14 05:20;1.02502;1.02524;1.02498;1.02523;181;0
2025.01.14 05:30;1.02523;1.02543;1.02519;1.02523;209;0
2025.01.14 05:40;1.02523;1.02527;1.02495;1.02496;122;0
2025.01.14 05:50;1.02496;1.02507;1.02485;1.02485;123;0
2025.01.14 06:00;1.02485;1.02485;1.02453;1.02463;174;0
2025.01.14 06:10;1.02463;1.02467;1.02452;1.02459;101;0
2025.01.14 06:20;1.02461;1.02496;1.02456;1.02494;113;0
2025.01.14 06:30;1.02492;1.02551;1.02489;1.02542;172;1
2025.01.14 06:40;1.02541;1.02542;1.02516;1.02516;133;0
2025.01.14 06:50;1.02514;1.02520;1.02504;1.02504;109;0
2025.01.14 07:00;1.02502;1.02518;1.02454;1.02462;180;0
2025.01.14 07:10;1.02462;1.02484;1.02462;1.02465;193;0
2025.01.14 07:20;1.02465;1.02466;1.02422;1.02427;150;0
2025.01.14 07:30;1.02427;1.02476;1.02425;1.02474;180;0
2025.01.14 07:40;1.02474;1.02516;1.02474;1.02504;210;0
2025.01.14 07:50;1.02504;1.02504;1.02431;1.02448;314;1
2025.01.14 08:00;1.02449;1.02480;1.02449;1.02478;246;1
2025.01.14 08:10;1.02479;1.02499;1.02474;1.02495;238;0
2025.01.14 08:20;1.02494;1.02494;1.02457;1.02476;340;1
2025.01.14 08:30;1.02477;1.02517;1.02472;1.02486;271;0
2025.01.14 08:40;1.02488;1.02504;1.02464;1.02495;248;0
2025.01.14 08:50;1.02495;1.02533;1.02455;1.02527;325;0
2025.01.14 09:00;1.02528;1.02661;1.02528;1.02622;767;0
2025.01.14 09:10;1.02622;1.02624;1.02539;1.02602;651;0
2025.01.14 09:20;1.02602;1.02615;1.02564;1.02583;594;0
2025.01.14 09:30;1.02578;1.02610;1.02552;1.02579;546;0
2025.01.14 09:40;1.02577;1.02579;1.02515;1.02563;569;0
2025.01.14 09:50;1.02562;1.02565;1.02498;1.02544;687;0
2025.01.14 10:00;1.02544;1.02648;1.02530;1.02604;870;0
2025.01.14 10:10;1.02605;1.02688;1.02542;1.02655;796;0
2025.01.14 10:20;1.02656;1.02748;1.02650;1.02662;713;0
2025.01.14 10:30;1.02663;1.02687;1.02588;1.02635;619;0
2025.01.14 10:40;1.02631;1.02713;1.02617;1.02689;593;0
2025.01.14 10:50;1.02689;1.02719;1.02605;1.02613;597;0
2025.01.14 11:00;1.02616;1.02616;1.02542;1.02582;591;0
2025.01.14 11:10;1.02581;1.02665;1.02556;1.02616;623;0
2025.01.14 11:20;1.02615;1.02643;1.02540;1.02560;548;0
2025.01.14 11:30;1.02561;1.02620;1.02561;1.02579;606;0
2025.01.14 11:40;1.02578;1.02650;1.02534;1.02638;583;0
2025.01.14 11:50;1.02638;1.02643;1.02571;1.02595;583;0
2025.01.14 12:00;1.02593;1.02637;1.02567;1.02620;496;0
2025.01.14 12:10;1.02619;1.02635;1.02578;1.02579;496;0
2025.01.14 12:20;1.02578;1.02602;1.02551;1.02596;480;0
2025.01.14 12:30;1.02597;1.02602;1.02518;1.02545;497;0
2025.01.14 12:40;1.02545;1.02598;1.02519;1.02574;480;0
2025.01.14 12:50;1.02575;1.02612;1.02566;1.02599;397;0
2025.01.14 13:00;1.02600;1.02606;1.02562;1.02605;360;0
2025.01.14 13:10;1.02605;1.02632;1.02560;1.02565;338;0
2025.01.14 13:20;1.02566;1.02589;1.02560;1.02589;362;0
2025.01.14 13:30;1.02592;1.02617;1.02580;1.02591;359;0
2025.01.14 13:40;1.02591;1.02606;1.02570;1.02605;338;0
2025.01.14 13:50;1.02605;1.02607;1.02524;1.02541;471;0
2025.01.14 14:00;1.02538;1.02549;1.02464;1.02486;522;0
2025.01.14 14:10;1.02487;1.02487;1.02395;1.02430;583;0
2025.01.14 14:20;1.02430;1.02543;1.02430;1.02531;435;0
2025.01.14 14:30;1.02531;1.02539;1.02500;1.02528;355;0
2025.01.14 14:40;1.02528;1.02551;1.02508;1.02526;485;0
2025.01.14 14:50;1.02526;1.02526;1.02460;1.02479;610;0
2025.01.14 15:00;1.02479;1.02523;1.02446;1.02453;605;0
2025.01.14 15:10;1.02453;1.02546;1.02444;1.02532;540;0
2025.01.14 15:20;1.02529;1.02529;1.02418;1.02420;718;0
2025.01.14 15:30;1.02422;1.02729;1.02415;1.02568;1632;1
2025.01.14 15:40;1.02567;1.02650;1.02496;1.02577;1233;0
2025.01.14 15:50;1.02576;1.02619;1.02503;1.02531;1044;0
2025.01.14 16:00;1.02532;1.02538;1.02434;1.02497;926;0
2025.01.14 16:10;1.02497;1.02599;1.02471;1.02595;703;0
2025.01.14 16:20;1.02595;1.02687;1.02550;1.02652;729;0
2025.01.14 16:30;1.02652;1.02734;1.02626;1.02728;935;0
2025.01.14 16:40;1.02725;1.02746;1.02574;1.02626;883;0
2025.01.14 16:50;1.02627;1.02706;1.02617;1.02683;927;0
2025.01.14 17:00;1.02680;1.02780;1.02667;1.02713;977;0
2025.01.14 17:10;1.02714;1.02780;1.02708;1.02729;796;0
2025.01.14 17:20;1.02723;1.02736;1.02630;1.02699;875;0
2025.01.14 17:30;1.02698;1.02835;1.02682;1.02815;775;0
2025.01.14 17:40;1.02816;1.02906;1.02812;1.02866;832;0
2025.01.14 17:50;1.02865;1.02958;1.02836;1.02949;972;0
2025.01.14 18:00;1.02946;1.03010;1.02899;1.02992;798;0
2025.01.14 18:10;1.02993;1.03043;1.02953;1.02954;672;0
2025.01.14 18:20;1.02953;1.02971;1.02862;1.02864;817;0
2025.01.14 18:30;1.02860;1.02918;1.02828;1.02862;836;0
2025.01.14 18:40;1.02861;1.02891;1.02840;1.02880;685;0
2025.01.14 18:50;1.02878;1.02917;1.02877;1.02915;592;0
2025.01.14 19:00;1.02915;1.02915;1.02817;1.02820;506;0
2025.01.14 19:10;1.02819;1.02884;1.02789;1.02861;543;0
2025.01.14 19:20;1.02861;1.02880;1.02828;1.02844;515;0
2025.01.14 19:30;1.02844;1.02880;1.02839;1.02877;409;0
2025.01.14 19:40;1.02878;1.02883;1.02843;1.02843;391;0
2025.01.14 19:50;1.02843;1.02886;1.02842;1.02881;344;0
2025.01.14 20:00;1.02881;1.02902;1.02869;1.02877;337;0
2025.01.14 20:10;1.02878;1.02915;1.02867;1.02915;337;0
2025.01.14 20:20;1.02916;1.02943;1.02878;1.02938;312;0
2025.01.14 20:30;1.02939;1.02988;1.02938;1.02987;324;0
2025.01.14 20:40;1.02988;1.03002;1.02968;1.02985;380;0
2025.01.14 20:50;1.02984;1.02997;1.02970;1.02994;251;0
2025.01.14 21:00;1.02991;1.02998;1.02971;1.02981;275;0
2025.01.14 21:10;1.02980;1.03005;1.02964;1.02999;221;0
2025.01.14 21:20;1.02999;1.03019;1.02984;1.03010;224;0
2025.01.14 21:30;1.03011;1.03055;1.03009;1.03040;248;0
2025.01.14 21:40;1.03041;1.03043;1.03019;1.03020;171;0
2025.01.14 21:50;1.03021;1.03035;1.02962;1.02980;359;0
2025.01.14 22:00;1.02980;1.03000;1.02968;1.02982;400;0
2025.01.14 22:10;1.02980;1.02989;1.02964;1.02987;267;0
2025.01.14 22:20;1.02987;1.03084;1.02968;1.03072;310;0
2025.01.14 22:30;1.03070;1.03080;1.03052;1.03054;279;0
2025.01.14 22:40;1.03055;1.03061;1.03045;1.03046;225;0
2025.01.14 22:50;1.03048;1.03059;1.03016;1.03018;328;0
2025.01.14 23:00;1.03018;1.03047;1.03006;1.03026;231;0
2025.01.14 23:10;1.03027;1.03054;1.03026;1.03043;101;0
2025.01.14 23:20;1.03042;1.03077;1.03042;1.03064;117;0
2025.01.14 23:30;1.03065;1.03075;1.03061;1.03064;75;0
2025.01.14 23:40;1.03053;1.03065;1.03045;1.03062;126;25
2025.01.14 23:50;1.03063;1.03072;1.03051;1.03062;349;25
2025.01.15 00:00;1.03049;1.03058;1.03001;1.03043;51;24
2025.01.15 00:10;1.03044;1.03065;1.03032;1.03055;107;24
2025.01.15 00:20;1.03056;1.03069;1.03039;1.03058;90;24
2025.01.15 00:30;1.03059;1.03060;1.03057;1.03057;45;24
2025.01.15 00:40;1.03058;1.03066;1.03056;1.03066;86;24
2025.01.15 00:50;1.03066;1.03074;1.03053;1.03060;96;24
2025.01.15 01:00;1.03054;1.03081;1.03048;1.03059;118;1
2025.01.15 01:10;1.03058;1.03083;1.03054;1.03078;105;1
2025.01.15 01:20;1.03078;1.03080;1.03046;1.03047;100;1
2025.01.15 01:30;1.03047;1.03054;1.03043;1.03047;103;1
2025.01.15 01:40;1.03046;1.03052;1.03039;1.03039;97;1
2025.01.15 01:50;1.03039;1.03063;1.03024;1.03061;78;1
2025.01.15 02:00;1.03061;1.03061;1.02997;1.03006;183;1
2025.01.15 02:10;1.03003;1.03035;1.02998;1.03028;174;0
2025.01.15 02:20;1.03027;1.03029;1.03004;1.03009;203;0
2025.01.15 02:30;1.03009;1.03024;1.03008;1.03015;150;0
2025.01.15 02:40;1.03015;1.03028;1.02999;1.03000;154;0
2025.01.15 02:50;1.03000;1.03019;1.02999;1.03011;290;0
2025.01.15 03:00;1.03009;1.03048;1.03005;1.03013;194;0
2025.01.15 03:10;1.03013;1.03045;1.03013;1.03028;186;0
2025.01.15 03:20;1.03028;1.03029;1.03000;1.03005;210;0
2025.01.15 03:30;1.03005;1.03020;1.02978;1.02998;213;0
2025.01.15 03:40;1.02996;1.03012;1.02986;1.03001;223;0
2025.01.15 03:50;1.03000;1.03011;1.02993;1.03001;188;0
2025.01.15 04:00;1.03000;1.03008;1.02992;1.03004;161;0
2025.01.15 04:10;1.03004;1.03010;1.02992;1.03003;163;0
2025.01.15 04:20;1.03003;1.03014;1.03002;1.03003;161;0
2025.01.15 04:30;1.03002;1.03003;1.02971;1.02971;191;0
2025.01.15 04:40;1.02971;1.02988;1.02953;1.02964;166;0
2025.01.15 04:50;1.02965;1.02984;1.02957;1.02971;137;0
2025.01.15 05:00;1.02971;1.03008;1.02964;1.02998;201;0
2025.01.15 05:10;1.02998;1.03014;1.02983;1.02984;190;0
2025.01.15 05:20;1.02984;1.03007;1.02984;1.03003;81;0
2025.01.15 05:30;1.03002;1.03014;1.02988;1.03014;126;0
2025.01.15 05:40;1.03013;1.03018;1.02998;1.03012;132;0
2025.01.15 05:50;1.03013;1.03022;1.03005;1.03019;79;0
2025.01.15 06:00;1.03018;1.03019;1.02982;1.02984;111;0
2025.01.15 06:10;1.02984;1.02989;1.02975;1.02978;79;0
2025.01.15 06:20;1.02979;1.03002;1.02976;1.02996;177;0
2025.01.15 06:30;1.02997;1.03015;1.02997;1.03008;129;0
2025.01.15 06:40;1.03008;1.03017;1.03001;1.03015;146;0
2025.01.15 06:50;1.03014;1.03025;1.03006;1.03024;162;1
2025.01.15 07:00;1.03025;1.03027;1.02984;1.02990;152;0
2025.01.15 07:10;1.02993;1.03034;1.02992;1.03034;197;0
2025.01.15 07:20;1.03034;1.03053;1.03013;1.03017;212;0
2025.01.15 07:30;1.03017;1.03020;1.02992;1.03003;198;0
2025.01.15 07:40;1.03002;1.03015;1.02995;1.03011;170;0
2025.01.15 07:50;1.03012;1.03015;1.02926;1.02931;282;0
2025.01.15 08:00;1.02929;1.02979;1.02918;1.02958;286;1
2025.01.15 08:10;1.02959;1.02967;1.02949;1.02949;143;0
2025.01.15 08:20;1.02952;1.02978;1.02946;1.02978;162;0
2025.01.15 08:30;1.02978;1.02987;1.02962;1.02983;174;0
2025.01.15 08:40;1.02982;1.02987;1.02952;1.02962;218;0
2025.01.15 08:50;1.02962;1.02972;1.02951;1.02961;168;0
2025.01.15 09:00;1.02973;1.02975;1.02881;1.02915;808;0
2025.01.15 09:10;1.02917;1.02942;1.02878;1.02891;537;0
2025.01.15 09:20;1.02890;1.02969;1.02866;1.02952;489;0
2025.01.15 09:30;1.02951;1.03034;1.02924;1.03012;568;0
2025.01.15 09:40;1.03011;1.03075;1.02986;1.03063;600;0
2025.01.15 09:50;1.03060;1.03080;1.03022;1.03059;711;0
2025.01.15 10:00;1.03059;1.03143;1.03037;1.03141;815;0
2025.01.15 10:10;1.03139;1.03170;1.03022;1.03026;770;0
2025.01.15 10:20;1.03026;1.03066;1.02997;1.03017;584;0
2025.01.15 10:30;1.03017;1.03024;1.02979;1.03002;445;0
2025.01.15 10:40;1.03006;1.03018;1.02967;1.02985;437;0
2025.01.15 10:50;1.02986;1.02996;1.02941;1.02965;419;0
2025.01.15 11:00;1.02969;1.03068;1.02960;1.03055;472;0
2025.01.15 11:10;1.03056;1.03069;1.03001;1.03058;524;0
2025.01.15 11:20;1.03058;1.03069;1.03000;1.03053;507;0
2025.01.15 11:30;1.03053;1.03129;1.03053;1.03108;482;0
2025.01.15 11:40;1.03109;1.03131;1.03092;1.03103;417;0
2025.01.15 11:50;1.03102;1.03125;1.03081;1.03098;417;0
2025.01.15 12:00;1.03098;1.03119;1.03083;1.03103;387;0
2025.01.15 12:10;1.03102;1.03141;1.03048;1.03094;444;0
2025.01.15 12:20;1.03094;1.03109;1.03057;1.03057;428;0
2025.01.15 12:30;1.03056;1.03059;1.03008;1.03033;438;0
2025.01.15 12:40;1.03032;1.03083;1.03030;1.03081;325;0
2025.01.15 12:50;1.03082;1.03095;1.03040;1.03076;407;0
2025.01.15 13:00;1.03076;1.03124;1.03067;1.03110;328;0
2025.01.15 13:10;1.03111;1.03122;1.03066;1.03066;402;0
2025.01.15 13:20;1.03060;1.03097;1.03051;1.03083;353;0
2025.01.15 13:30;1.03083;1.03085;1.03016;1.03027;396;0
2025.01.15 13:40;1.03028;1.03037;1.02995;1.03001;434;0
2025.01.15 13:50;1.03002;1.03035;1.02996;1.03012;405;0
2025.01.15 14:00;1.03013;1.03064;1.03003;1.03047;485;0
2025.01.15 14:10;1.03047;1.03065;1.03024;1.03038;479;0
2025.01.15 14:20;1.03037;1.03061;1.03021;1.03032;370;0
2025.01.15 14:30;1.03031;1.03054;1.03011;1.03049;377;0
2025.01.15 14:40;1.03048;1.03049;1.02934;1.02943;467;0
2025.01.15 14:50;1.02943;1.03008;1.02943;1.02998;530;0
2025.01.15 15:00;1.02997;1.03012;1.02981;1.03003;521;0
2025.01.15 15:10;1.03004;1.03022;1.02961;1.03015;444;0
2025.01.15 15:20;1.03015;1.03048;1.02997;1.03027;603;0
2025.01.15 15:30;1.03007;1.03545;1.03007;1.03357;1783;2
2025.01.15 15:40;1.03359;1.03398;1.03252;1.03337;1403;0
2025.01.15 15:50;1.03343;1.03506;1.03311;1.03444;1205;0
2025.01.15 16:00;1.03449;1.03456;1.03283;1.03319;954;0
2025.01.15 16:10;1.03324;1.03368;1.03295;1.03328;946;0
2025.01.15 16:20;1.03327;1.03443;1.03312;1.03408;924;0
2025.01.15 16:30;1.03412;1.03452;1.03304;1.03307;929;0
2025.01.15 16:40;1.03307;1.03389;1.03283;1.03364;798;0
2025.01.15 16:50;1.03364;1.03370;1.03252;1.03271;1179;0
2025.01.15 17:00;1.03271;1.03271;1.03098;1.03158;972;0
2025.01.15 17:10;1.03158;1.03281;1.03144;1.03239;817;0
2025.01.15 17:20;1.03239;1.03265;1.03176;1.03262;762;0
2025.01.15 17:30;1.03262;1.03310;1.03222;1.03227;788;0
2025.01.15 17:40;1.03227;1.03229;1.03013;1.03022;759;0
2025.01.15 17:50;1.03026;1.03069;1.02988;1.03061;912;0
2025.01.15 18:00;1.03061;1.03079;1.02930;1.02952;824;0
2025.01.15 18:10;1.02951;1.02959;1.02889;1.02890;778;0
2025.01.15 18:20;1.02890;1.02943;1.02861;1.02890;696;0
2025.01.15 18:30;1.02890;1.02890;1.02594;1.02760;1125;0
2025.01.15 18:40;1.02759;1.02827;1.02745;1.02799;672;0
2025.01.15 18:50;1.02800;1.02815;1.02746;1.02812;617;0
2025.01.15 19:00;1.02812;1.02903;1.02810;1.02890;577;0
2025.01.15 19:10;1.02891;1.02920;1.02837;1.02837;449;0
2025.01.15 19:20;1.02837;1.02891;1.02826;1.02856;526;0
2025.01.15 19:30;1.02857;1.02932;1.02845;1.02923;478;0
2025.01.15 19:40;1.02924;1.02925;1.02865;1.02874;321;0
2025.01.15 19:50;1.02874;1.02874;1.02822;1.02856;360;0
2025.01.15 20:00;1.02856;1.02900;1.02843;1.02858;445;0
2025.01.15 20:10;1.02858;1.02922;1.02852;1.02912;410;0
2025.01.15 20:20;1.02911;1.02923;1.02897;1.02904;360;0
2025.01.15 20:30;1.02905;1.02929;1.02882;1.02917;352;0
2025.01.15 20:40;1.02904;1.02927;1.02902;1.02918;184;0
2025.01.15 20:50;1.02921;1.02928;1.02902;1.02921;208;0
2025.01.15 21:00;1.02921;1.02928;1.02903;1.02917;186;0
2025.01.15 21:10;1.02916;1.02933;1.02892;1.02921;208;0
2025.01.15 21:20;1.02918;1.02927;1.02892;1.02926;205;0
2025.01.15 21:30;1.02927;1.02942;1.02902;1.02942;251;0
2025.01.15 21:40;1.02941;1.02945;1.02897;1.02937;287;0
2025.01.15 21:50;1.02937;1.02942;1.02918;1.02932;260;0
2025.01.15 22:00;1.02932;1.02936;1.02904;1.02922;288;0
2025.01.15 22:10;1.02923;1.02948;1.02918;1.02938;238;0
2025.01.15 22:20;1.02939;1.02975;1.02936;1.02974;219;0
2025.01.15 22:30;1.02975;1.02989;1.02966;1.02979;225;0
2025.01.15 22:40;1.02980;1.02980;1.02952;1.02953;246;0
2025.01.15 22:50;1.02952;1.02969;1.02948;1.02957;268;0
2025.01.15 23:00;1.02959;1.02963;1.02934;1.02937;167;0
2025.01.15 23:10;1.02937;1.02951;1.02927;1.02928;164;0
2025.01.15 23:20;1.02928;1.02931;1.02900;1.02902;136;0
2025.01.15 23:30;1.02902;1.02907;1.02881;1.02883;127;0
2025.01.15 23:40;1.02871;1.02886;1.02870;1.02884;82;25
2025.01.15 23:50;1.02884;1.02894;1.02877;1.02890;150;25
2025.01.16 00:00;1.02880;1.02896;1.02844;1.02889;165;24
2025.01.16 00:10;1.02890;1.02914;1.02881;1.02910;324;24
2025.01.16 00:20;1.02910;1.02916;1.02903;1.02911;155;24
2025.01.16 00:30;1.02912;1.02912;1.02901;1.02907;44;24
2025.01.16 00:40;1.02907;1.02939;1.02907;1.02933;124;24
2025.01.16 00:50;1.02933;1.02933;1.02908;1.02922;223;24
2025.01.16 01:00;1.02922;1.02939;1.02907;1.02925;131;1
2025.01.16 01:10;1.02919;1.02922;1.02909;1.02918;92;1
2025.01.16 01:20;1.02918;1.02942;1.02918;1.02939;89;1
2025.01.16 01:30;1.02938;1.02944;1.02929;1.02938;110;1
2025.01.16 01:40;1.02938;1.02944;1.02933;1.02938;94;1
2025.01.16 01:50;1.02938;1.02956;1.02934;1.02952;148;1
2025.01.16 02:00;1.02951;1.02963;1.02927;1.02936;188;1
2025.01.16 02:10;1.02936;1.02942;1.02912;1.02917;165;1
2025.01.16 02:20;1.02917;1.02945;1.02903;1.02945;182;0
2025.01.16 02:30;1.02945;1.02999;1.02945;1.02986;371;1
2025.01.16 02:40;1.02987;1.02989;1.02847;1.02888;364;0
2025.01.16 02:50;1.02889;1.02996;1.02877;1.02990;556;1
2025.01.16 03:00;1.02990;1.02996;1.02948;1.02967;455;1
2025.01.16 03:10;1.02967;1.02976;1.02928;1.02936;338;0
2025.01.16 03:20;1.02935;1.02957;1.02911;1.02925;416;0
2025.01.16 03:30;1.02929;1.02978;1.02928;1.02965;410;0
2025.01.16 03:40;1.02966;1.02982;1.02938;1.02938;390;0
2025.01.16 03:50;1.02938;1.02957;1.02877;1.02890;431;0
2025.01.16 04:00;1.02897;1.02930;1.02878;1.02900;583;0
2025.01.16 04:10;1.02901;1.02906;1.02864;1.02870;419;0
2025.01.16 04:20;1.02871;1.02883;1.02847;1.02876;311;0
2025.01.16 04:30;1.02876;1.02905;1.02870;1.02887;236;0
2025.01.16 04:40;1.02887;1.02921;1.02884;1.02900;266;0
2025.01.16 04:50;1.02900;1.02901;1.02859;1.02870;242;0
2025.01.16 05:00;1.02872;1.02876;1.02853;1.02873;240;0
2025.01.16 05:10;1.02877;1.02885;1.02854;1.02854;206;0
2025.01.16 05:20;1.02855;1.02868;1.02847;1.02852;153;0
2025.01.16 05:30;1.02852;1.02864;1.02850;1.02863;145;0
2025.01.16 05:40;1.02863;1.02864;1.02849;1.02856;157;0
2025.01.16 05:50;1.02855;1.02891;1.02855;1.02890;109;0
2025.01.16 06:00;1.02891;1.02939;1.02891;1.02932;148;0
2025.01.16 06:10;1.02932;1.02934;1.02918;1.02923;102;0
2025.01.16 06:20;1.02923;1.02930;1.02890;1.02890;148;0
2025.01.16 06:30;1.02890;1.02929;1.02863;1.02863;205;0
2025.01.16 06:40;1.02863;1.02884;1.02853;1.02875;202;0
2025.01.16 06:50;1.02877;1.02879;1.02860;1.02870;137;0
2025.01.16 07:00;1.02869;1.02873;1.02849;1.02859;165;0
2025.01.16 07:10;1.02855;1.02862;1.02832;1.02845;200;0
2025.01.16 07:20;1.02845;1.02858;1.02834;1.02857;218;0
2025.01.16 07:30;1.02857;1.02858;1.02822;1.02834;194;0
2025.01.16 07:40;1.02833;1.02838;1.02809;1.02821;156;0
2025.01.16 07:50;1.02820;1.02832;1.02818;1.02824;208;0
2025.01.16 08:00;1.02825;1.02849;1.02824;1.02834;273;0
2025.01.16 08:10;1.02835;1.02856;1.02822;1.02856;245;0
2025.01.16 08:20;1.02856;1.02891;1.02843;1.02886;296;0
2025.01.16 08:30;1.02884;1.02885;1.02840;1.02858;289;0
2025.01.16 08:40;1.02858;1.02885;1.02840;1.02881;259;0
2025.01.16 08:50;1.02881;1.02897;1.02872;1.02889;264;0
2025.01.16 09:00;1.02888;1.02949;1.02861;1.02948;612;0
2025.01.16 09:10;1.02948;1.02990;1.02936;1.02963;542;0
2025.01.16 09:20;1.02961;1.02993;1.02938;1.02949;453;0
2025.01.16 09:30;1.02949;1.03013;1.02948;1.02968;468;0
2025.01.16 09:40;1.02969;1.02992;1.02947;1.02968;401;0
2025.01.16 09:50;1.02968;1.02991;1.02956;1.02975;436;0
2025.01.16 10:00;1.02981;1.02998;1.02949;1.02975;479;0
2025.01.16 10:10;1.02976;1.02985;1.02892;1.02929;533;0
2025.01.16 10:20;1.02930;1.02988;1.02922;1.02928;614;0
2025.01.16 10:30;1.02929;1.02965;1.02878;1.02945;611;0
2025.01.16 10:40;1.02945;1.02970;1.02937;1.02958;509;0
2025.01.16 10:50;1.02958;1.02966;1.02933;1.02960;452;0
2025.01.16 11:00;1.02959;1.02963;1.02887;1.02941;481;0
2025.01.16 11:10;1.02940;1.02974;1.02905;1.02943;500;0
2025.01.16 11:20;1.02943;1.02989;1.02933;1.02940;350;0
2025.01.16 11:30;1.02940;1.02961;1.02894;1.02911;488;0
2025.01.16 11:40;1.02911;1.02911;1.02816;1.02831;616;0
2025.01.16 11:50;1.02833;1.02873;1.02832;1.02861;467;0
2025.01.16 12:00;1.02862;1.02870;1.02829;1.02868;341;0
2025.01.16 12:10;1.02868;1.02908;1.02866;1.02894;432;0
2025.01.16 12:20;1.02894;1.02962;1.02886;1.02923;385;0
2025.01.16 12:30;1.02923;1.02940;1.02902;1.02922;339;0
2025.01.16 12:40;1.02921;1.02923;1.02878;1.02890;338;0
2025.01.16 12:50;1.02890;1.02901;1.02849;1.02855;326;0
2025.01.16 13:00;1.02855;1.02871;1.02840;1.02867;411;0
2025.01.16 13:10;1.02866;1.02907;1.02852;1.02872;398;0
2025.01.16 13:20;1.02873;1.02889;1.02860;1.02881;342;0
2025.01.16 13:30;1.02881;1.02898;1.02856;1.02865;352;0
2025.01.16 13:40;1.02867;1.02907;1.02865;1.02894;321;0
2025.01.16 13:50;1.02894;1.02920;1.02883;1.02901;444;0
2025.01.16 14:00;1.02901;1.02901;1.02845;1.02846;332;0
2025.01.16 14:10;1.02845;1.02865;1.02820;1.02853;381;0
2025.01.16 14:20;1.02853;1.02853;1.02723;1.02746;475;0
2025.01.16 14:30;1.02746;1.02755;1.02676;1.02683;605;0
2025.01.16 14:40;1.02680;1.02733;1.02640;1.02718;630;0
2025.01.16 14:50;1.02718;1.02741;1.02695;1.02719;587;0
2025.01.16 15:00;1.02727;1.02748;1.02677;1.02715;590;0
2025.01.16 15:10;1.02714;1.02752;1.02627;1.02659;636;0
2025.01.16 15:20;1.02655;1.02692;1.02643;1.02670;625;0
2025.01.16 15:30;1.02670;1.02812;1.02608;1.02720;1316;0
2025.01.16 15:40;1.02720;1.02815;1.02690;1.02772;938;0
2025.01.16 15:50;1.02771;1.02851;1.02766;1.02815;818;0
2025.01.16 16:00;1.02809;1.02815;1.02732;1.02739;712;0
2025.01.16 16:10;1.02739;1.02766;1.02705;1.02760;696;0
2025.01.16 16:20;1.02761;1.02768;1.02700;1.02747;626;0
2025.01.16 16:30;1.02749;1.02751;1.02679;1.02714;820;0
2025.01.16 16:40;1.02712;1.02831;1.02709;1.02821;782;0
2025.01.16 16:50;1.02820;1.02840;1.02788;1.02793;696;0
2025.01.16 17:00;1.02793;1.03013;1.02742;1.02996;1284;0
2025.01.16 17:10;1.02991;1.03041;1.02888;1.02979;1278;0
2025.01.16 17:20;1.02978;1.03044;1.02954;1.02984;967;0
2025.01.16 17:30;1.02984;1.03058;1.02945;1.03008;821;0
2025.01.16 17:40;1.03009;1.03046;1.02973;1.03000;886;0
2025.01.16 17:50;1.02999;1.03020;1.02942;1.03009;906;0
2025.01.16 18:00;1.03009;1.03118;1.02984;1.03080;929;0
2025.01.16 18:10;1.03080;1.03086;1.02860;1.02915;1104;0
2025.01.16 18:20;1.02917;1.03027;1.02863;1.02995;798;0
2025.01.16 18:30;1.02994;1.03115;1.02985;1.03051;752;0
2025.01.16 18:40;1.03050;1.03085;1.03035;1.03059;694;0
2025.01.16 18:50;1.03058;1.03060;1.02994;1.03023;629;0
2025.01.16 19:00;1.03025;1.03027;1.02976;1.02995;662;0
2025.01.16 19:10;1.02995;1.03137;1.02985;1.03127;778;0
2025.01.16 19:20;1.03127;1.03151;1.03069;1.03127;681;0
2025.01.16 19:30;1.03127;1.03136;1.03084;1.03094;530;0
2025.01.16 19:40;1.03094;1.03105;1.02990;1.03001;468;0
2025.01.16 19:50;1.03000;1.03015;1.02944;1.02965;429;0
2025.01.16 20:00;1.02965;1.02997;1.02954;1.02991;348;0
2025.01.16 20:10;1.02990;1.03029;1.02989;1.03011;320;0
2025.01.16 20:20;1.03012;1.03024;1.02972;1.02980;320;0
2025.01.16 20:30;1.02980;1.02980;1.02939;1.02961;386;0
2025.01.16 20:40;1.02961;1.02982;1.02934;1.02958;318;0
2025.01.16 20:50;1.02958;1.03009;1.02955;1.03003;335;0
2025.01.16 21:00;1.02999;1.03043;1.02975;1.03017;488;0
2025.01.16 21:10;1.03017;1.03077;1.03017;1.03059;295;0
2025.01.16 21:20;1.03059;1.03072;1.03000;1.03008;418;0
2025.01.16 21:30;1.03009;1.03047;1.02989;1.03039;341;0
2025.01.16 21:40;1.03038;1.03054;1.03022;1.03022;281;0
2025.01.16 21:50;1.03023;1.03052;1.02998;1.03017;374;0
2025.01.16 22:00;1.03016;1.03019;1.02980;1.02990;280;0
2025.01.16 22:10;1.02990;1.02997;1.02975;1.02992;242;0
2025.01.16 22:20;1.02992;1.03018;1.02982;1.03012;234;0
2025.01.16 22:30;1.03015;1.03037;1.03011;1.03011;223;0
2025.01.16 22:40;1.03012;1.03016;1.02971;1.02997;227;0
2025.01.16 22:50;1.02996;1.03011;1.02981;1.03002;243;0
2025.01.16 23:00;1.02996;1.02999;1.02967;1.02985;218;0
2025.01.16 23:10;1.02984;1.02994;1.02979;1.02987;117;0
2025.01.16 23:20;1.02986;1.02997;1.02986;1.02997;128;0
2025.01.16 23:30;1.03003;1.03027;1.03000;1.03022;124;0
2025.01.16 23:40;1.03010;1.03013;1.02982;1.02998;143;25
2025.01.16 23:50;1.02998;1.03023;1.02998;1.03008;220;25
2025.01.17 00:00;1.02952;1.03022;1.02930;1.03020;91;24
2025.01.17 00:10;1.03020;1.03022;1.03000;1.03014;173;24
2025.01.17 00:20;1.03014;1.03026;1.03008;1.03012;133;24
2025.01.17 00:30;1.03011;1.03013;1.02997;1.03006;68;24
2025.01.17 00:40;1.03006;1.03007;1.02996;1.03003;94;24
2025.01.17 00:50;1.03003;1.03007;1.02999;1.03005;41;24
2025.01.17 01:00;1.03017;1.03021;1.03001;1.03021;77;1
2025.01.17 01:10;1.03024;1.03043;1.03021;1.03040;98;0
2025.01.17 01:20;1.03040;1.03043;1.03007;1.03021;82;0
2025.01.17 01:30;1.03022;1.03029;1.03003;1.03005;117;0
2025.01.17 01:40;1.03007;1.03020;1.03006;1.03017;74;0
2025.01.17 01:50;1.03018;1.03018;1.03006;1.03014;86;0
2025.01.17 02:00;1.03012;1.03015;1.02999;1.03006;186;0
2025.01.17 02:10;1.03007;1.03012;1.02980;1.03005;196;0
2025.01.17 02:20;1.03005;1.03016;1.03000;1.03007;147;0
2025.01.17 02:30;1.03009;1.03043;1.03009;1.03031;221;0
2025.01.17 02:40;1.03030;1.03061;1.03030;1.03055;273;0
2025.01.17 02:50;1.03055;1.03066;1.03036;1.03047;362;0
2025.01.17 03:00;1.03047;1.03051;1.03014;1.03047;298;0
2025.01.17 03:10;1.03050;1.03051;1.03024;1.03027;265;0
2025.01.17 03:20;1.03027;1.03058;1.03021;1.03050;210;0
2025.01.17 03:30;1.03049;1.03056;1.03021;1.03028;267;0
2025.01.17 03:40;1.03028;1.03094;1.03026;1.03083;249;0
2025.01.17 03:50;1.03083;1.03085;1.03043;1.03051;236;0
2025.01.17 04:00;1.03055;1.03080;1.03046;1.03079;336;0
2025.01.17 04:10;1.03080;1.03082;1.03038;1.03076;274;0
2025.01.17 04:20;1.03078;1.03089;1.03057;1.03069;236;0
2025.01.17 04:30;1.03069;1.03091;1.03057;1.03058;240;0
2025.01.17 04:40;1.03058;1.03069;1.03040;1.03040;188;0
2025.01.17 04:50;1.03041;1.03050;1.03029;1.03033;181;0
2025.01.17 05:00;1.03033;1.03048;1.03029;1.03044;145;0
2025.01.17 05:10;1.03045;1.03046;1.03023;1.03025;119;0
2025.01.17 05:20;1.03026;1.03031;1.02998;1.03014;167;0
2025.01.17 05:30;1.03015;1.03030;1.03012;1.03015;194;0
2025.01.17 05:40;1.03015;1.03033;1.03012;1.03016;143;0
2025.01.17 05:50;1.03017;1.03021;1.02999;1.03006;105;0
2025.01.17 06:00;1.03005;1.03010;1.02990;1.02995;96;0
2025.01.17 06:10;1.02991;1.03008;1.02984;1.02990;115;0
2025.01.17 06:20;1.02989;1.02994;1.02976;1.02981;161;0
2025.01.17 06:30;1.02983;1.02984;1.02951;1.02953;166;0
2025.01.17 06:40;1.02953;1.02953;1.02918;1.02934;209;0
2025.01.17 06:50;1.02934;1.02941;1.02920;1.02936;167;0
2025.01.17 07:00;1.02936;1.02950;1.02931;1.02947;164;0
2025.01.17 07:10;1.02947;1.02949;1.02922;1.02924;150;0
2025.01.17 07:20;1.02923;1.02930;1.02903;1.02930;188;0
2025.01.17 07:30;1.02929;1.02936;1.02908;1.02910;208;0
2025.01.17 07:40;1.02911;1.02911;1.02874;1.02884;166;0
2025.01.17 07:50;1.02884;1.02936;1.02884;1.02933;229;0
2025.01.17 08:00;1.02934;1.02939;1.02910;1.02919;176;0
2025.01.17 08:10;1.02918;1.02920;1.02870;1.02874;159;0
2025.01.17 08:20;1.02874;1.02880;1.02852;1.02870;169;0
2025.01.17 08:30;1.02870;1.02878;1.02858;1.02875;163;0
2025.01.17 08:40;1.02875;1.02898;1.02862;1.02881;189;0
2025.01.17 08:50;1.02882;1.02913;1.02873;1.02904;245;0
2025.01.17 09:00;1.02902;1.02910;1.02862;1.02890;632;0
2025.01.17 09:10;1.02890;1.02894;1.02806;1.02819;523;0
2025.01.17 09:20;1.02820;1.02850;1.02801;1.02815;495;0
2025.01.17 09:30;1.02816;1.02840;1.02774;1.02805;486;0
2025.01.17 09:40;1.02805;1.02877;1.02788;1.02875;417;0
2025.01.17 09:50;1.02875;1.02881;1.02833;1.02844;570;0
2025.01.17 10:00;1.02847;1.02920;1.02846;1.02859;640;0
2025.01.17 10:10;1.02858;1.02927;1.02858;1.02920;515;0
2025.01.17 10:20;1.02921;1.02955;1.02909;1.02935;412;0
2025.01.17 10:30;1.02937;1.02965;1.02930;1.02955;427;0
2025.01.17 10:40;1.02954;1.02989;1.02930;1.02933;392;0
2025.01.17 10:50;1.02934;1.02978;1.02919;1.02969;484;0
2025.01.17 11:00;1.02969;1.03040;1.02960;1.03027;568;0
2025.01.17 11:10;1.03028;1.03037;1.02975;1.02996;524;0
2025.01.17 11:20;1.02995;1.02996;1.02944;1.02989;485;0
2025.01.17 11:30;1.02988;1.03009;1.02947;1.02956;445;0
2025.01.17 11:40;1.02958;1.02959;1.02893;1.02904;487;0
2025.01.17 11:50;1.02904;1.02982;1.02904;1.02966;491;0
2025.01.17 12:00;1.02966;1.03008;1.02965;1.02992;433;0
2025.01.17 12:10;1.02992;1.03006;1.02966;1.03002;355;0
2025.01.17 12:20;1.03004;1.03047;1.02985;1.03043;347;0
2025.01.17 12:30;1.03043;1.03048;1.03004;1.03027;342;0
2025.01.17 12:40;1.03027;1.03051;1.03016;1.03035;367;0
2025.01.17 12:50;1.03035;1.03061;1.03021;1.03038;395;0
2025.01.17 13:00;1.03038;1.03046;1.02993;1.03044;432;0
2025.01.17 13:10;1.03045;1.03099;1.03044;1.03086;409;0
2025.01.17 13:20;1.03082;1.03082;1.03049;1.03075;373;0
2025.01.17 13:30;1.03073;1.03082;1.03024;1.03024;397;0
2025.01.17 13:40;1.03027;1.03040;1.02989;1.03009;383;0
2025.01.17 13:50;1.03009;1.03048;1.02989;1.03046;468;0
2025.01.17 14:00;1.03046;1.03066;1.02961;1.03010;584;0
2025.01.17 14:10;1.03011;1.03055;1.03007;1.03016;420;0
2025.01.17 14:20;1.03015;1.03041;1.02994;1.03021;430;0
2025.01.17 14:30;1.03021;1.03057;1.03001;1.03014;531;0
2025.01.17 14:40;1.03007;1.03010;1.02944;1.02959;577;0
2025.01.17 14:50;1.02959;1.02988;1.02904;1.02929;667;0
2025.01.17 15:00;1.02931;1.02997;1.02927;1.02980;616;0
2025.01.17 15:10;1.02980;1.02980;1.02929;1.02931;600;0
2025.01.17 15:20;1.02927;1.02934;1.02854;1.02867;640;0
2025.01.17 15:30;1.02863;1.02951;1.02862;1.02951;873;0
2025.01.17 15:40;1.02947;1.02965;1.02916;1.02926;648;0
2025.01.17 15:50;1.02926;1.02926;1.02856;1.02902;646;0
2025.01.17 16:00;1.02902;1.02904;1.02804;1.02837;568;0
2025.01.17 16:10;1.02838;1.02838;1.02687;1.02712;709;0
2025.01.17 16:20;1.02712;1.02798;1.02651;1.02793;892;0
2025.01.17 16:30;1.02796;1.02933;1.02746;1.02803;1229;0
2025.01.17 16:40;1.02803;1.02917;1.02799;1.02882;1050;0
2025.01.17 16:50;1.02882;1.03024;1.02881;1.02985;951;0
2025.01.17 17:00;1.02984;1.03300;1.02954;1.03250;1301;0
2025.01.17 17:10;1.03249;1.03307;1.03126;1.03156;1111;0
2025.01.17 17:20;1.03157;1.03162;1.03086;1.03145;990;0
2025.01.17 17:30;1.03145;1.03146;1.03051;1.03071;786;0
2025.01.17 17:40;1.03071;1.03109;1.02994;1.03029;905;0
2025.01.17 17:50;1.03028;1.03036;1.02974;1.02990;798;0
2025.01.17 18:00;1.02989;1.02990;1.02862;1.02875;773;0
2025.01.17 18:10;1.02873;1.02916;1.02855;1.02886;674;0
2025.01.17 18:20;1.02886;1.02941;1.02876;1.02938;683;0
2025.01.17 18:30;1.02940;1.03002;1.02931;1.02935;560;0
2025.01.17 18:40;1.02936;1.03001;1.02935;1.02978;452;0
2025.01.17 18:50;1.02978;1.02992;1.02817;1.02861;583;0
2025.01.17 19:00;1.02860;1.02897;1.02822;1.02836;594;0
2025.01.17 19:10;1.02837;1.02911;1.02811;1.02893;461;0
2025.01.17 19:20;1.02893;1.02893;1.02823;1.02836;490;0
2025.01.17 19:30;1.02836;1.02873;1.02827;1.02859;428;0
2025.01.17 19:40;1.02860;1.02860;1.02808;1.02824;422;0
2025.01.17 19:50;1.02824;1.02832;1.02787;1.02809;393;0
2025.01.17 20:00;1.02809;1.02832;1.02790;1.02808;354;0
2025.01.17 20:10;1.02809;1.02884;1.02807;1.02884;429;0
2025.01.17 20:20;1.02885;1.02921;1.02845;1.02847;383;0
2025.01.17 20:30;1.02847;1.02847;1.02805;1.02832;292;0
2025.01.17 20:40;1.02832;1.02847;1.02811;1.02811;302;0
2025.01.17 20:50;1.02812;1.02831;1.02800;1.02810;339;0
2025.01.17 21:00;1.02810;1.02841;1.02799;1.02832;312;0
2025.01.17 21:10;1.02832;1.02842;1.02778;1.02783;284;0
2025.01.17 21:20;1.02783;1.02798;1.02756;1.02779;303;0
2025.01.17 21:30;1.02779;1.02785;1.02734;1.02734;290;0
2025.01.17 21:40;1.02734;1.02772;1.02726;1.02758;337;0
2025.01.17 21:50;1.02758;1.02779;1.02745;1.02761;348;0
2025.01.17 22:00;1.02762;1.02787;1.02747;1.02766;453;0
2025.01.17 22:10;1.02766;1.02778;1.02737;1.02778;411;0
2025.01.17 22:20;1.02781;1.02799;1.02766;1.02793;355;0
2025.01.17 22:30;1.02792;1.02816;1.02768;1.02771;338;0
2025.01.17 22:40;1.02770;1.02774;1.02742;1.02754;337;0
2025.01.17 22:50;1.02755;1.02770;1.02741;1.02753;274;0
2025.01.17 23:00;1.02749;1.02752;1.02725;1.02726;209;0
2025.01.17 23:10;1.02726;1.02726;1.02699;1.02705;148;0
2025.01.17 23:20;1.02705;1.02726;1.02691;1.02722;187;0
2025.01.17 23:30;1.02721;1.02730;1.02707;1.02710;115;0
2025.01.17 23:40;1.02699;1.02716;1.02683;1.02688;189;25
2025.01.17 23:50;1.02686;1.02690;1.02683;1.02688;94;25
2025.01.20 00:00;1.02796;1.02796;1.02733;1.02733;46;81
2025.01.20 00:10;1.02733;1.02745;1.02730;1.02742;39;77
2025.01.20 00:20;1.02742;1.02742;1.02736;1.02736;17;61
2025.01.20 00:30;1.02736;1.02757;1.02735;1.02739;116;29
2025.01.20 00:40;1.02739;1.02756;1.02736;1.02741;229;29
2025.01.20 00:50;1.02741;1.02802;1.02736;1.02772;304;29
2025.01.20 01:00;1.02765;1.02774;1.02705;1.02730;249;1
2025.01.20 01:10;1.02729;1.02732;1.02697;1.02701;189;0
2025.01.20 01:20;1.02701;1.02703;1.02662;1.02683;149;0
2025.01.20 01:30;1.02682;1.02743;1.02680;1.02741;169;0
2025.01.20 01:40;1.02740;1.02755;1.02728;1.02751;162;0
2025.01.20 01:50;1.02751;1.02805;1.02751;1.02805;176;0
2025.01.20 02:00;1.02804;1.02837;1.02781;1.02836;297;1
2025.01.20 02:10;1.02836;1.02902;1.02833;1.02867;330;0
2025.01.20 02:20;1.02869;1.02875;1.02825;1.02829;187;0
2025.01.20 02:30;1.02828;1.02856;1.02828;1.02844;195;0
2025.01.20 02:40;1.02845;1.02863;1.02839;1.02851;214;0
2025.01.20 02:50;1.02851;1.02870;1.02841;1.02862;268;1
2025.01.20 03:00;1.02862;1.02862;1.02821;1.02847;341;0
2025.01.20 03:10;1.02847;1.02865;1.02808;1.02808;253;0
2025.01.20 03:20;1.02808;1.02831;1.02805;1.02820;189;0
2025.01.20 03:30;1.02821;1.02830;1.02791;1.02819;276;0
2025.01.20 03:40;1.02819;1.02876;1.02814;1.02864;264;0
2025.01.20 03:50;1.02864;1.02927;1.02856;1.02908;380;0
2025.01.20 04:00;1.02910;1.02911;1.02873;1.02905;294;0
2025.01.20 04:10;1.02905;1.02915;1.02883;1.02886;243;0
2025.01.20 04:20;1.02885;1.02895;1.02868;1.02873;204;0
2025.01.20 04:30;1.02874;1.02924;1.02873;1.02919;255;0
2025.01.20 04:40;1.02920;1.02922;1.02892;1.02894;223;0
2025.01.20 04:50;1.02894;1.02914;1.02875;1.02911;250;0
2025.01.20 05:00;1.02910;1.02950;1.02909;1.02929;207;0
2025.01.20 05:10;1.02929;1.02962;1.02929;1.02957;176;0
2025.01.20 05:20;1.02956;1.02958;1.02943;1.02956;185;0
2025.01.20 05:30;1.02955;1.03005;1.02953;1.02963;273;0
2025.01.20 05:40;1.02963;1.03002;1.02956;1.02998;272;0
2025.01.20 05:50;1.02998;1.03064;1.02998;1.03061;288;0
2025.01.20 06:00;1.03061;1.03072;1.03033;1.03036;244;0
2025.01.20 06:10;1.03035;1.03058;1.03035;1.03049;221;0
2025.01.20 06:20;1.03050;1.03053;1.03031;1.03037;182;0
2025.01.20 06:30;1.03034;1.03040;1.03019;1.03026;119;0
2025.01.20 06:40;1.03027;1.03039;1.03022;1.03029;124;0
2025.01.20 06:50;1.03028;1.03044;1.03019;1.03044;132;0
2025.01.20 07:00;1.03044;1.03054;1.03028;1.03034;161;0
2025.01.20 07:10;1.03033;1.03044;1.03022;1.03027;137;0
2025.01.20 07:20;1.03029;1.03036;1.03020;1.03030;113;0
2025.01.20 07:30;1.03030;1.03044;1.03022;1.03044;118;0
2025.01.20 07:40;1.03044;1.03064;1.03044;1.03064;147;0
2025.01.20 07:50;1.03064;1.03064;1.03017;1.03024;218;0
2025.01.20 08:00;1.03025;1.03025;1.02993;1.03015;375;1
2025.01.20 08:10;1.03016;1.03034;1.03002;1.03018;204;0
2025.01.20 08:20;1.03018;1.03063;1.03015;1.03063;213;0
2025.01.20 08:30;1.03065;1.03077;1.03041;1.03043;208;0
2025.01.20 08:40;1.03042;1.03059;1.03024;1.03049;197;0
2025.01.20 08:50;1.03049;1.03188;1.03035;1.03103;479;0
2025.01.20 09:00;1.03103;1.03119;1.03067;1.03077;465;0
2025.01.20 09:10;1.03079;1.03116;1.03067;1.03068;358;0
2025.01.20 09:20;1.03068;1.03128;1.03058;1.03104;345;0
2025.01.20 09:30;1.03104;1.03126;1.03076;1.03120;412;0
2025.01.20 09:40;1.03121;1.03185;1.03120;1.03148;526;0
2025.01.20 09:50;1.03149;1.03169;1.03115;1.03168;453;0
2025.01.20 10:00;1.03167;1.03176;1.03113;1.03153;666;0
2025.01.20 10:10;1.03152;1.03169;1.03117;1.03128;558;0
2025.01.20 10:20;1.03128;1.03144;1.03069;1.03093;541;0
2025.01.20 10:30;1.03093;1.03123;1.03072;1.03114;556;0
2025.01.20 10:40;1.03118;1.03134;1.03099;1.03109;532;0
2025.01.20 10:50;1.03108;1.03126;1.03074;1.03100;513;0
2025.01.20 11:00;1.03098;1.03169;1.03095;1.03166;623;0
2025.01.20 11:10;1.03167;1.03169;1.03060;1.03066;511;0
2025.01.20 11:20;1.03064;1.03099;1.03055;1.03092;462;0
2025.01.20 11:30;1.03092;1.03126;1.03050;1.03067;525;0
2025.01.20 11:40;1.03063;1.03108;1.03057;1.03081;497;0
2025.01.20 11:50;1.03082;1.03096;1.03052;1.03063;570;0
2025.01.20 12:00;1.03064;1.03158;1.03064;1.03128;476;0
2025.01.20 12:10;1.03127;1.03180;1.03127;1.03166;374;0
2025.01.20 12:20;1.03167;1.03176;1.03132;1.03164;405;0
2025.01.20 12:30;1.03165;1.03222;1.03158;1.03193;325;0
2025.01.20 12:40;1.03193;1.03193;1.03160;1.03160;327;0
2025.01.20 12:50;1.03161;1.03168;1.03123;1.03150;352;0
2025.01.20 13:00;1.03150;1.03206;1.03130;1.03194;354;0
2025.01.20 13:10;1.03195;1.03249;1.03188;1.03238;409;0
2025.01.20 13:20;1.03239;1.03239;1.03182;1.03212;353;0
2025.01.20 13:30;1.03211;1.03216;1.03180;1.03213;374;0
2025.01.20 13:40;1.03213;1.03231;1.03189;1.03229;338;0
2025.01.20 13:50;1.03229;1.03265;1.03216;1.03260;322;0
2025.01.20 14:00;1.03261;1.03265;1.03202;1.03207;346;0
2025.01.20 14:10;1.03207;1.03218;1.03173;1.03210;403;0
2025.01.20 14:20;1.03210;1.03222;1.03150;1.03150;332;0
2025.01.20 14:30;1.03150;1.03238;1.03150;1.03236;420;0
2025.01.20 14:40;1.03236;1.03257;1.03192;1.03204;396;0
2025.01.20 14:50;1.03205;1.03219;1.03179;1.03202;461;0
2025.01.20 15:00;1.03197;1.03198;1.03150;1.03163;413;0
2025.01.20 15:10;1.03164;1.03182;1.03136;1.03137;343;0
2025.01.20 15:20;1.03136;1.03164;1.03121;1.03138;432;0
2025.01.20 15:30;1.03138;1.03984;1.03081;1.03706;2082;0
2025.01.20 15:40;1.03703;1.03960;1.03640;1.03941;1631;0
2025.01.20 15:50;1.03941;1.04001;1.03842;1.03980;1495;0
2025.01.20 16:00;1.03980;1.04048;1.03823;1.03859;1305;0
2025.01.20 16:10;1.03860;1.04031;1.03795;1.03930;1143;0
2025.01.20 16:20;1.03930;1.04020;1.03892;1.03998;995;0
2025.01.20 16:30;1.03998;1.04038;1.03908;1.03925;916;0
2025.01.20 16:40;1.03924;1.04300;1.03870;1.04249;1517;0
2025.01.20 16:50;1.04247;1.04248;1.04074;1.04151;1076;0
2025.01.20 17:00;1.04151;1.04236;1.04085;1.04200;898;0
2025.01.20 17:10;1.04200;1.04296;1.04148;1.04246;879;0
2025.01.20 17:20;1.04246;1.04299;1.03988;1.04032;1006;0
2025.01.20 17:30;1.04025;1.04095;1.03958;1.03990;987;0
2025.01.20 17:40;1.03990;1.03990;1.03847;1.03911;993;0
2025.01.20 17:50;1.03908;1.04029;1.03895;1.04005;839;0
2025.01.20 18:00;1.04006;1.04057;1.03961;1.03979;632;0
2025.01.20 18:10;1.03976;1.03995;1.03906;1.03927;616;0
2025.01.20 18:20;1.03935;1.04027;1.03920;1.04024;598;0
2025.01.20 18:30;1.04025;1.04043;1.03961;1.03977;446;0
2025.01.20 18:40;1.03977;1.04013;1.03968;1.04005;377;0
2025.01.20 18:50;1.04004;1.04013;1.03968;1.03984;297;0
2025.01.20 19:00;1.03984;1.03984;1.03846;1.03848;477;0
2025.01.20 19:10;1.03848;1.03864;1.03721;1.03806;623;0
2025.01.20 19:20;1.03807;1.03845;1.03535;1.03703;1073;0
2025.01.20 19:30;1.03703;1.04023;1.03700;1.03973;1071;0
2025.01.20 19:40;1.03973;1.03973;1.03843;1.03894;578;0
2025.01.20 19:50;1.03894;1.03924;1.03832;1.03855;435;0
2025.01.20 20:00;1.03855;1.03931;1.03847;1.03916;256;0
2025.01.20 20:10;1.03917;1.03926;1.03867;1.03874;209;0
2025.01.20 20:20;1.03874;1.03880;1.03833;1.03858;187;0
2025.01.20 20:30;1.03863;1.03900;1.03834;1.03856;233;0
2025.01.20 20:40;1.03855;1.03896;1.03848;1.03867;161;0
2025.01.20 20:50;1.03865;1.03967;1.03864;1.03966;234;0
2025.01.20 21:00;1.03966;1.03998;1.03937;1.03941;279;0
2025.01.20 21:10;1.03940;1.03942;1.03920;1.03934;116;0
2025.01.20 21:20;1.03935;1.03949;1.03906;1.03945;104;0
2025.01.20 21:30;1.03945;1.03960;1.03942;1.03959;158;0
2025.01.20 21:40;1.03959;1.04181;1.03959;1.04153;347;0
2025.01.20 21:50;1.04153;1.04234;1.04140;1.04206;472;0
2025.01.20 22:00;1.04200;1.04288;1.04170;1.04277;464;0
2025.01.20 22:10;1.04277;1.04344;1.04170;1.04170;542;0
2025.01.20 22:20;1.04170;1.04192;1.04128;1.04143;296;0
2025.01.20 22:30;1.04143;1.04247;1.04121;1.04221;337;0
2025.01.20 22:40;1.04222;1.04226;1.04119;1.04140;293;0
2025.01.20 22:50;1.04139;1.04172;1.04134;1.04161;188;0
2025.01.20 23:00;1.04161;1.04162;1.04119;1.04143;235;0
2025.01.20 23:10;1.04144;1.04194;1.04144;1.04155;165;0
2025.01.20 23:20;1.04155;1.04163;1.04138;1.04146;107;0
2025.01.20 23:30;1.04146;1.04146;1.04100;1.04132;201;0
2025.01.20 23:40;1.04120;1.04136;1.04113;1.04130;155;25
2025.01.20 23:50;1.04131;1.04159;1.04110;1.04157;218;25
2025.01.21 00:00;1.04142;1.04174;1.04096;1.04169;60;26
2025.01.21 00:10;1.04169;1.04175;1.04120;1.04120;55;50
2025.01.21 00:20;1.04120;1.04133;1.04116;1.04128;78;45
2025.01.21 00:30;1.04127;1.04131;1.04110;1.04122;68;44
2025.01.21 00:40;1.04122;1.04131;1.04116;1.04126;73;44
2025.01.21 00:50;1.04126;1.04128;1.04113;1.04122;123;35
2025.01.21 01:00;1.04125;1.04256;1.04116;1.04242;242;0
2025.01.21 01:10;1.04229;1.04245;1.04197;1.04228;319;0
2025.01.21 01:20;1.04228;1.04242;1.04159;1.04186;410;0
2025.01.21 01:30;1.04186;1.04187;1.04111;1.04136;397;0
2025.01.21 01:40;1.04136;1.04236;1.04136;1.04229;358;0
2025.01.21 01:50;1.04226;1.04231;1.04200;1.04209;328;0
2025.01.21 02:00;1.04211;1.04302;1.04198;1.04288;570;0
2025.01.21 02:10;1.04289;1.04344;1.04241;1.04288;573;0
2025.01.21 02:20;1.04288;1.04330;1.04283;1.04285;569;0
2025.01.21 02:30;1.04287;1.04305;1.04192;1.04204;659;0
2025.01.21 02:40;1.04204;1.04237;1.04146;1.04147;560;0
2025.01.21 02:50;1.04147;1.04147;1.03524;1.03624;1872;1
2025.01.21 03:00;1.03629;1.03713;1.03557;1.03666;1271;1
2025.01.21 03:10;1.03671;1.03804;1.03671;1.03765;1143;0
2025.01.21 03:20;1.03761;1.03976;1.03691;1.03840;1171;1
2025.01.21 03:30;1.03841;1.03847;1.03676;1.03694;904;0
2025.01.21 03:40;1.03700;1.03760;1.03631;1.03688;766;0
2025.01.21 03:50;1.03688;1.03747;1.03658;1.03702;582;0
2025.01.21 04:00;1.03701;1.03851;1.03691;1.03785;698;1
2025.01.21 04:10;1.03785;1.03800;1.03730;1.03761;555;0
2025.01.21 04:20;1.03764;1.03823;1.03744;1.03816;495;0
2025.01.21 04:30;1.03817;1.03871;1.03796;1.03857;435;0
2025.01.21 04:40;1.03857;1.03898;1.03840;1.03881;459;0
2025.01.21 04:50;1.03880;1.03903;1.03844;1.03875;433;0
2025.01.21 05:00;1.03876;1.03922;1.03870;1.03900;387;0
2025.01.21 05:10;1.03901;1.04009;1.03901;1.03977;487;0
2025.01.21 05:20;1.03975;1.03999;1.03967;1.03968;349;0
2025.01.21 05:30;1.03968;1.03983;1.03913;1.03918;341;0
2025.01.21 05:40;1.03920;1.03920;1.03856;1.03860;455;0
2025.01.21 05:50;1.03861;1.03902;1.03854;1.03874;414;0
2025.01.21 06:00;1.03875;1.03901;1.03851;1.03857;346;0
2025.01.21 06:10;1.03855;1.03940;1.03850;1.03933;221;0
2025.01.21 06:20;1.03933;1.03990;1.03928;1.03974;265;0
2025.01.21 06:30;1.03974;1.03974;1.03896;1.03911;276;0
2025.01.21 06:40;1.03910;1.03919;1.03891;1.03898;222;0
2025.01.21 06:50;1.03897;1.03929;1.03892;1.03899;195;0
2025.01.21 07:00;1.03898;1.03922;1.03891;1.03900;216;0
2025.01.21 07:10;1.03900;1.03902;1.03863;1.03863;202;0
2025.01.21 07:20;1.03864;1.03874;1.03832;1.03841;190;0
2025.01.21 07:30;1.03840;1.03847;1.03814;1.03836;234;0
2025.01.21 07:40;1.03836;1.03839;1.03798;1.03798;220;0
2025.01.21 07:50;1.03797;1.03818;1.03774;1.03788;308;0
2025.01.21 08:00;1.03787;1.03799;1.03766;1.03781;332;0
2025.01.21 08:10;1.03780;1.03815;1.03771;1.03813;358;0
2025.01.21 08:20;1.03812;1.03812;1.03777;1.03795;374;0
2025.01.21 08:30;1.03795;1.03796;1.03693;1.03719;376;0
2025.01.21 08:40;1.03720;1.03746;1.03701;1.03701;323;0
2025.01.21 08:50;1.03699;1.03699;1.03665;1.03689;431;0
2025.01.21 09:00;1.03686;1.03737;1.03650;1.03727;739;0
2025.01.21 09:10;1.03727;1.03773;1.03720;1.03763;499;0
2025.01.21 09:20;1.03766;1.03785;1.03737;1.03771;440;0
2025.01.21 09:30;1.03772;1.03861;1.03755;1.03822;520;0
2025.01.21 09:40;1.03820;1.03823;1.03772;1.03783;464;0
2025.01.21 09:50;1.03782;1.03799;1.03734;1.03734;488;0
2025.01.21 10:00;1.03728;1.03729;1.03650;1.03660;668;0
2025.01.21 10:10;1.03661;1.03726;1.03659;1.03701;552;0
2025.01.21 10:20;1.03699;1.03713;1.03622;1.03631;500;0
2025.01.21 10:30;1.03631;1.03682;1.03554;1.03554;534;0
2025.01.21 10:40;1.03555;1.03632;1.03501;1.03631;650;0
2025.01.21 10:50;1.03632;1.03651;1.03595;1.03607;625;0
2025.01.21 11:00;1.03606;1.03636;1.03555;1.03560;583;0
2025.01.21 11:10;1.03559;1.03581;1.03530;1.03554;614;0
2025.01.21 11:20;1.03555;1.03636;1.03542;1.03575;643;0
2025.01.21 11:30;1.03571;1.03575;1.03491;1.03492;610;0
2025.01.21 11:40;1.03492;1.03497;1.03419;1.03494;824;0
2025.01.21 11:50;1.03494;1.03549;1.03490;1.03534;684;0
2025.01.21 12:00;1.03525;1.03550;1.03473;1.03503;723;0
2025.01.21 12:10;1.03500;1.03505;1.03432;1.03460;584;0
2025.01.21 12:20;1.03460;1.03559;1.03448;1.03545;560;0
2025.01.21 12:30;1.03546;1.03595;1.03527;1.03574;501;0
2025.01.21 12:40;1.03575;1.03576;1.03500;1.03514;515;0
2025.01.21 12:50;1.03514;1.03546;1.03495;1.03529;504;0
2025.01.21 13:00;1.03529;1.03544;1.03476;1.03513;498;0
2025.01.21 13:10;1.03512;1.03540;1.03493;1.03507;440;0
2025.01.21 13:20;1.03507;1.03516;1.03474;1.03497;435;0
2025.01.21 13:30;1.03497;1.03499;1.03428;1.03460;445;0
2025.01.21 13:40;1.03461;1.03541;1.03458;1.03540;474;0
2025.01.21 13:50;1.03540;1.03581;1.03501;1.03534;652;0
2025.01.21 14:00;1.03536;1.03562;1.03458;1.03506;620;0
2025.01.21 14:10;1.03504;1.03542;1.03466;1.03526;616;0
2025.01.21 14:20;1.03525;1.03569;1.03506;1.03563;641;0
2025.01.21 14:30;1.03563;1.03582;1.03529;1.03559;526;0
2025.01.21 14:40;1.03558;1.03565;1.03477;1.03479;604;0
2025.01.21 14:50;1.03479;1.03542;1.03457;1.03542;819;0
2025.01.21 15:00;1.03542;1.03585;1.03527;1.03568;619;0
2025.01.21 15:10;1.03569;1.03638;1.03559;1.03638;553;0
2025.01.21 15:20;1.03638;1.03671;1.03601;1.03629;584;0
2025.01.21 15:30;1.03624;1.03734;1.03620;1.03721;835;0
2025.01.21 15:40;1.03721;1.03759;1.03694;1.03723;753;0
2025.01.21 15:50;1.03722;1.03780;1.03699;1.03778;659;0
2025.01.21 16:00;1.03789;1.03816;1.03728;1.03744;656;0
2025.01.21 16:10;1.03744;1.03865;1.03743;1.03847;738;0
2025.01.21 16:20;1.03847;1.03946;1.03821;1.03938;604;0
2025.01.21 16:30;1.03938;1.03957;1.03867;1.03943;921;0
2025.01.21 16:40;1.03943;1.03986;1.03863;1.03865;970;0
2025.01.21 16:50;1.03863;1.03882;1.03795;1.03881;933;0
2025.01.21 17:00;1.03870;1.03920;1.03787;1.03839;925;0
2025.01.21 17:10;1.03842;1.03914;1.03817;1.03906;1015;0
2025.01.21 17:20;1.03906;1.03987;1.03896;1.03946;858;0
2025.01.21 17:30;1.03946;1.04073;1.03943;1.04054;800;0
2025.01.21 17:40;1.04054;1.04105;1.04019;1.04051;942;0
2025.01.21 17:50;1.04051;1.04076;1.03966;1.04006;936;0
2025.01.21 18:00;1.04002;1.04059;1.03993;1.04055;586;0
2025.01.21 18:10;1.04056;1.04063;1.03984;1.04048;687;0
2025.01.21 18:20;1.04044;1.04160;1.03994;1.04158;736;0
2025.01.21 18:30;1.04158;1.04180;1.04114;1.04150;681;0
2025.01.21 18:40;1.04150;1.04211;1.04150;1.04165;604;0
2025.01.21 18:50;1.04165;1.04229;1.04127;1.04225;576;0
2025.01.21 19:00;1.04226;1.04276;1.04218;1.04264;583;0
2025.01.21 19:10;1.04265;1.04279;1.04213;1.04268;496;0
2025.01.21 19:20;1.04269;1.04296;1.04240;1.04285;465;0
2025.01.21 19:30;1.04284;1.04294;1.04258;1.04282;430;0
2025.01.21 19:40;1.04282;1.04301;1.04253;1.04279;501;0
2025.01.21 19:50;1.04279;1.04289;1.04211;1.04213;458;0
2025.01.21 20:00;1.04213;1.04251;1.04198;1.04230;478;0
2025.01.21 20:10;1.04230;1.04246;1.04211;1.04211;373;0
2025.01.21 20:20;1.04212;1.04271;1.04208;1.04265;389;0
2025.01.21 20:30;1.04265;1.04332;1.04245;1.04328;362;0
2025.01.21 20:40;1.04328;1.04354;1.04319;1.04329;291;0
2025.01.21 20:50;1.04330;1.04341;1.04275;1.04291;272;0
2025.01.21 21:00;1.04288;1.04305;1.04270;1.04283;353;0
2025.01.21 21:10;1.04283;1.04304;1.04253;1.04259;300;0
2025.01.21 21:20;1.04259;1.04261;1.04211;1.04220;299;0
2025.01.21 21:30;1.04221;1.04223;1.04166;1.04171;245;0
2025.01.21 21:40;1.04172;1.04191;1.04167;1.04171;267;0
2025.01.21 21:50;1.04171;1.04194;1.04160;1.04179;291;0
2025.01.21 22:00;1.04179;1.04216;1.04159;1.04213;262;0
2025.01.21 22:10;1.04213;1.04213;1.04167;1.04183;187;0
2025.01.21 22:20;1.04182;1.04190;1.04157;1.04178;166;0
2025.01.21 22:30;1.04177;1.04202;1.04165;1.04199;211;0
2025.01.21 22:40;1.04199;1.04200;1.04169;1.04173;242;0
2025.01.21 22:50;1.04172;1.04202;1.04161;1.04201;324;0
2025.01.21 23:00;1.04196;1.04246;1.04188;1.04231;243;0
2025.01.21 23:10;1.04230;1.04245;1.04212;1.04240;184;0
2025.01.21 23:20;1.04240;1.04263;1.04228;1.04252;138;0
2025.01.21 23:30;1.04252;1.04267;1.04250;1.04255;117;0
2025.01.21 23:40;1.04243;1.04275;1.04243;1.04269;137;25
2025.01.21 23:50;1.04269;1.04287;1.04231;1.04233;177;25
2025.01.22 00:00;1.04262;1.04264;1.04233;1.04245;57;24
2025.01.22 00:10;1.04246;1.04258;1.04239;1.04247;112;24
2025.01.22 00:20;1.04247;1.04250;1.04238;1.04238;66;24
2025.01.22 00:30;1.04236;1.04284;1.04235;1.04282;156;24
2025.01.22 00:40;1.04281;1.04328;1.04272;1.04289;226;24
2025.01.22 00:50;1.04289;1.04291;1.04264;1.04265;146;24
2025.01.22 01:00;1.04268;1.04275;1.03989;1.03993;736;1
2025.01.22 01:10;1.03986;1.04085;1.03923;1.04012;539;1
2025.01.22 01:20;1.04010;1.04108;1.03998;1.04071;449;0
2025.01.22 01:30;1.04072;1.04093;1.04034;1.04040;273;1
2025.01.22 01:40;1.04039;1.04123;1.04030;1.04111;232;1
2025.01.22 01:50;1.04112;1.04118;1.04026;1.04056;284;1
2025.01.22 02:00;1.04056;1.04172;1.04056;1.04164;437;0
2025.01.22 02:10;1.04162;1.04192;1.04153;1.04168;297;0
2025.01.22 02:20;1.04168;1.04238;1.04168;1.04186;340;0
2025.01.22 02:30;1.04186;1.04241;1.04186;1.04235;234;0
2025.01.22 02:40;1.04235;1.04238;1.04208;1.04211;191;0
2025.01.22 02:50;1.04211;1.04244;1.04193;1.04230;265;0
2025.01.22 03:00;1.04230;1.04231;1.04143;1.04182;366;0
2025.01.22 03:10;1.04185;1.04204;1.04159;1.04181;278;0
2025.01.22 03:20;1.04181;1.04197;1.04152;1.04166;260;0
2025.01.22 03:30;1.04164;1.04166;1.04122;1.04136;358;0
2025.01.22 03:40;1.04136;1.04144;1.04108;1.04120;278;0
2025.01.22 03:50;1.04126;1.04128;1.04075;1.04096;210;0
2025.01.22 04:00;1.04093;1.04097;1.04061;1.04076;250;0
2025.01.22 04:10;1.04076;1.04142;1.04075;1.04128;244;0
2025.01.22 04:20;1.04124;1.04133;1.04085;1.04095;275;0
2025.01.22 04:30;1.04091;1.04134;1.04085;1.04120;209;0
2025.01.22 04:40;1.04121;1.04132;1.04092;1.04122;199;0
2025.01.22 04:50;1.04122;1.04164;1.04119;1.04137;251;0
2025.01.22 05:00;1.04137;1.04146;1.04111;1.04117;211;0
2025.01.22 05:10;1.04117;1.04143;1.04109;1.04130;145;0
2025.01.22 05:20;1.04130;1.04139;1.04119;1.04131;114;0
2025.01.22 05:30;1.04131;1.04157;1.04119;1.04153;144;0
2025.01.22 05:40;1.04153;1.04155;1.04101;1.04101;141;0
2025.01.22 05:50;1.04100;1.04122;1.04100;1.04120;182;0
2025.01.22 06:00;1.04119;1.04143;1.04113;1.04139;154;0
2025.01.22 06:10;1.04140;1.04173;1.04138;1.04158;135;0
2025.01.22 06:20;1.04159;1.04194;1.04159;1.04194;126;0
2025.01.22 06:30;1.04197;1.04213;1.04179;1.04181;132;0
2025.01.22 06:40;1.04181;1.04204;1.04176;1.04204;101;0
2025.01.22 06:50;1.04203;1.04207;1.04158;1.04171;138;0
2025.01.22 07:00;1.04171;1.04179;1.04158;1.04167;172;0
2025.01.22 07:10;1.04166;1.04167;1.04125;1.04126;147;0
2025.01.22 07:20;1.04126;1.04127;1.04083;1.04117;200;0
2025.01.22 07:30;1.04117;1.04140;1.04098;1.04129;163;0
2025.01.22 07:40;1.04129;1.04141;1.04111;1.04138;159;0
2025.01.22 07:50;1.04136;1.04166;1.04127;1.04157;247;0
2025.01.22 08:00;1.04157;1.04186;1.04147;1.04179;321;0
2025.01.22 08:10;1.04179;1.04182;1.04050;1.04069;327;0
2025.01.22 08:20;1.04068;1.04120;1.04065;1.04111;317;0
2025.01.22 08:30;1.04111;1.04118;1.04071;1.04081;203;0
2025.01.22 08:40;1.04081;1.04082;1.04015;1.04022;421;0
2025.01.22 08:50;1.04022;1.04047;1.03998;1.04038;268;0
2025.01.22 09:00;1.04041;1.04136;1.04035;1.04124;490;0
2025.01.22 09:10;1.04123;1.04169;1.04108;1.04147;396;0
2025.01.22 09:20;1.04148;1.04169;1.04126;1.04166;407;0
2025.01.22 09:30;1.04167;1.04199;1.04135;1.04148;486;0
2025.01.22 09:40;1.04147;1.04185;1.04115;1.04153;434;0
2025.01.22 09:50;1.04153;1.04162;1.04080;1.04118;612;0
2025.01.22 10:00;1.04117;1.04162;1.04095;1.04130;698;0
2025.01.22 10:10;1.04130;1.04199;1.04111;1.04159;616;0
2025.01.22 10:20;1.04158;1.04168;1.04106;1.04130;598;0
2025.01.22 10:30;1.04131;1.04216;1.04117;1.04208;683;0
2025.01.22 10:40;1.04209;1.04232;1.04177;1.04217;617;0
2025.01.22 10:50;1.04217;1.04241;1.04174;1.04230;607;0
2025.01.22 11:00;1.04230;1.04261;1.04199;1.04237;600;0
2025.01.22 11:10;1.04238;1.04303;1.04238;1.04267;611;0
2025.01.22 11:20;1.04267;1.04347;1.04244;1.04322;683;0
2025.01.22 11:30;1.04321;1.04332;1.04279;1.04311;561;0
2025.01.22 11:40;1.04313;1.04378;1.04294;1.04324;602;0
2025.01.22 11:50;1.04324;1.04474;1.04320;1.04467;681;0
2025.01.22 12:00;1.04467;1.04526;1.04427;1.04509;693;0
2025.01.22 12:10;1.04512;1.04524;1.04450;1.04482;557;0
2025.01.22 12:20;1.04482;1.04557;1.04481;1.04551;519;0
2025.01.22 12:30;1.04551;1.04574;1.04511;1.04542;545;0
2025.01.22 12:40;1.04542;1.04542;1.04501;1.04525;377;0
2025.01.22 12:50;1.04525;1.04540;1.04477;1.04499;432;0
2025.01.22 13:00;1.04500;1.04562;1.04478;1.04554;412;0
2025.01.22 13:10;1.04553;1.04564;1.04517;1.04538;440;0
2025.01.22 13:20;1.04538;1.04548;1.04454;1.04458;403;0
2025.01.22 13:30;1.04457;1.04475;1.04405;1.04414;371;0
2025.01.22 13:40;1.04414;1.04460;1.04413;1.04421;318;0
2025.01.22 13:50;1.04421;1.04441;1.04410;1.04430;293;0
2025.01.22 14:00;1.04428;1.04428;1.04376;1.04392;383;0
2025.01.22 14:10;1.04396;1.04427;1.04377;1.04410;380;0
2025.01.22 14:20;1.04410;1.04418;1.04314;1.04318;399;0
2025.01.22 14:30;1.04318;1.04370;1.04311;1.04355;413;0
2025.01.22 14:40;1.04355;1.04380;1.04345;1.04356;468;0
2025.01.22 14:50;1.04356;1.04401;1.04332;1.04380;547;0
2025.01.22 15:00;1.04381;1.04426;1.04365;1.04426;481;0
2025.01.22 15:10;1.04426;1.04458;1.04400;1.04419;469;0
2025.01.22 15:20;1.04430;1.04432;1.04354;1.04355;560;0
2025.01.22 15:30;1.04354;1.04392;1.04261;1.04289;681;0
2025.01.22 15:40;1.04289;1.04303;1.04222;1.04294;673;0
2025.01.22 15:50;1.04294;1.04354;1.04283;1.04316;634;0
2025.01.22 16:00;1.04316;1.04319;1.04221;1.04227;588;0
2025.01.22 16:10;1.04224;1.04224;1.04167;1.04218;614;0
2025.01.22 16:20;1.04215;1.04279;1.04208;1.04208;542;0
2025.01.22 16:30;1.04210;1.04235;1.04143;1.04192;865;0
2025.01.22 16:40;1.04192;1.04282;1.04172;1.04264;748;0
2025.01.22 16:50;1.04267;1.04290;1.04226;1.04245;755;0
2025.01.22 17:00;1.04245;1.04251;1.04156;1.04177;666;0
2025.01.22 17:10;1.04180;1.04236;1.04175;1.04211;546;0
2025.01.22 17:20;1.04210;1.04215;1.04152;1.04161;587;0
2025.01.22 17:30;1.04162;1.04226;1.04146;1.04218;731;0
2025.01.22 17:40;1.04221;1.04231;1.04152;1.04177;721;0
2025.01.22 17:50;1.04177;1.04212;1.04159;1.04200;714;0
2025.01.22 18:00;1.04197;1.04230;1.04161;1.04219;659;0
2025.01.22 18:10;1.04219;1.04222;1.04153;1.04166;468;0
2025.01.22 18:20;1.04165;1.04167;1.04122;1.04136;508;0
2025.01.22 18:30;1.04137;1.04212;1.04131;1.04211;425;0
2025.01.22 18:40;1.04210;1.04216;1.04176;1.04193;461;0
2025.01.22 18:50;1.04192;1.04222;1.04178;1.04196;346;0
2025.01.22 19:00;1.04196;1.04206;1.04156;1.04176;376;0
2025.01.22 19:10;1.04178;1.04182;1.04135;1.04145;421;0
2025.01.22 19:20;1.04145;1.04151;1.04120;1.04134;404;0
2025.01.22 19:30;1.04133;1.04194;1.04120;1.04174;354;0
2025.01.22 19:40;1.04174;1.04179;1.04131;1.04145;329;0
2025.01.22 19:50;1.04144;1.04172;1.04142;1.04170;303;0
2025.01.22 20:00;1.04170;1.04186;1.04120;1.04137;339;0
2025.01.22 20:10;1.04136;1.04155;1.04117;1.04146;285;0
2025.01.22 20:20;1.04147;1.04207;1.04146;1.04193;308;0
2025.01.22 20:30;1.04193;1.04209;1.04185;1.04203;279;0
2025.01.22 20:40;1.04203;1.04212;1.04182;1.04191;218;0
2025.01.22 20:50;1.04192;1.04194;1.04146;1.04160;303;0
2025.01.22 21:00;1.04161;1.04201;1.04156;1.04201;248;0
2025.01.22 21:10;1.04202;1.04223;1.04191;1.04207;229;0
2025.01.22 21:20;1.04203;1.04226;1.04196;1.04216;210;0
2025.01.22 21:30;1.04215;1.04229;1.04195;1.04208;241;0
2025.01.22 21:40;1.04208;1.04208;1.04176;1.04187;239;0
2025.01.22 21:50;1.04190;1.04206;1.04172;1.04201;254;0
2025.01.22 22:00;1.04201;1.04225;1.04176;1.04223;225;0
2025.01.22 22:10;1.04223;1.04230;1.04207;1.04229;204;0
2025.01.22 22:20;1.04229;1.04229;1.04197;1.04202;232;0
2025.01.22 22:30;1.04205;1.04208;1.04166;1.04169;223;0
2025.01.22 22:40;1.04170;1.04175;1.04142;1.04142;250;0
2025.01.22 22:50;1.04140;1.04160;1.04111;1.04120;368;0
2025.01.22 23:00;1.04121;1.04131;1.04105;1.04126;173;0
2025.01.22 23:10;1.04126;1.04126;1.04101;1.04105;123;0
2025.01.22 23:20;1.04105;1.04113;1.04099;1.04106;95;0
2025.01.22 23:30;1.04107;1.04109;1.04079;1.04089;115;0
2025.01.22 23:40;1.04078;1.04084;1.04067;1.04080;107;25
2025.01.22 23:50;1.04079;1.04091;1.04075;1.04083;236;25
2025.01.23 00:00;1.04078;1.04101;1.04010;1.04083;78;24
2025.01.23 00:10;1.04085;1.04094;1.04069;1.04076;62;24
2025.01.23 00:20;1.04076;1.04080;1.04071;1.04079;47;24
2025.01.23 00:30;1.04079;1.04108;1.04079;1.04095;79;24
2025.01.23 00:40;1.04095;1.04102;1.04094;1.04100;37;24
2025.01.23 00:50;1.04101;1.04108;1.04075;1.04075;32;24
2025.01.23 01:00;1.04083;1.04094;1.04069;1.04074;144;0
2025.01.23 01:10;1.04073;1.04079;1.04055;1.04078;96;1
2025.01.23 01:20;1.04079;1.04090;1.04060;1.04065;99;0
2025.01.23 01:30;1.04065;1.04077;1.04063;1.04071;107;0
2025.01.23 01:40;1.04071;1.04077;1.04063;1.04064;101;0
2025.01.23 01:50;1.04064;1.04086;1.04063;1.04079;92;0
2025.01.23 02:00;1.04078;1.04103;1.04078;1.04099;198;0
2025.01.23 02:10;1.04099;1.04112;1.04083;1.04093;160;0
2025.01.23 02:20;1.04093;1.04119;1.04084;1.04089;154;0
2025.01.23 02:30;1.04088;1.04098;1.04068;1.04082;220;0
2025.01.23 02:40;1.04083;1.04098;1.04078;1.04079;192;0
2025.01.23 02:50;1.04079;1.04107;1.04072;1.04104;206;0
2025.01.23 03:00;1.04104;1.04129;1.04099;1.04123;265;0
2025.01.23 03:10;1.04123;1.04159;1.04099;1.04108;309;0
2025.01.23 03:20;1.04107;1.04110;1.04082;1.04082;220;0
2025.01.23 03:30;1.04083;1.04124;1.04083;1.04107;421;0
2025.01.23 03:40;1.04108;1.04128;1.04059;1.04063;387;0
2025.01.23 03:50;1.04060;1.04072;1.04019;1.04035;480;0
2025.01.23 04:00;1.04035;1.04042;1.03968;1.04012;440;0
2025.01.23 04:10;1.04010;1.04038;1.04000;1.04034;270;0
2025.01.23 04:20;1.04034;1.04063;1.04030;1.04055;286;0
2025.01.23 04:30;1.04055;1.04058;1.04018;1.04026;231;0
2025.01.23 04:40;1.04026;1.04047;1.04011;1.04024;193;0
2025.01.23 04:50;1.04024;1.04040;1.04014;1.04038;230;0
2025.01.23 05:00;1.04038;1.04064;1.04031;1.04053;211;0
2025.01.23 05:10;1.04053;1.04069;1.04047;1.04064;176;0
2025.01.23 05:20;1.04063;1.04078;1.04057;1.04068;143;0
2025.01.23 05:30;1.04067;1.04079;1.04059;1.04079;90;0
2025.01.23 05:40;1.04080;1.04091;1.04058;1.04065;194;0
2025.01.23 05:50;1.04066;1.04092;1.04064;1.04090;157;0
2025.01.23 06:00;1.04090;1.04109;1.04088;1.04108;153;0
2025.01.23 06:10;1.04109;1.04109;1.04091;1.04095;120;0
2025.01.23 06:20;1.04095;1.04119;1.04091;1.04117;233;0
2025.01.23 06:30;1.04117;1.04127;1.04114;1.04118;179;0
2025.01.23 06:40;1.04118;1.04123;1.04106;1.04118;129;0
2025.01.23 06:50;1.04118;1.04122;1.04100;1.04107;131;0
2025.01.23 07:00;1.04108;1.04116;1.04053;1.04109;305;1
2025.01.23 07:10;1.04112;1.04115;1.04087;1.04100;186;0
2025.01.23 07:20;1.04100;1.04103;1.04068;1.04069;139;0
2025.01.23 07:30;1.04069;1.04077;1.04059;1.04068;242;0
2025.01.23 07:40;1.04069;1.04069;1.04041;1.04047;205;0
2025.01.23 07:50;1.04047;1.04066;1.04047;1.04053;152;0
2025.01.23 08:00;1.04053;1.04102;1.04048;1.04097;276;0
2025.01.23 08:10;1.04096;1.04107;1.04077;1.04101;210;0
2025.01.23 08:20;1.04101;1.04121;1.04096;1.04119;256;0
2025.01.23 08:30;1.04119;1.04120;1.04072;1.04083;175;0
2025.01.23 08:40;1.04083;1.04092;1.04050;1.04075;243;0
2025.01.23 08:50;1.04075;1.04077;1.04029;1.04032;266;0
2025.01.23 09:00;1.04032;1.04056;1.04007;1.04011;475;0
2025.01.23 09:10;1.04010;1.04011;1.03898;1.03974;801;0
2025.01.23 09:20;1.03974;1.03979;1.03936;1.03958;477;0
2025.01.23 09:30;1.03958;1.03984;1.03932;1.03943;432;0
2025.01.23 09:40;1.03941;1.03979;1.03931;1.03978;380;0
2025.01.23 09:50;1.03978;1.04019;1.03958;1.04002;611;0
2025.01.23 10:00;1.04001;1.04019;1.03940;1.03982;549;0
2025.01.23 10:10;1.03981;1.04023;1.03956;1.04014;458;0
2025.01.23 10:20;1.04012;1.04012;1.03954;1.03955;474;0
2025.01.23 10:30;1.03955;1.03980;1.03902;1.03906;546;0
2025.01.23 10:40;1.03906;1.03948;1.03905;1.03946;428;0
2025.01.23 10:50;1.03946;1.03969;1.03935;1.03940;422;0
2025.01.23 11:00;1.03940;1.04038;1.03934;1.04021;395;0
2025.01.23 11:10;1.04023;1.04068;1.04021;1.04067;477;0
2025.01.23 11:20;1.04067;1.04088;1.04017;1.04047;545;0
2025.01.23 11:30;1.04043;1.04094;1.04037;1.04077;531;0
2025.01.23 11:40;1.04078;1.04116;1.04063;1.04105;448;0
2025.01.23 11:50;1.04107;1.04148;1.04098;1.04116;457;0
2025.01.23 12:00;1.04116;1.04154;1.04105;1.04109;482;0
2025.01.23 12:10;1.04109;1.04175;1.04100;1.04146;391;0
2025.01.23 12:20;1.04146;1.04178;1.04121;1.04178;380;0
2025.01.23 12:30;1.04178;1.04203;1.04154;1.04198;380;0
2025.01.23 12:40;1.04197;1.04198;1.04148;1.04148;322;0
2025.01.23 12:50;1.04149;1.04151;1.04110;1.04112;359;0
2025.01.23 13:00;1.04112;1.04136;1.04078;1.04115;492;0
2025.01.23 13:10;1.04115;1.04128;1.04092;1.04117;395;0
2025.01.23 13:20;1.04115;1.04134;1.04089;1.04125;326;0
2025.01.23 13:30;1.04126;1.04140;1.04104;1.04123;389;0
2025.01.23 13:40;1.04123;1.04125;1.04032;1.04035;347;0
2025.01.23 13:50;1.04034;1.04067;1.04011;1.04034;514;0
2025.01.23 14:00;1.04033;1.04047;1.03973;1.03983;460;0
2025.01.23 14:10;1.03983;1.03986;1.03941;1.03975;402;0
2025.01.23 14:20;1.03976;1.03995;1.03952;1.03993;385;0
2025.01.23 14:30;1.03993;1.04015;1.03961;1.03981;382;0
2025.01.23 14:40;1.03981;1.04035;1.03980;1.03994;439;0
2025.01.23 14:50;1.03994;1.04061;1.03994;1.04036;492;0
2025.01.23 15:00;1.04036;1.04088;1.04013;1.04038;554;0
2025.01.23 15:10;1.04038;1.04039;1.03973;1.04026;667;0
2025.01.23 15:20;1.04028;1.04091;1.04028;1.04062;521;0
2025.01.23 15:30;1.04063;1.04150;1.04062;1.04125;822;0
2025.01.23 15:40;1.04125;1.04131;1.04045;1.04076;815;0
2025.01.23 15:50;1.04075;1.04124;1.04058;1.04107;664;0
2025.01.23 16:00;1.04109;1.04152;1.04090;1.04130;602;0
2025.01.23 16:10;1.04130;1.04161;1.04106;1.04143;513;0
2025.01.23 16:20;1.04144;1.04179;1.04110;1.04117;555;0
2025.01.23 16:30;1.04120;1.04133;1.04059;1.04079;602;0
2025.01.23 16:40;1.04083;1.04122;1.04071;1.04100;604;0
2025.01.23 16:50;1.04100;1.04128;1.04057;1.04087;534;0
2025.01.23 17:00;1.04088;1.04097;1.03981;1.04004;689;0
2025.01.23 17:10;1.04004;1.04032;1.03940;1.03980;608;0
2025.01.23 17:20;1.03979;1.03983;1.03869;1.03949;668;0
2025.01.23 17:30;1.03952;1.03998;1.03931;1.03997;607;0
2025.01.23 17:40;1.03997;1.03997;1.03911;1.03916;580;0
2025.01.23 17:50;1.03918;1.03985;1.03893;1.03972;772;0
2025.01.23 18:00;1.03974;1.04000;1.03943;1.03964;780;0
2025.01.23 18:10;1.03964;1.04081;1.03720;1.04018;1414;0
2025.01.23 18:20;1.04019;1.04156;1.03964;1.04088;1349;1
2025.01.23 18:30;1.04085;1.04160;1.04063;1.04070;953;1
2025.01.23 18:40;1.04070;1.04291;1.04034;1.04229;1186;1
2025.01.23 18:50;1.04230;1.04270;1.04126;1.04195;910;0
2025.01.23 19:00;1.04192;1.04240;1.04138;1.04194;654;0
2025.01.23 19:10;1.04194;1.04228;1.04166;1.04182;550;0
2025.01.23 19:20;1.04183;1.04202;1.04148;1.04159;482;0
2025.01.23 19:30;1.04161;1.04269;1.04160;1.04265;461;0
2025.01.23 19:40;1.04265;1.04347;1.04263;1.04346;509;0
2025.01.23 19:50;1.04347;1.04381;1.04336;1.04354;452;0
2025.01.23 20:00;1.04355;1.04358;1.04312;1.04332;323;0
2025.01.23 20:10;1.04331;1.04370;1.04319;1.04322;350;0
2025.01.23 20:20;1.04322;1.04325;1.04272;1.04274;373;0
2025.01.23 20:30;1.04274;1.04284;1.04219;1.04275;325;0
2025.01.23 20:40;1.04275;1.04278;1.04232;1.04263;348;0
2025.01.23 20:50;1.04264;1.04273;1.04232;1.04239;324;0
2025.01.23 21:00;1.04238;1.04258;1.04210;1.04220;340;0
2025.01.23 21:10;1.04219;1.04242;1.04199;1.04225;331;0
2025.01.23 21:20;1.04224;1.04259;1.04210;1.04235;376;0
2025.01.23 21:30;1.04236;1.04268;1.04226;1.04236;378;0
2025.01.23 21:40;1.04235;1.04248;1.04205;1.04224;325;0
2025.01.23 21:50;1.04225;1.04254;1.04216;1.04230;321;0
2025.01.23 22:00;1.04226;1.04253;1.04191;1.04246;406;0
2025.01.23 22:10;1.04247;1.04289;1.04245;1.04267;280;0
2025.01.23 22:20;1.04267;1.04292;1.04241;1.04259;265;0
2025.01.23 22:30;1.04259;1.04263;1.04193;1.04200;511;0
2025.01.23 22:40;1.04199;1.04199;1.04167;1.04186;271;0
2025.01.23 22:50;1.04186;1.04191;1.04159;1.04175;319;0
2025.01.23 23:00;1.04170;1.04194;1.04152;1.04162;249;0
2025.01.23 23:10;1.04162;1.04165;1.04131;1.04154;147;0
2025.01.23 23:20;1.04154;1.04179;1.04127;1.04146;129;0
2025.01.23 23:30;1.04148;1.04183;1.04148;1.04176;129;0
2025.01.23 23:40;1.04167;1.04167;1.04142;1.04142;85;20
2025.01.23 23:50;1.04142;1.04147;1.04139;1.04144;127;20
2025.01.24 00:00;1.04147;1.04199;1.04147;1.04159;43;20
2025.01.24 00:10;1.04157;1.04165;1.04154;1.04160;115;20
2025.01.24 00:20;1.04159;1.04181;1.04154;1.04156;161;20
2025.01.24 00:30;1.04155;1.04172;1.04153;1.04160;127;20
2025.01.24 00:40;1.04160;1.04169;1.04132;1.04142;104;24
2025.01.24 00:50;1.04135;1.04160;1.04125;1.04158;194;24
2025.01.24 01:00;1.04166;1.04178;1.04147;1.04147;122;0
2025.01.24 01:10;1.04149;1.04161;1.04148;1.04158;123;0
2025.01.24 01:20;1.04155;1.04172;1.04155;1.04162;134;0
2025.01.24 01:30;1.04161;1.04170;1.04153;1.04154;150;0
2025.01.24 01:40;1.04153;1.04155;1.04145;1.04149;158;0
2025.01.24 01:50;1.04150;1.04167;1.04145;1.04156;167;0
2025.01.24 02:00;1.04156;1.04187;1.04133;1.04185;310;0
2025.01.24 02:10;1.04184;1.04199;1.04171;1.04176;228;0
2025.01.24 02:20;1.04177;1.04200;1.04174;1.04188;227;0
2025.01.24 02:30;1.04188;1.04213;1.04183;1.04193;257;0
2025.01.24 02:40;1.04194;1.04231;1.04187;1.04207;228;0
2025.01.24 02:50;1.04207;1.04218;1.04170;1.04194;407;0
2025.01.24 03:00;1.04193;1.04197;1.04172;1.04184;305;0
2025.01.24 03:10;1.04184;1.04204;1.04169;1.04201;343;0
2025.01.24 03:20;1.04202;1.04203;1.04165;1.04166;296;0
2025.01.24 03:30;1.04167;1.04173;1.04126;1.04131;299;0
2025.01.24 03:40;1.04132;1.04167;1.04131;1.04147;284;0
2025.01.24 03:50;1.04147;1.04162;1.04115;1.04157;315;0
2025.01.24 04:00;1.04158;1.04195;1.04158;1.04181;355;0
2025.01.24 04:10;1.04180;1.04407;1.04169;1.04389;993;0
2025.01.24 04:20;1.04389;1.04419;1.04298;1.04357;800;0
2025.01.24 04:30;1.04357;1.04433;1.04345;1.04398;635;0
2025.01.24 04:40;1.04399;1.04492;1.04399;1.04488;568;0
2025.01.24 04:50;1.04488;1.04494;1.04453;1.04490;527;0
2025.01.24 05:00;1.04487;1.04540;1.04467;1.04468;576;0
2025.01.24 05:10;1.04469;1.04478;1.04403;1.04407;459;0
2025.01.24 05:20;1.04407;1.04443;1.04365;1.04409;769;0
2025.01.24 05:30;1.04412;1.04454;1.04382;1.04453;629;0
2025.01.24 05:40;1.04454;1.04471;1.04407;1.04469;652;0
2025.01.24 05:50;1.04468;1.04500;1.04458;1.04461;449;0
2025.01.24 06:00;1.04460;1.04490;1.04442;1.04488;429;0
2025.01.24 06:10;1.04489;1.04504;1.04467;1.04470;530;0
2025.01.24 06:20;1.04469;1.04490;1.04444;1.04487;435;0
2025.01.24 06:30;1.04487;1.04515;1.04473;1.04500;308;0
2025.01.24 06:40;1.04500;1.04500;1.04434;1.04454;321;0
2025.01.24 06:50;1.04458;1.04478;1.04455;1.04473;286;0
2025.01.24 07:00;1.04473;1.04531;1.04473;1.04525;288;0
2025.01.24 07:10;1.04524;1.04537;1.04476;1.04486;348;0
2025.01.24 07:20;1.04487;1.04503;1.04456;1.04456;314;0
2025.01.24 07:30;1.04455;1.04464;1.04435;1.04458;297;0
2025.01.24 07:40;1.04458;1.04485;1.04455;1.04480;304;0
2025.01.24 07:50;1.04480;1.04513;1.04464;1.04513;314;0
2025.01.24 08:00;1.04514;1.04537;1.04492;1.04530;404;0
2025.01.24 08:10;1.04529;1.04564;1.04514;1.04563;458;0
2025.01.24 08:20;1.04563;1.04581;1.04542;1.04550;429;0
2025.01.24 08:30;1.04550;1.04704;1.04521;1.04677;720;0
2025.01.24 08:40;1.04682;1.04696;1.04622;1.04634;811;0
2025.01.24 08:50;1.04633;1.04664;1.04550;1.04574;728;0
2025.01.24 09:00;1.04570;1.04582;1.04504;1.04509;790;0
2025.01.24 09:10;1.04509;1.04534;1.04472;1.04524;718;0
2025.01.24 09:20;1.04523;1.04578;1.04512;1.04534;630;0
2025.01.24 09:30;1.04533;1.04549;1.04476;1.04506;570;0
2025.01.24 09:40;1.04507;1.04590;1.04501;1.04583;636;0
2025.01.24 09:50;1.04583;1.04650;1.04573;1.04612;652;0
2025.01.24 10:00;1.04610;1.04706;1.04579;1.04702;755;0
2025.01.24 10:10;1.04701;1.04881;1.04700;1.04767;1015;0
2025.01.24 10:20;1.04768;1.04810;1.04716;1.04790;837;0
2025.01.24 10:30;1.04796;1.04937;1.04796;1.04872;1067;0
2025.01.24 10:40;1.04871;1.04943;1.04841;1.04938;859;0
2025.01.24 10:50;1.04938;1.04952;1.04880;1.04934;786;0
2025.01.24 11:00;1.04924;1.05004;1.04916;1.04986;887;0
2025.01.24 11:10;1.04987;1.05042;1.04915;1.05031;815;0
2025.01.24 11:20;1.05032;1.05151;1.05032;1.05066;856;0
2025.01.24 11:30;1.05078;1.05089;1.04970;1.04991;792;0
2025.01.24 11:40;1.04989;1.05013;1.04910;1.04911;630;0
2025.01.24 11:50;1.04910;1.04965;1.04909;1.04944;580;0
2025.01.24 12:00;1.04945;1.04953;1.04910;1.04946;511;0
2025.01.24 12:10;1.04943;1.04979;1.04891;1.04916;520;0
2025.01.24 12:20;1.04915;1.04952;1.04860;1.04922;564;0
2025.01.24 12:30;1.04926;1.04949;1.04871;1.04874;516;0
2025.01.24 12:40;1.04875;1.04901;1.04865;1.04894;436;0
2025.01.24 12:50;1.04894;1.04910;1.04865;1.04890;431;0
2025.01.24 13:00;1.04890;1.04932;1.04864;1.04872;386;0
2025.01.24 13:10;1.04871;1.04922;1.04871;1.04887;470;0
2025.01.24 13:20;1.04886;1.04914;1.04871;1.04884;432;0
2025.01.24 13:30;1.04883;1.04883;1.04809;1.04847;456;0
2025.01.24 13:40;1.04847;1.04886;1.04825;1.04882;452;0
2025.01.24 13:50;1.04882;1.04897;1.04830;1.04862;397;0
2025.01.24 14:00;1.04852;1.04860;1.04787;1.04794;481;0
2025.01.24 14:10;1.04794;1.04843;1.04779;1.04843;416;0
2025.01.24 14:20;1.04841;1.04874;1.04813;1.04869;403;0
2025.01.24 14:30;1.04869;1.04877;1.04820;1.04822;337;0
2025.01.24 14:40;1.04822;1.04839;1.04759;1.04765;381;0
2025.01.24 14:50;1.04765;1.04779;1.04734;1.04736;627;0
2025.01.24 15:00;1.04738;1.04798;1.04692;1.04716;641;0
2025.01.24 15:10;1.04716;1.04767;1.04665;1.04673;673;0
2025.01.24 15:20;1.04675;1.04707;1.04660;1.04668;547;0
2025.01.24 15:30;1.04668;1.04697;1.04637;1.04662;460;0
2025.01.24 15:40;1.04662;1.04727;1.04648;1.04723;475;0
2025.01.24 15:50;1.04724;1.04732;1.04672;1.04685;485;0
2025.01.24 16:00;1.04686;1.04744;1.04672;1.04740;544;0
2025.01.24 16:10;1.04740;1.04764;1.04711;1.04742;599;0
2025.01.24 16:20;1.04743;1.04773;1.04719;1.04752;503;0
2025.01.24 16:30;1.04753;1.04831;1.04725;1.04759;760;0
2025.01.24 16:40;1.04759;1.04930;1.04726;1.04847;1039;0
2025.01.24 16:50;1.04847;1.04940;1.04826;1.04916;894;0
2025.01.24 17:00;1.04917;1.05114;1.04896;1.05082;1050;0
2025.01.24 17:10;1.05082;1.05093;1.04977;1.04987;906;0
2025.01.24 17:20;1.04991;1.05088;1.04991;1.05022;833;0
2025.01.24 17:30;1.05021;1.05084;1.05012;1.05078;829;0
2025.01.24 17:40;1.05077;1.05131;1.05044;1.05117;789;0
2025.01.24 17:50;1.05117;1.05206;1.05113;1.05163;1012;0
2025.01.24 18:00;1.05161;1.05205;1.05115;1.05143;927;0
2025.01.24 18:10;1.05149;1.05168;1.05089;1.05110;649;0
2025.01.24 18:20;1.05109;1.05152;1.05101;1.05138;615;0
2025.01.24 18:30;1.05136;1.05172;1.05114;1.05130;478;0
2025.01.24 18:40;1.05131;1.05171;1.05104;1.05111;403;0
2025.01.24 18:50;1.05110;1.05149;1.05057;1.05146;662;0
2025.01.24 19:00;1.05143;1.05195;1.05126;1.05195;543;0
2025.01.24 19:10;1.05195;1.05215;1.05163;1.05198;474;0
2025.01.24 19:20;1.05199;1.05211;1.05125;1.05127;528;0
2025.01.24 19:30;1.05129;1.05179;1.05122;1.05155;406;0
2025.01.24 19:40;1.05155;1.05170;1.05107;1.05107;354;0
2025.01.24 19:50;1.05107;1.05135;1.05099;1.05111;489;0
2025.01.24 20:00;1.05111;1.05118;1.05066;1.05066;407;0
2025.01.24 20:10;1.05067;1.05096;1.05043;1.05047;333;0
2025.01.24 20:20;1.05048;1.05051;1.05016;1.05028;353;0
2025.01.24 20:30;1.05028;1.05042;1.04989;1.05003;322;0
2025.01.24 20:40;1.05003;1.05003;1.04958;1.04971;259;0
2025.01.24 20:50;1.04971;1.04971;1.04940;1.04951;334;0
2025.01.24 21:00;1.04958;1.04958;1.04924;1.04933;243;0
2025.01.24 21:10;1.04934;1.04954;1.04920;1.04947;277;0
2025.01.24 21:20;1.04947;1.04954;1.04937;1.04952;167;0
2025.01.24 21:30;1.04952;1.04987;1.04952;1.04957;263;0
2025.01.24 21:40;1.04957;1.04972;1.04950;1.04958;250;0
2025.01.24 21:50;1.04958;1.04962;1.04920;1.04953;278;0
2025.01.24 22:00;1.04950;1.04950;1.04904;1.04926;295;0
2025.01.24 22:10;1.04926;1.04959;1.04922;1.04948;254;0
2025.01.24 22:20;1.04947;1.04962;1.04924;1.04937;264;0
2025.01.24 22:30;1.04937;1.04941;1.04881;1.04885;226;0
2025.01.24 22:40;1.04885;1.04911;1.04881;1.04902;219;0
2025.01.24 22:50;1.04906;1.04953;1.04902;1.04945;260;0
2025.01.24 23:00;1.04946;1.04970;1.04942;1.04967;172;0
2025.01.24 23:10;1.04967;1.04973;1.04953;1.04964;133;0
2025.01.24 23:20;1.04963;1.04964;1.04935;1.04944;159;0
2025.01.24 23:30;1.04944;1.04958;1.04931;1.04953;184;0
2025.01.24 23:40;1.04951;1.04958;1.04945;1.04948;92;5
2025.01.24 23:50;1.04949;1.04961;1.04942;1.04956;56;5
2025.01.27 00:00;1.04710;1.04805;1.04688;1.04803;60;25
2025.01.27 00:10;1.04802;1.04820;1.04793;1.04820;108;29
2025.01.27 00:20;1.04820;1.04827;1.04820;1.04827;42;29
2025.01.27 00:30;1.04827;1.04839;1.04818;1.04819;189;29
2025.01.27 00:40;1.04819;1.04826;1.04814;1.04823;110;29
2025.01.27 00:50;1.04823;1.04828;1.04816;1.04822;125;29
2025.01.27 01:00;1.04833;1.04852;1.04749;1.04757;422;0
2025.01.27 01:10;1.04761;1.04787;1.04733;1.04735;254;0
2025.01.27 01:20;1.04736;1.04752;1.04705;1.04724;292;0
2025.01.27 01:30;1.04724;1.04726;1.04686;1.04724;231;0
2025.01.27 01:40;1.04724;1.04732;1.04672;1.04686;239;0
2025.01.27 01:50;1.04685;1.04689;1.04650;1.04674;228;0
2025.01.27 02:00;1.04679;1.04684;1.04651;1.04654;333;0
2025.01.27 02:10;1.04656;1.04712;1.04654;1.04706;292;0
2025.01.27 02:20;1.04705;1.04748;1.04704;1.04742;272;0
2025.01.27 02:30;1.04740;1.04762;1.04726;1.04730;242;0
2025.01.27 02:40;1.04730;1.04742;1.04708;1.04733;308;0
2025.01.27 02:50;1.04734;1.04756;1.04723;1.04727;361;0
2025.01.27 03:00;1.04727;1.04777;1.04720;1.04769;449;0
2025.01.27 03:10;1.04769;1.04788;1.04746;1.04766;359;0
2025.01.27 03:20;1.04767;1.04776;1.04714;1.04720;472;0
2025.01.27 03:30;1.04718;1.04721;1.04636;1.04638;501;0
2025.01.27 03:40;1.04633;1.04671;1.04622;1.04643;483;0
2025.01.27 03:50;1.04645;1.04648;1.04612;1.04628;450;0
2025.01.27 04:00;1.04628;1.04653;1.04623;1.04630;332;0
2025.01.27 04:10;1.04629;1.04629;1.04596;1.04613;328;0
2025.01.27 04:20;1.04612;1.04637;1.04608;1.04622;336;0
2025.01.27 04:30;1.04623;1.04627;1.04589;1.04613;310;0
2025.01.27 04:40;1.04616;1.04643;1.04612;1.04643;316;0
2025.01.27 04:50;1.04643;1.04666;1.04638;1.04659;249;0
2025.01.27 05:00;1.04659;1.04671;1.04640;1.04645;245;0
2025.01.27 05:10;1.04644;1.04775;1.04632;1.04702;589;0
2025.01.27 05:20;1.04702;1.04721;1.04682;1.04704;440;0
2025.01.27 05:30;1.04705;1.04718;1.04662;1.04673;356;0
2025.01.27 05:40;1.04673;1.04689;1.04642;1.04643;305;0
2025.01.27 05:50;1.04643;1.04696;1.04638;1.04684;265;0
2025.01.27 06:00;1.04685;1.04689;1.04664;1.04677;239;0
2025.01.27 06:10;1.04677;1.04682;1.04647;1.04660;287;0
2025.01.27 06:20;1.04660;1.04673;1.04629;1.04633;349;0
2025.01.27 06:30;1.04633;1.04633;1.04597;1.04610;343;0
2025.01.27 06:40;1.04611;1.04657;1.04610;1.04641;257;0
2025.01.27 06:50;1.04641;1.04648;1.04632;1.04634;228;0
2025.01.27 07:00;1.04632;1.04633;1.04578;1.04581;296;0
2025.01.27 07:10;1.04581;1.04586;1.04557;1.04563;290;0
2025.01.27 07:20;1.04564;1.04596;1.04561;1.04588;242;0
2025.01.27 07:30;1.04588;1.04608;1.04579;1.04596;257;0
2025.01.27 07:40;1.04599;1.04637;1.04591;1.04631;285;0
2025.01.27 07:50;1.04632;1.04647;1.04613;1.04628;291;0
2025.01.27 08:00;1.04627;1.04636;1.04584;1.04598;343;0
2025.01.27 08:10;1.04598;1.04625;1.04590;1.04624;358;0
2025.01.27 08:20;1.04624;1.04651;1.04615;1.04637;372;0
2025.01.27 08:30;1.04634;1.04639;1.04606;1.04628;330;0
2025.01.27 08:40;1.04628;1.04637;1.04568;1.04576;315;0
2025.01.27 08:50;1.04579;1.04607;1.04578;1.04592;316;0
2025.01.27 09:00;1.04592;1.04622;1.04539;1.04539;516;0
2025.01.27 09:10;1.04538;1.04575;1.04538;1.04561;471;0
2025.01.27 09:20;1.04555;1.04638;1.04549;1.04618;533;0
2025.01.27 09:30;1.04617;1.04668;1.04605;1.04663;477;0
2025.01.27 09:40;1.04664;1.04712;1.04655;1.04686;579;0
2025.01.27 09:50;1.04686;1.04686;1.04561;1.04571;678;0
2025.01.27 10:00;1.04571;1.04658;1.04544;1.04658;818;0
2025.01.27 10:10;1.04657;1.04753;1.04649;1.04746;675;0
2025.01.27 10:20;1.04746;1.04776;1.04690;1.04729;678;0
2025.01.27 10:30;1.04725;1.04777;1.04713;1.04749;703;0
2025.01.27 10:40;1.04749;1.04824;1.04746;1.04813;629;0
2025.01.27 10:50;1.04813;1.04888;1.04781;1.04878;713;0
2025.01.27 11:00;1.04877;1.04903;1.04799;1.04842;859;0
2025.01.27 11:10;1.04843;1.04937;1.04835;1.04844;929;0
2025.01.27 11:20;1.04847;1.04851;1.04782;1.04827;770;0
2025.01.27 11:30;1.04827;1.04844;1.04751;1.04813;694;0
2025.01.27 11:40;1.04814;1.04848;1.04798;1.04835;631;0
2025.01.27 11:50;1.04836;1.04897;1.04823;1.04888;735;0
2025.01.27 12:00;1.04887;1.05023;1.04887;1.05022;905;0
2025.01.27 12:10;1.05021;1.05021;1.04925;1.04930;787;0
2025.01.27 12:20;1.04934;1.04992;1.04918;1.04964;762;0
2025.01.27 12:30;1.04965;1.05011;1.04963;1.04989;774;0
2025.01.27 12:40;1.04989;1.05078;1.04986;1.05076;613;0
2025.01.27 12:50;1.05075;1.05091;1.05035;1.05054;717;0
2025.01.27 13:00;1.05054;1.05127;1.05045;1.05112;705;0
2025.01.27 13:10;1.05111;1.05175;1.05076;1.05091;712;0
2025.01.27 13:20;1.05091;1.05151;1.05088;1.05135;687;0
2025.01.27 13:30;1.05135;1.05183;1.05116;1.05136;664;0
2025.01.27 13:40;1.05134;1.05147;1.05089;1.05092;603;0
2025.01.27 13:50;1.05092;1.05150;1.05086;1.05131;592;0
2025.01.27 14:00;1.05130;1.05182;1.05129;1.05129;508;0
2025.01.27 14:10;1.05129;1.05134;1.05090;1.05122;655;0
2025.01.27 14:20;1.05122;1.05151;1.05091;1.05146;612;0
2025.01.27 14:30;1.05146;1.05190;1.05125;1.05163;577;0
2025.01.27 14:40;1.05163;1.05173;1.05126;1.05139;599;0
2025.01.27 14:50;1.05139;1.05280;1.05139;1.05212;677;0
2025.01.27 15:00;1.05212;1.05331;1.05171;1.05299;824;0
2025.01.27 15:10;1.05299;1.05308;1.05171;1.05178;893;0
2025.01.27 15:20;1.05179;1.05198;1.05097;1.05135;770;0
2025.01.27 15:30;1.05134;1.05215;1.05112;1.05206;803;0
2025.01.27 15:40;1.05207;1.05263;1.05181;1.05236;842;0
2025.01.27 15:50;1.05236;1.05290;1.05189;1.05199;755;0
2025.01.27 16:00;1.05197;1.05244;1.05165;1.05236;757;0
2025.01.27 16:10;1.05236;1.05244;1.05173;1.05217;793;0
2025.01.27 16:20;1.05218;1.05236;1.05142;1.05164;732;0
2025.01.27 16:30;1.05164;1.05195;1.05120;1.05129;872;0
2025.01.27 16:40;1.05134;1.05179;1.05098;1.05135;791;0
2025.01.27 16:50;1.05135;1.05167;1.05077;1.05090;675;0
2025.01.27 17:00;1.05091;1.05094;1.05028;1.05058;717;0
2025.01.27 17:10;1.05057;1.05098;1.05042;1.05074;652;0
2025.01.27 17:20;1.05073;1.05087;1.05028;1.05030;576;0
2025.01.27 17:30;1.05029;1.05037;1.04967;1.04984;654;0
2025.01.27 17:40;1.04985;1.05004;1.04940;1.04993;620;0
2025.01.27 17:50;1.04990;1.04994;1.04952;1.04991;598;0
2025.01.27 18:00;1.04991;1.05054;1.04977;1.05035;567;0
2025.01.27 18:10;1.05036;1.05073;1.05036;1.05061;513;0
2025.01.27 18:20;1.05061;1.05076;1.04997;1.05070;577;0
2025.01.27 18:30;1.05071;1.05071;1.04918;1.04931;548;0
2025.01.27 18:40;1.04930;1.04978;1.04892;1.04901;549;0
2025.01.27 18:50;1.04901;1.04978;1.04899;1.04907;546;0
2025.01.27 19:00;1.04907;1.04914;1.04849;1.04868;510;0
2025.01.27 19:10;1.04868;1.04896;1.04849;1.04886;454;0
2025.01.27 19:20;1.04888;1.04947;1.04877;1.04889;454;0
2025.01.27 19:30;1.04889;1.04889;1.04857;1.04875;419;0
2025.01.27 19:40;1.04874;1.04946;1.04869;1.04914;421;0
2025.01.27 19:50;1.04920;1.04934;1.04877;1.04888;532;0
2025.01.27 20:00;1.04887;1.04930;1.04854;1.04926;583;0
2025.01.27 20:10;1.04926;1.04942;1.04860;1.04875;466;0
2025.01.27 20:20;1.04875;1.04879;1.04843;1.04843;449;0
2025.01.27 20:30;1.04844;1.04854;1.04818;1.04846;422;0
2025.01.27 20:40;1.04845;1.04890;1.04845;1.04866;330;0
2025.01.27 20:50;1.04865;1.04871;1.04840;1.04849;462;0
2025.01.27 21:00;1.04849;1.04851;1.04791;1.04795;426;0
2025.01.27 21:10;1.04798;1.04858;1.04798;1.04838;427;0
2025.01.27 21:20;1.04837;1.04878;1.04830;1.04874;388;0
2025.01.27 21:30;1.04874;1.04897;1.04873;1.04888;420;0
2025.01.27 21:40;1.04888;1.04927;1.04854;1.04925;355;0
2025.01.27 21:50;1.04925;1.04927;1.04879;1.04927;430;0
2025.01.27 22:00;1.04928;1.04928;1.04885;1.04890;390;0
2025.01.27 22:10;1.04890;1.04917;1.04887;1.04908;316;0
2025.01.27 22:20;1.04908;1.04914;1.04892;1.04912;303;0
2025.01.27 22:30;1.04913;1.04935;1.04890;1.04934;302;0
2025.01.27 22:40;1.04935;1.04940;1.04898;1.04906;288;0
2025.01.27 22:50;1.04907;1.04909;1.04873;1.04880;340;0
2025.01.27 23:00;1.04880;1.04896;1.04859;1.04886;216;0
2025.01.27 23:10;1.04886;1.04903;1.04885;1.04897;147;0
2025.01.27 23:20;1.04897;1.04910;1.04892;1.04899;132;0
2025.01.27 23:30;1.04899;1.04905;1.04887;1.04904;126;0
2025.01.27 23:40;1.04899;1.04907;1.04887;1.04902;94;5
2025.01.27 23:50;1.04903;1.04922;1.04903;1.04914;175;5
2025.01.28 00:00;1.04900;1.04926;1.04883;1.04926;40;24
2025.01.28 00:10;1.04926;1.04931;1.04921;1.04923;192;24
2025.01.28 00:20;1.04926;1.04929;1.04915;1.04926;90;24
2025.01.28 00:30;1.04927;1.04931;1.04921;1.04927;160;24
2025.01.28 00:40;1.04927;1.04927;1.04913;1.04913;40;24
2025.01.28 00:50;1.04912;1.04915;1.04874;1.04880;118;24
2025.01.28 01:00;1.04890;1.04894;1.04770;1.04780;365;0
2025.01.28 01:10;1.04780;1.04783;1.04570;1.04594;476;0
2025.01.28 01:20;1.04594;1.04598;1.04407;1.04441;819;0
2025.01.28 01:30;1.04441;1.04532;1.04280;1.04356;864;0
2025.01.28 01:40;1.04357;1.04448;1.04346;1.04396;711;0
2025.01.28 01:50;1.04400;1.04510;1.04358;1.04364;621;0
2025.01.28 02:00;1.04364;1.04474;1.04349;1.04460;794;0
2025.01.28 02:10;1.04461;1.04505;1.04392;1.04485;510;0
2025.01.28 02:20;1.04485;1.04486;1.04324;1.04443;625;0
2025.01.28 02:30;1.04444;1.04486;1.04436;1.04485;423;0
2025.01.28 02:40;1.04486;1.04507;1.04462;1.04487;393;0
2025.01.28 02:50;1.04487;1.04518;1.04434;1.04452;395;0
2025.01.28 03:00;1.04454;1.04523;1.04416;1.04493;459;0
2025.01.28 03:10;1.04493;1.04551;1.04485;1.04545;349;0
2025.01.28 03:20;1.04545;1.04555;1.04520;1.04551;411;0
2025.01.28 03:30;1.04550;1.04566;1.04498;1.04525;414;0
2025.01.28 03:40;1.04526;1.04526;1.04455;1.04477;357;0
2025.01.28 03:50;1.04477;1.04521;1.04302;1.04396;569;0
2025.01.28 04:00;1.04396;1.04416;1.04245;1.04345;977;0
2025.01.28 04:10;1.04344;1.04390;1.04284;1.04361;521;0
2025.01.28 04:20;1.04361;1.04383;1.04339;1.04367;413;0
2025.01.28 04:30;1.04366;1.04387;1.04343;1.04351;420;0
2025.01.28 04:40;1.04351;1.04362;1.04307;1.04319;397;0
2025.01.28 04:50;1.04319;1.04373;1.04287;1.04336;359;0
2025.01.28 05:00;1.04337;1.04374;1.04333;1.04356;293;0
2025.01.28 05:10;1.04356;1.04378;1.04313;1.04337;321;0
2025.01.28 05:20;1.04337;1.04377;1.04321;1.04373;326;0
2025.01.28 05:30;1.04374;1.04395;1.04336;1.04342;316;0
2025.01.28 05:40;1.04342;1.04354;1.04325;1.04338;300;0
2025.01.28 05:50;1.04336;1.04348;1.04289;1.04291;331;0
2025.01.28 06:00;1.04292;1.04323;1.04289;1.04316;281;0
2025.01.28 06:10;1.04317;1.04328;1.04301;1.04307;248;0
2025.01.28 06:20;1.04311;1.04317;1.04280;1.04288;223;0
2025.01.28 06:30;1.04282;1.04288;1.04256;1.04259;242;0
2025.01.28 06:40;1.04259;1.04303;1.04259;1.04299;254;0
2025.01.28 06:50;1.04299;1.04347;1.04297;1.04338;215;0
2025.01.28 07:00;1.04338;1.04356;1.04334;1.04355;229;0
2025.01.28 07:10;1.04355;1.04368;1.04343;1.04366;209;0
2025.01.28 07:20;1.04366;1.04382;1.04363;1.04380;209;0
2025.01.28 07:30;1.04380;1.04389;1.04367;1.04379;196;0
2025.01.28 07:40;1.04378;1.04386;1.04367;1.04371;256;0
2025.01.28 07:50;1.04372;1.04383;1.04361;1.04364;341;0
2025.01.28 08:00;1.04364;1.04423;1.04359;1.04410;331;0
2025.01.28 08:10;1.04410;1.04437;1.04400;1.04431;238;0
2025.01.28 08:20;1.04430;1.04434;1.04404;1.04426;234;0
2025.01.28 08:30;1.04426;1.04442;1.04399;1.04401;234;0
2025.01.28 08:40;1.04402;1.04405;1.04337;1.04369;263;0
2025.01.28 08:50;1.04371;1.04395;1.04350;1.04375;265;0
2025.01.28 09:00;1.04374;1.04399;1.04332;1.04399;500;0
2025.01.28 09:10;1.04399;1.04430;1.04382;1.04391;545;0
2025.01.28 09:20;1.04391;1.04418;1.04362;1.04414;558;0
2025.01.28 09:30;1.04414;1.04419;1.04317;1.04317;487;0
2025.01.28 09:40;1.04315;1.04333;1.04281;1.04327;515;0
2025.01.28 09:50;1.04319;1.04365;1.04291;1.04341;602;0
2025.01.28 10:00;1.04344;1.04357;1.04296;1.04324;759;0
2025.01.28 10:10;1.04321;1.04345;1.04281;1.04326;709;0
2025.01.28 10:20;1.04326;1.04340;1.04285;1.04285;635;0
2025.01.28 10:30;1.04285;1.04337;1.04247;1.04315;723;0
2025.01.28 10:40;1.04315;1.04348;1.04269;1.04299;625;0
2025.01.28 10:50;1.04302;1.04317;1.04193;1.04252;571;0
2025.01.28 11:00;1.04252;1.04320;1.04225;1.04308;647;0
2025.01.28 11:10;1.04308;1.04378;1.04299;1.04353;581;0
2025.01.28 11:20;1.04353;1.04423;1.04339;1.04415;641;0
2025.01.28 11:30;1.04415;1.04442;1.04398;1.04410;668;0
2025.01.28 11:40;1.04411;1.04429;1.04344;1.04362;462;0
2025.01.28 11:50;1.04362;1.04369;1.04323;1.04352;558;0
2025.01.28 12:00;1.04351;1.04374;1.04317;1.04340;450;0
2025.01.28 12:10;1.04341;1.04371;1.04306;1.04312;513;0
2025.01.28 12:20;1.04311;1.04339;1.04295;1.04318;419;0
2025.01.28 12:30;1.04318;1.04351;1.04303;1.04337;366;0
2025.01.28 12:40;1.04337;1.04359;1.04301;1.04305;454;0
2025.01.28 12:50;1.04305;1.04316;1.04248;1.04249;525;0
2025.01.28 13:00;1.04248;1.04312;1.04240;1.04308;453;0
2025.01.28 13:10;1.04307;1.04327;1.04277;1.04286;465;0
2025.01.28 13:20;1.04286;1.04299;1.04272;1.04279;310;0
2025.01.28 13:30;1.04278;1.04295;1.04231;1.04247;322;0
2025.01.28 13:40;1.04246;1.04282;1.04228;1.04257;353;0
2025.01.28 13:50;1.04257;1.04277;1.04228;1.04232;472;0
2025.01.28 14:00;1.04233;1.04245;1.04138;1.04162;784;0
2025.01.28 14:10;1.04161;1.04215;1.04146;1.04160;580;0
2025.01.28 14:20;1.04159;1.04212;1.04157;1.04202;502;0
2025.01.28 14:30;1.04202;1.04226;1.04173;1.04206;452;0
2025.01.28 14:40;1.04206;1.04239;1.04189;1.04227;435;0
2025.01.28 14:50;1.04227;1.04255;1.04172;1.04202;570;0
2025.01.28 15:00;1.04198;1.04219;1.04173;1.04212;554;0
2025.01.28 15:10;1.04212;1.04267;1.04206;1.04230;542;0
2025.01.28 15:20;1.04231;1.04284;1.04230;1.04254;519;0
2025.01.28 15:30;1.04253;1.04313;1.04240;1.04251;700;0
2025.01.28 15:40;1.04252;1.04304;1.04219;1.04226;655;0
2025.01.28 15:50;1.04226;1.04274;1.04209;1.04249;660;0
2025.01.28 16:00;1.04248;1.04297;1.04241;1.04254;681;0
2025.01.28 16:10;1.04254;1.04316;1.04251;1.04312;584;0
2025.01.28 16:20;1.04312;1.04347;1.04312;1.04322;543;0
2025.01.28 16:30;1.04321;1.04409;1.04311;1.04368;741;0
2025.01.28 16:40;1.04372;1.04384;1.04291;1.04334;793;0
2025.01.28 16:50;1.04333;1.04333;1.04282;1.04317;643;0
2025.01.28 17:00;1.04317;1.04382;1.04316;1.04376;703;0
2025.01.28 17:10;1.04376;1.04377;1.04333;1.04339;671;0
2025.01.28 17:20;1.04341;1.04379;1.04326;1.04374;710;0
2025.01.28 17:30;1.04373;1.04397;1.04347;1.04383;584;0
2025.01.28 17:40;1.04383;1.04383;1.04286;1.04314;642;0
2025.01.28 17:50;1.04314;1.04322;1.04210;1.04242;796;0
2025.01.28 18:00;1.04242;1.04313;1.04237;1.04311;674;0
2025.01.28 18:10;1.04309;1.04328;1.04273;1.04275;605;0
2025.01.28 18:20;1.04275;1.04298;1.04260;1.04272;564;0
2025.01.28 18:30;1.04271;1.04293;1.04235;1.04285;532;0
2025.01.28 18:40;1.04285;1.04306;1.04227;1.04253;640;0
2025.01.28 18:50;1.04253;1.04262;1.04225;1.04261;580;0
2025.01.28 19:00;1.04261;1.04288;1.04246;1.04288;458;0
2025.01.28 19:10;1.04288;1.04289;1.04253;1.04264;438;0
2025.01.28 19:20;1.04264;1.04297;1.04253;1.04274;326;0
2025.01.28 19:30;1.04273;1.04324;1.04257;1.04323;337;0
2025.01.28 19:40;1.04323;1.04346;1.04299;1.04309;362;0
2025.01.28 19:50;1.04308;1.04319;1.04268;1.04279;350;0
2025.01.28 20:00;1.04279;1.04300;1.04265;1.04289;418;0
2025.01.28 20:10;1.04289;1.04300;1.04274;1.04297;329;0
2025.01.28 20:20;1.04296;1.04361;1.04293;1.04348;351;0
2025.01.28 20:30;1.04347;1.04382;1.04273;1.04296;399;0
2025.01.28 20:40;1.04297;1.04302;1.04234;1.04276;637;0
2025.01.28 20:50;1.04277;1.04279;1.04248;1.04265;452;0
2025.01.28 21:00;1.04263;1.04292;1.04243;1.04243;398;0
2025.01.28 21:10;1.04241;1.04261;1.04226;1.04258;336;0
2025.01.28 21:20;1.04258;1.04276;1.04235;1.04272;306;0
2025.01.28 21:30;1.04272;1.04306;1.04268;1.04306;273;0
2025.01.28 21:40;1.04307;1.04348;1.04307;1.04347;295;0
2025.01.28 21:50;1.04347;1.04367;1.04337;1.04349;376;0
2025.01.28 22:00;1.04350;1.04350;1.04295;1.04329;355;0
2025.01.28 22:10;1.04329;1.04344;1.04306;1.04343;325;0
2025.01.28 22:20;1.04342;1.04354;1.04327;1.04333;329;0
2025.01.28 22:30;1.04331;1.04341;1.04311;1.04317;327;0
2025.01.28 22:40;1.04318;1.04331;1.04302;1.04327;265;0
2025.01.28 22:50;1.04324;1.04335;1.04309;1.04316;269;0
2025.01.28 23:00;1.04315;1.04336;1.04306;1.04335;193;0
2025.01.28 23:10;1.04335;1.04340;1.04326;1.04340;108;0
2025.01.28 23:20;1.04340;1.04340;1.04302;1.04307;118;0
2025.01.28 23:30;1.04306;1.04313;1.04301;1.04306;112;0
2025.01.28 23:40;1.04303;1.04308;1.04300;1.04300;84;5
2025.01.28 23:50;1.04301;1.04307;1.04300;1.04305;103;5
2025.01.29 00:00;1.04300;1.04300;1.04247;1.04277;86;9
2025.01.29 00:10;1.04276;1.04283;1.04274;1.04277;75;24
2025.01.29 00:20;1.04277;1.04288;1.04270;1.04282;66;24
2025.01.29 00:30;1.04282;1.04285;1.04279;1.04279;79;24
2025.01.29 00:40;1.04280;1.04287;1.04279;1.04280;43;24
2025.01.29 00:50;1.04279;1.04281;1.04265;1.04279;49;24
2025.01.29 01:00;1.04290;1.04295;1.04273;1.04284;118;0
2025.01.29 01:10;1.04279;1.04283;1.04265;1.04281;106;0
2025.01.29 01:20;1.04282;1.04298;1.04278;1.04297;70;0
2025.01.29 01:30;1.04297;1.04300;1.04280;1.04281;83;0
2025.01.29 01:40;1.04281;1.04283;1.04275;1.04280;124;0
2025.01.29 01:50;1.04280;1.04296;1.04271;1.04272;111;0
2025.01.29 02:00;1.04273;1.04342;1.04269;1.04338;232;0
2025.01.29 02:10;1.04339;1.04344;1.04319;1.04320;181;0
2025.01.29 02:20;1.04320;1.04335;1.04308;1.04320;181;0
2025.01.29 02:30;1.04303;1.04316;1.04287;1.04305;372;0
2025.01.29 02:40;1.04306;1.04334;1.04305;1.04313;286;0
2025.01.29 02:50;1.04314;1.04322;1.04285;1.04302;330;0
2025.01.29 03:00;1.04301;1.04321;1.04295;1.04299;285;0
2025.01.29 03:10;1.04299;1.04333;1.04296;1.04304;247;0
2025.01.29 03:20;1.04304;1.04341;1.04304;1.04324;283;0
2025.01.29 03:30;1.04324;1.04335;1.04309;1.04319;208;0
2025.01.29 03:40;1.04319;1.04320;1.04292;1.04303;254;0
2025.01.29 03:50;1.04301;1.04314;1.04271;1.04273;300;0
2025.01.29 04:00;1.04270;1.04309;1.04257;1.04299;269;0
2025.01.29 04:10;1.04300;1.04326;1.04298;1.04306;264;0
2025.01.29 04:20;1.04306;1.04317;1.04290;1.04301;194;0
2025.01.29 04:30;1.04301;1.04326;1.04292;1.04323;180;0
2025.01.29 04:40;1.04322;1.04346;1.04314;1.04330;241;0
2025.01.29 04:50;1.04328;1.04358;1.04327;1.04340;288;0
2025.01.29 05:00;1.04339;1.04346;1.04326;1.04328;233;0
2025.01.29 05:10;1.04326;1.04352;1.04326;1.04331;230;0
2025.01.29 05:20;1.04331;1.04364;1.04312;1.04360;210;0
2025.01.29 05:30;1.04359;1.04370;1.04341;1.04362;268;0
2025.01.29 05:40;1.04362;1.04386;1.04361;1.04365;233;0
2025.01.29 05:50;1.04364;1.04391;1.04362;1.04375;284;0
2025.01.29 06:00;1.04375;1.04406;1.04375;1.04404;199;0
2025.01.29 06:10;1.04404;1.04425;1.04397;1.04424;242;0
2025.01.29 06:20;1.04424;1.04426;1.04388;1.04399;212;0
2025.01.29 06:30;1.04400;1.04413;1.04394;1.04407;232;0
2025.01.29 06:40;1.04406;1.04407;1.04375;1.04390;234;0
2025.01.29 06:50;1.04390;1.04402;1.04375;1.04385;189;0
2025.01.29 07:00;1.04384;1.04392;1.04370;1.04384;138;0
2025.01.29 07:10;1.04385;1.04401;1.04384;1.04400;221;0
2025.01.29 07:20;1.04399;1.04408;1.04389;1.04394;205;0
2025.01.29 07:30;1.04390;1.04394;1.04374;1.04374;239;0
2025.01.29 07:40;1.04374;1.04380;1.04354;1.04379;219;0
2025.01.29 07:50;1.04378;1.04405;1.04374;1.04403;268;0
2025.01.29 08:00;1.04405;1.04436;1.04390;1.04390;405;0
2025.01.29 08:10;1.04390;1.04426;1.04386;1.04425;284;0
2025.01.29 08:20;1.04425;1.04429;1.04409;1.04411;232;0
2025.01.29 08:30;1.04412;1.04424;1.04399;1.04423;285;0
2025.01.29 08:40;1.04424;1.04436;1.04405;1.04414;254;0
2025.01.29 08:50;1.04414;1.04419;1.04365;1.04373;379;0
2025.01.29 09:00;1.04372;1.04379;1.04330;1.04331;427;0
2025.01.29 09:10;1.04331;1.04351;1.04320;1.04333;522;0
2025.01.29 09:20;1.04332;1.04345;1.04183;1.04216;474;0
2025.01.29 09:30;1.04217;1.04233;1.04185;1.04218;490;0
2025.01.29 09:40;1.04218;1.04227;1.04151;1.04156;442;0
2025.01.29 09:50;1.04155;1.04185;1.04132;1.04160;527;0
2025.01.29 10:00;1.04172;1.04242;1.04168;1.04233;678;0
2025.01.29 10:10;1.04234;1.04298;1.04228;1.04278;606;0
2025.01.29 10:20;1.04278;1.04283;1.04234;1.04255;501;0
2025.01.29 10:30;1.04256;1.04290;1.04249;1.04283;471;0
2025.01.29 10:40;1.04284;1.04304;1.04256;1.04260;420;0
2025.01.29 10:50;1.04260;1.04271;1.04220;1.04242;466;0
2025.01.29 11:00;1.04241;1.04247;1.04090;1.04124;584;0
2025.01.29 11:10;1.04124;1.04148;1.04099;1.04143;508;0
2025.01.29 11:20;1.04143;1.04155;1.04107;1.04137;387;0
2025.01.29 11:30;1.04137;1.04187;1.04137;1.04170;533;0
2025.01.29 11:40;1.04170;1.04170;1.04089;1.04105;538;0
2025.01.29 11:50;1.04107;1.04115;1.04020;1.04038;612;0
2025.01.29 12:00;1.04037;1.04057;1.03990;1.04023;606;0
2025.01.29 12:10;1.04026;1.04029;1.03948;1.03988;595;0
2025.01.29 12:20;1.03986;1.04048;1.03986;1.04044;434;0
2025.01.29 12:30;1.04045;1.04085;1.04025;1.04025;461;0
2025.01.29 12:40;1.04026;1.04043;1.03991;1.04017;457;0
2025.01.29 12:50;1.04016;1.04050;1.03986;1.04037;485;0
2025.01.29 13:00;1.04038;1.04049;1.04018;1.04040;416;0
2025.01.29 13:10;1.04040;1.04074;1.04030;1.04054;375;0
2025.01.29 13:20;1.04054;1.04071;1.04042;1.04059;370;0
2025.01.29 13:30;1.04059;1.04083;1.04001;1.04001;501;0
2025.01.29 13:40;1.04002;1.04017;1.03987;1.03998;493;0
2025.01.29 13:50;1.03998;1.04024;1.03972;1.04015;366;0
2025.01.29 14:00;1.04015;1.04042;1.04007;1.04015;447;0
2025.01.29 14:10;1.04016;1.04033;1.03936;1.03977;513;0
2025.01.29 14:20;1.03979;1.04004;1.03953;1.03956;541;0
2025.01.29 14:30;1.03954;1.04015;1.03949;1.04007;469;0
2025.01.29 14:40;1.04007;1.04036;1.04007;1.04012;458;0
2025.01.29 14:50;1.04012;1.04049;1.03995;1.04040;558;0
2025.01.29 15:00;1.04040;1.04057;1.03956;1.03962;561;0
2025.01.29 15:10;1.03966;1.03974;1.03857;1.03862;836;0
2025.01.29 15:20;1.03862;1.03909;1.03824;1.03876;786;0
2025.01.29 15:30;1.03876;1.03930;1.03833;1.03908;719;0
2025.01.29 15:40;1.03909;1.03923;1.03842;1.03843;584;0
2025.01.29 15:50;1.03843;1.03896;1.03823;1.03875;646;0
2025.01.29 16:00;1.03876;1.03953;1.03863;1.03949;610;2
2025.01.29 16:10;1.03949;1.03985;1.03936;1.03977;541;2
2025.01.29 16:20;1.03977;1.03993;1.03953;1.03967;597;0
2025.01.29 16:30;1.03969;1.03997;1.03920;1.03967;673;0
2025.01.29 16:40;1.03968;1.04003;1.03949;1.03951;686;0
2025.01.29 16:50;1.03949;1.04015;1.03937;1.04012;707;0
2025.01.29 17:00;1.04013;1.04019;1.03947;1.04015;702;0
2025.01.29 17:10;1.04016;1.04114;1.04010;1.04088;742;0
2025.01.29 17:20;1.04088;1.04099;1.04055;1.04069;601;0
2025.01.29 17:30;1.04069;1.04153;1.04069;1.04153;719;0
2025.01.29 17:40;1.04153;1.04272;1.04127;1.04227;899;0
2025.01.29 17:50;1.04227;1.04253;1.04171;1.04195;912;0
2025.01.29 18:00;1.04194;1.04240;1.04117;1.04123;899;0
2025.01.29 18:10;1.04122;1.04201;1.04113;1.04178;766;0
2025.01.29 18:20;1.04178;1.04199;1.04147;1.04175;612;0
2025.01.29 18:30;1.04175;1.04221;1.04158;1.04173;572;0
2025.01.29 18:40;1.04167;1.04179;1.04135;1.04179;469;0
2025.01.29 18:50;1.04180;1.04197;1.04146;1.04158;619;0
2025.01.29 19:00;1.04155;1.04267;1.04152;1.04224;820;0
2025.01.29 19:10;1.04222;1.04283;1.04209;1.04240;542;0
2025.01.29 19:20;1.04240;1.04286;1.04205;1.04225;649;0
2025.01.29 19:30;1.04225;1.04239;1.04164;1.04182;523;0
2025.01.29 19:40;1.04183;1.04236;1.04175;1.04229;330;0
2025.01.29 19:50;1.04227;1.04232;1.04198;1.04212;381;0
2025.01.29 20:00;1.04212;1.04233;1.04153;1.04223;676;0
2025.01.29 20:10;1.04224;1.04240;1.04207;1.04238;316;0
2025.01.29 20:20;1.04238;1.04246;1.04201;1.04234;297;0
2025.01.29 20:30;1.04232;1.04244;1.04212;1.04213;273;0
2025.01.29 20:40;1.04212;1.04232;1.04183;1.04188;325;0
2025.01.29 20:50;1.04188;1.04204;1.04158;1.04198;414;0
2025.01.29 21:00;1.04196;1.04233;1.03928;1.04007;1307;1
2025.01.29 21:10;1.04005;1.04056;1.03933;1.04002;1026;0
2025.01.29 21:20;1.04011;1.04056;1.03953;1.03966;777;0
2025.01.29 21:30;1.03966;1.04150;1.03882;1.04134;1433;1
2025.01.29 21:40;1.04141;1.04237;1.04128;1.04146;1437;1
2025.01.29 21:50;1.04147;1.04288;1.04126;1.04162;1269;1
2025.01.29 22:00;1.04157;1.04208;1.04133;1.04182;998;1
2025.01.29 22:10;1.04186;1.04256;1.04055;1.04156;1177;1
2025.01.29 22:20;1.04157;1.04246;1.04144;1.04148;716;1
2025.01.29 22:30;1.04148;1.04159;1.04108;1.04114;668;0
2025.01.29 22:40;1.04118;1.04150;1.04061;1.04087;540;0
2025.01.29 22:50;1.04085;1.04133;1.04071;1.04103;406;0
2025.01.29 23:00;1.04103;1.04131;1.04088;1.04130;277;0
2025.01.29 23:10;1.04129;1.04188;1.04129;1.04174;247;0
2025.01.29 23:20;1.04172;1.04192;1.04156;1.04180;187;0
2025.01.29 23:30;1.04180;1.04188;1.04136;1.04142;201;0
2025.01.29 23:40;1.04141;1.04189;1.04137;1.04187;145;5
2025.01.29 23:50;1.04187;1.04216;1.04186;1.04197;162;5
2025.01.30 00:00;1.04162;1.04199;1.04162;1.04180;60;24
2025.01.30 00:10;1.04176;1.04185;1.04166;1.04176;212;24
2025.01.30 00:20;1.04175;1.04207;1.04168;1.04207;152;24
2025.01.30 00:30;1.04207;1.04212;1.04205;1.04205;47;24
2025.01.30 00:40;1.04206;1.04206;1.04191;1.04196;104;24
2025.01.30 00:50;1.04195;1.04205;1.04195;1.04202;33;24
2025.01.30 01:00;1.04213;1.04231;1.04212;1.04214;196;0
2025.01.30 01:10;1.04214;1.04214;1.04184;1.04214;239;0
2025.01.30 01:20;1.04214;1.04222;1.04206;1.04221;133;0
2025.01.30 01:30;1.04220;1.04255;1.04211;1.04237;193;0
2025.01.30 01:40;1.04237;1.04273;1.04235;1.04265;245;0
2025.01.30 01:50;1.04265;1.04271;1.04242;1.04245;253;0
2025.01.30 02:00;1.04246;1.04283;1.04239;1.04278;285;0
2025.01.30 02:10;1.04278;1.04285;1.04270;1.04281;196;0
2025.01.30 02:20;1.04281;1.04289;1.04262;1.04271;229;0
2025.01.30 02:30;1.04270;1.04271;1.04248;1.04259;236;0
2025.01.30 02:40;1.04258;1.04275;1.04252;1.04267;239;0
2025.01.30 02:50;1.04267;1.04275;1.04250;1.04260;279;0
2025.01.30 03:00;1.04258;1.04262;1.04202;1.04221;361;0
2025.01.30 03:10;1.04220;1.04232;1.04205;1.04213;351;0
2025.01.30 03:20;1.04212;1.04217;1.04188;1.04206;306;0
2025.01.30 03:30;1.04206;1.04224;1.04194;1.04221;230;0
2025.01.30 03:40;1.04222;1.04222;1.04205;1.04211;218;0
2025.01.30 03:50;1.04212;1.04222;1.04199;1.04201;215;0
2025.01.30 04:00;1.04201;1.04251;1.04198;1.04249;258;0
2025.01.30 04:10;1.04249;1.04268;1.04241;1.04266;246;0
2025.01.30 04:20;1.04267;1.04268;1.04217;1.04238;241;0
2025.01.30 04:30;1.04239;1.04246;1.04217;1.04219;220;0
2025.01.30 04:40;1.04219;1.04247;1.04219;1.04230;251;0
2025.01.30 04:50;1.04230;1.04254;1.04224;1.04230;240;0
2025.01.30 05:00;1.04231;1.04246;1.04221;1.04241;229;0
2025.01.30 05:10;1.04241;1.04254;1.04235;1.04247;230;0
2025.01.30 05:20;1.04247;1.04264;1.04242;1.04250;220;0
2025.01.30 05:30;1.04254;1.04261;1.04224;1.04251;216;0
2025.01.30 05:40;1.04253;1.04260;1.04237;1.04251;175;0
2025.01.30 05:50;1.04251;1.04258;1.04244;1.04251;199;0
2025.01.30 06:00;1.04251;1.04276;1.04251;1.04267;226;0
2025.01.30 06:10;1.04267;1.04273;1.04246;1.04257;205;0
2025.01.30 06:20;1.04260;1.04263;1.04230;1.04237;220;0
2025.01.30 06:30;1.04237;1.04239;1.04186;1.04191;320;0
2025.01.30 06:40;1.04194;1.04203;1.04176;1.04190;282;0
2025.01.30 06:50;1.04189;1.04202;1.04184;1.04191;278;0
2025.01.30 07:00;1.04190;1.04215;1.04180;1.04189;249;0
2025.01.30 07:10;1.04190;1.04201;1.04175;1.04191;234;0
2025.01.30 07:20;1.04190;1.04206;1.04177;1.04203;218;0
2025.01.30 07:30;1.04202;1.04217;1.04191;1.04200;257;0
2025.01.30 07:40;1.04199;1.04209;1.04176;1.04184;241;0
2025.01.30 07:50;1.04185;1.04221;1.04183;1.04220;248;0
2025.01.30 08:00;1.04221;1.04227;1.04196;1.04196;242;0
2025.01.30 08:10;1.04196;1.04208;1.04166;1.04173;294;0
2025.01.30 08:20;1.04173;1.04180;1.04136;1.04143;337;0
2025.01.30 08:30;1.04143;1.04150;1.04107;1.04126;334;0
2025.01.30 08:40;1.04129;1.04150;1.04118;1.04130;301;0
2025.01.30 08:50;1.04130;1.04148;1.04122;1.04140;257;0
2025.01.30 09:00;1.04139;1.04139;1.04094;1.04110;372;0
2025.01.30 09:10;1.04108;1.04136;1.04100;1.04125;337;0
2025.01.30 09:20;1.04124;1.04155;1.04104;1.04144;384;0
2025.01.30 09:30;1.04144;1.04163;1.04125;1.04145;432;0
2025.01.30 09:40;1.04145;1.04209;1.04145;1.04183;365;0
2025.01.30 09:50;1.04184;1.04239;1.04184;1.04239;445;0
2025.01.30 10:00;1.04274;1.04290;1.04176;1.04221;754;0
2025.01.30 10:10;1.04221;1.04246;1.04177;1.04214;575;0
2025.01.30 10:20;1.04215;1.04246;1.04206;1.04239;483;0
2025.01.30 10:30;1.04237;1.04239;1.04193;1.04193;434;0
2025.01.30 10:40;1.04194;1.04239;1.04161;1.04238;500;0
2025.01.30 10:50;1.04237;1.04240;1.04189;1.04218;401;0
2025.01.30 11:00;1.04217;1.04226;1.04030;1.04059;799;0
2025.01.30 11:10;1.04060;1.04122;1.04046;1.04121;577;0
2025.01.30 11:20;1.04122;1.04134;1.04034;1.04085;523;0
2025.01.30 11:30;1.04085;1.04116;1.04035;1.04036;581;0
2025.01.30 11:40;1.04035;1.04071;1.04021;1.04060;594;0
2025.01.30 11:50;1.04060;1.04086;1.04049;1.04075;516;0
2025.01.30 12:00;1.04076;1.04081;1.04031;1.04076;507;0
2025.01.30 12:10;1.04076;1.04095;1.04046;1.04062;558;0
2025.01.30 12:20;1.04060;1.04117;1.04048;1.04099;482;0
2025.01.30 12:30;1.04099;1.04111;1.04081;1.04094;485;0
2025.01.30 12:40;1.04092;1.04122;1.04039;1.04043;395;0
2025.01.30 12:50;1.04043;1.04043;1.03957;1.04008;607;0
2025.01.30 13:00;1.04007;1.04007;1.03940;1.03941;500;0
2025.01.30 13:10;1.03941;1.03978;1.03927;1.03967;485;0
2025.01.30 13:20;1.03965;1.03965;1.03916;1.03943;412;0
2025.01.30 13:30;1.03944;1.03987;1.03943;1.03982;426;0
2025.01.30 13:40;1.03981;1.04000;1.03955;1.03965;380;0
2025.01.30 13:50;1.03965;1.03973;1.03912;1.03917;444;0
2025.01.30 14:00;1.03917;1.03957;1.03903;1.03954;529;0
2025.01.30 14:10;1.03954;1.03978;1.03932;1.03968;483;0
2025.01.30 14:20;1.03969;1.04013;1.03950;1.04012;444;0
2025.01.30 14:30;1.04013;1.04016;1.03978;1.03997;498;0
2025.01.30 14:40;1.03998;1.04041;1.03955;1.04037;438;0
2025.01.30 14:50;1.04037;1.04058;1.04021;1.04034;523;0
2025.01.30 15:00;1.04037;1.04056;1.04013;1.04025;612;0
2025.01.30 15:10;1.04025;1.04089;1.04021;1.04049;640;0
2025.01.30 15:20;1.04051;1.04203;1.04049;1.04153;704;0
2025.01.30 15:30;1.04123;1.04159;1.04021;1.04129;1229;0
2025.01.30 15:40;1.04127;1.04257;1.04111;1.04220;796;0
2025.01.30 15:50;1.04218;1.04598;1.04214;1.04569;1456;0
2025.01.30 16:00;1.04561;1.04677;1.04349;1.04370;1515;0
2025.01.30 16:10;1.04374;1.04423;1.04311;1.04321;883;0
2025.01.30 16:20;1.04321;1.04397;1.04290;1.04338;960;0
2025.01.30 16:30;1.04339;1.04367;1.04230;1.04258;1010;0
2025.01.30 16:40;1.04257;1.04317;1.04194;1.04244;795;0
2025.01.30 16:50;1.04242;1.04320;1.04203;1.04281;759;0
2025.01.30 17:00;1.04282;1.04402;1.04280;1.04355;844;0
2025.01.30 17:10;1.04355;1.04398;1.04304;1.04367;735;0
2025.01.30 17:20;1.04365;1.04372;1.04313;1.04324;618;0
2025.01.30 17:30;1.04324;1.04367;1.04270;1.04290;632;0
2025.01.30 17:40;1.04289;1.04415;1.04279;1.04355;822;0
2025.01.30 17:50;1.04354;1.04389;1.04283;1.04313;840;0
2025.01.30 18:00;1.04312;1.04348;1.04262;1.04264;750;0
2025.01.30 18:10;1.04263;1.04318;1.04259;1.04285;581;0
2025.01.30 18:20;1.04284;1.04288;1.04225;1.04250;550;0
2025.01.30 18:30;1.04251;1.04284;1.04217;1.04250;488;0
2025.01.30 18:40;1.04251;1.04264;1.04170;1.04179;512;0
2025.01.30 18:50;1.04178;1.04210;1.04172;1.04198;457;0
2025.01.30 19:00;1.04198;1.04214;1.04142;1.04148;493;0
2025.01.30 19:10;1.04148;1.04205;1.04095;1.04199;607;0
2025.01.30 19:20;1.04200;1.04235;1.04132;1.04153;506;0
2025.01.30 19:30;1.04158;1.04178;1.04144;1.04164;363;0
2025.01.30 19:40;1.04162;1.04185;1.04146;1.04180;403;0
2025.01.30 19:50;1.04180;1.04198;1.04152;1.04169;406;0
2025.01.30 20:00;1.04170;1.04203;1.04156;1.04197;375;0
2025.01.30 20:10;1.04197;1.04214;1.04185;1.04209;278;0
2025.01.30 20:20;1.04209;1.04241;1.04209;1.04225;284;0
2025.01.30 20:30;1.04225;1.04249;1.04217;1.04236;304;0
2025.01.30 20:40;1.04235;1.04252;1.04225;1.04246;289;0
2025.01.30 20:50;1.04247;1.04256;1.04229;1.04251;266;0
2025.01.30 21:00;1.04251;1.04261;1.04230;1.04230;264;0
2025.01.30 21:10;1.04233;1.04261;1.04232;1.04241;282;0
2025.01.30 21:20;1.04241;1.04263;1.04237;1.04260;270;0
2025.01.30 21:30;1.04260;1.04279;1.04253;1.04273;253;0
2025.01.30 21:40;1.04274;1.04298;1.04269;1.04284;229;0
2025.01.30 21:50;1.04285;1.04299;1.04258;1.04279;287;0
2025.01.30 22:00;1.04282;1.04287;1.04264;1.04268;279;0
2025.01.30 22:10;1.04267;1.04301;1.04266;1.04299;211;0
2025.01.30 22:20;1.04298;1.04311;1.04290;1.04309;211;0
2025.01.30 22:30;1.04310;1.04322;1.03936;1.03938;833;0
2025.01.30 22:40;1.03928;1.04122;1.03861;1.04076;1613;2
2025.01.30 22:50;1.04075;1.04112;1.04017;1.04075;980;0
2025.01.30 23:00;1.04076;1.04141;1.03877;1.03889;704;0
2025.01.30 23:10;1.03890;1.03976;1.03871;1.03969;739;0
2025.01.30 23:20;1.03969;1.03980;1.03896;1.03928;402;0
2025.01.30 23:30;1.03928;1.03965;1.03901;1.03937;378;0
2025.01.30 23:40;1.03934;1.03949;1.03887;1.03947;332;7
2025.01.30 23:50;1.03947;1.03955;1.03910;1.03919;313;7
2025.01.31 00:00;1.03883;1.03944;1.03835;1.03893;66;24
2025.01.31 00:10;1.03894;1.03911;1.03887;1.03907;96;24
2025.01.31 00:20;1.03908;1.03913;1.03882;1.03882;88;24
2025.01.31 00:30;1.03882;1.03883;1.03862;1.03866;119;24
2025.01.31 00:40;1.03866;1.03872;1.03856;1.03857;125;24
2025.01.31 00:50;1.03857;1.03874;1.03851;1.03871;88;24
2025.01.31 01:00;1.03874;1.03892;1.03864;1.03881;338;0
2025.01.31 01:10;1.03875;1.03885;1.03850;1.03884;255;0
2025.01.31 01:20;1.03884;1.03915;1.03879;1.03913;199;0
2025.01.31 01:30;1.03912;1.03945;1.03905;1.03942;188;0
2025.01.31 01:40;1.03942;1.03969;1.03942;1.03965;165;0
2025.01.31 01:50;1.03965;1.03984;1.03937;1.03969;182;0
2025.01.31 02:00;1.03969;1.04025;1.03961;1.04015;280;0
2025.01.31 02:10;1.04015;1.04022;1.03960;1.03983;275;0
2025.01.31 02:20;1.03984;1.03987;1.03965;1.03966;235;0
2025.01.31 02:30;1.03967;1.03977;1.03930;1.03937;214;0
2025.01.31 02:40;1.03936;1.03936;1.03857;1.03873;288;0
2025.01.31 02:50;1.03874;1.03891;1.03851;1.03866;315;0
2025.01.31 03:00;1.03864;1.03915;1.03852;1.03888;404;0
2025.01.31 03:10;1.03887;1.03896;1.03871;1.03882;311;0
2025.01.31 03:20;1.03882;1.03900;1.03771;1.03864;529;0
2025.01.31 03:30;1.03863;1.03926;1.03863;1.03919;455;0
2025.01.31 03:40;1.03920;1.03920;1.03876;1.03897;346;0
2025.01.31 03:50;1.03897;1.03897;1.03857;1.03886;393;0
2025.01.31 04:00;1.03886;1.03914;1.03867;1.03870;295;0
2025.01.31 04:10;1.03869;1.03929;1.03869;1.03925;278;0
2025.01.31 04:20;1.03925;1.03934;1.03906;1.03908;280;0
2025.01.31 04:30;1.03908;1.03931;1.03897;1.03916;347;0
2025.01.31 04:40;1.03916;1.03950;1.03902;1.03917;314;0
2025.01.31 04:50;1.03917;1.03936;1.03896;1.03897;324;0
2025.01.31 05:00;1.03897;1.03905;1.03841;1.03865;282;0
2025.01.31 05:10;1.03866;1.03914;1.03865;1.03900;254;0
2025.01.31 05:20;1.03898;1.03905;1.03877;1.03880;212;0
2025.01.31 05:30;1.03880;1.03895;1.03873;1.03874;232;0
2025.01.31 05:40;1.03875;1.03883;1.03866;1.03870;239;0
2025.01.31 05:50;1.03870;1.03875;1.03837;1.03850;256;0
2025.01.31 06:00;1.03850;1.03850;1.03833;1.03836;249;0
2025.01.31 06:10;1.03836;1.03854;1.03829;1.03849;237;0
2025.01.31 06:20;1.03849;1.03864;1.03841;1.03861;235;0
2025.01.31 06:30;1.03862;1.03864;1.03837;1.03862;194;0
2025.01.31 06:40;1.03862;1.03898;1.03862;1.03893;196;0
2025.01.31 06:50;1.03893;1.03898;1.03865;1.03874;231;0
2025.01.31 07:00;1.03872;1.03908;1.03864;1.03899;237;0
2025.01.31 07:10;1.03899;1.03902;1.03878;1.03894;166;0
2025.01.31 07:20;1.03895;1.03899;1.03867;1.03874;216;0
2025.01.31 07:30;1.03872;1.03875;1.03846;1.03864;253;0
2025.01.31 07:40;1.03864;1.03880;1.03857;1.03877;310;0
2025.01.31 07:50;1.03876;1.03895;1.03868;1.03888;307;0
2025.01.31 08:00;1.03888;1.03896;1.03877;1.03889;266;0
2025.01.31 08:10;1.03890;1.03893;1.03874;1.03879;245;0
2025.01.31 08:20;1.03879;1.03909;1.03875;1.03906;267;0
2025.01.31 08:30;1.03907;1.03939;1.03906;1.03938;310;0
2025.01.31 08:40;1.03937;1.03954;1.03927;1.03953;272;0
2025.01.31 08:50;1.03953;1.03953;1.03924;1.03944;303;0
2025.01.31 09:00;1.03943;1.04009;1.03912;1.03973;458;0
2025.01.31 09:10;1.03970;1.04004;1.03950;1.03976;439;0
2025.01.31 09:20;1.03976;1.04045;1.03976;1.04036;440;0
2025.01.31 09:30;1.04037;1.04129;1.04037;1.04105;482;0
2025.01.31 09:40;1.04101;1.04118;1.04017;1.04020;655;0
2025.01.31 09:50;1.04024;1.04064;1.03967;1.04041;754;0
2025.01.31 10:00;1.04026;1.04068;1.03961;1.03976;621;0
2025.01.31 10:10;1.03976;1.03999;1.03936;1.03945;642;0
2025.01.31 10:20;1.03946;1.03960;1.03907;1.03914;595;0
2025.01.31 10:30;1.03915;1.03918;1.03857;1.03859;566;0
2025.01.31 10:40;1.03860;1.03895;1.03852;1.03879;530;0
2025.01.31 10:50;1.03877;1.03881;1.03808;1.03843;542;0
2025.01.31 11:00;1.03843;1.03843;1.03654;1.03769;1123;0
2025.01.31 11:10;1.03770;1.03797;1.03674;1.03725;778;0
2025.01.31 11:20;1.03724;1.03724;1.03660;1.03678;688;0
2025.01.31 11:30;1.03677;1.03773;1.03661;1.03770;595;0
2025.01.31 11:40;1.03771;1.03824;1.03755;1.03775;507;0
2025.01.31 11:50;1.03774;1.03851;1.03747;1.03836;500;0
2025.01.31 12:00;1.03837;1.03837;1.03785;1.03819;533;0
2025.01.31 12:10;1.03817;1.03817;1.03738;1.03784;581;0
2025.01.31 12:20;1.03784;1.03840;1.03779;1.03823;507;0
2025.01.31 12:30;1.03823;1.03835;1.03777;1.03790;498;0
2025.01.31 12:40;1.03790;1.03819;1.03755;1.03794;481;0
2025.01.31 12:50;1.03794;1.03797;1.03749;1.03763;502;0
2025.01.31 13:00;1.03764;1.03801;1.03743;1.03789;439;0
2025.01.31 13:10;1.03790;1.03800;1.03773;1.03790;304;0
2025.01.31 13:20;1.03793;1.03793;1.03723;1.03759;420;0
2025.01.31 13:30;1.03759;1.03788;1.03736;1.03782;436;0
2025.01.31 13:40;1.03783;1.03791;1.03739;1.03749;316;0
2025.01.31 13:50;1.03749;1.03777;1.03721;1.03758;488;0
2025.01.31 14:00;1.03760;1.03809;1.03760;1.03779;470;0
2025.01.31 14:10;1.03780;1.03805;1.03747;1.03805;374;0
2025.01.31 14:20;1.03804;1.03857;1.03804;1.03820;408;0
2025.01.31 14:30;1.03823;1.03838;1.03796;1.03799;405;0
2025.01.31 14:40;1.03798;1.03835;1.03784;1.03807;409;0
2025.01.31 14:50;1.03806;1.03843;1.03776;1.03825;446;0
2025.01.31 15:00;1.03824;1.03936;1.03818;1.03932;752;0
2025.01.31 15:10;1.03926;1.03953;1.03903;1.03930;637;0
2025.01.31 15:20;1.03929;1.03930;1.03859;1.03889;672;0
2025.01.31 15:30;1.03880;1.03896;1.03781;1.03840;972;2
2025.01.31 15:40;1.03840;1.03841;1.03768;1.03806;772;0
2025.01.31 15:50;1.03806;1.03841;1.03773;1.03823;680;0
2025.01.31 16:00;1.03823;1.03825;1.03743;1.03763;600;0
2025.01.31 16:10;1.03760;1.03760;1.03669;1.03722;839;0
2025.01.31 16:20;1.03722;1.03767;1.03720;1.03754;723;0
2025.01.31 16:30;1.03753;1.03756;1.03679;1.03696;804;0
2025.01.31 16:40;1.03696;1.03753;1.03679;1.03746;624;0
2025.01.31 16:50;1.03747;1.03781;1.03679;1.03687;775;0
2025.01.31 17:00;1.03692;1.03692;1.03602;1.03641;788;0
2025.01.31 17:10;1.03643;1.03710;1.03638;1.03680;691;0
2025.01.31 17:20;1.03682;1.03754;1.03637;1.03752;673;0
2025.01.31 17:30;1.03758;1.03819;1.03719;1.03804;710;0
2025.01.31 17:40;1.03805;1.03882;1.03782;1.03852;795;0
2025.01.31 17:50;1.03851;1.04006;1.03798;1.03965;996;0
2025.01.31 18:00;1.03965;1.03965;1.03903;1.03914;890;0
2025.01.31 18:10;1.03913;1.03921;1.03862;1.03919;744;0
2025.01.31 18:20;1.03921;1.03958;1.03908;1.03954;649;0
2025.01.31 18:30;1.03955;1.04050;1.03932;1.04027;691;0
2025.01.31 18:40;1.04027;1.04077;1.03972;1.03972;630;0
2025.01.31 18:50;1.03970;1.04010;1.03955;1.03998;525;0
2025.01.31 19:00;1.03998;1.04204;1.03900;1.04204;763;0
2025.01.31 19:10;1.04209;1.04337;1.04147;1.04246;1520;0
2025.01.31 19:20;1.04246;1.04336;1.04220;1.04320;992;0
2025.01.31 19:30;1.04322;1.04324;1.04219;1.04221;851;0
2025.01.31 19:40;1.04222;1.04279;1.04136;1.04181;809;0
2025.01.31 19:50;1.04173;1.04235;1.04171;1.04201;704;0
2025.01.31 20:00;1.04201;1.04213;1.04164;1.04166;552;0
2025.01.31 20:10;1.04169;1.04217;1.03929;1.03939;555;0
2025.01.31 20:20;1.03952;1.04054;1.03736;1.03826;1516;1
2025.01.31 20:30;1.03825;1.03825;1.03617;1.03716;1309;2
2025.01.31 20:40;1.03722;1.03864;1.03697;1.03830;1231;1
2025.01.31 20:50;1.03830;1.03838;1.03685;1.03699;1001;0
2025.01.31 21:00;1.03697;1.03727;1.03645;1.03647;855;0
2025.01.31 21:10;1.03653;1.03713;1.03648;1.03690;702;0
2025.01.31 21:20;1.03691;1.03736;1.03658;1.03712;599;0
2025.01.31 21:30;1.03718;1.03741;1.03656;1.03680;621;0
2025.01.31 21:40;1.03681;1.03756;1.03671;1.03737;717;0
2025.01.31 21:50;1.03737;1.03793;1.03733;1.03762;864;0
2025.01.31 22:00;1.03762;1.03763;1.03680;1.03726;709;0
2025.01.31 22:10;1.03725;1.03773;1.03705;1.03713;564;0
2025.01.31 22:20;1.03714;1.03758;1.03708;1.03755;610;0
2025.01.31 22:30;1.03754;1.03803;1.03754;1.03782;490;0
2025.01.31 22:40;1.03781;1.03820;1.03769;1.03812;501;0
2025.01.31 22:50;1.03818;1.03819;1.03630;1.03736;1178;0
2025.01.31 23:00;1.03740;1.03870;1.03641;1.03665;1044;0
2025.01.31 23:10;1.03664;1.03665;1.03503;1.03608;1003;0
2025.01.31 23:20;1.03594;1.03694;1.03594;1.03668;573;0
2025.01.31 23:30;1.03667;1.03673;1.03581;1.03611;439;0
2025.01.31 23:40;1.03608;1.03633;1.03566;1.03621;327;5
2025.01.31 23:50;1.03621;1.03629;1.03571;1.03585;157;5
2025.02.03 00:00;1.02469;1.02617;1.02393;1.02465;205;25
2025.02.03 00:10;1.02465;1.02558;1.02464;1.02510;317;29
2025.02.03 00:20;1.02510;1.02521;1.02481;1.02494;147;29
2025.02.03 00:30;1.02494;1.02494;1.02441;1.02455;206;29
2025.02.03 00:40;1.02456;1.02567;1.02455;1.02539;369;29
2025.02.03 00:50;1.02536;1.02546;1.02470;1.02493;281;29
2025.02.03 01:00;1.02543;1.02703;1.02344;1.02630;1169;0
2025.02.03 01:10;1.02636;1.02659;1.02432;1.02508;829;0
2025.02.03 01:20;1.02509;1.02575;1.02349;1.02407;870;0
2025.02.03 01:30;1.02416;1.02545;1.02379;1.02389;832;0
2025.02.03 01:40;1.02389;1.02579;1.02361;1.02490;723;0
2025.02.03 01:50;1.02493;1.02539;1.02446;1.02472;548;0
2025.02.03 02:00;1.02472;1.02668;1.02434;1.02636;898;0
2025.02.03 02:10;1.02635;1.02673;1.02452;1.02478;796;0
2025.02.03 02:20;1.02467;1.02467;1.02105;1.02367;1411;0
2025.02.03 02:30;1.02373;1.02438;1.02273;1.02279;995;0
2025.02.03 02:40;1.02277;1.02394;1.02265;1.02337;881;0
2025.02.03 02:50;1.02337;1.02350;1.02198;1.02321;997;0
2025.02.03 03:00;1.02320;1.02367;1.02220;1.02339;973;0
2025.02.03 03:10;1.02339;1.02431;1.02329;1.02413;783;0
2025.02.03 03:20;1.02414;1.02520;1.02399;1.02482;792;0
2025.02.03 03:30;1.02481;1.02523;1.02434;1.02443;701;0
2025.02.03 03:40;1.02442;1.02469;1.02413;1.02414;638;0
2025.02.03 03:50;1.02414;1.02443;1.02361;1.02377;590;0
2025.02.03 04:00;1.02376;1.02379;1.02231;1.02261;794;0
2025.02.03 04:10;1.02263;1.02330;1.02236;1.02321;761;0
2025.02.03 04:20;1.02320;1.02350;1.02286;1.02312;638;0
2025.02.03 04:30;1.02313;1.02314;1.02238;1.02263;647;0
2025.02.03 04:40;1.02262;1.02304;1.02251;1.02269;661;0
2025.02.03 04:50;1.02269;1.02271;1.02208;1.02236;556;0
2025.02.03 05:00;1.02237;1.02249;1.02190;1.02196;487;0
2025.02.03 05:10;1.02196;1.02214;1.02152;1.02195;479;0
2025.02.03 05:20;1.02195;1.02202;1.02162;1.02194;489;0
2025.02.03 05:30;1.02195;1.02201;1.02123;1.02126;502;0
2025.02.03 05:40;1.02125;1.02170;1.02122;1.02163;418;0
2025.02.03 05:50;1.02165;1.02243;1.02160;1.02214;433;0
2025.02.03 06:00;1.02215;1.02397;1.02204;1.02291;1068;0
2025.02.03 06:10;1.02292;1.02317;1.02260;1.02272;582;0
2025.02.03 06:20;1.02273;1.02273;1.02221;1.02241;461;0
2025.02.03 06:30;1.02242;1.02274;1.02221;1.02251;560;0
2025.02.03 06:40;1.02251;1.02268;1.02217;1.02247;565;0
2025.02.03 06:50;1.02249;1.02283;1.02237;1.02266;501;0
2025.02.03 07:00;1.02268;1.02347;1.02257;1.02319;513;0
2025.02.03 07:10;1.02318;1.02386;1.02308;1.02384;515;0
2025.02.03 07:20;1.02387;1.02399;1.02370;1.02388;346;0
2025.02.03 07:30;1.02387;1.02411;1.02371;1.02381;384;0
2025.02.03 07:40;1.02380;1.02404;1.02361;1.02403;321;0
2025.02.03 07:50;1.02401;1.02433;1.02391;1.02404;494;0
2025.02.03 08:00;1.02404;1.02465;1.02395;1.02440;521;0
2025.02.03 08:10;1.02440;1.02492;1.02423;1.02444;450;0
2025.02.03 08:20;1.02444;1.02489;1.02440;1.02462;473;0
2025.02.03 08:30;1.02461;1.02506;1.02452;1.02484;584;0
2025.02.03 08:40;1.02483;1.02517;1.02470;1.02488;526;0
2025.02.03 08:50;1.02488;1.02499;1.02415;1.02431;526;0
2025.02.03 09:00;1.02427;1.02495;1.02421;1.02435;711;0
2025.02.03 09:10;1.02434;1.02445;1.02337;1.02357;738;0
2025.02.03 09:20;1.02354;1.02355;1.02274;1.02330;721;0
2025.02.03 09:30;1.02329;1.02349;1.02273;1.02296;670;0
2025.02.03 09:40;1.02296;1.02417;1.02229;1.02401;695;0
2025.02.03 09:50;1.02401;1.02401;1.02219;1.02246;735;0
2025.02.03 10:00;1.02249;1.02275;1.02128;1.02162;1019;0
2025.02.03 10:10;1.02162;1.02297;1.02142;1.02296;819;0
2025.02.03 10:20;1.02294;1.02439;1.02288;1.02430;862;0
2025.02.03 10:30;1.02431;1.02511;1.02411;1.02412;850;0
2025.02.03 10:40;1.02411;1.02481;1.02373;1.02474;740;0
2025.02.03 10:50;1.02471;1.02489;1.02401;1.02436;671;0
2025.02.03 11:00;1.02433;1.02503;1.02413;1.02484;670;0
2025.02.03 11:10;1.02484;1.02512;1.02454;1.02474;613;0
2025.02.03 11:20;1.02473;1.02516;1.02408;1.02512;559;0
2025.02.03 11:30;1.02511;1.02543;1.02494;1.02520;604;0
2025.02.03 11:40;1.02520;1.02521;1.02298;1.02310;619;0
2025.02.03 11:50;1.02311;1.02356;1.02257;1.02313;590;0
2025.02.03 12:00;1.02311;1.02401;1.02300;1.02394;626;0
2025.02.03 12:10;1.02390;1.02434;1.02348;1.02421;484;0
2025.02.03 12:20;1.02420;1.02432;1.02324;1.02372;509;0
2025.02.03 12:30;1.02370;1.02414;1.02363;1.02380;591;0
2025.02.03 12:40;1.02379;1.02427;1.02364;1.02422;504;0
2025.02.03 12:50;1.02422;1.02446;1.02405;1.02437;527;0
2025.02.03 13:00;1.02436;1.02496;1.02420;1.02474;660;0
2025.02.03 13:10;1.02476;1.02498;1.02436;1.02468;529;0
2025.02.03 13:20;1.02469;1.02481;1.02394;1.02394;453;0
2025.02.03 13:30;1.02395;1.02450;1.02364;1.02449;515;0
2025.02.03 13:40;1.02445;1.02507;1.02431;1.02503;441;0
2025.02.03 13:50;1.02503;1.02560;1.02476;1.02523;473;0
2025.02.03 14:00;1.02523;1.02528;1.02511;1.02524;333;0
2025.02.03 14:10;1.02524;1.02582;1.02524;1.02566;806;0
2025.02.03 14:20;1.02566;1.02751;1.02566;1.02714;822;0
2025.02.03 14:30;1.02714;1.02781;1.02681;1.02724;673;0
2025.02.03 14:40;1.02724;1.02727;1.02661;1.02674;512;0
2025.02.03 14:50;1.02674;1.02680;1.02535;1.02580;922;0
2025.02.03 15:00;1.02577;1.02875;1.02577;1.02740;1229;0
2025.02.03 15:10;1.02738;1.02809;1.02686;1.02748;765;0
2025.02.03 15:20;1.02742;1.02784;1.02693;1.02704;721;0
2025.02.03 15:30;1.02704;1.02708;1.02646;1.02659;707;0
2025.02.03 15:40;1.02658;1.02663;1.02596;1.02629;655;0
2025.02.03 15:50;1.02630;1.02650;1.02603;1.02638;686;0
2025.02.03 16:00;1.02640;1.02642;1.02526;1.02556;778;0
2025.02.03 16:10;1.02557;1.02660;1.02521;1.02615;892;0
2025.02.03 16:20;1.02612;1.02643;1.02556;1.02606;769;0
2025.02.03 16:30;1.02606;1.02639;1.02530;1.02579;1070;0
2025.02.03 16:40;1.02580;1.02607;1.02480;1.02493;893;0
2025.02.03 16:50;1.02494;1.02529;1.02472;1.02509;977;0
2025.02.03 17:00;1.02461;1.02571;1.02440;1.02538;1161;2
2025.02.03 17:10;1.02535;1.02608;1.02535;1.02577;1121;0
2025.02.03 17:20;1.02576;1.03210;1.02539;1.03023;1852;0
2025.02.03 17:30;1.03020;1.03227;1.02978;1.03066;1757;0
2025.02.03 17:40;1.03065;1.03356;1.02991;1.03139;1629;0
2025.02.03 17:50;1.03148;1.03255;1.03111;1.03162;1485;0
2025.02.03 18:00;1.03163;1.03216;1.02948;1.03054;1717;0
2025.02.03 18:10;1.03055;1.03211;1.03055;1.03187;1298;0
2025.02.03 18:20;1.03186;1.03197;1.03010;1.03039;1026;0
2025.02.03 18:30;1.03045;1.03119;1.03022;1.03081;976;0
2025.02.03 18:40;1.03081;1.03101;1.02933;1.02948;762;0
2025.02.03 18:50;1.02950;1.03008;1.02728;1.02762;1302;0
2025.02.03 19:00;1.02760;1.02865;1.02715;1.02831;1101;0
2025.02.03 19:10;1.02828;1.02887;1.02791;1.02800;795;1
2025.02.03 19:20;1.02800;1.02877;1.02770;1.02861;711;1
2025.02.03 19:30;1.02858;1.02893;1.02830;1.02837;674;1
2025.02.03 19:40;1.02836;1.02867;1.02812;1.02845;657;1
2025.02.03 19:50;1.02846;1.03026;1.02717;1.02798;1150;1
2025.02.03 20:00;1.02794;1.02858;1.02709;1.02776;1122;1
2025.02.03 20:10;1.02771;1.02877;1.02754;1.02842;732;1
2025.02.03 20:20;1.02843;1.02874;1.02787;1.02796;632;1
2025.02.03 20:30;1.02798;1.02818;1.02757;1.02783;498;1
2025.02.03 20:40;1.02784;1.02796;1.02738;1.02775;507;1
2025.02.03 20:50;1.02774;1.02803;1.02757;1.02785;421;1
2025.02.03 21:00;1.02787;1.02857;1.02787;1.02831;452;1
2025.02.03 21:10;1.02831;1.02934;1.02825;1.02919;412;1
2025.02.03 21:20;1.02918;1.02970;1.02918;1.02925;427;0
2025.02.03 21:30;1.02924;1.02941;1.02861;1.02877;358;0
2025.02.03 21:40;1.02883;1.02887;1.02857;1.02869;342;0
2025.02.03 21:50;1.02869;1.02903;1.02833;1.02845;371;0
2025.02.03 22:00;1.02849;1.02903;1.02828;1.02900;337;0
2025.02.03 22:10;1.02897;1.02954;1.02890;1.02953;406;0
2025.02.03 22:20;1.02953;1.02967;1.02940;1.02954;349;0
2025.02.03 22:30;1.02954;1.02992;1.02946;1.02965;340;0
2025.02.03 22:40;1.02964;1.02981;1.02950;1.02965;400;0
2025.02.03 22:50;1.02965;1.02986;1.02934;1.02955;433;0
2025.02.03 23:00;1.02955;1.02958;1.02933;1.02944;229;0
2025.02.03 23:10;1.02944;1.03034;1.02929;1.03003;254;0
2025.02.03 23:20;1.02997;1.03122;1.02992;1.03078;725;1
2025.02.03 23:30;1.03077;1.03366;1.03066;1.03356;803;1
2025.02.03 23:40;1.03353;1.03500;1.03323;1.03420;1052;5
2025.02.03 23:50;1.03419;1.03460;1.03320;1.03426;597;5
2025.02.04 00:00;1.03446;1.03455;1.03347;1.03371;195;25
2025.02.04 00:10;1.03361;1.03371;1.03334;1.03361;562;37
2025.02.04 00:20;1.03361;1.03463;1.03357;1.03455;216;24
2025.02.04 00:30;1.03455;1.03456;1.03423;1.03443;97;24
2025.02.04 00:40;1.03442;1.03443;1.03416;1.03428;86;24
2025.02.04 00:50;1.03428;1.03429;1.03400;1.03422;66;24
2025.02.04 01:00;1.03423;1.03496;1.03410;1.03481;559;0
2025.02.04 01:10;1.03484;1.03503;1.03410;1.03410;383;0
2025.02.04 01:20;1.03412;1.03417;1.03370;1.03384;446;0
2025.02.04 01:30;1.03383;1.03384;1.03328;1.03334;361;0
2025.02.04 01:40;1.03335;1.03335;1.03287;1.03300;330;0
2025.02.04 01:50;1.03302;1.03315;1.03265;1.03282;321;0
2025.02.04 02:00;1.03281;1.03309;1.03219;1.03232;442;0
2025.02.04 02:10;1.03235;1.03250;1.03211;1.03230;375;0
2025.02.04 02:20;1.03230;1.03252;1.03215;1.03232;340;0
2025.02.04 02:30;1.03233;1.03237;1.03184;1.03188;311;0
2025.02.04 02:40;1.03188;1.03206;1.03165;1.03167;276;0
2025.02.04 02:50;1.03167;1.03194;1.03162;1.03179;404;0
2025.02.04 03:00;1.03171;1.03181;1.03154;1.03161;439;0
2025.02.04 03:10;1.03160;1.03165;1.03103;1.03105;552;0
2025.02.04 03:20;1.03106;1.03167;1.03087;1.03159;433;0
2025.02.04 03:30;1.03162;1.03163;1.03099;1.03122;529;0
2025.02.04 03:40;1.03121;1.03197;1.03121;1.03191;520;0
2025.02.04 03:50;1.03184;1.03227;1.03182;1.03220;416;0
2025.02.04 04:00;1.03219;1.03230;1.03189;1.03228;385;0
2025.02.04 04:10;1.03227;1.03231;1.03178;1.03181;354;0
2025.02.04 04:20;1.03182;1.03195;1.03164;1.03182;335;0
2025.02.04 04:30;1.03181;1.03202;1.03167;1.03189;355;0
2025.02.04 04:40;1.03188;1.03219;1.03170;1.03210;367;0
2025.02.04 04:50;1.03210;1.03240;1.03210;1.03220;373;0
2025.02.04 05:00;1.03221;1.03241;1.03203;1.03227;398;0
2025.02.04 05:10;1.03227;1.03232;1.03195;1.03197;281;0
2025.02.04 05:20;1.03197;1.03211;1.03182;1.03194;284;0
2025.02.04 05:30;1.03194;1.03194;1.03151;1.03155;275;0
2025.02.04 05:40;1.03154;1.03154;1.03117;1.03128;359;0
2025.02.04 05:50;1.03128;1.03159;1.03128;1.03146;339;0
2025.02.04 06:00;1.03146;1.03150;1.03111;1.03115;291;0
2025.02.04 06:10;1.03116;1.03147;1.03113;1.03131;293;0
2025.02.04 06:20;1.03131;1.03151;1.03124;1.03136;296;0
2025.02.04 06:30;1.03136;1.03137;1.03105;1.03106;170;0
2025.02.04 06:40;1.03107;1.03133;1.03102;1.03102;255;0
2025.02.04 06:50;1.03102;1.03109;1.03057;1.03058;332;0
2025.02.04 07:00;1.03057;1.03058;1.02774;1.02831;1220;0
2025.02.04 07:10;1.02832;1.02835;1.02722;1.02821;1042;0
2025.02.04 07:20;1.02821;1.02872;1.02767;1.02863;924;0
2025.02.04 07:30;1.02864;1.02935;1.02857;1.02930;635;0
2025.02.04 07:40;1.02930;1.02946;1.02914;1.02946;471;0
2025.02.04 07:50;1.02947;1.02974;1.02921;1.02932;556;0
2025.02.04 08:00;1.02931;1.02978;1.02924;1.02967;381;0
2025.02.04 08:10;1.02967;1.02976;1.02940;1.02957;376;0
2025.02.04 08:20;1.02958;1.02977;1.02941;1.02945;401;0
2025.02.04 08:30;1.02949;1.02968;1.02922;1.02950;435;0
2025.02.04 08:40;1.02948;1.02985;1.02935;1.02968;522;0
2025.02.04 08:50;1.02968;1.03077;1.02963;1.03067;481;0
2025.02.04 09:00;1.03067;1.03067;1.03000;1.03005;539;0
2025.02.04 09:10;1.03008;1.03087;1.03002;1.03086;410;0
2025.02.04 09:20;1.03085;1.03087;1.03049;1.03068;539;0
2025.02.04 09:30;1.03068;1.03131;1.03065;1.03129;523;0
2025.02.04 09:40;1.03130;1.03170;1.03116;1.03163;559;0
2025.02.04 09:50;1.03162;1.03172;1.03099;1.03115;492;0
2025.02.04 10:00;1.03114;1.03189;1.03091;1.03154;852;0
2025.02.04 10:10;1.03151;1.03236;1.03113;1.03224;774;0
2025.02.04 10:20;1.03225;1.03333;1.03193;1.03317;877;0
2025.02.04 10:30;1.03313;1.03313;1.03236;1.03275;748;0
2025.02.04 10:40;1.03278;1.03317;1.03252;1.03257;601;0
2025.02.04 10:50;1.03256;1.03352;1.03236;1.03343;634;0
2025.02.04 11:00;1.03343;1.03410;1.03322;1.03407;568;0
2025.02.04 11:10;1.03406;1.03452;1.03406;1.03444;546;0
2025.02.04 11:20;1.03442;1.03476;1.03425;1.03473;461;0
2025.02.04 11:30;1.03471;1.03495;1.03439;1.03479;521;0
2025.02.04 11:40;1.03480;1.03480;1.03409;1.03416;501;0
2025.02.04 11:50;1.03397;1.03447;1.03384;1.03387;544;0
2025.02.04 12:00;1.03387;1.03427;1.03369;1.03403;438;0
2025.02.04 12:10;1.03404;1.03433;1.03376;1.03377;348;0
2025.02.04 12:20;1.03376;1.03416;1.03351;1.03358;379;0
2025.02.04 12:30;1.03357;1.03358;1.03255;1.03271;509;0
2025.02.04 12:40;1.03274;1.03319;1.03254;1.03309;409;0
2025.02.04 12:50;1.03308;1.03359;1.03308;1.03350;375;0
2025.02.04 13:00;1.03351;1.03352;1.03268;1.03274;426;0
2025.02.04 13:10;1.03273;1.03278;1.03241;1.03245;380;0
2025.02.04 13:20;1.03244;1.03274;1.03229;1.03247;329;0
2025.02.04 13:30;1.03238;1.03270;1.03224;1.03254;327;0
2025.02.04 13:40;1.03253;1.03272;1.03226;1.03250;367;0
2025.02.04 13:50;1.03246;1.03276;1.03220;1.03221;413;0
2025.02.04 14:00;1.03221;1.03233;1.03203;1.03206;564;0
2025.02.04 14:10;1.03206;1.03248;1.03203;1.03248;443;0
2025.02.04 14:20;1.03247;1.03255;1.03214;1.03248;528;0
2025.02.04 14:30;1.03248;1.03282;1.03228;1.03265;474;0
2025.02.04 14:40;1.03266;1.03272;1.03235;1.03264;402;0
2025.02.04 14:50;1.03264;1.03284;1.03250;1.03252;482;0
2025.02.04 15:00;1.03252;1.03358;1.03239;1.03355;513;0
2025.02.04 15:10;1.03348;1.03394;1.03341;1.03370;463;0
2025.02.04 15:20;1.03366;1.03369;1.03317;1.03338;547;0
2025.02.04 15:30;1.03337;1.03353;1.03299;1.03319;522;0
2025.02.04 15:40;1.03320;1.03372;1.03297;1.03348;546;0
2025.02.04 15:50;1.03349;1.03405;1.03343;1.03403;669;0
2025.02.04 16:00;1.03406;1.03528;1.03403;1.03527;755;0
2025.02.04 16:10;1.03528;1.03594;1.03499;1.03560;671;0
2025.02.04 16:20;1.03560;1.03560;1.03460;1.03498;706;0
2025.02.04 16:30;1.03497;1.03500;1.03435;1.03486;765;0
2025.02.04 16:40;1.03486;1.03568;1.03482;1.03561;776;0
2025.02.04 16:50;1.03562;1.03662;1.03558;1.03600;787;0
2025.02.04 17:00;1.03601;1.03779;1.03592;1.03610;1410;0
2025.02.04 17:10;1.03608;1.03746;1.03578;1.03746;1147;0
2025.02.04 17:20;1.03745;1.03776;1.03695;1.03707;1013;0
2025.02.04 17:30;1.03707;1.03847;1.03686;1.03815;944;0
2025.02.04 17:40;1.03818;1.03843;1.03761;1.03807;719;0
2025.02.04 17:50;1.03805;1.03858;1.03792;1.03803;787;0
2025.02.04 18:00;1.03801;1.03859;1.03791;1.03849;848;0
2025.02.04 18:10;1.03850;1.03856;1.03760;1.03769;629;0
2025.02.04 18:20;1.03770;1.03798;1.03734;1.03793;734;0
2025.02.04 18:30;1.03792;1.03832;1.03749;1.03829;641;0
2025.02.04 18:40;1.03825;1.03875;1.03812;1.03861;573;0
2025.02.04 18:50;1.03862;1.03862;1.03778;1.03784;584;0
2025.02.04 19:00;1.03782;1.03788;1.03727;1.03727;467;0
2025.02.04 19:10;1.03731;1.03776;1.03681;1.03682;693;1
2025.02.04 19:20;1.03682;1.03736;1.03658;1.03725;639;1
2025.02.04 19:30;1.03725;1.03748;1.03657;1.03730;576;1
2025.02.04 19:40;1.03729;1.03744;1.03703;1.03723;526;1
2025.02.04 19:50;1.03723;1.03780;1.03721;1.03766;538;1
2025.02.04 20:00;1.03764;1.03800;1.03744;1.03798;474;0
2025.02.04 20:10;1.03798;1.03819;1.03787;1.03797;351;0
2025.02.04 20:20;1.03797;1.03834;1.03797;1.03799;296;0
2025.02.04 20:30;1.03807;1.03834;1.03798;1.03800;326;0
2025.02.04 20:40;1.03800;1.03862;1.03796;1.03842;334;0
2025.02.04 20:50;1.03842;1.03848;1.03810;1.03811;331;0
2025.02.04 21:00;1.03811;1.03823;1.03786;1.03809;352;0
2025.02.04 21:10;1.03808;1.03824;1.03772;1.03794;285;0
2025.02.04 21:20;1.03794;1.03819;1.03786;1.03801;344;0
2025.02.04 21:30;1.03802;1.03852;1.03802;1.03804;290;0
2025.02.04 21:40;1.03801;1.03819;1.03787;1.03819;358;0
2025.02.04 21:50;1.03814;1.03854;1.03793;1.03813;471;0
2025.02.04 22:00;1.03817;1.03824;1.03794;1.03814;430;0
2025.02.04 22:10;1.03815;1.03852;1.03813;1.03836;283;0
2025.02.04 22:20;1.03831;1.03833;1.03807;1.03831;246;1
2025.02.04 22:30;1.03830;1.03834;1.03809;1.03823;295;1
2025.02.04 22:40;1.03823;1.03833;1.03815;1.03825;259;1
2025.02.04 22:50;1.03825;1.03859;1.03822;1.03853;281;0
2025.02.04 23:00;1.03854;1.03876;1.03821;1.03837;203;0
2025.02.04 23:10;1.03837;1.03840;1.03807;1.03808;119;0
2025.02.04 23:20;1.03814;1.03814;1.03779;1.03785;175;0
2025.02.04 23:30;1.03784;1.03800;1.03778;1.03780;132;0
2025.02.04 23:40;1.03778;1.03806;1.03778;1.03784;188;5
2025.02.04 23:50;1.03784;1.03806;1.03778;1.03789;214;5
2025.02.05 00:00;1.03777;1.03780;1.03743;1.03754;67;24
2025.02.05 00:10;1.03748;1.03785;1.03741;1.03776;192;24
2025.02.05 00:20;1.03776;1.03784;1.03764;1.03777;92;24
2025.02.05 00:30;1.03777;1.03786;1.03754;1.03755;61;24
2025.02.05 00:40;1.03754;1.03778;1.03731;1.03776;265;24
2025.02.05 00:50;1.03776;1.03795;1.03772;1.03772;156;24
2025.02.05 01:00;1.03767;1.03803;1.03751;1.03763;202;0
2025.02.05 01:10;1.03764;1.03794;1.03764;1.03788;146;0
2025.02.05 01:20;1.03792;1.03793;1.03773;1.03774;228;0
2025.02.05 01:30;1.03775;1.03789;1.03771;1.03773;191;0
2025.02.05 01:40;1.03773;1.03796;1.03763;1.03766;299;0
2025.02.05 01:50;1.03767;1.03767;1.03707;1.03715;205;0
2025.02.05 02:00;1.03716;1.03747;1.03694;1.03700;277;0
2025.02.05 02:10;1.03700;1.03738;1.03700;1.03730;258;0
2025.02.05 02:20;1.03730;1.03757;1.03711;1.03754;195;0
2025.02.05 02:30;1.03753;1.03820;1.03747;1.03793;414;0
2025.02.05 02:40;1.03792;1.03805;1.03750;1.03751;360;0
2025.02.05 02:50;1.03752;1.03799;1.03743;1.03788;398;0
2025.02.05 03:00;1.03789;1.03833;1.03783;1.03811;479;0
2025.02.05 03:10;1.03807;1.03851;1.03780;1.03782;527;0
2025.02.05 03:20;1.03783;1.03867;1.03776;1.03851;451;0
2025.02.05 03:30;1.03851;1.03851;1.03762;1.03773;488;0
2025.02.05 03:40;1.03772;1.03782;1.03752;1.03772;392;0
2025.02.05 03:50;1.03773;1.03776;1.03726;1.03733;431;0
2025.02.05 04:00;1.03732;1.03781;1.03729;1.03779;503;0
2025.02.05 04:10;1.03779;1.03834;1.03779;1.03808;410;0
2025.02.05 04:20;1.03808;1.03842;1.03806;1.03834;439;0
2025.02.05 04:30;1.03834;1.03840;1.03817;1.03833;368;0
2025.02.05 04:40;1.03834;1.03837;1.03819;1.03835;334;0
2025.02.05 04:50;1.03834;1.03849;1.03823;1.03846;335;0
2025.02.05 05:00;1.03846;1.03861;1.03808;1.03820;354;0
2025.02.05 05:10;1.03821;1.03833;1.03809;1.03826;267;0
2025.02.05 05:20;1.03825;1.03844;1.03812;1.03839;253;0
2025.02.05 05:30;1.03840;1.03856;1.03823;1.03850;331;0
2025.02.05 05:40;1.03850;1.03858;1.03816;1.03822;254;0
2025.02.05 05:50;1.03822;1.03825;1.03793;1.03794;247;0
2025.02.05 06:00;1.03794;1.03813;1.03785;1.03810;293;0
2025.02.05 06:10;1.03809;1.03823;1.03790;1.03797;273;0
2025.02.05 06:20;1.03795;1.03801;1.03780;1.03782;312;0
2025.02.05 06:30;1.03783;1.03792;1.03770;1.03771;186;0
2025.02.05 06:40;1.03771;1.03786;1.03763;1.03783;234;0
2025.02.05 06:50;1.03782;1.03793;1.03769;1.03787;168;0
2025.02.05 07:00;1.03788;1.03788;1.03740;1.03757;268;0
2025.02.05 07:10;1.03757;1.03768;1.03750;1.03765;219;0
2025.02.05 07:20;1.03761;1.03775;1.03741;1.03747;334;0
2025.02.05 07:30;1.03747;1.03763;1.03731;1.03746;293;0
2025.02.05 07:40;1.03746;1.03774;1.03736;1.03764;319;0
2025.02.05 07:50;1.03764;1.03779;1.03759;1.03777;336;0
2025.02.05 08:00;1.03776;1.03783;1.03741;1.03783;328;0
2025.02.05 08:10;1.03783;1.03875;1.03783;1.03874;318;0
2025.02.05 08:20;1.03872;1.03941;1.03853;1.03934;454;0
2025.02.05 08:30;1.03935;1.03935;1.03876;1.03884;351;0
2025.02.05 08:40;1.03884;1.03884;1.03853;1.03856;354;0
2025.02.05 08:50;1.03857;1.03891;1.03837;1.03851;398;0
2025.02.05 09:00;1.03851;1.03866;1.03820;1.03866;519;0
2025.02.05 09:10;1.03867;1.03983;1.03859;1.03983;571;0
2025.02.05 09:20;1.03983;1.04089;1.03952;1.04072;704;0
2025.02.05 09:30;1.04074;1.04096;1.04016;1.04061;520;0
2025.02.05 09:40;1.04066;1.04073;1.04021;1.04051;494;0
2025.02.05 09:50;1.04051;1.04072;1.03981;1.04026;587;0
2025.02.05 10:00;1.04020;1.04070;1.03995;1.04015;743;0
2025.02.05 10:10;1.04015;1.04042;1.03949;1.03952;689;0
2025.02.05 10:20;1.03956;1.04003;1.03931;1.03973;658;0
2025.02.05 10:30;1.03972;1.03982;1.03901;1.03968;730;0
2025.02.05 10:40;1.03968;1.04063;1.03956;1.04031;723;0
2025.02.05 10:50;1.04028;1.04087;1.04011;1.04038;656;0
2025.02.05 11:00;1.04039;1.04102;1.04035;1.04055;722;0
2025.02.05 11:10;1.04055;1.04175;1.04032;1.04116;713;0
2025.02.05 11:20;1.04117;1.04147;1.04100;1.04120;575;0
2025.02.05 11:30;1.04118;1.04118;1.04039;1.04057;574;0
2025.02.05 11:40;1.04058;1.04099;1.04058;1.04077;568;0
2025.02.05 11:50;1.04077;1.04087;1.04015;1.04039;542;0
2025.02.05 12:00;1.04038;1.04088;1.04017;1.04081;621;0
2025.02.05 12:10;1.04081;1.04148;1.04057;1.04142;401;0
2025.02.05 12:20;1.04142;1.04190;1.04119;1.04182;518;0
2025.02.05 12:30;1.04182;1.04297;1.04162;1.04277;537;0
2025.02.05 12:40;1.04277;1.04298;1.04222;1.04297;561;0
2025.02.05 12:50;1.04296;1.04303;1.04231;1.04252;516;0
2025.02.05 13:00;1.04251;1.04254;1.04191;1.04197;531;0
2025.02.05 13:10;1.04196;1.04201;1.04155;1.04162;496;0
2025.02.05 13:20;1.04162;1.04190;1.04139;1.04177;390;0
2025.02.05 13:30;1.04176;1.04182;1.04116;1.04135;355;0
2025.02.05 13:40;1.04135;1.04149;1.04122;1.04144;396;0
2025.02.05 13:50;1.04146;1.04169;1.04124;1.04147;417;0
2025.02.05 14:00;1.04146;1.04147;1.04109;1.04116;465;0
2025.02.05 14:10;1.04118;1.04153;1.04108;1.04128;457;0
2025.02.05 14:20;1.04126;1.04167;1.04117;1.04156;419;0
2025.02.05 14:30;1.04156;1.04172;1.04130;1.04159;404;0
2025.02.05 14:40;1.04159;1.04187;1.04155;1.04173;440;0
2025.02.05 14:50;1.04173;1.04220;1.04169;1.04193;518;0
2025.02.05 15:00;1.04192;1.04218;1.04176;1.04213;595;0
2025.02.05 15:10;1.04214;1.04257;1.04099;1.04106;707;0
2025.02.05 15:20;1.04107;1.04187;1.04107;1.04135;795;0
2025.02.05 15:30;1.04135;1.04181;1.04063;1.04131;803;0
2025.02.05 15:40;1.04130;1.04139;1.04052;1.04063;802;0
2025.02.05 15:50;1.04063;1.04093;1.04015;1.04077;692;0
2025.02.05 16:00;1.04078;1.04187;1.04062;1.04179;784;0
2025.02.05 16:10;1.04180;1.04224;1.04165;1.04191;683;0
2025.02.05 16:20;1.04192;1.04235;1.04156;1.04218;691;0
2025.02.05 16:30;1.04217;1.04240;1.04160;1.04187;677;0
2025.02.05 16:40;1.04187;1.04198;1.04128;1.04197;643;0
2025.02.05 16:50;1.04198;1.04263;1.04190;1.04219;698;0
2025.02.05 17:00;1.04354;1.04423;1.04210;1.04261;1340;0
2025.02.05 17:10;1.04261;1.04310;1.04209;1.04272;1064;0
2025.02.05 17:20;1.04273;1.04311;1.04199;1.04201;954;0
2025.02.05 17:30;1.04201;1.04214;1.04173;1.04173;862;0
2025.02.05 17:40;1.04172;1.04223;1.04151;1.04210;759;0
2025.02.05 17:50;1.04208;1.04251;1.04162;1.04223;921;0
2025.02.05 18:00;1.04223;1.04247;1.04179;1.04196;858;0
2025.02.05 18:10;1.04197;1.04212;1.04106;1.04146;663;0
2025.02.05 18:20;1.04146;1.04206;1.04142;1.04181;591;0
2025.02.05 18:30;1.04184;1.04246;1.04178;1.04214;553;0
2025.02.05 18:40;1.04215;1.04215;1.04103;1.04150;547;0
2025.02.05 18:50;1.04149;1.04184;1.04134;1.04180;479;0
2025.02.05 19:00;1.04182;1.04239;1.04174;1.04217;375;0
2025.02.05 19:10;1.04217;1.04231;1.04126;1.04143;423;1
2025.02.05 19:20;1.04144;1.04149;1.04103;1.04131;469;1
2025.02.05 19:30;1.04133;1.04190;1.04130;1.04179;371;0
2025.02.05 19:40;1.04176;1.04195;1.04162;1.04190;368;0
2025.02.05 19:50;1.04188;1.04216;1.04166;1.04198;321;0
2025.02.05 20:00;1.04197;1.04211;1.04142;1.04152;336;0
2025.02.05 20:10;1.04156;1.04194;1.04146;1.04191;332;0
2025.02.05 20:20;1.04189;1.04212;1.04165;1.04185;370;1
2025.02.05 20:30;1.04186;1.04206;1.04166;1.04201;244;0
2025.02.05 20:40;1.04201;1.04216;1.04165;1.04168;304;0
2025.02.05 20:50;1.04171;1.04175;1.04152;1.04154;322;0
2025.02.05 21:00;1.04155;1.04169;1.04132;1.04137;366;0
2025.02.05 21:10;1.04137;1.04140;1.04115;1.04125;362;0
2025.02.05 21:20;1.04125;1.04143;1.04098;1.04137;301;0
2025.02.05 21:30;1.04139;1.04142;1.04077;1.04096;309;0
2025.02.05 21:40;1.04096;1.04096;1.04066;1.04068;329;0
2025.02.05 21:50;1.04069;1.04088;1.04046;1.04072;392;1
2025.02.05 22:00;1.04071;1.04072;1.04023;1.04032;385;0
2025.02.05 22:10;1.04032;1.04042;1.04012;1.04037;329;0
2025.02.05 22:20;1.04026;1.04051;1.04021;1.04047;190;0
2025.02.05 22:30;1.04047;1.04053;1.04027;1.04037;285;0
2025.02.05 22:40;1.04036;1.04044;1.04026;1.04028;205;0
2025.02.05 22:50;1.04028;1.04069;1.04028;1.04048;350;1
2025.02.05 23:00;1.04046;1.04067;1.04019;1.04023;194;0
2025.02.05 23:10;1.04023;1.04059;1.04022;1.04048;128;0
2025.02.05 23:20;1.04046;1.04053;1.04029;1.04036;145;0
2025.02.05 23:30;1.04036;1.04042;1.04022;1.04025;113;0
2025.02.05 23:40;1.04023;1.04026;1.03969;1.03987;243;5
2025.02.05 23:50;1.03987;1.04026;1.03977;1.04025;234;5
2025.02.06 00:00;1.04011;1.04041;1.03998;1.04039;25;24
2025.02.06 00:10;1.04040;1.04041;1.04038;1.04038;17;24
2025.02.06 00:20;1.04037;1.04040;1.04019;1.04030;86;24
2025.02.06 00:30;1.04031;1.04031;1.04007;1.04012;148;24
2025.02.06 00:40;1.04013;1.04032;1.04009;1.04032;141;24
2025.02.06 00:50;1.04031;1.04031;1.04027;1.04028;51;24
2025.02.06 01:00;1.04038;1.04054;1.03990;1.04003;176;0
2025.02.06 01:10;1.04003;1.04009;1.03974;1.04008;168;0
2025.02.06 01:20;1.04008;1.04042;1.04007;1.04031;168;0
2025.02.06 01:30;1.04032;1.04038;1.03993;1.03995;138;0
2025.02.06 01:40;1.03995;1.04027;1.03979;1.04024;174;0
2025.02.06 01:50;1.04026;1.04035;1.03979;1.03986;177;0
2025.02.06 02:00;1.03987;1.04023;1.03987;1.04012;368;0
2025.02.06 02:10;1.04012;1.04022;1.03982;1.03983;254;0
2025.02.06 02:20;1.03979;1.04000;1.03964;1.03997;278;0
2025.02.06 02:30;1.03997;1.04012;1.03980;1.03982;253;0
2025.02.06 02:40;1.03982;1.04005;1.03961;1.03961;255;0
2025.02.06 02:50;1.03961;1.03976;1.03949;1.03975;338;0
2025.02.06 03:00;1.03976;1.03995;1.03953;1.03972;362;0
2025.02.06 03:10;1.03972;1.04022;1.03971;1.04010;329;0
2025.02.06 03:20;1.04010;1.04023;1.03993;1.04000;302;0
2025.02.06 03:30;1.04001;1.04035;1.03994;1.04032;560;0
2025.02.06 03:40;1.04028;1.04030;1.04002;1.04025;392;0
2025.02.06 03:50;1.04026;1.04046;1.04006;1.04027;320;0
2025.02.06 04:00;1.04024;1.04048;1.04021;1.04044;338;0
2025.02.06 04:10;1.04044;1.04054;1.03975;1.03989;392;0
2025.02.06 04:20;1.03986;1.03990;1.03936;1.03941;388;0
2025.02.06 04:30;1.03940;1.03946;1.03908;1.03930;345;0
2025.02.06 04:40;1.03930;1.03945;1.03914;1.03945;319;0
2025.02.06 04:50;1.03945;1.03973;1.03943;1.03951;285;0
2025.02.06 05:00;1.03951;1.03963;1.03933;1.03939;296;0
2025.02.06 05:10;1.03939;1.03941;1.03920;1.03938;277;0
2025.02.06 05:20;1.03938;1.03950;1.03926;1.03936;253;0
2025.02.06 05:30;1.03936;1.03950;1.03925;1.03931;227;0
2025.02.06 05:40;1.03931;1.03931;1.03907;1.03918;256;0
2025.02.06 05:50;1.03918;1.03926;1.03895;1.03921;268;0
2025.02.06 06:00;1.03922;1.03926;1.03903;1.03908;238;0
2025.02.06 06:10;1.03908;1.03927;1.03907;1.03925;260;0
2025.02.06 06:20;1.03922;1.03938;1.03916;1.03919;229;0
2025.02.06 06:30;1.03919;1.03924;1.03878;1.03882;231;0
2025.02.06 06:40;1.03882;1.03890;1.03859;1.03860;247;0
2025.02.06 06:50;1.03861;1.03881;1.03851;1.03870;269;0
2025.02.06 07:00;1.03871;1.03891;1.03869;1.03880;288;0
2025.02.06 07:10;1.03878;1.03890;1.03865;1.03885;337;0
2025.02.06 07:20;1.03884;1.03904;1.03874;1.03891;249;0
2025.02.06 07:30;1.03890;1.03902;1.03879;1.03885;246;0
2025.02.06 07:40;1.03885;1.03887;1.03869;1.03884;246;0
2025.02.06 07:50;1.03884;1.03885;1.03859;1.03864;245;0
2025.02.06 08:00;1.03865;1.03876;1.03856;1.03863;293;0
2025.02.06 08:10;1.03864;1.03875;1.03857;1.03873;229;0
2025.02.06 08:20;1.03872;1.03895;1.03862;1.03872;282;0
2025.02.06 08:30;1.03872;1.03923;1.03871;1.03918;270;0
2025.02.06 08:40;1.03917;1.03925;1.03870;1.03875;344;0
2025.02.06 08:50;1.03875;1.03911;1.03875;1.03901;313;0
2025.02.06 09:00;1.03900;1.03908;1.03867;1.03875;462;0
2025.02.06 09:10;1.03878;1.03898;1.03843;1.03881;452;0
2025.02.06 09:20;1.03881;1.03916;1.03870;1.03889;376;0
2025.02.06 09:30;1.03888;1.03892;1.03830;1.03871;332;0
2025.02.06 09:40;1.03870;1.03870;1.03820;1.03826;453;0
2025.02.06 09:50;1.03827;1.03840;1.03779;1.03801;560;0
2025.02.06 10:00;1.03800;1.03809;1.03734;1.03741;610;0
2025.02.06 10:10;1.03741;1.03750;1.03698;1.03709;555;0
2025.02.06 10:20;1.03708;1.03727;1.03626;1.03630;557;0
2025.02.06 10:30;1.03636;1.03655;1.03581;1.03652;729;0
2025.02.06 10:40;1.03651;1.03651;1.03571;1.03591;586;0
2025.02.06 10:50;1.03592;1.03657;1.03561;1.03650;519;0
2025.02.06 11:00;1.03651;1.03675;1.03636;1.03648;476;0
2025.02.06 11:10;1.03651;1.03679;1.03606;1.03606;450;0
2025.02.06 11:20;1.03606;1.03624;1.03562;1.03617;419;0
2025.02.06 11:30;1.03616;1.03641;1.03582;1.03634;436;0
2025.02.06 11:40;1.03634;1.03654;1.03601;1.03623;505;0
2025.02.06 11:50;1.03623;1.03641;1.03575;1.03593;543;0
2025.02.06 12:00;1.03592;1.03631;1.03575;1.03579;495;0
2025.02.06 12:10;1.03579;1.03632;1.03574;1.03631;448;0
2025.02.06 12:20;1.03631;1.03664;1.03630;1.03644;384;0
2025.02.06 12:30;1.03645;1.03650;1.03612;1.03620;403;0
2025.02.06 12:40;1.03622;1.03625;1.03558;1.03598;414;0
2025.02.06 12:50;1.03597;1.03629;1.03589;1.03625;376;0
2025.02.06 13:00;1.03624;1.03626;1.03580;1.03602;427;0
2025.02.06 13:10;1.03603;1.03663;1.03593;1.03662;457;0
2025.02.06 13:20;1.03662;1.03676;1.03648;1.03671;415;0
2025.02.06 13:30;1.03673;1.03677;1.03606;1.03614;455;0
2025.02.06 13:40;1.03617;1.03640;1.03596;1.03638;425;0
2025.02.06 13:50;1.03641;1.03652;1.03602;1.03620;480;0
2025.02.06 14:00;1.03617;1.03634;1.03555;1.03606;1064;0
2025.02.06 14:10;1.03594;1.03610;1.03551;1.03574;709;0
2025.02.06 14:20;1.03575;1.03602;1.03562;1.03567;560;0
2025.02.06 14:30;1.03567;1.03602;1.03525;1.03543;563;0
2025.02.06 14:40;1.03547;1.03636;1.03545;1.03586;636;0
2025.02.06 14:50;1.03586;1.03621;1.03574;1.03618;584;0
2025.02.06 15:00;1.03616;1.03631;1.03535;1.03595;676;0
2025.02.06 15:10;1.03595;1.03625;1.03578;1.03588;659;0
2025.02.06 15:20;1.03589;1.03611;1.03581;1.03592;557;0
2025.02.06 15:30;1.03592;1.03672;1.03592;1.03648;789;0
2025.02.06 15:40;1.03648;1.03654;1.03583;1.03585;702;0
2025.02.06 15:50;1.03587;1.03610;1.03554;1.03605;723;0
2025.02.06 16:00;1.03604;1.03668;1.03598;1.03662;562;0
2025.02.06 16:10;1.03663;1.03676;1.03625;1.03631;561;0
2025.02.06 16:20;1.03630;1.03673;1.03620;1.03672;583;0
2025.02.06 16:30;1.03672;1.03727;1.03651;1.03722;643;0
2025.02.06 16:40;1.03721;1.03748;1.03626;1.03630;711;0
2025.02.06 16:50;1.03631;1.03675;1.03617;1.03623;675;0
2025.02.06 17:00;1.03623;1.03734;1.03613;1.03704;712;0
2025.02.06 17:10;1.03704;1.03746;1.03680;1.03744;638;0
2025.02.06 17:20;1.03746;1.03765;1.03663;1.03663;657;0
2025.02.06 17:30;1.03663;1.03670;1.03616;1.03629;754;0
2025.02.06 17:40;1.03634;1.03712;1.03625;1.03698;723;0
2025.02.06 17:50;1.03697;1.03707;1.03649;1.03694;910;0
2025.02.06 18:00;1.03695;1.03735;1.03683;1.03706;659;0
2025.02.06 18:10;1.03706;1.03750;1.03683;1.03723;553;0
2025.02.06 18:20;1.03722;1.03761;1.03722;1.03741;499;0
2025.02.06 18:30;1.03742;1.03759;1.03709;1.03739;476;0
2025.02.06 18:40;1.03741;1.03741;1.03689;1.03691;398;0
2025.02.06 18:50;1.03691;1.03727;1.03668;1.03670;436;0
2025.02.06 19:00;1.03670;1.03752;1.03657;1.03744;472;0
2025.02.06 19:10;1.03743;1.03784;1.03736;1.03739;361;1
2025.02.06 19:20;1.03739;1.03796;1.03739;1.03785;263;0
2025.02.06 19:30;1.03784;1.03784;1.03731;1.03762;365;1
2025.02.06 19:40;1.03763;1.03775;1.03738;1.03760;252;0
2025.02.06 19:50;1.03761;1.03805;1.03757;1.03793;316;0
2025.02.06 20:00;1.03792;1.03859;1.03739;1.03808;464;1
2025.02.06 20:10;1.03808;1.03865;1.03779;1.03833;692;1
2025.02.06 20:20;1.03833;1.03856;1.03803;1.03853;402;1
2025.02.06 20:30;1.03852;1.03893;1.03828;1.03887;370;0
2025.02.06 20:40;1.03888;1.03966;1.03878;1.03936;419;1
2025.02.06 20:50;1.03933;1.03933;1.03851;1.03897;400;1
2025.02.06 21:00;1.03894;1.03914;1.03855;1.03881;396;1
2025.02.06 21:10;1.03881;1.03885;1.03841;1.03856;244;1
2025.02.06 21:20;1.03857;1.03866;1.03844;1.03845;246;1
2025.02.06 21:30;1.03845;1.03845;1.03802;1.03812;353;1
2025.02.06 21:40;1.03811;1.03857;1.03806;1.03846;221;1
2025.02.06 21:50;1.03846;1.03856;1.03825;1.03852;317;1
2025.02.06 22:00;1.03852;1.03907;1.03840;1.03903;331;0
2025.02.06 22:10;1.03899;1.03908;1.03874;1.03884;201;0
2025.02.06 22:20;1.03883;1.03887;1.03855;1.03856;197;0
2025.02.06 22:30;1.03857;1.03868;1.03838;1.03862;184;0
2025.02.06 22:40;1.03862;1.03877;1.03844;1.03858;262;0
2025.02.06 22:50;1.03860;1.03894;1.03859;1.03890;263;1
2025.02.06 23:00;1.03885;1.03893;1.03873;1.03883;196;0
2025.02.06 23:10;1.03883;1.03886;1.03853;1.03854;109;0
2025.02.06 23:20;1.03854;1.03870;1.03843;1.03870;108;0
2025.02.06 23:30;1.03869;1.03869;1.03860;1.03865;99;0
2025.02.06 23:40;1.03862;1.03865;1.03846;1.03850;127;5
2025.02.06 23:50;1.03851;1.03854;1.03825;1.03828;144;5
2025.02.07 00:00;1.03823;1.03846;1.03811;1.03837;27;24
2025.02.07 00:10;1.03834;1.03837;1.03824;1.03824;61;24
2025.02.07 00:20;1.03823;1.03832;1.03823;1.03828;48;24
2025.02.07 00:30;1.03817;1.03822;1.03807;1.03812;166;24
2025.02.07 00:40;1.03811;1.03815;1.03811;1.03815;31;24
2025.02.07 00:50;1.03818;1.03827;1.03818;1.03824;59;24
2025.02.07 01:00;1.03835;1.03852;1.03826;1.03846;196;0
2025.02.07 01:10;1.03846;1.03869;1.03843;1.03856;192;0
2025.02.07 01:20;1.03855;1.03859;1.03846;1.03849;183;0
2025.02.07 01:30;1.03849;1.03853;1.03845;1.03848;226;0
2025.02.07 01:40;1.03848;1.03858;1.03841;1.03843;209;0
2025.02.07 01:50;1.03844;1.03859;1.03840;1.03852;169;0
2025.02.07 02:00;1.03852;1.03911;1.03849;1.03857;256;0
2025.02.07 02:10;1.03857;1.03877;1.03840;1.03842;282;0
2025.02.07 02:20;1.03842;1.03849;1.03829;1.03834;265;0
2025.02.07 02:30;1.03834;1.03838;1.03800;1.03810;299;0
2025.02.07 02:40;1.03809;1.03823;1.03781;1.03789;306;0
2025.02.07 02:50;1.03789;1.03805;1.03773;1.03777;300;0
2025.02.07 03:00;1.03776;1.03792;1.03757;1.03766;386;0
2025.02.07 03:10;1.03766;1.03773;1.03743;1.03769;389;0
2025.02.07 03:20;1.03769;1.03803;1.03762;1.03793;380;0
2025.02.07 03:30;1.03793;1.03809;1.03771;1.03793;323;0
2025.02.07 03:40;1.03793;1.03821;1.03773;1.03812;407;0
2025.02.07 03:50;1.03814;1.03868;1.03808;1.03839;391;0
2025.02.07 04:00;1.03839;1.03861;1.03832;1.03843;332;0
2025.02.07 04:10;1.03843;1.03861;1.03837;1.03839;310;0
2025.02.07 04:20;1.03842;1.03858;1.03839;1.03855;315;0
2025.02.07 04:30;1.03856;1.03858;1.03834;1.03845;370;0
2025.02.07 04:40;1.03844;1.03854;1.03809;1.03814;264;0
2025.02.07 04:50;1.03815;1.03842;1.03809;1.03842;311;0
2025.02.07 05:00;1.03843;1.03850;1.03816;1.03817;276;0
2025.02.07 05:10;1.03817;1.03844;1.03809;1.03827;296;0
2025.02.07 05:20;1.03827;1.03845;1.03825;1.03826;228;0
2025.02.07 05:30;1.03826;1.03840;1.03800;1.03800;198;0
2025.02.07 05:40;1.03799;1.03806;1.03774;1.03777;252;0
2025.02.07 05:50;1.03778;1.03797;1.03772;1.03797;248;0
2025.02.07 06:00;1.03798;1.03805;1.03776;1.03778;230;0
2025.02.07 06:10;1.03777;1.03783;1.03757;1.03768;255;0
2025.02.07 06:20;1.03767;1.03805;1.03759;1.03805;248;0
2025.02.07 06:30;1.03806;1.03835;1.03796;1.03800;253;0
2025.02.07 06:40;1.03803;1.03806;1.03796;1.03797;222;0
2025.02.07 06:50;1.03797;1.03813;1.03793;1.03812;211;0
2025.02.07 07:00;1.03811;1.03815;1.03798;1.03807;287;0
2025.02.07 07:10;1.03807;1.03813;1.03782;1.03791;220;0
2025.02.07 07:20;1.03789;1.03793;1.03776;1.03784;249;0
2025.02.07 07:30;1.03784;1.03811;1.03784;1.03798;200;0
2025.02.07 07:40;1.03798;1.03799;1.03757;1.03765;263;0
2025.02.07 07:50;1.03765;1.03765;1.03739;1.03752;288;0
2025.02.07 08:00;1.03753;1.03759;1.03735;1.03748;358;0
2025.02.07 08:10;1.03748;1.03758;1.03727;1.03729;356;0
2025.02.07 08:20;1.03728;1.03758;1.03726;1.03752;292;0
2025.02.07 08:30;1.03752;1.03772;1.03742;1.03767;308;0
2025.02.07 08:40;1.03768;1.03774;1.03754;1.03755;281;0
2025.02.07 08:50;1.03754;1.03765;1.03741;1.03761;255;0
2025.02.07 09:00;1.03761;1.03799;1.03743;1.03762;385;0
2025.02.07 09:10;1.03759;1.03795;1.03756;1.03791;448;0
2025.02.07 09:20;1.03789;1.03826;1.03780;1.03819;345;0
2025.02.07 09:30;1.03819;1.03835;1.03789;1.03832;376;0
2025.02.07 09:40;1.03832;1.03867;1.03832;1.03848;339;0
2025.02.07 09:50;1.03849;1.03902;1.03839;1.03892;361;0
2025.02.07 10:00;1.03892;1.03932;1.03854;1.03928;539;0
2025.02.07 10:10;1.03929;1.03958;1.03921;1.03937;481;0
2025.02.07 10:20;1.03938;1.03957;1.03913;1.03956;436;0
2025.02.07 10:30;1.03956;1.03991;1.03951;1.03980;406;0
2025.02.07 10:40;1.03980;1.04000;1.03954;1.03994;344;0
2025.02.07 10:50;1.03994;1.03999;1.03965;1.03977;391;0
2025.02.07 11:00;1.03975;1.03991;1.03942;1.03950;343;0
2025.02.07 11:10;1.03951;1.03956;1.03924;1.03924;432;0
2025.02.07 11:20;1.03924;1.03950;1.03909;1.03914;379;0
2025.02.07 11:30;1.03911;1.03960;1.03898;1.03960;359;0
2025.02.07 11:40;1.03960;1.03986;1.03935;1.03937;394;0
2025.02.07 11:50;1.03937;1.03948;1.03900;1.03911;395;0
2025.02.07 12:00;1.03910;1.03914;1.03859;1.03865;434;0
2025.02.07 12:10;1.03865;1.03894;1.03855;1.03875;351;0
2025.02.07 12:20;1.03875;1.03896;1.03874;1.03880;313;0
2025.02.07 12:30;1.03880;1.03891;1.03836;1.03853;361;0
2025.02.07 12:40;1.03853;1.03855;1.03792;1.03798;312;0
2025.02.07 12:50;1.03798;1.03818;1.03790;1.03815;331;0
2025.02.07 13:00;1.03815;1.03820;1.03773;1.03781;353;0
2025.02.07 13:10;1.03780;1.03811;1.03779;1.03811;273;0
2025.02.07 13:20;1.03810;1.03815;1.03784;1.03806;277;0
2025.02.07 13:30;1.03806;1.03812;1.03789;1.03795;303;0
2025.02.07 13:40;1.03795;1.03827;1.03788;1.03827;317;0
2025.02.07 13:50;1.03827;1.03842;1.03811;1.03825;384;0
2025.02.07 14:00;1.03825;1.03825;1.03736;1.03781;417;0
2025.02.07 14:10;1.03782;1.03782;1.03739;1.03754;281;0
2025.02.07 14:20;1.03755;1.03766;1.03711;1.03715;325;0
2025.02.07 14:30;1.03714;1.03726;1.03684;1.03706;406;0
2025.02.07 14:40;1.03706;1.03746;1.03705;1.03732;429;0
2025.02.07 14:50;1.03731;1.03782;1.03729;1.03745;437;0
2025.02.07 15:00;1.03744;1.03771;1.03735;1.03764;466;0
2025.02.07 15:10;1.03767;1.03792;1.03753;1.03770;516;0
2025.02.07 15:20;1.03767;1.03780;1.03727;1.03729;604;0
2025.02.07 15:30;1.03702;1.04102;1.03489;1.03755;1805;2
2025.02.07 15:40;1.03754;1.03766;1.03603;1.03607;1336;0
2025.02.07 15:50;1.03610;1.03672;1.03539;1.03638;1072;0
2025.02.07 16:00;1.03637;1.03720;1.03608;1.03670;963;0
2025.02.07 16:10;1.03668;1.03761;1.03666;1.03692;878;0
2025.02.07 16:20;1.03692;1.03823;1.03670;1.03817;772;0
2025.02.07 16:30;1.03819;1.03862;1.03805;1.03831;880;0
2025.02.07 16:40;1.03828;1.03854;1.03791;1.03843;787;0
2025.02.07 16:50;1.03843;1.03889;1.03840;1.03860;608;0
2025.02.07 17:00;1.03855;1.03876;1.03749;1.03844;1048;0
2025.02.07 17:10;1.03844;1.03847;1.03723;1.03770;972;0
2025.02.07 17:20;1.03769;1.03781;1.03698;1.03714;817;0
2025.02.07 17:30;1.03714;1.03799;1.03695;1.03731;910;0
2025.02.07 17:40;1.03731;1.03838;1.03729;1.03829;709;0
2025.02.07 17:50;1.03828;1.03864;1.03274;1.03549;1548;0
2025.02.07 18:00;1.03552;1.03552;1.03291;1.03425;1518;2
2025.02.07 18:10;1.03426;1.03552;1.03295;1.03448;1236;0
2025.02.07 18:20;1.03438;1.03541;1.03332;1.03356;1318;0
2025.02.07 18:30;1.03361;1.03392;1.03286;1.03298;933;0
2025.02.07 18:40;1.03295;1.03318;1.03234;1.03268;847;0
2025.02.07 18:50;1.03269;1.03340;1.03218;1.03281;751;0
2025.02.07 19:00;1.03280;1.03603;1.03222;1.03469;1191;0
2025.02.07 19:10;1.03463;1.03466;1.03050;1.03177;1393;1
2025.02.07 19:20;1.03175;1.03372;1.03147;1.03201;1111;3
2025.02.07 19:30;1.03202;1.03261;1.03161;1.03220;775;0
2025.02.07 19:40;1.03220;1.03220;1.03128;1.03194;516;0
2025.02.07 19:50;1.03194;1.03220;1.03170;1.03218;444;0
2025.02.07 20:00;1.03216;1.03311;1.03211;1.03311;437;1
2025.02.07 20:10;1.03309;1.03338;1.03279;1.03327;341;1
2025.02.07 20:20;1.03325;1.03359;1.03307;1.03318;314;1
2025.02.07 20:30;1.03318;1.03346;1.03297;1.03319;289;1
2025.02.07 20:40;1.03319;1.03319;1.03212;1.03250;352;1
2025.02.07 20:50;1.03249;1.03254;1.03209;1.03252;342;1
2025.02.07 21:00;1.03252;1.03281;1.03237;1.03269;316;1
2025.02.07 21:10;1.03268;1.03324;1.03251;1.03313;277;1
2025.02.07 21:20;1.03314;1.03328;1.03293;1.03305;318;1
2025.02.07 21:30;1.03303;1.03327;1.03284;1.03318;224;1
2025.02.07 21:40;1.03319;1.03369;1.03293;1.03327;464;1
2025.02.07 21:50;1.03325;1.03341;1.03306;1.03324;353;1
2025.02.07 22:00;1.03323;1.03374;1.03313;1.03368;279;0
2025.02.07 22:10;1.03368;1.03385;1.03319;1.03323;277;0
2025.02.07 22:20;1.03323;1.03358;1.03292;1.03298;294;1
2025.02.07 22:30;1.03298;1.03309;1.03265;1.03268;302;0
2025.02.07 22:40;1.03267;1.03271;1.03214;1.03255;242;1
2025.02.07 22:50;1.03257;1.03290;1.03251;1.03279;266;0
2025.02.07 23:00;1.03279;1.03302;1.03277;1.03301;172;0
2025.02.07 23:10;1.03300;1.03324;1.03297;1.03313;131;0
2025.02.07 23:20;1.03309;1.03312;1.03282;1.03293;175;0
2025.02.07 23:30;1.03291;1.03292;1.03264;1.03268;165;1
2025.02.07 23:40;1.03268;1.03291;1.03251;1.03291;257;2
2025.02.07 23:50;1.03290;1.03290;1.03250;1.03256;204;5
2025.02.10 00:00;1.02887;1.03079;1.02823;1.02840;227;29
2025.02.10 00:10;1.02842;1.02962;1.02836;1.02950;164;29
2025.02.10 00:20;1.02951;1.02952;1.02912;1.02948;298;29
2025.02.10 00:30;1.02948;1.02970;1.02944;1.02968;85;29
2025.02.10 00:40;1.02970;1.03013;1.02919;1.02923;281;29
2025.02.10 00:50;1.02924;1.02938;1.02884;1.02896;103;29
2025.02.10 01:00;1.02915;1.03084;1.02915;1.03050;555;0
2025.02.10 01:10;1.03049;1.03103;1.03042;1.03093;331;0
2025.02.10 01:20;1.03093;1.03108;1.03084;1.03091;227;0
2025.02.10 01:30;1.03094;1.03127;1.03092;1.03116;219;0
2025.02.10 01:40;1.03117;1.03130;1.03110;1.03112;254;0
2025.02.10 01:50;1.03111;1.03136;1.03095;1.03096;352;0
2025.02.10 02:00;1.03097;1.03174;1.03096;1.03152;437;0
2025.02.10 02:10;1.03152;1.03173;1.03111;1.03163;311;0
2025.02.10 02:20;1.03163;1.03185;1.03150;1.03155;235;0
2025.02.10 02:30;1.03154;1.03183;1.03149;1.03160;303;0
2025.02.10 02:40;1.03159;1.03162;1.03109;1.03126;235;0
2025.02.10 02:50;1.03124;1.03160;1.03092;1.03102;519;0
2025.02.10 03:00;1.03101;1.03121;1.03089;1.03107;444;0
2025.02.10 03:10;1.03106;1.03147;1.03100;1.03138;353;0
2025.02.10 03:20;1.03138;1.03140;1.03061;1.03062;417;0
2025.02.10 03:30;1.03062;1.03080;1.03033;1.03046;410;0
2025.02.10 03:40;1.03044;1.03052;1.03002;1.03005;506;0
2025.02.10 03:50;1.03005;1.03044;1.03001;1.03033;369;0
2025.02.10 04:00;1.03032;1.03070;1.03030;1.03062;310;0
2025.02.10 04:10;1.03062;1.03062;1.03026;1.03033;239;0
2025.02.10 04:20;1.03033;1.03051;1.03003;1.03018;290;0
2025.02.10 04:30;1.03018;1.03029;1.03002;1.03012;336;0
2025.02.10 04:40;1.03012;1.03027;1.03007;1.03013;254;0
2025.02.10 04:50;1.03013;1.03013;1.02987;1.02996;292;0
2025.02.10 05:00;1.02996;1.03041;1.02996;1.03038;291;0
2025.02.10 05:10;1.03039;1.03073;1.03037;1.03072;269;0
2025.02.10 05:20;1.03071;1.03101;1.03068;1.03090;256;0
2025.02.10 05:30;1.03091;1.03116;1.03083;1.03096;232;0
2025.02.10 05:40;1.03094;1.03102;1.03078;1.03088;257;0
2025.02.10 05:50;1.03088;1.03117;1.03085;1.03116;243;0
2025.02.10 06:00;1.03116;1.03149;1.03112;1.03133;247;0
2025.02.10 06:10;1.03133;1.03151;1.03123;1.03145;255;0
2025.02.10 06:20;1.03146;1.03155;1.03136;1.03145;182;0
2025.02.10 06:30;1.03145;1.03156;1.03141;1.03155;181;0
2025.02.10 06:40;1.03156;1.03158;1.03136;1.03140;205;0
2025.02.10 06:50;1.03141;1.03144;1.03127;1.03132;161;0
2025.02.10 07:00;1.03135;1.03165;1.03131;1.03162;192;0
2025.02.10 07:10;1.03162;1.03185;1.03161;1.03183;183;0
2025.02.10 07:20;1.03184;1.03210;1.03175;1.03208;218;0
2025.02.10 07:30;1.03209;1.03217;1.03190;1.03193;226;0
2025.02.10 07:40;1.03193;1.03211;1.03168;1.03169;287;0
2025.02.10 07:50;1.03167;1.03168;1.03136;1.03161;275;0
2025.02.10 08:00;1.03160;1.03166;1.03146;1.03150;253;0
2025.02.10 08:10;1.03150;1.03151;1.03121;1.03147;279;0
2025.02.10 08:20;1.03147;1.03157;1.03136;1.03142;260;0
2025.02.10 08:30;1.03141;1.03163;1.03126;1.03154;293;0
2025.02.10 08:40;1.03154;1.03198;1.03154;1.03183;289;0
2025.02.10 08:50;1.03182;1.03201;1.03165;1.03191;339;0
2025.02.10 09:00;1.03189;1.03256;1.03186;1.03237;469;0
2025.02.10 09:10;1.03236;1.03240;1.03151;1.03168;440;0
2025.02.10 09:20;1.03167;1.03189;1.03104;1.03123;452;0
2025.02.10 09:30;1.03129;1.03156;1.03099;1.03136;444;0
2025.02.10 09:40;1.03133;1.03146;1.03115;1.03141;470;0
2025.02.10 09:50;1.03140;1.03161;1.03108;1.03128;558;0
2025.02.10 10:00;1.03128;1.03155;1.03097;1.03147;642;0
2025.02.10 10:10;1.03148;1.03154;1.03066;1.03104;623;0
2025.02.10 10:20;1.03104;1.03192;1.03095;1.03168;627;0
2025.02.10 10:30;1.03167;1.03199;1.03137;1.03167;642;0
2025.02.10 10:40;1.03166;1.03205;1.03157;1.03182;545;0
2025.02.10 10:50;1.03182;1.03229;1.03178;1.03222;459;0
2025.02.10 11:00;1.03222;1.03296;1.03210;1.03296;533;0
2025.02.10 11:10;1.03297;1.03325;1.03281;1.03299;472;0
2025.02.10 11:20;1.03299;1.03308;1.03260;1.03301;409;0
2025.02.10 11:30;1.03302;1.03348;1.03300;1.03339;496;0
2025.02.10 11:40;1.03336;1.03336;1.03264;1.03286;518;0
2025.02.10 11:50;1.03287;1.03287;1.03239;1.03268;516;0
2025.02.10 12:00;1.03266;1.03281;1.03235;1.03258;412;0
2025.02.10 12:10;1.03258;1.03281;1.03235;1.03279;296;0
2025.02.10 12:20;1.03275;1.03278;1.03234;1.03246;334;0
2025.02.10 12:30;1.03250;1.03312;1.03240;1.03303;345;0
2025.02.10 12:40;1.03302;1.03336;1.03301;1.03310;323;0
2025.02.10 12:50;1.03310;1.03331;1.03293;1.03299;380;0
2025.02.10 13:00;1.03298;1.03364;1.03293;1.03351;457;0
2025.02.10 13:10;1.03351;1.03360;1.03302;1.03304;355;0
2025.02.10 13:20;1.03304;1.03341;1.03283;1.03332;337;0
2025.02.10 13:30;1.03329;1.03335;1.03295;1.03295;359;0
2025.02.10 13:40;1.03296;1.03305;1.03254;1.03260;350;0
2025.02.10 13:50;1.03260;1.03261;1.03202;1.03207;399;0
2025.02.10 14:00;1.03206;1.03221;1.03121;1.03136;594;0
2025.02.10 14:10;1.03137;1.03143;1.03085;1.03112;504;0
2025.02.10 14:20;1.03112;1.03158;1.03110;1.03138;399;0
2025.02.10 14:30;1.03138;1.03176;1.03137;1.03145;391;0
2025.02.10 14:40;1.03145;1.03182;1.03144;1.03178;337;0
2025.02.10 14:50;1.03179;1.03181;1.03113;1.03137;586;0
2025.02.10 15:00;1.03137;1.03219;1.03137;1.03202;500;0
2025.02.10 15:10;1.03201;1.03239;1.03200;1.03238;442;0
2025.02.10 15:20;1.03238;1.03257;1.03201;1.03221;440;0
2025.02.10 15:30;1.03219;1.03265;1.03210;1.03221;547;0
2025.02.10 15:40;1.03222;1.03253;1.03200;1.03206;393;0
2025.02.10 15:50;1.03207;1.03262;1.03200;1.03216;499;0
2025.02.10 16:00;1.03216;1.03237;1.03160;1.03166;540;0
2025.02.10 16:10;1.03167;1.03169;1.03092;1.03114;549;0
2025.02.10 16:20;1.03114;1.03120;1.03041;1.03067;522;0
2025.02.10 16:30;1.03065;1.03115;1.03055;1.03083;666;0
2025.02.10 16:40;1.03083;1.03093;1.03055;1.03080;673;0
2025.02.10 16:50;1.03081;1.03117;1.03081;1.03113;553;0
2025.02.10 17:00;1.03113;1.03174;1.03113;1.03143;528;0
2025.02.10 17:10;1.03144;1.03177;1.03107;1.03107;568;0
2025.02.10 17:20;1.03110;1.03175;1.03109;1.03171;485;0
2025.02.10 17:30;1.03171;1.03199;1.03171;1.03198;398;0
2025.02.10 17:40;1.03198;1.03198;1.03147;1.03151;458;0
2025.02.10 17:50;1.03151;1.03163;1.03121;1.03152;698;0
2025.02.10 18:00;1.03152;1.03180;1.03140;1.03162;547;0
2025.02.10 18:10;1.03161;1.03163;1.03104;1.03107;471;0
2025.02.10 18:20;1.03107;1.03148;1.03091;1.03134;521;0
2025.02.10 18:30;1.03132;1.03147;1.03081;1.03111;476;0
2025.02.10 18:40;1.03112;1.03133;1.03058;1.03070;443;0
2025.02.10 18:50;1.03072;1.03118;1.03045;1.03116;408;0
2025.02.10 19:00;1.03116;1.03147;1.03115;1.03142;344;0
2025.02.10 19:10;1.03142;1.03145;1.03103;1.03114;435;1
2025.02.10 19:20;1.03114;1.03143;1.03104;1.03110;418;0
2025.02.10 19:30;1.03111;1.03127;1.03102;1.03108;254;0
2025.02.10 19:40;1.03111;1.03111;1.03066;1.03081;249;0
2025.02.10 19:50;1.03080;1.03125;1.03080;1.03125;229;0
2025.02.10 20:00;1.03124;1.03154;1.03098;1.03154;259;0
2025.02.10 20:10;1.03159;1.03161;1.03131;1.03138;219;0
2025.02.10 20:20;1.03138;1.03146;1.03098;1.03127;220;0
2025.02.10 20:30;1.03126;1.03131;1.03086;1.03095;229;0
2025.02.10 20:40;1.03093;1.03108;1.03080;1.03107;358;1
2025.02.10 20:50;1.03105;1.03107;1.03060;1.03072;308;0
2025.02.10 21:00;1.03072;1.03095;1.03052;1.03095;332;0
2025.02.10 21:10;1.03095;1.03110;1.03074;1.03076;172;0
2025.02.10 21:20;1.03076;1.03085;1.03053;1.03072;215;0
2025.02.10 21:30;1.03073;1.03095;1.03062;1.03092;215;0
2025.02.10 21:40;1.03092;1.03099;1.03065;1.03065;196;0
2025.02.10 21:50;1.03065;1.03084;1.03063;1.03068;248;0
2025.02.10 22:00;1.03068;1.03085;1.03057;1.03080;157;0
2025.02.10 22:10;1.03079;1.03080;1.03052;1.03059;208;0
2025.02.10 22:20;1.03056;1.03065;1.03052;1.03054;140;0
2025.02.10 22:30;1.03055;1.03065;1.03051;1.03054;125;0
2025.02.10 22:40;1.03054;1.03065;1.03050;1.03058;165;0
2025.02.10 22:50;1.03059;1.03084;1.03050;1.03068;210;1
2025.02.10 23:00;1.03065;1.03085;1.03057;1.03083;127;0
2025.02.10 23:10;1.03083;1.03083;1.03073;1.03077;57;0
2025.02.10 23:20;1.03076;1.03077;1.03053;1.03057;83;0
2025.02.10 23:30;1.03058;1.03060;1.03052;1.03059;60;0
2025.02.10 23:40;1.03056;1.03071;1.03051;1.03055;98;5
2025.02.10 23:50;1.03055;1.03071;1.03051;1.03066;99;5
2025.02.11 00:00;1.03065;1.03086;1.03035;1.03080;40;9
2025.02.11 00:10;1.03079;1.03087;1.03062;1.03064;129;24
2025.02.11 00:20;1.03065;1.03075;1.03061;1.03064;121;26
2025.02.11 00:30;1.03064;1.03075;1.03052;1.03052;142;24
2025.02.11 00:40;1.03053;1.03062;1.03030;1.03038;302;24
2025.02.11 00:50;1.03039;1.03061;1.03029;1.03060;149;24
2025.02.11 01:00;1.03058;1.03079;1.03033;1.03054;354;0
2025.02.11 01:10;1.03055;1.03062;1.03004;1.03010;370;0
2025.02.11 01:20;1.03010;1.03016;1.02987;1.03002;265;0
2025.02.11 01:30;1.03002;1.03007;1.02984;1.03002;178;0
2025.02.11 01:40;1.03002;1.03014;1.02994;1.03003;178;0
2025.02.11 01:50;1.03003;1.03015;1.02991;1.03006;141;0
2025.02.11 02:00;1.03006;1.03018;1.03000;1.03012;253;0
2025.02.11 02:10;1.03012;1.03016;1.02996;1.03004;208;0
2025.02.11 02:20;1.03004;1.03046;1.03002;1.03043;209;0
2025.02.11 02:30;1.03043;1.03068;1.03035;1.03064;183;0
2025.02.11 02:40;1.03064;1.03065;1.03031;1.03043;165;0
2025.02.11 02:50;1.03043;1.03049;1.03034;1.03047;189;0
2025.02.11 03:00;1.03047;1.03047;1.03021;1.03034;223;0
2025.02.11 03:10;1.03034;1.03034;1.03002;1.03018;337;0
2025.02.11 03:20;1.03019;1.03027;1.03004;1.03020;259;0
2025.02.11 03:30;1.03020;1.03026;1.03000;1.03021;313;0
2025.02.11 03:40;1.03023;1.03041;1.03015;1.03015;337;0
2025.02.11 03:50;1.03016;1.03035;1.03012;1.03021;271;0
2025.02.11 04:00;1.03021;1.03029;1.03010;1.03017;249;0
2025.02.11 04:10;1.03018;1.03022;1.02987;1.03001;333;0
2025.02.11 04:20;1.03002;1.03016;1.02996;1.03000;284;0
2025.02.11 04:30;1.03001;1.03002;1.02961;1.02967;335;0
2025.02.11 04:40;1.02966;1.02975;1.02949;1.02951;302;0
2025.02.11 04:50;1.02951;1.02959;1.02921;1.02930;286;0
2025.02.11 05:00;1.02931;1.02940;1.02922;1.02937;339;0
2025.02.11 05:10;1.02938;1.02959;1.02921;1.02958;318;0
2025.02.11 05:20;1.02957;1.02971;1.02952;1.02958;204;0
2025.02.11 05:30;1.02958;1.03002;1.02954;1.02998;314;0
2025.02.11 05:40;1.02998;1.03007;1.02991;1.03002;195;0
2025.02.11 05:50;1.03001;1.03003;1.02978;1.02981;216;0
2025.02.11 06:00;1.02981;1.03015;1.02975;1.03008;238;0
2025.02.11 06:10;1.03007;1.03028;1.03000;1.03019;198;0
2025.02.11 06:20;1.03020;1.03028;1.03005;1.03023;305;0
2025.02.11 06:30;1.03022;1.03029;1.03008;1.03028;256;0
2025.02.11 06:40;1.03028;1.03039;1.03028;1.03035;220;0
2025.02.11 06:50;1.03036;1.03043;1.03026;1.03042;223;0
2025.02.11 07:00;1.03043;1.03060;1.03037;1.03053;163;0
2025.02.11 07:10;1.03054;1.03058;1.03043;1.03053;152;0
2025.02.11 07:20;1.03053;1.03058;1.03032;1.03037;134;0
2025.02.11 07:30;1.03038;1.03044;1.03020;1.03037;156;0
2025.02.11 07:40;1.03037;1.03053;1.03032;1.03036;191;0
2025.02.11 07:50;1.03037;1.03058;1.03026;1.03047;313;0
2025.02.11 08:00;1.03048;1.03070;1.03041;1.03055;242;0
2025.02.11 08:10;1.03055;1.03064;1.03046;1.03058;342;0
2025.02.11 08:20;1.03058;1.03095;1.03056;1.03090;346;0
2025.02.11 08:30;1.03092;1.03104;1.03072;1.03078;359;0
2025.02.11 08:40;1.03075;1.03091;1.03071;1.03074;293;0
2025.02.11 08:50;1.03072;1.03074;1.03049;1.03052;325;0
2025.02.11 09:00;1.03053;1.03063;1.03010;1.03033;410;0
2025.02.11 09:10;1.03033;1.03050;1.03011;1.03049;362;0
2025.02.11 09:20;1.03053;1.03074;1.03026;1.03055;375;0
2025.02.11 09:30;1.03056;1.03068;1.03012;1.03022;372;0
2025.02.11 09:40;1.03023;1.03068;1.03022;1.03061;421;0
2025.02.11 09:50;1.03062;1.03078;1.03030;1.03031;399;0
2025.02.11 10:00;1.03034;1.03054;1.02997;1.03034;588;0
2025.02.11 10:10;1.03033;1.03080;1.03032;1.03062;513;0
2025.02.11 10:20;1.03061;1.03087;1.03047;1.03073;354;0
2025.02.11 10:30;1.03073;1.03101;1.03067;1.03097;472;0
2025.02.11 10:40;1.03098;1.03168;1.03093;1.03138;429;0
2025.02.11 10:50;1.03140;1.03198;1.03139;1.03183;449;0
2025.02.11 11:00;1.03182;1.03219;1.03168;1.03210;490;0
2025.02.11 11:10;1.03210;1.03220;1.03153;1.03171;485;0
2025.02.11 11:20;1.03171;1.03179;1.03126;1.03142;481;0
2025.02.11 11:30;1.03140;1.03175;1.03136;1.03156;447;0
2025.02.11 11:40;1.03155;1.03160;1.03129;1.03146;334;0
2025.02.11 11:50;1.03148;1.03204;1.03147;1.03180;408;0
2025.02.11 12:00;1.03180;1.03204;1.03168;1.03183;439;0
2025.02.11 12:10;1.03183;1.03251;1.03181;1.03237;434;0
2025.02.11 12:20;1.03237;1.03248;1.03220;1.03221;320;0
2025.02.11 12:30;1.03221;1.03230;1.03162;1.03162;388;0
2025.02.11 12:40;1.03162;1.03171;1.03153;1.03165;308;0
2025.02.11 12:50;1.03163;1.03179;1.03144;1.03161;334;0
2025.02.11 13:00;1.03160;1.03201;1.03160;1.03186;340;0
2025.02.11 13:10;1.03186;1.03212;1.03184;1.03186;256;0
2025.02.11 13:20;1.03189;1.03192;1.03160;1.03168;222;0
2025.02.11 13:30;1.03167;1.03197;1.03158;1.03196;311;0
2025.02.11 13:40;1.03197;1.03217;1.03179;1.03215;285;0
2025.02.11 13:50;1.03215;1.03227;1.03203;1.03218;317;0
2025.02.11 14:00;1.03219;1.03232;1.03214;1.03223;400;0
2025.02.11 14:10;1.03223;1.03264;1.03207;1.03240;348;0
2025.02.11 14:20;1.03240;1.03285;1.03239;1.03271;363;1
2025.02.11 14:30;1.03272;1.03279;1.03258;1.03267;328;1
2025.02.11 14:40;1.03267;1.03281;1.03252;1.03258;333;1
2025.02.11 14:50;1.03257;1.03263;1.03207;1.03220;477;0
2025.02.11 15:00;1.03222;1.03261;1.03201;1.03243;448;0
2025.02.11 15:10;1.03243;1.03252;1.03195;1.03202;481;0
2025.02.11 15:20;1.03202;1.03207;1.03166;1.03179;511;0
2025.02.11 15:30;1.03180;1.03240;1.03166;1.03187;485;0
2025.02.11 15:40;1.03186;1.03200;1.03172;1.03189;429;0
2025.02.11 15:50;1.03190;1.03229;1.03189;1.03225;422;0
2025.02.11 16:00;1.03223;1.03297;1.03219;1.03270;558;0
2025.02.11 16:10;1.03270;1.03276;1.03233;1.03269;389;0
2025.02.11 16:20;1.03269;1.03308;1.03258;1.03308;464;0
2025.02.11 16:30;1.03309;1.03335;1.03293;1.03306;639;0
2025.02.11 16:40;1.03306;1.03361;1.03293;1.03356;567;0
2025.02.11 16:50;1.03355;1.03370;1.03318;1.03324;493;0
2025.02.11 17:00;1.03325;1.03359;1.03281;1.03354;634;0
2025.02.11 17:10;1.03348;1.03389;1.03291;1.03389;576;1
2025.02.11 17:20;1.03392;1.03422;1.03365;1.03407;661;1
2025.02.11 17:30;1.03413;1.03423;1.03363;1.03387;586;1
2025.02.11 17:40;1.03387;1.03411;1.03336;1.03395;567;1
2025.02.11 17:50;1.03395;1.03433;1.03378;1.03400;710;0
2025.02.11 18:00;1.03399;1.03494;1.03390;1.03494;733;0
2025.02.11 18:10;1.03493;1.03494;1.03446;1.03465;594;0
2025.02.11 18:20;1.03466;1.03496;1.03449;1.03487;526;0
2025.02.11 18:30;1.03486;1.03513;1.03462;1.03472;529;0
2025.02.11 18:40;1.03472;1.03505;1.03454;1.03486;430;0
2025.02.11 18:50;1.03486;1.03511;1.03449;1.03457;421;0
2025.02.11 19:00;1.03457;1.03460;1.03434;1.03449;368;0
2025.02.11 19:10;1.03450;1.03460;1.03435;1.03448;290;0
2025.02.11 19:20;1.03447;1.03477;1.03440;1.03471;269;0
2025.02.11 19:30;1.03471;1.03478;1.03455;1.03475;265;0
2025.02.11 19:40;1.03475;1.03486;1.03459;1.03466;236;0
2025.02.11 19:50;1.03465;1.03466;1.03448;1.03453;243;0
2025.02.11 20:00;1.03453;1.03514;1.03445;1.03510;405;1
2025.02.11 20:10;1.03509;1.03510;1.03481;1.03483;235;0
2025.02.11 20:20;1.03484;1.03488;1.03464;1.03467;209;0
2025.02.11 20:30;1.03469;1.03488;1.03468;1.03474;223;0
2025.02.11 20:40;1.03472;1.03482;1.03456;1.03462;194;0
2025.02.11 20:50;1.03461;1.03469;1.03447;1.03454;229;0
2025.02.11 21:00;1.03452;1.03464;1.03440;1.03441;208;1
2025.02.11 21:10;1.03441;1.03441;1.03420;1.03432;187;0
2025.02.11 21:20;1.03432;1.03465;1.03431;1.03461;167;0
2025.02.11 21:30;1.03460;1.03623;1.03460;1.03623;303;0
2025.02.11 21:40;1.03628;1.03816;1.03568;1.03614;995;1
2025.02.11 21:50;1.03626;1.03641;1.03556;1.03583;448;1
2025.02.11 22:00;1.03583;1.03617;1.03577;1.03615;422;1
2025.02.11 22:10;1.03613;1.03624;1.03601;1.03622;358;1
2025.02.11 22:20;1.03622;1.03638;1.03593;1.03621;357;1
2025.02.11 22:30;1.03621;1.03675;1.03615;1.03653;342;1
2025.02.11 22:40;1.03654;1.03668;1.03628;1.03667;329;1
2025.02.11 22:50;1.03668;1.03675;1.03629;1.03630;393;1
2025.02.11 23:00;1.03629;1.03640;1.03617;1.03632;226;1
2025.02.11 23:10;1.03632;1.03641;1.03613;1.03640;120;1
2025.02.11 23:20;1.03640;1.03640;1.03607;1.03621;131;1
2025.02.11 23:30;1.03621;1.03626;1.03602;1.03611;134;1
2025.02.11 23:40;1.03610;1.03610;1.03588;1.03597;113;5
2025.02.11 23:50;1.03595;1.03614;1.03594;1.03612;216;5
2025.02.12 00:00;1.03601;1.03615;1.03587;1.03615;23;24
2025.02.12 00:10;1.03614;1.03617;1.03607;1.03607;18;24
2025.02.12 00:20;1.03607;1.03610;1.03596;1.03602;55;24
2025.02.12 00:30;1.03602;1.03633;1.03601;1.03625;67;24
2025.02.12 00:40;1.03626;1.03626;1.03595;1.03595;64;24
2025.02.12 00:50;1.03594;1.03625;1.03590;1.03612;118;24
2025.02.12 01:00;1.03613;1.03631;1.03598;1.03615;162;0
2025.02.12 01:10;1.03626;1.03676;1.03626;1.03641;236;0
2025.02.12 01:20;1.03642;1.03646;1.03623;1.03631;200;0
2025.02.12 01:30;1.03632;1.03643;1.03630;1.03635;154;0
2025.02.12 01:40;1.03634;1.03658;1.03634;1.03649;167;0
2025.02.12 01:50;1.03649;1.03654;1.03630;1.03633;150;0
2025.02.12 02:00;1.03643;1.03643;1.03584;1.03586;219;0
2025.02.12 02:10;1.03585;1.03591;1.03572;1.03574;218;0
2025.02.12 02:20;1.03575;1.03593;1.03574;1.03582;153;0
2025.02.12 02:30;1.03583;1.03590;1.03563;1.03585;268;0
2025.02.12 02:40;1.03584;1.03587;1.03570;1.03577;212;0
2025.02.12 02:50;1.03576;1.03583;1.03563;1.03574;321;0
2025.02.12 03:00;1.03575;1.03575;1.03539;1.03550;409;0
2025.02.12 03:10;1.03553;1.03576;1.03548;1.03561;398;0
2025.02.12 03:20;1.03560;1.03579;1.03553;1.03574;368;0
2025.02.12 03:30;1.03573;1.03586;1.03562;1.03584;335;0
2025.02.12 03:40;1.03584;1.03642;1.03577;1.03633;293;0
2025.02.12 03:50;1.03632;1.03632;1.03585;1.03605;339;0
2025.02.12 04:00;1.03606;1.03641;1.03604;1.03623;373;0
2025.02.12 04:10;1.03623;1.03633;1.03618;1.03627;326;0
2025.02.12 04:20;1.03627;1.03660;1.03622;1.03657;237;0
2025.02.12 04:30;1.03658;1.03679;1.03646;1.03662;356;0
2025.02.12 04:40;1.03662;1.03678;1.03651;1.03668;299;0
2025.02.12 04:50;1.03669;1.03674;1.03625;1.03625;273;0
2025.02.12 05:00;1.03626;1.03632;1.03594;1.03611;312;0
2025.02.12 05:10;1.03611;1.03656;1.03607;1.03648;334;0
2025.02.12 05:20;1.03649;1.03654;1.03630;1.03631;238;0
2025.02.12 05:30;1.03630;1.03651;1.03612;1.03621;295;0
2025.02.12 05:40;1.03621;1.03625;1.03586;1.03601;310;0
2025.02.12 05:50;1.03601;1.03622;1.03592;1.03620;277;0
2025.02.12 06:00;1.03620;1.03622;1.03592;1.03602;225;0
2025.02.12 06:10;1.03601;1.03635;1.03591;1.03629;245;0
2025.02.12 06:20;1.03630;1.03636;1.03614;1.03621;202;0
2025.02.12 06:30;1.03622;1.03622;1.03593;1.03599;322;0
2025.02.12 06:40;1.03599;1.03606;1.03581;1.03588;261;0
2025.02.12 06:50;1.03590;1.03595;1.03560;1.03562;275;0
2025.02.12 07:00;1.03562;1.03569;1.03548;1.03564;281;0
2025.02.12 07:10;1.03565;1.03572;1.03556;1.03563;294;0
2025.02.12 07:20;1.03564;1.03583;1.03558;1.03579;248;0
2025.02.12 07:30;1.03580;1.03589;1.03565;1.03584;271;0
2025.02.12 07:40;1.03581;1.03587;1.03577;1.03581;228;0
2025.02.12 07:50;1.03582;1.03594;1.03577;1.03584;228;0
2025.02.12 08:00;1.03585;1.03600;1.03581;1.03598;268;0
2025.02.12 08:10;1.03598;1.03602;1.03576;1.03588;275;0
2025.02.12 08:20;1.03588;1.03596;1.03577;1.03591;294;0
2025.02.12 08:30;1.03591;1.03601;1.03569;1.03575;270;0
2025.02.12 08:40;1.03576;1.03591;1.03568;1.03579;292;0
2025.02.12 08:50;1.03580;1.03597;1.03580;1.03590;313;0
2025.02.12 09:00;1.03591;1.03640;1.03588;1.03630;382;0
2025.02.12 09:10;1.03630;1.03663;1.03601;1.03661;439;0
2025.02.12 09:20;1.03662;1.03673;1.03643;1.03662;411;0
2025.02.12 09:30;1.03661;1.03661;1.03615;1.03619;392;0
2025.02.12 09:40;1.03620;1.03664;1.03615;1.03661;309;0
2025.02.12 09:50;1.03661;1.03792;1.03658;1.03758;640;0
2025.02.12 10:00;1.03759;1.03799;1.03725;1.03769;715;0
2025.02.12 10:10;1.03769;1.03790;1.03735;1.03739;538;0
2025.02.12 10:20;1.03738;1.03756;1.03717;1.03717;538;0
2025.02.12 10:30;1.03717;1.03749;1.03702;1.03745;424;0
2025.02.12 10:40;1.03742;1.03775;1.03738;1.03745;442;0
2025.02.12 10:50;1.03744;1.03767;1.03679;1.03711;451;0
2025.02.12 11:00;1.03710;1.03714;1.03664;1.03682;450;0
2025.02.12 11:10;1.03680;1.03706;1.03647;1.03699;437;0
2025.02.12 11:20;1.03699;1.03726;1.03676;1.03679;351;0
2025.02.12 11:30;1.03680;1.03732;1.03669;1.03725;409;0
2025.02.12 11:40;1.03727;1.03741;1.03689;1.03692;349;0
2025.02.12 11:50;1.03692;1.03738;1.03692;1.03736;386;0
2025.02.12 12:00;1.03739;1.03773;1.03729;1.03731;421;0
2025.02.12 12:10;1.03732;1.03732;1.03700;1.03725;404;0
2025.02.12 12:20;1.03724;1.03744;1.03713;1.03724;365;0
2025.02.12 12:30;1.03724;1.03745;1.03714;1.03731;396;0
2025.02.12 12:40;1.03732;1.03764;1.03722;1.03730;334;0
2025.02.12 12:50;1.03731;1.03760;1.03729;1.03757;402;0
2025.02.12 13:00;1.03757;1.03781;1.03738;1.03778;338;0
2025.02.12 13:10;1.03779;1.03830;1.03759;1.03819;436;0
2025.02.12 13:20;1.03814;1.03856;1.03807;1.03834;409;0
2025.02.12 13:30;1.03834;1.03852;1.03808;1.03825;395;0
2025.02.12 13:40;1.03825;1.03845;1.03768;1.03772;378;0
2025.02.12 13:50;1.03773;1.03796;1.03745;1.03751;370;0
2025.02.12 14:00;1.03750;1.03768;1.03741;1.03751;377;0
2025.02.12 14:10;1.03751;1.03752;1.03720;1.03739;391;0
2025.02.12 14:20;1.03738;1.03753;1.03728;1.03742;352;0
2025.02.12 14:30;1.03741;1.03784;1.03741;1.03771;394;0
2025.02.12 14:40;1.03772;1.03779;1.03736;1.03740;440;0
2025.02.12 14:50;1.03739;1.03789;1.03725;1.03730;570;0
2025.02.12 15:00;1.03730;1.03760;1.03694;1.03695;627;0
2025.02.12 15:10;1.03695;1.03712;1.03634;1.03639;585;0
2025.02.12 15:20;1.03640;1.03692;1.03639;1.03679;630;0
2025.02.12 15:30;1.03670;1.03675;1.03170;1.03224;1726;2
2025.02.12 15:40;1.03224;1.03336;1.03170;1.03271;1312;0
2025.02.12 15:50;1.03280;1.03361;1.03250;1.03329;1110;0
2025.02.12 16:00;1.03319;1.03395;1.03252;1.03392;1051;0
2025.02.12 16:10;1.03391;1.03467;1.03370;1.03399;858;0
2025.02.12 16:20;1.03399;1.03484;1.03386;1.03478;742;0
2025.02.12 16:30;1.03479;1.03538;1.03421;1.03491;956;0
2025.02.12 16:40;1.03493;1.03497;1.03421;1.03462;808;0
2025.02.12 16:50;1.03461;1.03506;1.03434;1.03500;731;0
2025.02.12 17:00;1.03500;1.03502;1.03393;1.03456;888;0
2025.02.12 17:10;1.03455;1.03458;1.03380;1.03407;833;0
2025.02.12 17:20;1.03406;1.03745;1.03403;1.03594;1151;0
2025.02.12 17:30;1.03593;1.03828;1.03575;1.03805;1081;0
2025.02.12 17:40;1.03801;1.03816;1.03706;1.03783;1145;0
2025.02.12 17:50;1.03782;1.03783;1.03697;1.03746;1024;0
2025.02.12 18:00;1.03745;1.03772;1.03609;1.03618;923;0
2025.02.12 18:10;1.03618;1.03620;1.03504;1.03529;835;0
2025.02.12 18:20;1.03530;1.03601;1.03510;1.03601;724;0
2025.02.12 18:30;1.03601;1.03686;1.03580;1.03686;753;0
2025.02.12 18:40;1.03686;1.03736;1.03647;1.03731;593;0
2025.02.12 18:50;1.03731;1.03957;1.03709;1.03913;958;0
2025.02.12 19:00;1.03913;1.04049;1.03908;1.04016;975;0
2025.02.12 19:10;1.04017;1.04172;1.04005;1.04117;1146;1
2025.02.12 19:20;1.04112;1.04200;1.04105;1.04180;937;0
2025.02.12 19:30;1.04183;1.04210;1.04060;1.04062;707;0
2025.02.12 19:40;1.04062;1.04180;1.04020;1.04170;737;0
2025.02.12 19:50;1.04170;1.04275;1.04170;1.04261;674;1
2025.02.12 20:00;1.04262;1.04299;1.04139;1.04152;740;0
2025.02.12 20:10;1.04152;1.04205;1.04132;1.04165;504;0
2025.02.12 20:20;1.04165;1.04191;1.04066;1.04090;625;0
2025.02.12 20:30;1.04091;1.04093;1.03975;1.03982;706;0
2025.02.12 20:40;1.03983;1.04018;1.03950;1.03963;510;0
2025.02.12 20:50;1.03963;1.03972;1.03873;1.03894;481;0
2025.02.12 21:00;1.03893;1.03920;1.03854;1.03891;474;0
2025.02.12 21:10;1.03889;1.03893;1.03847;1.03860;357;1
2025.02.12 21:20;1.03859;1.03902;1.03849;1.03898;325;1
2025.02.12 21:30;1.03898;1.03934;1.03896;1.03921;304;1
2025.02.12 21:40;1.03921;1.03921;1.03869;1.03878;322;1
2025.02.12 21:50;1.03880;1.03916;1.03872;1.03910;370;1
2025.02.12 22:00;1.03911;1.03911;1.03880;1.03894;250;1
2025.02.12 22:10;1.03893;1.03923;1.03890;1.03912;226;0
2025.02.12 22:20;1.03914;1.03973;1.03911;1.03956;282;1
2025.02.12 22:30;1.03961;1.03974;1.03945;1.03957;318;1
2025.02.12 22:40;1.03957;1.03962;1.03921;1.03950;307;1
2025.02.12 22:50;1.03950;1.03958;1.03915;1.03917;371;0
2025.02.12 23:00;1.03918;1.03966;1.03819;1.03883;390;0
2025.02.12 23:10;1.03882;1.03891;1.03858;1.03891;147;0
2025.02.12 23:20;1.03891;1.03892;1.03860;1.03871;146;0
2025.02.12 23:30;1.03871;1.03877;1.03831;1.03841;149;1
2025.02.12 23:40;1.03839;1.03841;1.03811;1.03829;164;5
2025.02.12 23:50;1.03831;1.03833;1.03807;1.03832;202;5
2025.02.13 00:00;1.03816;1.03855;1.03797;1.03832;66;24
2025.02.13 00:10;1.03830;1.03850;1.03822;1.03822;60;32
2025.02.13 00:20;1.03822;1.03838;1.03816;1.03829;119;25
2025.02.13 00:30;1.03832;1.03846;1.03830;1.03838;224;24
2025.02.13 00:40;1.03837;1.03844;1.03833;1.03840;256;24
2025.02.13 00:50;1.03840;1.03845;1.03830;1.03831;145;24
2025.02.13 01:00;1.03836;1.03876;1.03836;1.03867;251;0
2025.02.13 01:10;1.03868;1.03875;1.03849;1.03858;301;0
2025.02.13 01:20;1.03858;1.03886;1.03857;1.03886;196;0
2025.02.13 01:30;1.03885;1.03885;1.03862;1.03872;115;0
2025.02.13 01:40;1.03872;1.03891;1.03864;1.03891;180;0
2025.02.13 01:50;1.03891;1.03924;1.03885;1.03922;235;0
2025.02.13 02:00;1.03923;1.03957;1.03917;1.03929;265;0
2025.02.13 02:10;1.03928;1.03932;1.03908;1.03912;200;0
2025.02.13 02:20;1.03912;1.03980;1.03897;1.03953;289;0
2025.02.13 02:30;1.03952;1.03979;1.03952;1.03969;279;0
2025.02.13 02:40;1.03969;1.04006;1.03951;1.03954;258;0
2025.02.13 02:50;1.03957;1.03957;1.03881;1.03895;416;0
2025.02.13 03:00;1.03896;1.03921;1.03872;1.03920;460;0
2025.02.13 03:10;1.03919;1.03949;1.03910;1.03935;388;0
2025.02.13 03:20;1.03936;1.03962;1.03922;1.03929;356;0
2025.02.13 03:30;1.03928;1.03952;1.03915;1.03938;395;0
2025.02.13 03:40;1.03938;1.03999;1.03936;1.03982;433;0
2025.02.13 03:50;1.03983;1.04018;1.03971;1.03997;388;0
2025.02.13 04:00;1.03998;1.04005;1.03968;1.03971;372;0
2025.02.13 04:10;1.03970;1.03990;1.03965;1.03982;366;0
2025.02.13 04:20;1.03983;1.04028;1.03980;1.04027;333;0
2025.02.13 04:30;1.04027;1.04078;1.04026;1.04068;358;0
2025.02.13 04:40;1.04067;1.04069;1.04041;1.04044;374;0
2025.02.13 04:50;1.04044;1.04051;1.04030;1.04037;291;0
2025.02.13 05:00;1.04038;1.04074;1.04034;1.04064;283;0
2025.02.13 05:10;1.04063;1.04134;1.04063;1.04134;340;0
2025.02.13 05:20;1.04133;1.04146;1.04118;1.04136;319;0
2025.02.13 05:30;1.04136;1.04177;1.04132;1.04174;323;0
2025.02.13 05:40;1.04174;1.04200;1.04162;1.04199;363;0
2025.02.13 05:50;1.04200;1.04219;1.04173;1.04191;270;0
2025.02.13 06:00;1.04191;1.04286;1.04187;1.04264;449;0
2025.02.13 06:10;1.04263;1.04301;1.04260;1.04276;386;0
2025.02.13 06:20;1.04277;1.04296;1.04239;1.04273;365;0
2025.02.13 06:30;1.04275;1.04353;1.04271;1.04352;428;0
2025.02.13 06:40;1.04352;1.04354;1.04304;1.04320;346;0
2025.02.13 06:50;1.04318;1.04351;1.04311;1.04345;395;0
2025.02.13 07:00;1.04346;1.04371;1.04330;1.04347;407;0
2025.02.13 07:10;1.04354;1.04383;1.04332;1.04342;409;0
2025.02.13 07:20;1.04342;1.04376;1.04335;1.04376;310;0
2025.02.13 07:30;1.04374;1.04376;1.04321;1.04340;355;0
2025.02.13 07:40;1.04340;1.04350;1.04305;1.04342;385;0
2025.02.13 07:50;1.04341;1.04359;1.04326;1.04349;383;0
2025.02.13 08:00;1.04350;1.04376;1.04341;1.04349;459;0
2025.02.13 08:10;1.04349;1.04400;1.04327;1.04387;574;0
2025.02.13 08:20;1.04386;1.04400;1.04364;1.04370;380;0
2025.02.13 08:30;1.04370;1.04374;1.04347;1.04360;374;0
2025.02.13 08:40;1.04362;1.04364;1.04324;1.04331;432;0
2025.02.13 08:50;1.04331;1.04340;1.04285;1.04308;405;0
2025.02.13 09:00;1.04323;1.04366;1.04320;1.04342;654;0
2025.02.13 09:10;1.04334;1.04352;1.04314;1.04337;580;0
2025.02.13 09:20;1.04336;1.04336;1.04269;1.04273;535;0
2025.02.13 09:30;1.04275;1.04346;1.04268;1.04339;529;0
2025.02.13 09:40;1.04337;1.04342;1.04307;1.04307;558;0
2025.02.13 09:50;1.04307;1.04308;1.04224;1.04255;694;0
2025.02.13 10:00;1.04257;1.04264;1.04173;1.04192;672;0
2025.02.13 10:10;1.04191;1.04238;1.04161;1.04234;669;0
2025.02.13 10:20;1.04235;1.04248;1.04166;1.04193;705;0
2025.02.13 10:30;1.04193;1.04199;1.04131;1.04136;529;0
2025.02.13 10:40;1.04137;1.04168;1.04123;1.04146;520;0
2025.02.13 10:50;1.04146;1.04147;1.04102;1.04136;534;0
2025.02.13 11:00;1.04136;1.04171;1.04110;1.04170;614;0
2025.02.13 11:10;1.04169;1.04198;1.04166;1.04190;491;0
2025.02.13 11:20;1.04189;1.04189;1.04127;1.04138;438;0
2025.02.13 11:30;1.04138;1.04162;1.04115;1.04145;485;0
2025.02.13 11:40;1.04144;1.04235;1.04144;1.04229;544;0
2025.02.13 11:50;1.04230;1.04264;1.04222;1.04230;423;0
2025.02.13 12:00;1.04230;1.04255;1.04225;1.04252;419;0
2025.02.13 12:10;1.04252;1.04290;1.04249;1.04270;398;0
2025.02.13 12:20;1.04270;1.04271;1.04242;1.04243;399;0
2025.02.13 12:30;1.04244;1.04248;1.04209;1.04213;433;0
2025.02.13 12:40;1.04215;1.04219;1.04162;1.04162;378;0
2025.02.13 12:50;1.04161;1.04177;1.04135;1.04158;481;0
2025.02.13 13:00;1.04157;1.04256;1.04157;1.04255;536;0
2025.02.13 13:10;1.04255;1.04275;1.04218;1.04221;419;0
2025.02.13 13:20;1.04221;1.04230;1.04195;1.04198;304;0
2025.02.13 13:30;1.04198;1.04212;1.04182;1.04209;379;0
2025.02.13 13:40;1.04208;1.04211;1.03970;1.04012;836;0
2025.02.13 13:50;1.04013;1.04046;1.03925;1.04031;924;0
2025.02.13 14:00;1.04031;1.04035;1.03901;1.03906;728;0
2025.02.13 14:10;1.03906;1.03933;1.03857;1.03869;592;0
2025.02.13 14:20;1.03869;1.03963;1.03866;1.03946;487;0
2025.02.13 14:30;1.03946;1.03972;1.03920;1.03959;452;0
2025.02.13 14:40;1.03955;1.04000;1.03939;1.03999;424;0
2025.02.13 14:50;1.04002;1.04006;1.03888;1.03896;609;0
2025.02.13 15:00;1.03899;1.03931;1.03862;1.03903;517;0
2025.02.13 15:10;1.03903;1.03944;1.03890;1.03921;481;0
2025.02.13 15:20;1.03921;1.03924;1.03843;1.03854;607;0
2025.02.13 15:30;1.03859;1.04071;1.03754;1.04054;1423;0
2025.02.13 15:40;1.04049;1.04063;1.03921;1.03959;1050;0
2025.02.13 15:50;1.03960;1.03960;1.03889;1.03925;962;0
2025.02.13 16:00;1.03926;1.03926;1.03822;1.03884;846;0
2025.02.13 16:10;1.03885;1.03938;1.03858;1.03919;812;0
2025.02.13 16:20;1.03919;1.03943;1.03836;1.03849;710;0
2025.02.13 16:30;1.03849;1.03892;1.03837;1.03867;707;0
2025.02.13 16:40;1.03874;1.03972;1.03852;1.03971;724;0
2025.02.13 16:50;1.03970;1.04013;1.03970;1.03997;629;0
2025.02.13 17:00;1.03998;1.04149;1.03998;1.04092;1055;0
2025.02.13 17:10;1.04091;1.04381;1.04091;1.04314;1356;0
2025.02.13 17:20;1.04314;1.04326;1.04238;1.04249;1015;0
2025.02.13 17:30;1.04251;1.04323;1.04212;1.04315;908;0
2025.02.13 17:40;1.04314;1.04352;1.04246;1.04343;954;0
2025.02.13 17:50;1.04340;1.04366;1.04298;1.04335;832;0
2025.02.13 18:00;1.04334;1.04394;1.04306;1.04392;791;0
2025.02.13 18:10;1.04391;1.04436;1.04335;1.04409;619;0
2025.02.13 18:20;1.04409;1.04454;1.04404;1.04423;520;0
2025.02.13 18:30;1.04422;1.04431;1.04290;1.04299;662;0
2025.02.13 18:40;1.04299;1.04307;1.04244;1.04251;491;0
2025.02.13 18:50;1.04251;1.04288;1.04251;1.04276;490;0
2025.02.13 19:00;1.04273;1.04305;1.04256;1.04304;382;0
2025.02.13 19:10;1.04305;1.04335;1.04301;1.04310;474;0
2025.02.13 19:20;1.04308;1.04379;1.04305;1.04357;367;0
2025.02.13 19:30;1.04356;1.04389;1.04352;1.04360;423;0
2025.02.13 19:40;1.04363;1.04363;1.04308;1.04326;426;0
2025.02.13 19:50;1.04327;1.04328;1.04249;1.04252;459;1
2025.02.13 20:00;1.04253;1.04275;1.04201;1.04223;569;1
2025.02.13 20:10;1.04222;1.04255;1.04167;1.04220;541;0
2025.02.13 20:20;1.04217;1.04277;1.04196;1.04260;576;1
2025.02.13 20:30;1.04260;1.04316;1.04247;1.04312;490;0
2025.02.13 20:40;1.04313;1.04313;1.03731;1.04141;1653;2
2025.02.13 20:50;1.04141;1.04143;1.03905;1.04095;1230;2
2025.02.13 21:00;1.04096;1.04334;1.04086;1.04284;819;1
2025.02.13 21:10;1.04292;1.04400;1.04275;1.04367;706;0
2025.02.13 21:20;1.04367;1.04412;1.04319;1.04393;615;1
2025.02.13 21:30;1.04393;1.04427;1.04387;1.04422;466;1
2025.02.13 21:40;1.04421;1.04422;1.04304;1.04340;454;1
2025.02.13 21:50;1.04340;1.04412;1.04339;1.04372;481;1
2025.02.13 22:00;1.04373;1.04417;1.04355;1.04406;383;1
2025.02.13 22:10;1.04405;1.04554;1.04405;1.04551;382;1
2025.02.13 22:20;1.04550;1.04602;1.04543;1.04578;401;1
2025.02.13 22:30;1.04578;1.04617;1.04559;1.04581;401;1
2025.02.13 22:40;1.04581;1.04600;1.04557;1.04600;297;0
2025.02.13 22:50;1.04600;1.04659;1.04600;1.04614;427;1
2025.02.13 23:00;1.04620;1.04629;1.04570;1.04594;205;0
2025.02.13 23:10;1.04593;1.04607;1.04579;1.04601;167;0
2025.02.13 23:20;1.04600;1.04613;1.04591;1.04598;152;0
2025.02.13 23:30;1.04598;1.04630;1.04593;1.04624;125;0
2025.02.13 23:40;1.04625;1.04659;1.04620;1.04651;141;1
2025.02.13 23:50;1.04651;1.04666;1.04631;1.04654;285;5
2025.02.14 00:00;1.04636;1.04636;1.04602;1.04621;37;13
2025.02.14 00:10;1.04621;1.04644;1.04621;1.04635;97;24
2025.02.14 00:20;1.04636;1.04675;1.04635;1.04671;115;24
2025.02.14 00:30;1.04671;1.04679;1.04656;1.04657;135;24
2025.02.14 00:40;1.04657;1.04668;1.04651;1.04651;36;24
2025.02.14 00:50;1.04653;1.04671;1.04632;1.04660;178;24
2025.02.14 01:00;1.04673;1.04673;1.04632;1.04636;260;0
2025.02.14 01:10;1.04636;1.04672;1.04636;1.04663;320;0
2025.02.14 01:20;1.04662;1.04664;1.04628;1.04639;167;0
2025.02.14 01:30;1.04641;1.04645;1.04559;1.04567;237;0
2025.02.14 01:40;1.04568;1.04624;1.04564;1.04609;219;0
2025.02.14 01:50;1.04608;1.04618;1.04590;1.04613;235;0
2025.02.14 02:00;1.04614;1.04628;1.04577;1.04607;352;0
2025.02.14 02:10;1.04604;1.04647;1.04580;1.04646;284;0
2025.02.14 02:20;1.04647;1.04670;1.04643;1.04646;350;0
2025.02.14 02:30;1.04642;1.04642;1.04617;1.04627;314;0
2025.02.14 02:40;1.04627;1.04643;1.04595;1.04597;302;0
2025.02.14 02:50;1.04597;1.04612;1.04589;1.04608;401;0
2025.02.14 03:00;1.04609;1.04624;1.04594;1.04609;425;0
2025.02.14 03:10;1.04609;1.04631;1.04588;1.04631;373;0
2025.02.14 03:20;1.04631;1.04668;1.04626;1.04629;487;0
2025.02.14 03:30;1.04629;1.04651;1.04615;1.04646;433;0
2025.02.14 03:40;1.04647;1.04647;1.04607;1.04613;439;0
2025.02.14 03:50;1.04612;1.04626;1.04582;1.04592;381;0
2025.02.14 04:00;1.04592;1.04602;1.04579;1.04592;383;0
2025.02.14 04:10;1.04593;1.04610;1.04579;1.04586;269;0
2025.02.14 04:20;1.04584;1.04591;1.04568;1.04572;243;0
2025.02.14 04:30;1.04574;1.04580;1.04555;1.04559;293;0
2025.02.14 04:40;1.04559;1.04568;1.04552;1.04558;259;0
2025.02.14 04:50;1.04560;1.04590;1.04551;1.04568;366;0
2025.02.14 05:00;1.04567;1.04570;1.04539;1.04546;332;0
2025.02.14 05:10;1.04543;1.04568;1.04543;1.04553;262;0
2025.02.14 05:20;1.04554;1.04586;1.04554;1.04574;338;0
2025.02.14 05:30;1.04574;1.04616;1.04573;1.04603;274;0
2025.02.14 05:40;1.04601;1.04604;1.04569;1.04580;213;0
2025.02.14 05:50;1.04580;1.04592;1.04578;1.04589;190;0
2025.02.14 06:00;1.04588;1.04611;1.04586;1.04608;219;0
2025.02.14 06:10;1.04609;1.04631;1.04607;1.04630;211;0
2025.02.14 06:20;1.04631;1.04638;1.04594;1.04597;208;0
2025.02.14 06:30;1.04596;1.04612;1.04575;1.04578;269;0
2025.02.14 06:40;1.04578;1.04580;1.04556;1.04563;232;0
2025.02.14 06:50;1.04563;1.04571;1.04546;1.04546;221;0
2025.02.14 07:00;1.04547;1.04558;1.04529;1.04533;242;0
2025.02.14 07:10;1.04533;1.04534;1.04507;1.04524;327;0
2025.02.14 07:20;1.04520;1.04534;1.04508;1.04509;240;0
2025.02.14 07:30;1.04514;1.04514;1.04474;1.04474;267;0
2025.02.14 07:40;1.04475;1.04517;1.04474;1.04512;328;0
2025.02.14 07:50;1.04510;1.04532;1.04510;1.04526;307;0
2025.02.14 08:00;1.04527;1.04553;1.04519;1.04545;380;0
2025.02.14 08:10;1.04544;1.04562;1.04534;1.04558;368;0
2025.02.14 08:20;1.04558;1.04583;1.04550;1.04557;347;0
2025.02.14 08:30;1.04557;1.04591;1.04556;1.04589;335;0
2025.02.14 08:40;1.04590;1.04609;1.04574;1.04589;419;0
2025.02.14 08:50;1.04589;1.04592;1.04573;1.04585;322;0
2025.02.14 09:00;1.04584;1.04698;1.04584;1.04675;585;0
2025.02.14 09:10;1.04675;1.04723;1.04672;1.04717;595;0
2025.02.14 09:20;1.04717;1.04718;1.04671;1.04681;539;0
2025.02.14 09:30;1.04680;1.04699;1.04650;1.04655;494;0
2025.02.14 09:40;1.04656;1.04683;1.04635;1.04667;468;0
2025.02.14 09:50;1.04667;1.04671;1.04642;1.04648;533;0
2025.02.14 10:00;1.04651;1.04692;1.04634;1.04658;578;0
2025.02.14 10:10;1.04658;1.04773;1.04658;1.04743;671;0
2025.02.14 10:20;1.04743;1.04802;1.04743;1.04783;575;0
2025.02.14 10:30;1.04784;1.04847;1.04783;1.04843;609;0
2025.02.14 10:40;1.04843;1.04863;1.04814;1.04827;525;0
2025.02.14 10:50;1.04826;1.04852;1.04738;1.04769;693;0
2025.02.14 11:00;1.04769;1.04804;1.04767;1.04788;465;0
2025.02.14 11:10;1.04788;1.04835;1.04788;1.04827;455;0
2025.02.14 11:20;1.04826;1.04863;1.04797;1.04851;584;0
2025.02.14 11:30;1.04851;1.04878;1.04792;1.04803;445;0
2025.02.14 11:40;1.04803;1.04822;1.04760;1.04775;460;0
2025.02.14 11:50;1.04774;1.04820;1.04765;1.04813;429;0
2025.02.14 12:00;1.04812;1.04815;1.04758;1.04767;396;0
2025.02.14 12:10;1.04762;1.04818;1.04758;1.04813;421;0
2025.02.14 12:20;1.04813;1.04828;1.04750;1.04750;445;0
2025.02.14 12:30;1.04749;1.04779;1.04686;1.04686;425;0
2025.02.14 12:40;1.04686;1.04703;1.04664;1.04693;368;0
2025.02.14 12:50;1.04694;1.04695;1.04647;1.04670;417;0
2025.02.14 13:00;1.04670;1.04671;1.04629;1.04636;469;0
2025.02.14 13:10;1.04637;1.04695;1.04636;1.04675;420;0
2025.02.14 13:20;1.04676;1.04682;1.04647;1.04659;393;0
2025.02.14 13:30;1.04658;1.04687;1.04649;1.04672;409;0
2025.02.14 13:40;1.04673;1.04688;1.04649;1.04663;405;0
2025.02.14 13:50;1.04662;1.04684;1.04657;1.04676;381;0
2025.02.14 14:00;1.04675;1.04675;1.04599;1.04599;432;0
2025.02.14 14:10;1.04599;1.04642;1.04570;1.04638;457;0
2025.02.14 14:20;1.04636;1.04710;1.04629;1.04688;471;0
2025.02.14 14:30;1.04688;1.04746;1.04688;1.04728;548;0
2025.02.14 14:40;1.04728;1.04730;1.04662;1.04689;433;0
2025.02.14 14:50;1.04689;1.04725;1.04688;1.04717;566;0
2025.02.14 15:00;1.04718;1.04788;1.04713;1.04776;536;0
2025.02.14 15:10;1.04777;1.04832;1.04760;1.04828;480;0
2025.02.14 15:20;1.04832;1.04872;1.04809;1.04835;605;0
2025.02.14 15:30;1.04835;1.04978;1.04835;1.04862;1247;0
2025.02.14 15:40;1.04862;1.04959;1.04829;1.04926;966;0
2025.02.14 15:50;1.04925;1.04942;1.04864;1.04883;862;0
2025.02.14 16:00;1.04883;1.04985;1.04873;1.04960;691;0
2025.02.14 16:10;1.04961;1.04996;1.04910;1.04952;712;0
2025.02.14 16:20;1.04953;1.05006;1.04950;1.04989;663;0
2025.02.14 16:30;1.04989;1.05064;1.04967;1.05036;743;0
2025.02.14 16:40;1.05038;1.05143;1.05035;1.05117;703;0
2025.02.14 16:50;1.05117;1.05119;1.05045;1.05086;625;0
2025.02.14 17:00;1.05087;1.05089;1.05016;1.05021;721;0
2025.02.14 17:10;1.05017;1.05018;1.04955;1.05009;711;0
2025.02.14 17:20;1.05010;1.05030;1.04914;1.04916;710;0
2025.02.14 17:30;1.04916;1.05047;1.04911;1.05047;814;0
2025.02.14 17:40;1.05047;1.05097;1.05027;1.05086;668;0
2025.02.14 17:50;1.05086;1.05128;1.05070;1.05084;746;0
2025.02.14 18:00;1.05082;1.05105;1.05054;1.05080;649;0
2025.02.14 18:10;1.05081;1.05084;1.05016;1.05035;606;0
2025.02.14 18:20;1.05035;1.05057;1.05002;1.05036;521;0
2025.02.14 18:30;1.05037;1.05046;1.05001;1.05033;563;0
2025.02.14 18:40;1.05033;1.05042;1.04975;1.04990;525;0
2025.02.14 18:50;1.04993;1.04999;1.04968;1.04975;347;0
2025.02.14 19:00;1.04978;1.04984;1.04940;1.04960;386;0
2025.02.14 19:10;1.04956;1.05010;1.04950;1.05005;428;1
2025.02.14 19:20;1.05004;1.05005;1.04972;1.04984;352;1
2025.02.14 19:30;1.04985;1.05025;1.04982;1.05022;275;0
2025.02.14 19:40;1.05022;1.05077;1.05020;1.05076;279;0
2025.02.14 19:50;1.05076;1.05088;1.05035;1.05072;381;0
2025.02.14 20:00;1.05073;1.05082;1.05041;1.05042;312;0
2025.02.14 20:10;1.05042;1.05056;1.05024;1.05052;269;0
2025.02.14 20:20;1.05051;1.05060;1.05011;1.05016;214;0
2025.02.14 20:30;1.05016;1.05048;1.05013;1.05034;263;0
2025.02.14 20:40;1.05033;1.05033;1.05003;1.05006;245;0
2025.02.14 20:50;1.05006;1.05047;1.04995;1.05044;288;1
2025.02.14 21:00;1.05044;1.05050;1.05010;1.05021;282;0
2025.02.14 21:10;1.05021;1.05026;1.04989;1.05013;233;0
2025.02.14 21:20;1.05013;1.05025;1.04996;1.04997;265;0
2025.02.14 21:30;1.04997;1.05012;1.04978;1.04988;248;0
2025.02.14 21:40;1.04988;1.05004;1.04950;1.04955;229;0
2025.02.14 21:50;1.04955;1.04999;1.04949;1.04986;308;0
2025.02.14 22:00;1.04987;1.04987;1.04942;1.04959;358;0
2025.02.14 22:10;1.04959;1.04969;1.04939;1.04959;246;0
2025.02.14 22:20;1.04960;1.04962;1.04940;1.04950;198;0
2025.02.14 22:30;1.04950;1.04973;1.04943;1.04971;213;0
2025.02.14 22:40;1.04970;1.04977;1.04937;1.04941;201;0
2025.02.14 22:50;1.04941;1.04949;1.04912;1.04919;308;0
2025.02.14 23:00;1.04922;1.04936;1.04906;1.04924;192;0
2025.02.14 23:10;1.04924;1.04941;1.04922;1.04939;149;0
2025.02.14 23:20;1.04939;1.04943;1.04933;1.04939;215;0
2025.02.14 23:30;1.04939;1.04941;1.04927;1.04933;119;1
2025.02.14 23:40;1.04931;1.04946;1.04930;1.04934;187;5
2025.02.14 23:50;1.04934;1.04946;1.04882;1.04887;137;5
2025.02.17 00:00;1.04862;1.04862;1.04841;1.04854;64;25
2025.02.17 00:10;1.04857;1.04871;1.04846;1.04858;88;29
2025.02.17 00:20;1.04851;1.04869;1.04847;1.04857;32;29
2025.02.17 00:30;1.04857;1.04894;1.04853;1.04885;127;29
2025.02.17 00:40;1.04885;1.04891;1.04876;1.04877;149;30
2025.02.17 00:50;1.04878;1.04887;1.04868;1.04884;45;29
2025.02.17 01:00;1.04888;1.04919;1.04863;1.04903;398;0
2025.02.17 01:10;1.04903;1.04946;1.04894;1.04912;276;0
2025.02.17 01:20;1.04910;1.04910;1.04850;1.04862;365;0
2025.02.17 01:30;1.04862;1.04873;1.04850;1.04870;312;0
2025.02.17 01:40;1.04870;1.04897;1.04870;1.04894;217;0
2025.02.17 01:50;1.04896;1.04910;1.04883;1.04888;213;0
2025.02.17 02:00;1.04889;1.04911;1.04876;1.04909;280;0
2025.02.17 02:10;1.04910;1.04912;1.04856;1.04861;340;0
2025.02.17 02:20;1.04861;1.04883;1.04855;1.04871;233;0
2025.02.17 02:30;1.04872;1.04906;1.04868;1.04902;278;0
2025.02.17 02:40;1.04896;1.04915;1.04888;1.04915;228;0
2025.02.17 02:50;1.04910;1.04934;1.04883;1.04923;352;0
2025.02.17 03:00;1.04924;1.04932;1.04896;1.04931;316;0
2025.02.17 03:10;1.04931;1.04942;1.04906;1.04942;311;0
2025.02.17 03:20;1.04942;1.04992;1.04942;1.04987;350;0
2025.02.17 03:30;1.04988;1.05044;1.04983;1.05032;440;0
2025.02.17 03:40;1.05032;1.05042;1.05004;1.05035;348;0
2025.02.17 03:50;1.05035;1.05065;1.05029;1.05053;285;0
2025.02.17 04:00;1.05053;1.05056;1.05002;1.05013;349;0
2025.02.17 04:10;1.05013;1.05026;1.04998;1.05001;268;0
2025.02.17 04:20;1.05000;1.05021;1.04987;1.05011;329;0
2025.02.17 04:30;1.05012;1.05022;1.05001;1.05015;322;0
2025.02.17 04:40;1.05014;1.05016;1.04959;1.04980;322;0
2025.02.17 04:50;1.04978;1.05019;1.04968;1.05011;320;0
2025.02.17 05:00;1.05011;1.05037;1.04996;1.05029;288;0
2025.02.17 05:10;1.05029;1.05036;1.04999;1.04999;286;0
2025.02.17 05:20;1.04998;1.04998;1.04950;1.04958;278;0
2025.02.17 05:30;1.04958;1.04969;1.04942;1.04956;309;0
2025.02.17 05:40;1.04956;1.04969;1.04944;1.04952;321;0
2025.02.17 05:50;1.04953;1.04974;1.04943;1.04948;275;0
2025.02.17 06:00;1.04948;1.04954;1.04902;1.04910;276;0
2025.02.17 06:10;1.04911;1.04937;1.04893;1.04933;241;0
2025.02.17 06:20;1.04933;1.04933;1.04911;1.04931;210;0
2025.02.17 06:30;1.04931;1.04942;1.04930;1.04940;239;0
2025.02.17 06:40;1.04939;1.04954;1.04933;1.04951;218;0
2025.02.17 06:50;1.04950;1.04973;1.04950;1.04955;196;0
2025.02.17 07:00;1.04955;1.04967;1.04954;1.04967;265;0
2025.02.17 07:10;1.04967;1.04982;1.04928;1.04929;343;0
2025.02.17 07:20;1.04929;1.04947;1.04892;1.04911;404;0
2025.02.17 07:30;1.04910;1.04910;1.04852;1.04876;409;0
2025.02.17 07:40;1.04876;1.04896;1.04851;1.04854;359;0
2025.02.17 07:50;1.04854;1.04913;1.04849;1.04899;353;0
2025.02.17 08:00;1.04898;1.04903;1.04880;1.04881;318;0
2025.02.17 08:10;1.04881;1.04921;1.04881;1.04894;303;0
2025.02.17 08:20;1.04895;1.04921;1.04880;1.04906;459;0
2025.02.17 08:30;1.04906;1.04926;1.04890;1.04924;322;0
2025.02.17 08:40;1.04925;1.04925;1.04906;1.04920;287;0
2025.02.17 08:50;1.04920;1.04933;1.04887;1.04917;355;0
2025.02.17 09:00;1.04917;1.04939;1.04880;1.04938;491;0
2025.02.17 09:10;1.04938;1.04954;1.04916;1.04942;356;0
2025.02.17 09:20;1.04941;1.04954;1.04882;1.04886;334;0
2025.02.17 09:30;1.04881;1.04914;1.04861;1.04862;427;0
2025.02.17 09:40;1.04862;1.04877;1.04825;1.04862;528;0
2025.02.17 09:50;1.04862;1.04874;1.04804;1.04826;575;0
2025.02.17 10:00;1.04829;1.04850;1.04764;1.04794;757;0
2025.02.17 10:10;1.04793;1.04830;1.04785;1.04808;550;0
2025.02.17 10:20;1.04809;1.04813;1.04727;1.04745;535;0
2025.02.17 10:30;1.04747;1.04755;1.04709;1.04737;527;0
2025.02.17 10:40;1.04737;1.04779;1.04737;1.04763;449;0
2025.02.17 10:50;1.04763;1.04774;1.04731;1.04743;430;0
2025.02.17 11:00;1.04743;1.04753;1.04725;1.04728;406;0
2025.02.17 11:10;1.04728;1.04811;1.04727;1.04794;513;0
2025.02.17 11:20;1.04794;1.04814;1.04769;1.04786;430;0
2025.02.17 11:30;1.04785;1.04789;1.04722;1.04722;375;0
2025.02.17 11:40;1.04723;1.04760;1.04722;1.04758;408;0
2025.02.17 11:50;1.04758;1.04759;1.04712;1.04741;362;0
2025.02.17 12:00;1.04741;1.04805;1.04733;1.04797;439;0
2025.02.17 12:10;1.04797;1.04841;1.04794;1.04829;388;0
2025.02.17 12:20;1.04829;1.04849;1.04828;1.04834;295;0
2025.02.17 12:30;1.04834;1.04847;1.04810;1.04815;343;0
2025.02.17 12:40;1.04815;1.04880;1.04814;1.04879;317;0
2025.02.17 12:50;1.04878;1.04892;1.04862;1.04888;422;0
2025.02.17 13:00;1.04888;1.04892;1.04841;1.04853;326;0
2025.02.17 13:10;1.04853;1.04889;1.04840;1.04857;313;0
2025.02.17 13:20;1.04857;1.04878;1.04823;1.04828;308;0
2025.02.17 13:30;1.04828;1.04832;1.04784;1.04809;271;0
2025.02.17 13:40;1.04809;1.04824;1.04777;1.04824;273;0
2025.02.17 13:50;1.04824;1.04829;1.04793;1.04820;335;0
2025.02.17 14:00;1.04821;1.04825;1.04770;1.04802;372;0
2025.02.17 14:10;1.04803;1.04851;1.04800;1.04802;340;0
2025.02.17 14:20;1.04802;1.04802;1.04760;1.04763;346;0
2025.02.17 14:30;1.04763;1.04767;1.04710;1.04742;346;0
2025.02.17 14:40;1.04741;1.04743;1.04686;1.04686;467;0
2025.02.17 14:50;1.04686;1.04742;1.04686;1.04722;497;0
2025.02.17 15:00;1.04722;1.04744;1.04713;1.04733;346;0
2025.02.17 15:10;1.04733;1.04733;1.04702;1.04713;270;0
2025.02.17 15:20;1.04714;1.04731;1.04671;1.04687;334;0
2025.02.17 15:30;1.04688;1.04729;1.04683;1.04718;356;0
2025.02.17 15:40;1.04718;1.04761;1.04712;1.04754;396;0
2025.02.17 15:50;1.04754;1.04766;1.04732;1.04745;281;0
2025.02.17 16:00;1.04743;1.04782;1.04731;1.04769;341;0
2025.02.17 16:10;1.04769;1.04776;1.04725;1.04733;375;0
2025.02.17 16:20;1.04733;1.04744;1.04713;1.04738;301;0
2025.02.17 16:30;1.04733;1.04758;1.04716;1.04743;389;0
2025.02.17 16:40;1.04743;1.04779;1.04738;1.04774;282;0
2025.02.17 16:50;1.04773;1.04794;1.04768;1.04783;240;0
2025.02.17 17:00;1.04784;1.04813;1.04777;1.04807;301;0
2025.02.17 17:10;1.04808;1.04843;1.04793;1.04796;302;0
2025.02.17 17:20;1.04796;1.04824;1.04780;1.04805;240;0
2025.02.17 17:30;1.04806;1.04830;1.04799;1.04818;300;0
2025.02.17 17:40;1.04818;1.04819;1.04774;1.04791;338;0
2025.02.17 17:50;1.04790;1.04808;1.04741;1.04796;524;0
2025.02.17 18:00;1.04796;1.04820;1.04777;1.04786;452;0
2025.02.17 18:10;1.04787;1.04792;1.04767;1.04784;282;0
2025.02.17 18:20;1.04783;1.04823;1.04779;1.04818;208;0
2025.02.17 18:30;1.04818;1.04832;1.04772;1.04783;174;0
2025.02.17 18:40;1.04783;1.04803;1.04774;1.04794;179;0
2025.02.17 18:50;1.04794;1.04812;1.04786;1.04787;149;0
2025.02.17 19:00;1.04789;1.04799;1.04777;1.04794;108;0
2025.02.17 19:10;1.04794;1.04832;1.04794;1.04819;118;1
2025.02.17 19:20;1.04819;1.04846;1.04816;1.04837;213;1
2025.02.17 19:30;1.04837;1.04843;1.04815;1.04816;143;0
2025.02.17 19:40;1.04816;1.04828;1.04805;1.04814;108;0
2025.02.17 19:50;1.04815;1.04833;1.04814;1.04825;112;0
2025.02.17 20:00;1.04824;1.04825;1.04804;1.04806;59;0
2025.02.17 20:10;1.04805;1.04807;1.04796;1.04803;73;0
2025.02.17 20:20;1.04800;1.04814;1.04799;1.04810;78;0
2025.02.17 20:30;1.04808;1.04808;1.04792;1.04795;61;0
2025.02.17 20:40;1.04795;1.04806;1.04795;1.04801;52;0
2025.02.17 20:50;1.04805;1.04821;1.04805;1.04820;99;1
2025.02.17 21:00;1.04821;1.04830;1.04810;1.04818;96;2
2025.02.17 21:10;1.04818;1.04838;1.04815;1.04832;98;0
2025.02.17 21:20;1.04832;1.04836;1.04823;1.04830;107;0
2025.02.17 21:30;1.04830;1.04832;1.04815;1.04816;79;0
2025.02.17 21:40;1.04816;1.04817;1.04805;1.04810;64;0
2025.02.17 21:50;1.04810;1.04816;1.04796;1.04816;78;0
2025.02.17 22:00;1.04816;1.04816;1.04807;1.04810;67;0
2025.02.17 22:10;1.04809;1.04816;1.04808;1.04813;30;0
2025.02.17 22:20;1.04813;1.04826;1.04811;1.04813;53;0
2025.02.17 22:30;1.04813;1.04829;1.04813;1.04828;66;0
2025.02.17 22:40;1.04826;1.04827;1.04816;1.04827;53;0
2025.02.17 22:50;1.04827;1.04838;1.04821;1.04834;99;0
2025.02.17 23:00;1.04834;1.04839;1.04827;1.04831;56;0
2025.02.17 23:10;1.04831;1.04834;1.04826;1.04832;28;0
2025.02.17 23:20;1.04832;1.04838;1.04832;1.04834;61;0
2025.02.17 23:30;1.04834;1.04850;1.04832;1.04850;53;0
2025.02.17 23:40;1.04849;1.04849;1.04833;1.04834;69;5
2025.02.17 23:50;1.04836;1.04843;1.04829;1.04831;112;5
2025.02.18 00:00;1.04829;1.04829;1.04764;1.04802;84;24
2025.02.18 00:10;1.04799;1.04803;1.04780;1.04798;139;35
2025.02.18 00:20;1.04801;1.04812;1.04781;1.04810;93;37
2025.02.18 00:30;1.04804;1.04840;1.04797;1.04833;178;24
2025.02.18 00:40;1.04834;1.04834;1.04817;1.04818;128;24
2025.02.18 00:50;1.04817;1.04824;1.04772;1.04801;171;24
2025.02.18 01:00;1.04801;1.04838;1.04764;1.04824;211;0
2025.02.18 01:10;1.04824;1.04825;1.04809;1.04809;114;0
2025.02.18 01:20;1.04810;1.04812;1.04786;1.04788;106;0
2025.02.18 01:30;1.04791;1.04820;1.04789;1.04815;143;0
2025.02.18 01:40;1.04815;1.04857;1.04815;1.04854;166;0
2025.02.18 01:50;1.04854;1.04859;1.04841;1.04850;112;0
2025.02.18 02:00;1.04849;1.04860;1.04836;1.04858;279;0
2025.02.18 02:10;1.04858;1.04862;1.04831;1.04840;219;0
2025.02.18 02:20;1.04839;1.04841;1.04790;1.04802;232;0
2025.02.18 02:30;1.04804;1.04808;1.04768;1.04769;226;0
2025.02.18 02:40;1.04770;1.04792;1.04760;1.04762;245;0
2025.02.18 02:50;1.04761;1.04763;1.04727;1.04749;360;0
2025.02.18 03:00;1.04750;1.04756;1.04731;1.04737;389;0
2025.02.18 03:10;1.04736;1.04737;1.04689;1.04691;341;0
2025.02.18 03:20;1.04690;1.04695;1.04640;1.04646;299;0
2025.02.18 03:30;1.04646;1.04670;1.04640;1.04660;404;0
2025.02.18 03:40;1.04661;1.04667;1.04627;1.04662;402;0
2025.02.18 03:50;1.04658;1.04677;1.04642;1.04661;397;0
2025.02.18 04:00;1.04662;1.04688;1.04657;1.04679;301;0
2025.02.18 04:10;1.04679;1.04700;1.04662;1.04689;335;0
2025.02.18 04:20;1.04690;1.04692;1.04665;1.04672;296;0
2025.02.18 04:30;1.04672;1.04708;1.04666;1.04707;336;0
2025.02.18 04:40;1.04705;1.04708;1.04667;1.04682;332;0
2025.02.18 04:50;1.04682;1.04697;1.04674;1.04675;215;0
2025.02.18 05:00;1.04675;1.04696;1.04643;1.04650;316;0
2025.02.18 05:10;1.04649;1.04663;1.04638;1.04658;369;0
2025.02.18 05:20;1.04658;1.04689;1.04658;1.04667;236;0
2025.02.18 05:30;1.04667;1.04725;1.04655;1.04677;481;0
2025.02.18 05:40;1.04678;1.04678;1.04648;1.04648;372;0
2025.02.18 05:50;1.04648;1.04654;1.04619;1.04628;318;0
2025.02.18 06:00;1.04629;1.04629;1.04605;1.04623;277;0
2025.02.18 06:10;1.04623;1.04641;1.04615;1.04628;239;0
2025.02.18 06:20;1.04628;1.04631;1.04588;1.04589;251;0
2025.02.18 06:30;1.04591;1.04600;1.04562;1.04571;298;0
2025.02.18 06:40;1.04571;1.04579;1.04553;1.04570;250;0
2025.02.18 06:50;1.04570;1.04574;1.04553;1.04572;241;0
2025.02.18 07:00;1.04572;1.04592;1.04555;1.04560;299;0
2025.02.18 07:10;1.04560;1.04565;1.04549;1.04557;263;0
2025.02.18 07:20;1.04557;1.04561;1.04545;1.04546;301;0
2025.02.18 07:30;1.04548;1.04561;1.04531;1.04533;288;0
2025.02.18 07:40;1.04532;1.04537;1.04522;1.04533;337;0
2025.02.18 07:50;1.04532;1.04558;1.04522;1.04552;351;0
2025.02.18 08:00;1.04552;1.04569;1.04547;1.04568;367;0
2025.02.18 08:10;1.04568;1.04586;1.04559;1.04581;318;0
2025.02.18 08:20;1.04580;1.04602;1.04572;1.04583;314;0
2025.02.18 08:30;1.04583;1.04586;1.04547;1.04567;319;0
2025.02.18 08:40;1.04567;1.04606;1.04564;1.04601;373;0
2025.02.18 08:50;1.04603;1.04634;1.04597;1.04613;255;0
2025.02.18 09:00;1.04607;1.04662;1.04603;1.04654;544;0
2025.02.18 09:10;1.04653;1.04686;1.04640;1.04644;435;0
2025.02.18 09:20;1.04644;1.04664;1.04607;1.04611;393;0
2025.02.18 09:30;1.04610;1.04643;1.04586;1.04643;345;0
2025.02.18 09:40;1.04643;1.04690;1.04636;1.04641;431;0
2025.02.18 09:50;1.04641;1.04653;1.04588;1.04634;480;0
2025.02.18 10:00;1.04633;1.04667;1.04591;1.04618;613;0
2025.02.18 10:10;1.04615;1.04626;1.04547;1.04620;512;0
2025.02.18 10:20;1.04620;1.04677;1.04613;1.04659;542;0
2025.02.18 10:30;1.04664;1.04692;1.04646;1.04680;481;0
2025.02.18 10:40;1.04681;1.04687;1.04627;1.04627;481;0
2025.02.18 10:50;1.04627;1.04628;1.04552;1.04568;614;0
2025.02.18 11:00;1.04567;1.04602;1.04557;1.04589;526;0
2025.02.18 11:10;1.04589;1.04603;1.04573;1.04575;461;0
2025.02.18 11:20;1.04575;1.04602;1.04570;1.04582;351;0
2025.02.18 11:30;1.04582;1.04585;1.04560;1.04576;397;0
2025.02.18 11:40;1.04576;1.04611;1.04573;1.04591;485;0
2025.02.18 11:50;1.04591;1.04651;1.04585;1.04640;427;0
2025.02.18 12:00;1.04646;1.04671;1.04631;1.04631;468;0
2025.02.18 12:10;1.04630;1.04647;1.04601;1.04625;443;0
2025.02.18 12:20;1.04625;1.04642;1.04601;1.04604;412;0
2025.02.18 12:30;1.04605;1.04627;1.04590;1.04605;384;0
2025.02.18 12:40;1.04604;1.04625;1.04590;1.04625;365;0
2025.02.18 12:50;1.04626;1.04648;1.04598;1.04623;326;0
2025.02.18 13:00;1.04624;1.04644;1.04616;1.04627;394;0
2025.02.18 13:10;1.04627;1.04648;1.04611;1.04641;314;0
2025.02.18 13:20;1.04642;1.04645;1.04624;1.04638;270;0
2025.02.18 13:30;1.04638;1.04648;1.04630;1.04648;292;0
2025.02.18 13:40;1.04647;1.04648;1.04625;1.04628;275;0
2025.02.18 13:50;1.04628;1.04638;1.04616;1.04629;264;0
2025.02.18 14:00;1.04630;1.04670;1.04622;1.04630;392;0
2025.02.18 14:10;1.04629;1.04633;1.04530;1.04546;552;0
2025.02.18 14:20;1.04547;1.04571;1.04540;1.04541;370;0
2025.02.18 14:30;1.04542;1.04602;1.04541;1.04589;468;0
2025.02.18 14:40;1.04589;1.04597;1.04564;1.04580;331;0
2025.02.18 14:50;1.04580;1.04586;1.04539;1.04552;415;0
2025.02.18 15:00;1.04552;1.04569;1.04469;1.04469;607;0
2025.02.18 15:10;1.04469;1.04537;1.04456;1.04531;618;0
2025.02.18 15:20;1.04531;1.04543;1.04485;1.04492;381;0
2025.02.18 15:30;1.04493;1.04515;1.04460;1.04471;563;2
2025.02.18 15:40;1.04471;1.04521;1.04468;1.04496;499;2
2025.02.18 15:50;1.04497;1.04504;1.04417;1.04447;540;0
2025.02.18 16:00;1.04447;1.04488;1.04415;1.04481;600;0
2025.02.18 16:10;1.04480;1.04495;1.04453;1.04472;531;0
2025.02.18 16:20;1.04474;1.04550;1.04465;1.04525;565;0
2025.02.18 16:30;1.04525;1.04533;1.04451;1.04479;619;0
2025.02.18 16:40;1.04478;1.04519;1.04467;1.04492;520;0
2025.02.18 16:50;1.04491;1.04542;1.04491;1.04523;532;0
2025.02.18 17:00;1.04524;1.04574;1.04524;1.04542;701;0
2025.02.18 17:10;1.04542;1.04597;1.04531;1.04584;558;0
2025.02.18 17:20;1.04586;1.04592;1.04529;1.04563;534;0
2025.02.18 17:30;1.04564;1.04567;1.04517;1.04552;533;0
2025.02.18 17:40;1.04551;1.04610;1.04532;1.04607;574;0
2025.02.18 17:50;1.04606;1.04669;1.04578;1.04662;732;0
2025.02.18 18:00;1.04663;1.04693;1.04647;1.04659;617;0
2025.02.18 18:10;1.04660;1.04672;1.04618;1.04634;466;0
2025.02.18 18:20;1.04634;1.04643;1.04606;1.04626;391;0
2025.02.18 18:30;1.04626;1.04642;1.04582;1.04590;418;0
2025.02.18 18:40;1.04593;1.04604;1.04538;1.04545;484;0
2025.02.18 18:50;1.04545;1.04568;1.04544;1.04566;346;0
2025.02.18 19:00;1.04566;1.04566;1.04486;1.04496;398;0
2025.02.18 19:10;1.04498;1.04512;1.04470;1.04479;255;0
2025.02.18 19:20;1.04479;1.04481;1.04439;1.04477;335;0
2025.02.18 19:30;1.04474;1.04488;1.04437;1.04441;298;0
2025.02.18 19:40;1.04441;1.04463;1.04400;1.04425;371;0
2025.02.18 19:50;1.04424;1.04464;1.04392;1.04459;414;0
2025.02.18 20:00;1.04459;1.04479;1.04351;1.04359;344;0
2025.02.18 20:10;1.04359;1.04390;1.04352;1.04369;324;0
2025.02.18 20:20;1.04369;1.04398;1.04361;1.04395;329;0
2025.02.18 20:30;1.04395;1.04409;1.04378;1.04407;275;0
2025.02.18 20:40;1.04406;1.04412;1.04377;1.04382;250;0
2025.02.18 20:50;1.04379;1.04442;1.04367;1.04442;290;0
2025.02.18 21:00;1.04440;1.04455;1.04417;1.04432;284;0
2025.02.18 21:10;1.04437;1.04449;1.04406;1.04440;272;0
2025.02.18 21:20;1.04441;1.04470;1.04438;1.04470;184;0
2025.02.18 21:30;1.04468;1.04498;1.04458;1.04494;222;0
2025.02.18 21:40;1.04493;1.04495;1.04472;1.04477;215;0
2025.02.18 21:50;1.04477;1.04488;1.04437;1.04451;269;0
2025.02.18 22:00;1.04451;1.04455;1.04415;1.04454;257;0
2025.02.18 22:10;1.04454;1.04472;1.04437;1.04437;186;0
2025.02.18 22:20;1.04437;1.04445;1.04422;1.04430;227;0
2025.02.18 22:30;1.04429;1.04459;1.04429;1.04453;253;0
2025.02.18 22:40;1.04453;1.04466;1.04443;1.04466;213;0
2025.02.18 22:50;1.04467;1.04477;1.04451;1.04477;252;1
2025.02.18 23:00;1.04473;1.04495;1.04458;1.04490;194;0
2025.02.18 23:10;1.04490;1.04494;1.04446;1.04457;207;0
2025.02.18 23:20;1.04466;1.04480;1.04448;1.04459;187;0
2025.02.18 23:30;1.04458;1.04459;1.04448;1.04457;161;0
2025.02.18 23:40;1.04454;1.04466;1.04445;1.04466;119;5
2025.02.18 23:50;1.04466;1.04468;1.04449;1.04453;206;5
2025.02.19 00:00;1.04446;1.04458;1.04411;1.04458;50;24
2025.02.19 00:10;1.04458;1.04461;1.04438;1.04445;494;24
2025.02.19 00:20;1.04445;1.04469;1.04438;1.04469;88;24
2025.02.19 00:30;1.04469;1.04505;1.04462;1.04469;103;24
2025.02.19 00:40;1.04469;1.04478;1.04463;1.04477;26;24
2025.02.19 00:50;1.04478;1.04506;1.04473;1.04500;116;24
2025.02.19 01:00;1.04495;1.04500;1.04471;1.04479;185;0
2025.02.19 01:10;1.04479;1.04481;1.04453;1.04458;244;0
2025.02.19 01:20;1.04455;1.04473;1.04455;1.04465;164;0
2025.02.19 01:30;1.04464;1.04492;1.04463;1.04485;176;0
2025.02.19 01:40;1.04484;1.04488;1.04471;1.04483;169;0
2025.02.19 01:50;1.04484;1.04484;1.04475;1.04482;143;0
2025.02.19 02:00;1.04480;1.04482;1.04453;1.04455;256;0
2025.02.19 02:10;1.04455;1.04474;1.04439;1.04468;255;0
2025.02.19 02:20;1.04470;1.04493;1.04456;1.04490;207;0
2025.02.19 02:30;1.04489;1.04489;1.04469;1.04478;240;0
2025.02.19 02:40;1.04477;1.04477;1.04450;1.04470;262;0
2025.02.19 02:50;1.04470;1.04483;1.04455;1.04457;404;0
2025.02.19 03:00;1.04458;1.04473;1.04417;1.04438;478;0
2025.02.19 03:10;1.04437;1.04480;1.04437;1.04478;409;0
2025.02.19 03:20;1.04479;1.04480;1.04445;1.04460;310;0
2025.02.19 03:30;1.04460;1.04471;1.04431;1.04431;509;0
2025.02.19 03:40;1.04432;1.04437;1.04409;1.04434;353;0
2025.02.19 03:50;1.04434;1.04468;1.04427;1.04465;461;0
2025.02.19 04:00;1.04465;1.04483;1.04447;1.04473;510;0
2025.02.19 04:10;1.04472;1.04497;1.04462;1.04490;439;0
2025.02.19 04:20;1.04489;1.04499;1.04482;1.04494;404;0
2025.02.19 04:30;1.04493;1.04513;1.04490;1.04499;303;0
2025.02.19 04:40;1.04500;1.04508;1.04488;1.04491;303;0
2025.02.19 04:50;1.04491;1.04522;1.04488;1.04519;360;0
2025.02.19 05:00;1.04519;1.04519;1.04491;1.04494;290;0
2025.02.19 05:10;1.04495;1.04502;1.04484;1.04487;273;0
2025.02.19 05:20;1.04488;1.04494;1.04476;1.04489;293;0
2025.02.19 05:30;1.04489;1.04496;1.04480;1.04493;214;0
2025.02.19 05:40;1.04495;1.04521;1.04492;1.04520;248;0
2025.02.19 05:50;1.04520;1.04521;1.04507;1.04514;227;0
2025.02.19 06:00;1.04514;1.04525;1.04500;1.04513;238;0
2025.02.19 06:10;1.04513;1.04532;1.04495;1.04502;253;0
2025.02.19 06:20;1.04503;1.04514;1.04497;1.04504;254;0
2025.02.19 06:30;1.04504;1.04506;1.04482;1.04505;246;0
2025.02.19 06:40;1.04506;1.04513;1.04503;1.04511;234;0
2025.02.19 06:50;1.04511;1.04527;1.04510;1.04524;214;0
2025.02.19 07:00;1.04524;1.04527;1.04514;1.04520;250;0
2025.02.19 07:10;1.04519;1.04522;1.04509;1.04511;221;0
2025.02.19 07:20;1.04510;1.04511;1.04487;1.04502;222;0
2025.02.19 07:30;1.04502;1.04535;1.04500;1.04535;223;0
2025.02.19 07:40;1.04535;1.04548;1.04531;1.04546;248;0
2025.02.19 07:50;1.04545;1.04563;1.04530;1.04563;263;0
2025.02.19 08:00;1.04562;1.04588;1.04555;1.04584;270;0
2025.02.19 08:10;1.04584;1.04604;1.04581;1.04587;273;0
2025.02.19 08:20;1.04587;1.04609;1.04582;1.04609;323;0
2025.02.19 08:30;1.04609;1.04614;1.04578;1.04580;340;0
2025.02.19 08:40;1.04580;1.04593;1.04563;1.04563;290;0
2025.02.19 08:50;1.04562;1.04577;1.04543;1.04551;443;0
2025.02.19 09:00;1.04553;1.04594;1.04544;1.04546;484;0
2025.02.19 09:10;1.04547;1.04576;1.04524;1.04552;469;0
2025.02.19 09:20;1.04551;1.04553;1.04522;1.04532;350;0
2025.02.19 09:30;1.04532;1.04534;1.04487;1.04492;397;0
2025.02.19 09:40;1.04491;1.04573;1.04489;1.04569;413;0
2025.02.19 09:50;1.04569;1.04573;1.04501;1.04513;454;0
2025.02.19 10:00;1.04512;1.04524;1.04487;1.04510;465;0
2025.02.19 10:10;1.04510;1.04562;1.04506;1.04518;440;0
2025.02.19 10:20;1.04518;1.04530;1.04477;1.04489;524;0
2025.02.19 10:30;1.04489;1.04541;1.04488;1.04525;515;0
2025.02.19 10:40;1.04525;1.04525;1.04453;1.04470;428;0
2025.02.19 10:50;1.04471;1.04473;1.04386;1.04405;497;0
2025.02.19 11:00;1.04404;1.04412;1.04348;1.04399;609;0
2025.02.19 11:10;1.04399;1.04434;1.04392;1.04423;463;0
2025.02.19 11:20;1.04423;1.04436;1.04401;1.04413;374;0
2025.02.19 11:30;1.04413;1.04428;1.04386;1.04386;449;0
2025.02.19 11:40;1.04386;1.04387;1.04340;1.04368;451;0
2025.02.19 11:50;1.04368;1.04376;1.04282;1.04290;490;0
2025.02.19 12:00;1.04290;1.04298;1.04255;1.04255;550;0
2025.02.19 12:10;1.04255;1.04284;1.04240;1.04272;525;0
2025.02.19 12:20;1.04271;1.04285;1.04252;1.04262;462;0
2025.02.19 12:30;1.04264;1.04282;1.04211;1.04220;501;0
2025.02.19 12:40;1.04218;1.04218;1.04188;1.04199;376;0
2025.02.19 12:50;1.04200;1.04241;1.04198;1.04241;428;0
2025.02.19 13:00;1.04241;1.04332;1.04220;1.04316;931;0
2025.02.19 13:10;1.04317;1.04317;1.04275;1.04291;528;0
2025.02.19 13:20;1.04291;1.04305;1.04258;1.04265;475;0
2025.02.19 13:30;1.04265;1.04280;1.04234;1.04236;501;0
2025.02.19 13:40;1.04236;1.04251;1.04213;1.04228;451;0
2025.02.19 13:50;1.04227;1.04249;1.04201;1.04247;432;0
2025.02.19 14:00;1.04246;1.04258;1.04218;1.04244;512;0
2025.02.19 14:10;1.04243;1.04309;1.04231;1.04296;469;0
2025.02.19 14:20;1.04293;1.04295;1.04229;1.04238;442;0
2025.02.19 14:30;1.04238;1.04264;1.04228;1.04262;473;0
2025.02.19 14:40;1.04263;1.04301;1.04246;1.04258;429;0
2025.02.19 14:50;1.04258;1.04319;1.04254;1.04281;602;0
2025.02.19 15:00;1.04285;1.04352;1.04277;1.04341;569;0
2025.02.19 15:10;1.04341;1.04351;1.04277;1.04281;461;0
2025.02.19 15:20;1.04280;1.04298;1.04251;1.04297;418;0
2025.02.19 15:30;1.04298;1.04309;1.04272;1.04284;432;0
2025.02.19 15:40;1.04285;1.04354;1.04285;1.04337;479;0
2025.02.19 15:50;1.04338;1.04350;1.04306;1.04339;567;0
2025.02.19 16:00;1.04336;1.04343;1.04299;1.04331;550;0
2025.02.19 16:10;1.04331;1.04341;1.04301;1.04309;404;0
2025.02.19 16:20;1.04310;1.04347;1.04276;1.04298;489;0
2025.02.19 16:30;1.04297;1.04333;1.04275;1.04333;601;0
2025.02.19 16:40;1.04332;1.04342;1.04306;1.04312;580;0
2025.02.19 16:50;1.04313;1.04379;1.04309;1.04335;670;0
2025.02.19 17:00;1.04341;1.04363;1.04313;1.04342;667;0
2025.02.19 17:10;1.04343;1.04361;1.04320;1.04328;570;0
2025.02.19 17:20;1.04328;1.04353;1.04300;1.04317;588;0
2025.02.19 17:30;1.04317;1.04414;1.04303;1.04340;1004;0
2025.02.19 17:40;1.04340;1.04347;1.04251;1.04264;808;0
2025.02.19 17:50;1.04263;1.04287;1.04216;1.04242;724;0
2025.02.19 18:00;1.04241;1.04248;1.04114;1.04163;728;0
2025.02.19 18:10;1.04163;1.04205;1.04085;1.04089;687;0
2025.02.19 18:20;1.04089;1.04098;1.04059;1.04066;547;0
2025.02.19 18:30;1.04067;1.04127;1.04061;1.04118;516;0
2025.02.19 18:40;1.04119;1.04148;1.04077;1.04082;462;0
2025.02.19 18:50;1.04083;1.04108;1.04042;1.04046;487;0
2025.02.19 19:00;1.04046;1.04078;1.04008;1.04077;422;1
2025.02.19 19:10;1.04071;1.04103;1.04050;1.04103;425;0
2025.02.19 19:20;1.04105;1.04117;1.04075;1.04103;321;0
2025.02.19 19:30;1.04103;1.04134;1.04068;1.04068;256;0
2025.02.19 19:40;1.04068;1.04094;1.04058;1.04092;242;0
2025.02.19 19:50;1.04093;1.04109;1.04082;1.04099;236;0
2025.02.19 20:00;1.04099;1.04123;1.04087;1.04098;281;0
2025.02.19 20:10;1.04097;1.04110;1.04085;1.04109;243;0
2025.02.19 20:20;1.04109;1.04132;1.04107;1.04122;281;0
2025.02.19 20:30;1.04124;1.04187;1.04121;1.04186;233;0
2025.02.19 20:40;1.04188;1.04218;1.04182;1.04187;261;0
2025.02.19 20:50;1.04187;1.04204;1.04172;1.04194;284;0
2025.02.19 21:00;1.04194;1.04243;1.04179;1.04232;481;1
2025.02.19 21:10;1.04233;1.04288;1.04228;1.04268;389;1
2025.02.19 21:20;1.04271;1.04326;1.04271;1.04315;369;0
2025.02.19 21:30;1.04312;1.04312;1.04230;1.04251;400;0
2025.02.19 21:40;1.04252;1.04271;1.04244;1.04254;304;0
2025.02.19 21:50;1.04254;1.04263;1.04226;1.04259;298;0
2025.02.19 22:00;1.04259;1.04264;1.04228;1.04238;280;0
2025.02.19 22:10;1.04239;1.04263;1.04235;1.04243;207;0
2025.02.19 22:20;1.04242;1.04245;1.04212;1.04232;217;0
2025.02.19 22:30;1.04231;1.04253;1.04208;1.04224;174;1
2025.02.19 22:40;1.04224;1.04245;1.04219;1.04244;151;0
2025.02.19 22:50;1.04249;1.04258;1.04237;1.04254;239;1
2025.02.19 23:00;1.04254;1.04254;1.04241;1.04249;106;0
2025.02.19 23:10;1.04250;1.04262;1.04248;1.04262;69;0
2025.02.19 23:20;1.04261;1.04263;1.04256;1.04256;72;0
2025.02.19 23:30;1.04257;1.04257;1.04228;1.04228;179;2
2025.02.19 23:40;1.04225;1.04242;1.04220;1.04242;93;5
2025.02.19 23:50;1.04242;1.04243;1.04219;1.04219;111;5
2025.02.20 00:00;1.04218;1.04233;1.04188;1.04226;68;24
2025.02.20 00:10;1.04227;1.04254;1.04206;1.04250;244;24
2025.02.20 00:20;1.04250;1.04255;1.04250;1.04255;96;24
2025.02.20 00:30;1.04254;1.04257;1.04237;1.04239;77;24
2025.02.20 00:40;1.04237;1.04256;1.04232;1.04254;91;24
2025.02.20 00:50;1.04254;1.04258;1.04233;1.04238;146;24
2025.02.20 01:00;1.04247;1.04254;1.04223;1.04232;165;0
2025.02.20 01:10;1.04233;1.04250;1.04227;1.04248;102;0
2025.02.20 01:20;1.04249;1.04257;1.04228;1.04231;151;0
2025.02.20 01:30;1.04232;1.04232;1.04203;1.04209;153;0
2025.02.20 01:40;1.04208;1.04217;1.04202;1.04214;223;0
2025.02.20 01:50;1.04213;1.04215;1.04200;1.04209;143;0
2025.02.20 02:00;1.04207;1.04243;1.04207;1.04234;324;0
2025.02.20 02:10;1.04234;1.04242;1.04210;1.04211;322;0
2025.02.20 02:20;1.04211;1.04222;1.04196;1.04221;255;0
2025.02.20 02:30;1.04232;1.04248;1.04201;1.04248;396;0
2025.02.20 02:40;1.04248;1.04274;1.04242;1.04266;315;0
2025.02.20 02:50;1.04265;1.04301;1.04263;1.04292;442;0
2025.02.20 03:00;1.04292;1.04328;1.04287;1.04319;489;0
2025.02.20 03:10;1.04319;1.04323;1.04296;1.04298;430;0
2025.02.20 03:20;1.04298;1.04309;1.04259;1.04263;349;0
2025.02.20 03:30;1.04262;1.04265;1.04225;1.04236;411;0
2025.02.20 03:40;1.04237;1.04239;1.04185;1.04206;481;0
2025.02.20 03:50;1.04207;1.04229;1.04198;1.04213;437;0
2025.02.20 04:00;1.04212;1.04277;1.04201;1.04277;366;0
2025.02.20 04:10;1.04280;1.04297;1.04275;1.04276;336;0
2025.02.20 04:20;1.04276;1.04292;1.04246;1.04247;370;0
2025.02.20 04:30;1.04247;1.04326;1.04221;1.04302;549;0
2025.02.20 04:40;1.04303;1.04331;1.04283;1.04323;596;0
2025.02.20 04:50;1.04324;1.04376;1.04315;1.04356;480;0
2025.02.20 05:00;1.04356;1.04360;1.04319;1.04331;358;0
2025.02.20 05:10;1.04331;1.04333;1.04287;1.04297;317;0
2025.02.20 05:20;1.04298;1.04312;1.04265;1.04283;371;0
2025.02.20 05:30;1.04283;1.04325;1.04274;1.04322;282;0
2025.02.20 05:40;1.04321;1.04341;1.04314;1.04341;290;0
2025.02.20 05:50;1.04341;1.04343;1.04307;1.04310;269;0
2025.02.20 06:00;1.04310;1.04318;1.04278;1.04281;282;0
2025.02.20 06:10;1.04281;1.04297;1.04270;1.04288;285;0
2025.02.20 06:20;1.04289;1.04290;1.04263;1.04266;299;0
2025.02.20 06:30;1.04266;1.04281;1.04240;1.04272;288;0
2025.02.20 06:40;1.04271;1.04279;1.04265;1.04278;203;0
2025.02.20 06:50;1.04275;1.04309;1.04273;1.04303;199;0
2025.02.20 07:00;1.04302;1.04327;1.04293;1.04314;293;0
2025.02.20 07:10;1.04316;1.04342;1.04314;1.04341;290;0
2025.02.20 07:20;1.04341;1.04343;1.04305;1.04314;272;0
2025.02.20 07:30;1.04314;1.04315;1.04284;1.04292;419;0
2025.02.20 07:40;1.04292;1.04312;1.04278;1.04301;329;0
2025.02.20 07:50;1.04297;1.04301;1.04269;1.04275;297;0
2025.02.20 08:00;1.04275;1.04322;1.04269;1.04310;339;0
2025.02.20 08:10;1.04309;1.04333;1.04298;1.04331;361;0
2025.02.20 08:20;1.04332;1.04344;1.04315;1.04326;434;0
2025.02.20 08:30;1.04325;1.04330;1.04306;1.04310;315;0
2025.02.20 08:40;1.04311;1.04331;1.04285;1.04290;297;0
2025.02.20 08:50;1.04290;1.04307;1.04243;1.04249;350;0
2025.02.20 09:00;1.04250;1.04297;1.04235;1.04270;494;0
2025.02.20 09:10;1.04270;1.04318;1.04250;1.04280;468;0
2025.02.20 09:20;1.04280;1.04309;1.04271;1.04288;323;0
2025.02.20 09:30;1.04286;1.04315;1.04282;1.04289;349;0
2025.02.20 09:40;1.04289;1.04317;1.04266;1.04314;339;0
2025.02.20 09:50;1.04314;1.04335;1.04299;1.04316;376;0
2025.02.20 10:00;1.04315;1.04401;1.04313;1.04391;496;0
2025.02.20 10:10;1.04392;1.04410;1.04369;1.04381;442;0
2025.02.20 10:20;1.04382;1.04400;1.04355;1.04393;452;0
2025.02.20 10:30;1.04394;1.04420;1.04305;1.04310;512;0
2025.02.20 10:40;1.04310;1.04329;1.04299;1.04315;404;0
2025.02.20 10:50;1.04315;1.04352;1.04294;1.04334;438;0
2025.02.20 11:00;1.04334;1.04339;1.04301;1.04339;440;0
2025.02.20 11:10;1.04338;1.04368;1.04327;1.04367;354;0
2025.02.20 11:20;1.04367;1.04384;1.04315;1.04333;361;0
2025.02.20 11:30;1.04333;1.04340;1.04300;1.04307;379;0
2025.02.20 11:40;1.04307;1.04341;1.04286;1.04338;373;0
2025.02.20 11:50;1.04338;1.04378;1.04330;1.04370;315;0
2025.02.20 12:00;1.04370;1.04414;1.04341;1.04410;394;0
2025.02.20 12:10;1.04413;1.04428;1.04353;1.04379;382;0
2025.02.20 12:20;1.04379;1.04418;1.04379;1.04418;285;0
2025.02.20 12:30;1.04420;1.04424;1.04385;1.04421;287;0
2025.02.20 12:40;1.04421;1.04438;1.04399;1.04415;433;0
2025.02.20 12:50;1.04416;1.04438;1.04410;1.04424;317;0
2025.02.20 13:00;1.04427;1.04462;1.04423;1.04456;352;0
2025.02.20 13:10;1.04455;1.04464;1.04430;1.04433;347;0
2025.02.20 13:20;1.04433;1.04444;1.04396;1.04396;326;0
2025.02.20 13:30;1.04396;1.04400;1.04346;1.04348;324;0
2025.02.20 13:40;1.04348;1.04363;1.04316;1.04318;331;0
2025.02.20 13:50;1.04318;1.04385;1.04308;1.04385;395;0
2025.02.20 14:00;1.04386;1.04438;1.04365;1.04405;327;0
2025.02.20 14:10;1.04405;1.04421;1.04359;1.04405;542;0
2025.02.20 14:20;1.04405;1.04419;1.04333;1.04348;516;0
2025.02.20 14:30;1.04349;1.04397;1.04332;1.04377;480;0
2025.02.20 14:40;1.04377;1.04407;1.04357;1.04363;388;0
2025.02.20 14:50;1.04363;1.04382;1.04339;1.04355;548;0
2025.02.20 15:00;1.04355;1.04433;1.04348;1.04425;530;0
2025.02.20 15:10;1.04424;1.04485;1.04414;1.04479;425;0
2025.02.20 15:20;1.04481;1.04518;1.04452;1.04502;486;0
2025.02.20 15:30;1.04503;1.04548;1.04468;1.04526;712;0
2025.02.20 15:40;1.04525;1.04527;1.04445;1.04450;516;0
2025.02.20 15:50;1.04450;1.04488;1.04435;1.04484;475;0
2025.02.20 16:00;1.04480;1.04525;1.04421;1.04522;627;0
2025.02.20 16:10;1.04521;1.04528;1.04469;1.04478;578;0
2025.02.20 16:20;1.04482;1.04546;1.04482;1.04544;496;0
2025.02.20 16:30;1.04547;1.04603;1.04538;1.04550;668;0
2025.02.20 16:40;1.04550;1.04569;1.04495;1.04541;716;0
2025.02.20 16:50;1.04541;1.04567;1.04448;1.04466;744;0
2025.02.20 17:00;1.04468;1.04549;1.04419;1.04542;853;0
2025.02.20 17:10;1.04543;1.04580;1.04528;1.04539;693;0
2025.02.20 17:20;1.04539;1.04665;1.04521;1.04663;592;0
2025.02.20 17:30;1.04663;1.04694;1.04622;1.04674;666;0
2025.02.20 17:40;1.04674;1.04698;1.04649;1.04666;663;0
2025.02.20 17:50;1.04665;1.04755;1.04661;1.04740;725;0
2025.02.20 18:00;1.04737;1.04745;1.04698;1.04720;562;0
2025.02.20 18:10;1.04720;1.04739;1.04657;1.04663;553;0
2025.02.20 18:20;1.04663;1.04692;1.04643;1.04668;463;0
2025.02.20 18:30;1.04668;1.04737;1.04668;1.04711;519;0
2025.02.20 18:40;1.04710;1.04785;1.04694;1.04766;462;0
2025.02.20 18:50;1.04765;1.04779;1.04742;1.04749;448;0
2025.02.20 19:00;1.04749;1.04795;1.04710;1.04781;418;1
2025.02.20 19:10;1.04782;1.04858;1.04781;1.04857;452;0
2025.02.20 19:20;1.04866;1.04887;1.04845;1.04863;457;0
2025.02.20 19:30;1.04864;1.04904;1.04861;1.04894;339;0
2025.02.20 19:40;1.04894;1.04946;1.04882;1.04898;443;0
2025.02.20 19:50;1.04898;1.04907;1.04870;1.04893;334;0
2025.02.20 20:00;1.04891;1.04908;1.04852;1.04906;395;0
2025.02.20 20:10;1.04906;1.04962;1.04906;1.04929;367;0
2025.02.20 20:20;1.04929;1.04929;1.04902;1.04909;235;0
2025.02.20 20:30;1.04910;1.04975;1.04909;1.04973;259;0
2025.02.20 20:40;1.04973;1.04985;1.04967;1.04979;213;0
2025.02.20 20:50;1.04981;1.04985;1.04950;1.04979;295;1
2025.02.20 21:00;1.04981;1.04981;1.04918;1.04936;361;0
2025.02.20 21:10;1.04935;1.04966;1.04915;1.04916;258;0
2025.02.20 21:20;1.04916;1.04931;1.04893;1.04931;210;0
2025.02.20 21:30;1.04932;1.04961;1.04924;1.04960;256;0
2025.02.20 21:40;1.04960;1.05029;1.04958;1.05022;288;1
2025.02.20 21:50;1.05021;1.05033;1.05008;1.05016;305;0
2025.02.20 22:00;1.05016;1.05016;1.04962;1.04968;203;0
2025.02.20 22:10;1.04972;1.04980;1.04957;1.04960;207;0
2025.02.20 22:20;1.04960;1.04987;1.04954;1.04980;156;0
2025.02.20 22:30;1.04982;1.04991;1.04975;1.04975;155;0
2025.02.20 22:40;1.04975;1.05022;1.04969;1.05019;193;0
2025.02.20 22:50;1.05024;1.05032;1.05007;1.05027;309;1
2025.02.20 23:00;1.05026;1.05035;1.05019;1.05019;118;0
2025.02.20 23:10;1.05021;1.05022;1.05004;1.05014;103;0
2025.02.20 23:20;1.05015;1.05033;1.05015;1.05027;93;0
2025.02.20 23:30;1.05027;1.05032;1.05009;1.05011;74;0
2025.02.20 23:40;1.05010;1.05021;1.05007;1.05018;127;5
2025.02.20 23:50;1.05017;1.05018;1.05001;1.05012;101;5
2025.02.21 00:00;1.05003;1.05003;1.04947;1.04965;73;24
2025.02.21 00:10;1.04965;1.04981;1.04957;1.04971;90;24
2025.02.21 00:20;1.04970;1.04980;1.04963;1.04965;69;24
2025.02.21 00:30;1.04962;1.04970;1.04956;1.04963;173;24
2025.02.21 00:40;1.04962;1.04973;1.04962;1.04965;127;24
2025.02.21 00:50;1.04964;1.04975;1.04963;1.04972;193;24
2025.02.21 01:00;1.04975;1.05035;1.04973;1.05034;192;0
2025.02.21 01:10;1.05036;1.05047;1.05027;1.05029;172;0
2025.02.21 01:20;1.05030;1.05046;1.05029;1.05041;133;0
2025.02.21 01:30;1.05042;1.05056;1.05005;1.05009;239;0
2025.02.21 01:40;1.05009;1.05036;1.05007;1.05019;288;0
2025.02.21 01:50;1.05019;1.05019;1.04998;1.05003;195;0
2025.02.21 02:00;1.05003;1.05003;1.04969;1.04981;301;0
2025.02.21 02:10;1.04982;1.04990;1.04958;1.04961;336;0
2025.02.21 02:20;1.04961;1.04973;1.04927;1.04935;259;0
2025.02.21 02:30;1.04935;1.04949;1.04914;1.04916;304;0
2025.02.21 02:40;1.04916;1.04920;1.04891;1.04912;278;0
2025.02.21 02:50;1.04910;1.04913;1.04892;1.04902;294;0
2025.02.21 03:00;1.04900;1.04914;1.04882;1.04900;403;0
2025.02.21 03:10;1.04899;1.04931;1.04887;1.04928;278;0
2025.02.21 03:20;1.04929;1.04929;1.04867;1.04877;387;0
2025.02.21 03:30;1.04877;1.04888;1.04855;1.04859;458;0
2025.02.21 03:40;1.04858;1.04877;1.04842;1.04862;438;0
2025.02.21 03:50;1.04865;1.04886;1.04865;1.04868;395;0
2025.02.21 04:00;1.04868;1.04919;1.04864;1.04919;364;0
2025.02.21 04:10;1.04922;1.04995;1.04922;1.04992;419;0
2025.02.21 04:20;1.04989;1.04989;1.04939;1.04939;496;0
2025.02.21 04:30;1.04940;1.04967;1.04927;1.04963;542;0
2025.02.21 04:40;1.04963;1.05006;1.04960;1.05006;380;0
2025.02.21 04:50;1.05008;1.05032;1.04986;1.05027;452;0
2025.02.21 05:00;1.05027;1.05033;1.04996;1.05027;439;0
2025.02.21 05:10;1.05027;1.05036;1.04999;1.05025;399;0
2025.02.21 05:20;1.05024;1.05039;1.05014;1.05038;362;0
2025.02.21 05:30;1.05038;1.05038;1.05000;1.05013;357;0
2025.02.21 05:40;1.05013;1.05027;1.05005;1.05026;266;0
2025.02.21 05:50;1.05027;1.05047;1.05015;1.05026;198;0
2025.02.21 06:00;1.05026;1.05042;1.05012;1.05039;233;0
2025.02.21 06:10;1.05038;1.05050;1.05033;1.05048;241;0
2025.02.21 06:20;1.05047;1.05050;1.05035;1.05037;249;0
2025.02.21 06:30;1.05038;1.05044;1.05031;1.05037;267;0
2025.02.21 06:40;1.05036;1.05041;1.04994;1.04997;217;0
2025.02.21 06:50;1.04998;1.05012;1.04973;1.04991;240;0
2025.02.21 07:00;1.04991;1.05008;1.04953;1.04953;376;0
2025.02.21 07:10;1.04954;1.04986;1.04946;1.04973;295;0
2025.02.21 07:20;1.04972;1.04977;1.04957;1.04965;356;0
2025.02.21 07:30;1.04964;1.04974;1.04947;1.04954;334;0
2025.02.21 07:40;1.04955;1.04959;1.04933;1.04935;385;0
2025.02.21 07:50;1.04935;1.04942;1.04915;1.04928;380;0
2025.02.21 08:00;1.04928;1.04935;1.04909;1.04922;394;0
2025.02.21 08:10;1.04922;1.04940;1.04915;1.04921;393;0
2025.02.21 08:20;1.04921;1.04925;1.04878;1.04901;451;0
2025.02.21 08:30;1.04900;1.04937;1.04897;1.04935;322;0
2025.02.21 08:40;1.04934;1.04937;1.04903;1.04905;313;0
2025.02.21 08:50;1.04905;1.04919;1.04878;1.04884;367;0
2025.02.21 09:00;1.04884;1.04961;1.04884;1.04958;494;0
2025.02.21 09:10;1.04956;1.04980;1.04950;1.04969;422;0
2025.02.21 09:20;1.04969;1.04982;1.04955;1.04975;376;0
2025.02.21 09:30;1.04975;1.04980;1.04938;1.04950;470;0
2025.02.21 09:40;1.04951;1.04997;1.04936;1.04972;398;0
2025.02.21 09:50;1.04972;1.04986;1.04918;1.04920;426;0
2025.02.21 10:00;1.04921;1.04941;1.04904;1.04935;479;0
2025.02.21 10:10;1.04934;1.04935;1.04681;1.04746;841;0
2025.02.21 10:20;1.04746;1.04779;1.04705;1.04714;741;0
2025.02.21 10:30;1.04770;1.04851;1.04747;1.04847;645;0
2025.02.21 10:40;1.04847;1.04872;1.04795;1.04829;498;0
2025.02.21 10:50;1.04830;1.04833;1.04758;1.04765;391;0
2025.02.21 11:00;1.04766;1.04812;1.04747;1.04797;520;0
2025.02.21 11:10;1.04797;1.04799;1.04694;1.04694;476;0
2025.02.21 11:20;1.04695;1.04740;1.04694;1.04728;455;0
2025.02.21 11:30;1.04729;1.04782;1.04726;1.04762;467;0
2025.02.21 11:40;1.04762;1.04769;1.04684;1.04685;275;0
2025.02.21 11:50;1.04684;1.04707;1.04668;1.04693;550;0
2025.02.21 12:00;1.04695;1.04716;1.04659;1.04661;489;0
2025.02.21 12:10;1.04661;1.04702;1.04656;1.04702;377;0
2025.02.21 12:20;1.04702;1.04722;1.04701;1.04711;337;0
2025.02.21 12:30;1.04708;1.04716;1.04677;1.04691;344;0
2025.02.21 12:40;1.04691;1.04699;1.04669;1.04678;317;0
2025.02.21 12:50;1.04677;1.04691;1.04647;1.04651;335;0
2025.02.21 13:00;1.04650;1.04655;1.04631;1.04652;411;0
2025.02.21 13:10;1.04652;1.04677;1.04645;1.04671;324;0
2025.02.21 13:20;1.04669;1.04698;1.04645;1.04694;227;0
2025.02.21 13:30;1.04694;1.04732;1.04691;1.04730;214;0
2025.02.21 13:40;1.04730;1.04740;1.04688;1.04713;319;0
2025.02.21 13:50;1.04712;1.04719;1.04685;1.04690;315;0
2025.02.21 14:00;1.04691;1.04711;1.04656;1.04658;326;0
2025.02.21 14:10;1.04657;1.04658;1.04593;1.04644;372;0
2025.02.21 14:20;1.04645;1.04688;1.04630;1.04688;272;0
2025.02.21 14:30;1.04688;1.04696;1.04644;1.04656;329;0
2025.02.21 14:40;1.04657;1.04702;1.04628;1.04628;300;0
2025.02.21 14:50;1.04629;1.04632;1.04597;1.04619;470;0
2025.02.21 15:00;1.04620;1.04669;1.04616;1.04647;414;0
2025.02.21 15:10;1.04647;1.04661;1.04613;1.04640;377;0
2025.02.21 15:20;1.04637;1.04682;1.04635;1.04676;386;0
2025.02.21 15:30;1.04676;1.04731;1.04670;1.04729;471;0
2025.02.21 15:40;1.04729;1.04772;1.04725;1.04768;434;0
2025.02.21 15:50;1.04764;1.04778;1.04729;1.04752;502;0
2025.02.21 16:00;1.04752;1.04803;1.04731;1.04770;694;0
2025.02.21 16:10;1.04776;1.04777;1.04740;1.04752;452;0
2025.02.21 16:20;1.04751;1.04777;1.04718;1.04773;451;0
2025.02.21 16:30;1.04770;1.04779;1.04702;1.04747;663;0
2025.02.21 16:40;1.04747;1.04927;1.04743;1.04814;840;0
2025.02.21 16:50;1.04815;1.04868;1.04784;1.04820;714;0
2025.02.21 17:00;1.04794;1.04860;1.04711;1.04757;975;0
2025.02.21 17:10;1.04756;1.04762;1.04623;1.04644;705;0
2025.02.21 17:20;1.04642;1.04652;1.04546;1.04547;772;0
2025.02.21 17:30;1.04547;1.04613;1.04525;1.04564;672;0
2025.02.21 17:40;1.04564;1.04600;1.04547;1.04593;611;0
2025.02.21 17:50;1.04592;1.04615;1.04535;1.04542;617;0
2025.02.21 18:00;1.04542;1.04577;1.04531;1.04540;568;0
2025.02.21 18:10;1.04539;1.04551;1.04523;1.04535;503;0
2025.02.21 18:20;1.04535;1.04547;1.04494;1.04512;494;0
2025.02.21 18:30;1.04512;1.04565;1.04502;1.04545;377;0
2025.02.21 18:40;1.04546;1.04571;1.04498;1.04512;361;0
2025.02.21 18:50;1.04512;1.04553;1.04494;1.04547;361;0
2025.02.21 19:00;1.04547;1.04586;1.04533;1.04541;366;0
2025.02.21 19:10;1.04545;1.04549;1.04521;1.04539;309;0
2025.02.21 19:20;1.04539;1.04588;1.04528;1.04586;338;0
2025.02.21 19:30;1.04586;1.04587;1.04556;1.04561;321;0
2025.02.21 19:40;1.04561;1.04629;1.04561;1.04623;373;0
2025.02.21 19:50;1.04623;1.04643;1.04605;1.04631;387;0
2025.02.21 20:00;1.04630;1.04667;1.04603;1.04663;385;0
2025.02.21 20:10;1.04663;1.04680;1.04575;1.04585;721;1
2025.02.21 20:20;1.04588;1.04606;1.04551;1.04572;564;1
2025.02.21 20:30;1.04571;1.04576;1.04508;1.04569;485;0
2025.02.21 20:40;1.04571;1.04623;1.04571;1.04604;347;0
2025.02.21 20:50;1.04604;1.04614;1.04561;1.04599;440;0
2025.02.21 21:00;1.04598;1.04610;1.04572;1.04583;359;0
2025.02.21 21:10;1.04582;1.04636;1.04582;1.04635;326;0
2025.02.21 21:20;1.04635;1.04658;1.04623;1.04641;329;1
2025.02.21 21:30;1.04641;1.04666;1.04632;1.04645;378;0
2025.02.21 21:40;1.04646;1.04658;1.04604;1.04626;280;0
2025.02.21 21:50;1.04626;1.04641;1.04604;1.04626;369;0
2025.02.21 22:00;1.04622;1.04640;1.04608;1.04637;303;0
2025.02.21 22:10;1.04637;1.04646;1.04617;1.04617;312;0
2025.02.21 22:20;1.04613;1.04627;1.04610;1.04615;255;0
2025.02.21 22:30;1.04616;1.04622;1.04590;1.04610;295;0
2025.02.21 22:40;1.04610;1.04630;1.04604;1.04610;272;0
2025.02.21 22:50;1.04611;1.04614;1.04578;1.04607;324;0
2025.02.21 23:00;1.04607;1.04622;1.04599;1.04604;235;0
2025.02.21 23:10;1.04604;1.04611;1.04587;1.04593;191;0
2025.02.21 23:20;1.04593;1.04600;1.04588;1.04596;96;0
2025.02.21 23:30;1.04597;1.04604;1.04589;1.04589;227;0
2025.02.21 23:40;1.04589;1.04607;1.04587;1.04592;177;1
2025.02.21 23:50;1.04592;1.04596;1.04582;1.04595;136;7
2025.02.24 00:00;1.04697;1.04697;1.04637;1.04643;49;35
2025.02.24 00:10;1.04643;1.04656;1.04605;1.04613;115;29
2025.02.24 00:20;1.04613;1.04634;1.04605;1.04633;158;29
2025.02.24 00:30;1.04633;1.04698;1.04632;1.04694;256;29
2025.02.24 00:40;1.04693;1.04804;1.04663;1.04726;419;29
2025.02.24 00:50;1.04726;1.04751;1.04713;1.04742;373;29
2025.02.24 01:00;1.04744;1.04824;1.04714;1.04792;426;0
2025.02.24 01:10;1.04792;1.04848;1.04764;1.04785;351;0
2025.02.24 01:20;1.04792;1.04812;1.04783;1.04799;194;0
2025.02.24 01:30;1.04799;1.04809;1.04776;1.04785;263;0
2025.02.24 01:40;1.04785;1.04817;1.04774;1.04776;214;0
2025.02.24 01:50;1.04776;1.04777;1.04732;1.04739;273;0
2025.02.24 02:00;1.04739;1.04793;1.04718;1.04777;410;0
2025.02.24 02:10;1.04775;1.04904;1.04764;1.04904;372;0
2025.02.24 02:20;1.04903;1.04986;1.04903;1.04970;426;0
2025.02.24 02:30;1.04970;1.04998;1.04908;1.04922;478;0
2025.02.24 02:40;1.04921;1.05029;1.04905;1.05017;566;0
2025.02.24 02:50;1.05016;1.05072;1.05004;1.05043;650;0
2025.02.24 03:00;1.05043;1.05103;1.05029;1.05087;781;0
2025.02.24 03:10;1.05088;1.05123;1.05047;1.05100;643;0
2025.02.24 03:20;1.05100;1.05121;1.05053;1.05076;674;0
2025.02.24 03:30;1.05081;1.05117;1.05021;1.05093;658;0
2025.02.24 03:40;1.05092;1.05196;1.05092;1.05170;682;0
2025.02.24 03:50;1.05169;1.05207;1.05151;1.05180;591;0
2025.02.24 04:00;1.05180;1.05241;1.05178;1.05207;615;0
2025.02.24 04:10;1.05207;1.05225;1.05171;1.05172;694;0
2025.02.24 04:20;1.05170;1.05198;1.05155;1.05193;593;0
2025.02.24 04:30;1.05193;1.05248;1.05191;1.05247;506;0
2025.02.24 04:40;1.05248;1.05278;1.05241;1.05248;610;0
2025.02.24 04:50;1.05243;1.05282;1.05218;1.05229;513;0
2025.02.24 05:00;1.05229;1.05242;1.05200;1.05230;398;0
2025.02.24 05:10;1.05229;1.05258;1.05216;1.05250;531;0
2025.02.24 05:20;1.05251;1.05252;1.05187;1.05191;507;0
2025.02.24 05:30;1.05191;1.05212;1.05170;1.05184;466;0
2025.02.24 05:40;1.05184;1.05219;1.05178;1.05193;347;0
2025.02.24 05:50;1.05193;1.05209;1.05163;1.05194;282;0
2025.02.24 06:00;1.05193;1.05207;1.05151;1.05166;367;0
2025.02.24 06:10;1.05165;1.05167;1.05134;1.05142;271;0
2025.02.24 06:20;1.05142;1.05148;1.05123;1.05128;335;0
2025.02.24 06:30;1.05128;1.05140;1.05118;1.05127;249;0
2025.02.24 06:40;1.05130;1.05140;1.05112;1.05124;240;0
2025.02.24 06:50;1.05125;1.05159;1.05124;1.05156;359;0
2025.02.24 07:00;1.05156;1.05156;1.05102;1.05114;584;0
2025.02.24 07:10;1.05110;1.05145;1.05101;1.05137;400;0
2025.02.24 07:20;1.05137;1.05162;1.05113;1.05153;381;0
2025.02.24 07:30;1.05153;1.05185;1.05125;1.05173;381;0
2025.02.24 07:40;1.05173;1.05194;1.05148;1.05149;296;0
2025.02.24 07:50;1.05146;1.05196;1.05145;1.05165;442;0
2025.02.24 08:00;1.05164;1.05164;1.05111;1.05126;407;0
2025.02.24 08:10;1.05126;1.05141;1.05106;1.05107;331;0
2025.02.24 08:20;1.05107;1.05114;1.05080;1.05100;418;0
2025.02.24 08:30;1.05101;1.05115;1.05071;1.05083;294;0
2025.02.24 08:40;1.05082;1.05082;1.05011;1.05020;382;0
2025.02.24 08:50;1.05021;1.05095;1.05020;1.05089;418;0
2025.02.24 09:00;1.05089;1.05148;1.05085;1.05122;574;0
2025.02.24 09:10;1.05122;1.05137;1.05073;1.05076;478;0
2025.02.24 09:20;1.05076;1.05098;1.05032;1.05045;542;0
2025.02.24 09:30;1.05045;1.05081;1.04899;1.04913;628;0
2025.02.24 09:40;1.04909;1.04947;1.04868;1.04896;749;0
2025.02.24 09:50;1.04896;1.04921;1.04876;1.04910;623;0
2025.02.24 10:00;1.04911;1.04923;1.04818;1.04856;869;0
2025.02.24 10:10;1.04853;1.04861;1.04697;1.04722;700;0
2025.02.24 10:20;1.04722;1.04789;1.04714;1.04783;574;0
2025.02.24 10:30;1.04791;1.04842;1.04773;1.04776;682;0
2025.02.24 10:40;1.04776;1.04839;1.04750;1.04832;534;0
2025.02.24 10:50;1.04832;1.04850;1.04797;1.04800;486;0
2025.02.24 11:00;1.04797;1.04836;1.04771;1.04804;647;0
2025.02.24 11:10;1.04803;1.04849;1.04783;1.04832;578;0
2025.02.24 11:20;1.04831;1.04836;1.04729;1.04746;517;0
2025.02.24 11:30;1.04746;1.04758;1.04722;1.04747;525;0
2025.02.24 11:40;1.04739;1.04765;1.04690;1.04717;465;0
2025.02.24 11:50;1.04717;1.04732;1.04689;1.04723;587;0
2025.02.24 12:00;1.04721;1.04721;1.04670;1.04709;522;0
2025.02.24 12:10;1.04709;1.04748;1.04689;1.04726;484;0
2025.02.24 12:20;1.04726;1.04726;1.04682;1.04700;372;0
2025.02.24 12:30;1.04701;1.04733;1.04684;1.04719;461;0
2025.02.24 12:40;1.04720;1.04747;1.04699;1.04747;469;0
2025.02.24 12:50;1.04752;1.04807;1.04745;1.04804;433;0
2025.02.24 13:00;1.04804;1.04813;1.04738;1.04745;401;0
2025.02.24 13:10;1.04750;1.04750;1.04701;1.04727;358;0
2025.02.24 13:20;1.04726;1.04735;1.04679;1.04694;277;0
2025.02.24 13:30;1.04689;1.04717;1.04638;1.04717;311;0
2025.02.24 13:40;1.04716;1.04716;1.04678;1.04690;363;0
2025.02.24 13:50;1.04690;1.04714;1.04680;1.04682;349;0
2025.02.24 14:00;1.04679;1.04718;1.04672;1.04716;376;0
2025.02.24 14:10;1.04714;1.04722;1.04696;1.04710;336;0
2025.02.24 14:20;1.04710;1.04727;1.04648;1.04648;352;0
2025.02.24 14:30;1.04647;1.04659;1.04614;1.04642;392;0
2025.02.24 14:40;1.04642;1.04646;1.04601;1.04632;343;0
2025.02.24 14:50;1.04632;1.04693;1.04609;1.04690;458;0
2025.02.24 15:00;1.04689;1.04706;1.04657;1.04660;409;0
2025.02.24 15:10;1.04658;1.04718;1.04648;1.04714;449;0
2025.02.24 15:20;1.04714;1.04740;1.04693;1.04710;415;0
2025.02.24 15:30;1.04711;1.04756;1.04697;1.04732;424;0
2025.02.24 15:40;1.04732;1.04736;1.04648;1.04681;454;0
2025.02.24 15:50;1.04681;1.04699;1.04654;1.04668;420;0
2025.02.24 16:00;1.04668;1.04697;1.04658;1.04696;422;0
2025.02.24 16:10;1.04696;1.04696;1.04619;1.04627;345;0
2025.02.24 16:20;1.04628;1.04673;1.04616;1.04659;409;0
2025.02.24 16:30;1.04659;1.04662;1.04579;1.04601;783;0
2025.02.24 16:40;1.04602;1.04628;1.04527;1.04550;779;0
2025.02.24 16:50;1.04550;1.04615;1.04533;1.04604;761;0
2025.02.24 17:00;1.04605;1.04691;1.04602;1.04687;776;0
2025.02.24 17:10;1.04686;1.04704;1.04669;1.04672;700;0
2025.02.24 17:20;1.04672;1.04707;1.04662;1.04670;581;0
2025.02.24 17:30;1.04670;1.04697;1.04635;1.04669;634;0
2025.02.24 17:40;1.04670;1.04696;1.04649;1.04660;665;0
2025.02.24 17:50;1.04661;1.04695;1.04609;1.04691;807;0
2025.02.24 18:00;1.04691;1.04708;1.04656;1.04696;671;0
2025.02.24 18:10;1.04695;1.04719;1.04661;1.04709;477;0
2025.02.24 18:20;1.04709;1.04720;1.04694;1.04701;404;0
2025.02.24 18:30;1.04702;1.04730;1.04701;1.04711;446;0
2025.02.24 18:40;1.04712;1.04731;1.04700;1.04705;461;0
2025.02.24 18:50;1.04704;1.04802;1.04701;1.04777;457;0
2025.02.24 19:00;1.04779;1.04791;1.04681;1.04720;513;1
2025.02.24 19:10;1.04719;1.04776;1.04712;1.04739;384;0
2025.02.24 19:20;1.04739;1.04781;1.04732;1.04767;360;0
2025.02.24 19:30;1.04769;1.04836;1.04755;1.04825;295;0
2025.02.24 19:40;1.04824;1.04830;1.04759;1.04759;360;1
2025.02.24 19:50;1.04759;1.04796;1.04714;1.04724;521;1
2025.02.24 20:00;1.04718;1.04771;1.04707;1.04770;405;1
2025.02.24 20:10;1.04771;1.04824;1.04770;1.04821;267;0
2025.02.24 20:20;1.04820;1.04857;1.04820;1.04850;314;0
2025.02.24 20:30;1.04850;1.04853;1.04815;1.04831;306;1
2025.02.24 20:40;1.04826;1.04842;1.04817;1.04818;255;1
2025.02.24 20:50;1.04816;1.04816;1.04780;1.04804;237;1
2025.02.24 21:00;1.04805;1.04840;1.04805;1.04807;270;1
2025.02.24 21:10;1.04810;1.04827;1.04776;1.04779;269;1
2025.02.24 21:20;1.04779;1.04784;1.04744;1.04758;329;0
2025.02.24 21:30;1.04761;1.04820;1.04761;1.04771;494;1
2025.02.24 21:40;1.04771;1.04772;1.04730;1.04754;306;1
2025.02.24 21:50;1.04754;1.04778;1.04743;1.04753;395;0
2025.02.24 22:00;1.04753;1.04758;1.04732;1.04754;246;0
2025.02.24 22:10;1.04754;1.04794;1.04708;1.04742;319;0
2025.02.24 22:20;1.04742;1.04772;1.04686;1.04720;841;1
2025.02.24 22:30;1.04720;1.04742;1.04681;1.04684;439;0
2025.02.24 22:40;1.04685;1.04687;1.04659;1.04681;421;0
2025.02.24 22:50;1.04683;1.04687;1.04647;1.04652;375;1
2025.02.24 23:00;1.04653;1.04662;1.04620;1.04656;270;1
2025.02.24 23:10;1.04657;1.04663;1.04654;1.04656;147;0
2025.02.24 23:20;1.04656;1.04659;1.04641;1.04642;110;1
2025.02.24 23:30;1.04642;1.04668;1.04642;1.04656;148;1
2025.02.24 23:40;1.04655;1.04667;1.04651;1.04665;110;5
2025.02.24 23:50;1.04665;1.04681;1.04664;1.04677;226;5
2025.02.25 00:00;1.04666;1.04678;1.04645;1.04666;41;24
2025.02.25 00:10;1.04665;1.04675;1.04665;1.04674;18;24
2025.02.25 00:20;1.04674;1.04677;1.04672;1.04676;21;24
2025.02.25 00:30;1.04677;1.04679;1.04663;1.04671;31;24
2025.02.25 00:40;1.04671;1.04678;1.04659;1.04667;107;24
2025.02.25 00:50;1.04667;1.04694;1.04656;1.04681;255;24
2025.02.25 01:00;1.04689;1.04689;1.04637;1.04640;187;0
2025.02.25 01:10;1.04641;1.04643;1.04620;1.04625;132;0
2025.02.25 01:20;1.04626;1.04630;1.04618;1.04624;142;0
2025.02.25 01:30;1.04625;1.04632;1.04620;1.04629;193;0
2025.02.25 01:40;1.04629;1.04646;1.04613;1.04631;191;0
2025.02.25 01:50;1.04631;1.04631;1.04602;1.04611;202;0
2025.02.25 02:00;1.04614;1.04630;1.04598;1.04600;367;0
2025.02.25 02:10;1.04600;1.04615;1.04598;1.04602;318;0
2025.02.25 02:20;1.04603;1.04612;1.04601;1.04603;313;0
2025.02.25 02:30;1.04604;1.04624;1.04601;1.04617;271;0
2025.02.25 02:40;1.04619;1.04629;1.04611;1.04618;254;0
2025.02.25 02:50;1.04619;1.04642;1.04613;1.04633;402;0
2025.02.25 03:00;1.04633;1.04655;1.04627;1.04633;469;0
2025.02.25 03:10;1.04633;1.04641;1.04614;1.04618;361;0
2025.02.25 03:20;1.04619;1.04632;1.04606;1.04627;399;0
2025.02.25 03:30;1.04629;1.04642;1.04607;1.04625;483;0
2025.02.25 03:40;1.04625;1.04640;1.04623;1.04629;481;0
2025.02.25 03:50;1.04629;1.04654;1.04625;1.04652;408;0
2025.02.25 04:00;1.04651;1.04677;1.04650;1.04670;332;0
2025.02.25 04:10;1.04672;1.04704;1.04668;1.04702;379;0
2025.02.25 04:20;1.04702;1.04705;1.04653;1.04684;551;0
2025.02.25 04:30;1.04684;1.04717;1.04682;1.04706;502;0
2025.02.25 04:40;1.04705;1.04733;1.04700;1.04710;426;0
2025.02.25 04:50;1.04711;1.04750;1.04710;1.04747;381;0
2025.02.25 05:00;1.04746;1.04764;1.04731;1.04746;425;0
2025.02.25 05:10;1.04747;1.04756;1.04724;1.04738;288;0
2025.02.25 05:20;1.04739;1.04740;1.04712;1.04729;399;0
2025.02.25 05:30;1.04728;1.04742;1.04724;1.04736;313;0
2025.02.25 05:40;1.04736;1.04750;1.04732;1.04746;296;0
2025.02.25 05:50;1.04747;1.04749;1.04725;1.04732;408;0
2025.02.25 06:00;1.04732;1.04744;1.04726;1.04741;297;0
2025.02.25 06:10;1.04745;1.04757;1.04743;1.04753;253;0
2025.02.25 06:20;1.04750;1.04771;1.04748;1.04762;209;0
2025.02.25 06:30;1.04761;1.04767;1.04729;1.04741;248;0
2025.02.25 06:40;1.04740;1.04756;1.04735;1.04741;234;0
2025.02.25 06:50;1.04740;1.04746;1.04724;1.04731;272;0
2025.02.25 07:00;1.04727;1.04737;1.04723;1.04736;298;0
2025.02.25 07:10;1.04737;1.04737;1.04725;1.04736;295;0
2025.02.25 07:20;1.04736;1.04750;1.04721;1.04747;269;0
2025.02.25 07:30;1.04745;1.04755;1.04736;1.04752;183;0
2025.02.25 07:40;1.04752;1.04772;1.04752;1.04767;303;0
2025.02.25 07:50;1.04766;1.04783;1.04757;1.04769;381;0
2025.02.25 08:00;1.04769;1.04774;1.04753;1.04769;262;0
2025.02.25 08:10;1.04769;1.04778;1.04760;1.04767;317;0
2025.02.25 08:20;1.04768;1.04802;1.04764;1.04785;292;0
2025.02.25 08:30;1.04784;1.04789;1.04761;1.04764;399;0
2025.02.25 08:40;1.04765;1.04778;1.04744;1.04750;436;0
2025.02.25 08:50;1.04749;1.04772;1.04726;1.04770;387;0
2025.02.25 09:00;1.04770;1.04777;1.04669;1.04673;521;0
2025.02.25 09:10;1.04673;1.04742;1.04672;1.04688;438;0
2025.02.25 09:20;1.04689;1.04756;1.04681;1.04732;582;0
2025.02.25 09:30;1.04732;1.04732;1.04679;1.04700;674;0
2025.02.25 09:40;1.04700;1.04722;1.04669;1.04694;572;0
2025.02.25 09:50;1.04694;1.04733;1.04633;1.04643;671;0
2025.02.25 10:00;1.04644;1.04728;1.04564;1.04726;901;0
2025.02.25 10:10;1.04727;1.04787;1.04727;1.04761;736;0
2025.02.25 10:20;1.04760;1.04760;1.04663;1.04675;738;0
2025.02.25 10:30;1.04674;1.04675;1.04587;1.04634;573;0
2025.02.25 10:40;1.04628;1.04691;1.04624;1.04670;372;0
2025.02.25 10:50;1.04669;1.04721;1.04667;1.04701;510;0
2025.02.25 11:00;1.04701;1.04741;1.04687;1.04719;492;0
2025.02.25 11:10;1.04720;1.04768;1.04697;1.04768;508;0
2025.02.25 11:20;1.04769;1.04787;1.04738;1.04738;564;0
2025.02.25 11:30;1.04736;1.04752;1.04712;1.04723;464;0
2025.02.25 11:40;1.04723;1.04736;1.04696;1.04701;525;0
2025.02.25 11:50;1.04699;1.04740;1.04684;1.04732;525;0
2025.02.25 12:00;1.04732;1.04741;1.04676;1.04686;496;0
2025.02.25 12:10;1.04686;1.04689;1.04652;1.04689;499;0
2025.02.25 12:20;1.04688;1.04711;1.04655;1.04691;407;0
2025.02.25 12:30;1.04692;1.04708;1.04679;1.04691;333;0
2025.02.25 12:40;1.04690;1.04734;1.04689;1.04725;314;0
2025.02.25 12:50;1.04725;1.04736;1.04690;1.04727;431;0
2025.02.25 13:00;1.04727;1.04739;1.04715;1.04736;313;0
2025.02.25 13:10;1.04735;1.04796;1.04723;1.04787;467;0
2025.02.25 13:20;1.04787;1.04789;1.04762;1.04775;327;0
2025.02.25 13:30;1.04775;1.04892;1.04768;1.04890;487;0
2025.02.25 13:40;1.04890;1.04892;1.04845;1.04872;462;0
2025.02.25 13:50;1.04872;1.04898;1.04864;1.04894;415;0
2025.02.25 14:00;1.04895;1.04969;1.04890;1.04965;685;0
2025.02.25 14:10;1.04964;1.04981;1.04934;1.04958;469;0
2025.02.25 14:20;1.04958;1.05002;1.04944;1.04965;613;0
2025.02.25 14:30;1.04965;1.05000;1.04936;1.04944;490;0
2025.02.25 14:40;1.04944;1.04954;1.04883;1.04910;498;0
2025.02.25 14:50;1.04910;1.04942;1.04898;1.04936;411;0
2025.02.25 15:00;1.04938;1.04997;1.04938;1.04966;536;0
2025.02.25 15:10;1.04964;1.04988;1.04944;1.04952;486;0
2025.02.25 15:20;1.04949;1.04997;1.04935;1.04990;522;0
2025.02.25 15:30;1.04990;1.05086;1.04984;1.05072;629;0
2025.02.25 15:40;1.05071;1.05096;1.05042;1.05085;568;0
2025.02.25 15:50;1.05087;1.05092;1.04994;1.05001;503;0
2025.02.25 16:00;1.05002;1.05005;1.04925;1.04929;661;0
2025.02.25 16:10;1.04930;1.04979;1.04917;1.04953;593;0
2025.02.25 16:20;1.04953;1.05051;1.04952;1.05042;586;0
2025.02.25 16:30;1.05042;1.05043;1.04978;1.04986;687;0
2025.02.25 16:40;1.04986;1.05037;1.04981;1.05021;560;0
2025.02.25 16:50;1.05020;1.05049;1.05014;1.05023;602;0
2025.02.25 17:00;1.05022;1.05085;1.05016;1.05079;899;0
2025.02.25 17:10;1.05082;1.05148;1.05079;1.05107;822;0
2025.02.25 17:20;1.05107;1.05193;1.05105;1.05175;826;0
2025.02.25 17:30;1.05175;1.05177;1.05104;1.05105;783;0
2025.02.25 17:40;1.05104;1.05119;1.05021;1.05044;793;0
2025.02.25 17:50;1.05044;1.05056;1.04949;1.04985;846;0
2025.02.25 18:00;1.04985;1.05014;1.04947;1.04961;824;0
2025.02.25 18:10;1.04960;1.05038;1.04960;1.05033;801;0
2025.02.25 18:20;1.05034;1.05038;1.04984;1.05010;478;0
2025.02.25 18:30;1.05011;1.05037;1.04963;1.05006;684;0
2025.02.25 18:40;1.05006;1.05052;1.04998;1.05048;577;0
2025.02.25 18:50;1.05048;1.05061;1.04960;1.04976;609;0
2025.02.25 19:00;1.04977;1.04977;1.04854;1.04860;559;0
2025.02.25 19:10;1.04858;1.04897;1.04839;1.04884;536;0
2025.02.25 19:20;1.04884;1.04942;1.04867;1.04931;491;0
2025.02.25 19:30;1.04932;1.04963;1.04914;1.04962;313;0
2025.02.25 19:40;1.04962;1.04993;1.04956;1.04991;304;0
2025.02.25 19:50;1.04993;1.05023;1.04976;1.05022;409;1
2025.02.25 20:00;1.05022;1.05090;1.05021;1.05041;482;1
2025.02.25 20:10;1.05043;1.05067;1.05034;1.05045;376;1
2025.02.25 20:20;1.05045;1.05063;1.05036;1.05036;266;0
2025.02.25 20:30;1.05037;1.05133;1.05030;1.05133;358;0
2025.02.25 20:40;1.05134;1.05183;1.05116;1.05117;460;1
2025.02.25 20:50;1.05117;1.05145;1.05072;1.05084;400;0
2025.02.25 21:00;1.05085;1.05128;1.05073;1.05074;408;1
2025.02.25 21:10;1.05075;1.05100;1.05054;1.05060;383;0
2025.02.25 21:20;1.05058;1.05076;1.05045;1.05064;325;0
2025.02.25 21:30;1.05064;1.05098;1.05054;1.05081;387;0
2025.02.25 21:40;1.05081;1.05114;1.05073;1.05100;334;0
2025.02.25 21:50;1.05099;1.05114;1.05087;1.05101;362;0
2025.02.25 22:00;1.05104;1.05129;1.05101;1.05101;378;0
2025.02.25 22:10;1.05102;1.05140;1.05092;1.05133;333;0
2025.02.25 22:20;1.05131;1.05189;1.05127;1.05164;367;1
2025.02.25 22:30;1.05164;1.05164;1.05110;1.05120;431;0
2025.02.25 22:40;1.05120;1.05173;1.05114;1.05169;297;0
2025.02.25 22:50;1.05168;1.05177;1.05150;1.05163;271;0
2025.02.25 23:00;1.05162;1.05176;1.05152;1.05166;239;0
2025.02.25 23:10;1.05165;1.05168;1.05139;1.05141;263;0
2025.02.25 23:20;1.05142;1.05177;1.05142;1.05175;150;0
2025.02.25 23:30;1.05175;1.05177;1.05135;1.05144;169;1
2025.02.25 23:40;1.05143;1.05151;1.05130;1.05131;154;5
2025.02.25 23:50;1.05131;1.05159;1.05130;1.05149;204;5
2025.02.26 00:00;1.05124;1.05144;1.05101;1.05139;45;24
2025.02.26 00:10;1.05139;1.05143;1.05107;1.05115;53;24
2025.02.26 00:20;1.05115;1.05130;1.05115;1.05126;96;24
2025.02.26 00:30;1.05126;1.05134;1.05114;1.05134;110;24
2025.02.26 00:40;1.05133;1.05133;1.05117;1.05122;192;24
2025.02.26 00:50;1.05124;1.05138;1.05118;1.05136;136;24
2025.02.26 01:00;1.05134;1.05177;1.05112;1.05175;480;0
2025.02.26 01:10;1.05175;1.05203;1.05166;1.05199;193;0
2025.02.26 01:20;1.05200;1.05203;1.05194;1.05203;149;0
2025.02.26 01:30;1.05202;1.05229;1.05200;1.05224;176;0
2025.02.26 01:40;1.05223;1.05224;1.05199;1.05207;184;0
2025.02.26 01:50;1.05207;1.05211;1.05196;1.05205;209;0
2025.02.26 02:00;1.05204;1.05226;1.05198;1.05225;330;0
2025.02.26 02:10;1.05226;1.05246;1.05222;1.05239;328;0
2025.02.26 02:20;1.05238;1.05249;1.05233;1.05244;261;0
2025.02.26 02:30;1.05245;1.05246;1.05226;1.05228;290;0
2025.02.26 02:40;1.05226;1.05231;1.05212;1.05225;297;0
2025.02.26 02:50;1.05225;1.05243;1.05223;1.05227;372;0
2025.02.26 03:00;1.05224;1.05233;1.05170;1.05232;467;0
2025.02.26 03:10;1.05232;1.05237;1.05214;1.05222;353;0
2025.02.26 03:20;1.05221;1.05233;1.05207;1.05215;407;0
2025.02.26 03:30;1.05215;1.05216;1.05139;1.05160;571;0
2025.02.26 03:40;1.05160;1.05180;1.05145;1.05150;429;0
2025.02.26 03:50;1.05151;1.05173;1.05139;1.05154;505;0
2025.02.26 04:00;1.05155;1.05171;1.05116;1.05133;460;0
2025.02.26 04:10;1.05134;1.05148;1.05115;1.05124;402;0
2025.02.26 04:20;1.05125;1.05132;1.05074;1.05078;390;0
2025.02.26 04:30;1.05077;1.05096;1.05060;1.05093;366;0
2025.02.26 04:40;1.05094;1.05096;1.05042;1.05074;427;0
2025.02.26 04:50;1.05073;1.05086;1.05043;1.05066;403;0
2025.02.26 05:00;1.05066;1.05087;1.05053;1.05067;295;0
2025.02.26 05:10;1.05069;1.05075;1.05048;1.05059;370;0
2025.02.26 05:20;1.05058;1.05062;1.05012;1.05029;319;0
2025.02.26 05:30;1.05031;1.05058;1.05028;1.05041;223;0
2025.02.26 05:40;1.05041;1.05053;1.05022;1.05041;186;0
2025.02.26 05:50;1.05039;1.05051;1.05035;1.05047;134;0
2025.02.26 06:00;1.05045;1.05050;1.05026;1.05029;148;0
2025.02.26 06:10;1.05028;1.05031;1.05002;1.05008;166;0
2025.02.26 06:20;1.05007;1.05042;1.05006;1.05035;153;0
2025.02.26 06:30;1.05035;1.05051;1.05027;1.05029;160;0
2025.02.26 06:40;1.05029;1.05032;1.04992;1.04993;206;0
2025.02.26 06:50;1.04994;1.04995;1.04967;1.04972;187;0
2025.02.26 07:00;1.04970;1.04981;1.04958;1.04960;321;0
2025.02.26 07:10;1.04960;1.04961;1.04930;1.04936;268;0
2025.02.26 07:20;1.04936;1.04969;1.04933;1.04962;260;0
2025.02.26 07:30;1.04963;1.04965;1.04910;1.04922;310;0
2025.02.26 07:40;1.04923;1.04944;1.04920;1.04927;281;0
2025.02.26 07:50;1.04927;1.04927;1.04905;1.04913;243;0
2025.02.26 08:00;1.04913;1.04934;1.04913;1.04929;265;0
2025.02.26 08:10;1.04930;1.04930;1.04889;1.04899;292;0
2025.02.26 08:20;1.04898;1.04898;1.04871;1.04883;346;0
2025.02.26 08:30;1.04883;1.04945;1.04882;1.04933;340;0
2025.02.26 08:40;1.04934;1.04946;1.04914;1.04941;244;0
2025.02.26 08:50;1.04941;1.04964;1.04929;1.04945;311;0
2025.02.26 09:00;1.04945;1.05001;1.04937;1.04989;439;0
2025.02.26 09:10;1.04988;1.05007;1.04971;1.04978;357;0
2025.02.26 09:20;1.04979;1.05015;1.04945;1.04978;568;0
2025.02.26 09:30;1.04975;1.04994;1.04926;1.04929;564;0
2025.02.26 09:40;1.04929;1.05001;1.04926;1.04958;444;0
2025.02.26 09:50;1.04955;1.04976;1.04936;1.04938;553;0
2025.02.26 10:00;1.04937;1.05028;1.04915;1.05016;636;0
2025.02.26 10:10;1.05015;1.05036;1.05009;1.05033;511;0
2025.02.26 10:20;1.05037;1.05107;1.05030;1.05093;511;0
2025.02.26 10:30;1.05094;1.05116;1.05025;1.05030;567;0
2025.02.26 10:40;1.05031;1.05038;1.04940;1.04949;587;0
2025.02.26 10:50;1.04950;1.05030;1.04943;1.05026;451;0
2025.02.26 11:00;1.05027;1.05032;1.04985;1.05011;381;0
2025.02.26 11:10;1.05013;1.05013;1.04974;1.04999;445;0
2025.02.26 11:20;1.04999;1.05002;1.04948;1.04960;404;0
2025.02.26 11:30;1.04960;1.04994;1.04949;1.04990;408;0
2025.02.26 11:40;1.04988;1.05006;1.04957;1.04971;404;0
2025.02.26 11:50;1.04971;1.04985;1.04951;1.04970;429;0
2025.02.26 12:00;1.04971;1.05008;1.04956;1.04971;470;0
2025.02.26 12:10;1.04971;1.04987;1.04931;1.04972;427;0
2025.02.26 12:20;1.04972;1.04979;1.04922;1.04931;444;0
2025.02.26 12:30;1.04932;1.04990;1.04911;1.04986;401;0
2025.02.26 12:40;1.04986;1.04999;1.04960;1.04980;389;0
2025.02.26 12:50;1.04979;1.05006;1.04968;1.04975;399;0
2025.02.26 13:00;1.04976;1.05002;1.04965;1.04984;400;0
2025.02.26 13:10;1.04984;1.05021;1.04962;1.04976;367;0
2025.02.26 13:20;1.04975;1.04976;1.04913;1.04945;370;0
2025.02.26 13:30;1.04945;1.04956;1.04925;1.04942;313;0
2025.02.26 13:40;1.04942;1.04944;1.04905;1.04906;294;0
2025.02.26 13:50;1.04906;1.04921;1.04866;1.04917;451;0
2025.02.26 14:00;1.04917;1.04951;1.04888;1.04939;367;0
2025.02.26 14:10;1.04940;1.04940;1.04855;1.04879;403;0
2025.02.26 14:20;1.04880;1.04902;1.04862;1.04894;412;0
2025.02.26 14:30;1.04894;1.04932;1.04894;1.04915;359;0
2025.02.26 14:40;1.04915;1.04918;1.04832;1.04847;407;0
2025.02.26 14:50;1.04847;1.04851;1.04750;1.04767;582;0
2025.02.26 15:00;1.04767;1.04877;1.04765;1.04865;633;0
2025.02.26 15:10;1.04865;1.04897;1.04847;1.04891;488;0
2025.02.26 15:20;1.04894;1.04948;1.04889;1.04919;539;0
2025.02.26 15:30;1.04920;1.04921;1.04853;1.04860;505;0
2025.02.26 15:40;1.04860;1.04868;1.04834;1.04859;529;0
2025.02.26 15:50;1.04858;1.04893;1.04813;1.04843;536;0
2025.02.26 16:00;1.04842;1.04877;1.04824;1.04871;702;0
2025.02.26 16:10;1.04871;1.04886;1.04829;1.04878;715;0
2025.02.26 16:20;1.04877;1.04897;1.04849;1.04896;612;0
2025.02.26 16:30;1.04897;1.04928;1.04880;1.04895;643;0
2025.02.26 16:40;1.04895;1.04922;1.04875;1.04897;675;0
2025.02.26 16:50;1.04897;1.04924;1.04880;1.04899;721;0
2025.02.26 17:00;1.04898;1.04911;1.04808;1.04820;783;0
2025.02.26 17:10;1.04820;1.04852;1.04806;1.04819;657;0
2025.02.26 17:20;1.04820;1.04958;1.04794;1.04956;745;0
2025.02.26 17:30;1.04954;1.05017;1.04935;1.04995;839;0
2025.02.26 17:40;1.04995;1.05092;1.04971;1.05044;701;0
2025.02.26 17:50;1.05043;1.05076;1.05025;1.05060;904;0
2025.02.26 18:00;1.05060;1.05123;1.05043;1.05104;728;0
2025.02.26 18:10;1.05104;1.05156;1.05020;1.05022;727;0
2025.02.26 18:20;1.05022;1.05095;1.05022;1.05088;607;0
2025.02.26 18:30;1.05088;1.05127;1.05066;1.05123;555;0
2025.02.26 18:40;1.05123;1.05146;1.05113;1.05122;474;0
2025.02.26 18:50;1.05121;1.05148;1.05113;1.05136;487;0
2025.02.26 19:00;1.05138;1.05175;1.05122;1.05175;530;1
2025.02.26 19:10;1.05175;1.05184;1.05058;1.05127;587;1
2025.02.26 19:20;1.05127;1.05244;1.05094;1.05233;871;1
2025.02.26 19:30;1.05232;1.05287;1.04897;1.04941;1494;1
2025.02.26 19:40;1.04939;1.05075;1.04914;1.04932;896;1
2025.02.26 19:50;1.04935;1.04947;1.04831;1.04924;629;0
2025.02.26 20:00;1.04923;1.05001;1.04910;1.05000;729;0
2025.02.26 20:10;1.04999;1.05001;1.04930;1.04974;600;1
2025.02.26 20:20;1.04973;1.05003;1.04956;1.04974;510;1
2025.02.26 20:30;1.04972;1.04998;1.04958;1.04958;516;1
2025.02.26 20:40;1.04958;1.04991;1.04908;1.04920;516;1
2025.02.26 20:50;1.04920;1.04926;1.04848;1.04881;469;1
2025.02.26 21:00;1.04881;1.04884;1.04820;1.04843;610;1
2025.02.26 21:10;1.04840;1.04878;1.04827;1.04872;496;1
2025.02.26 21:20;1.04874;1.04879;1.04842;1.04862;436;1
2025.02.26 21:30;1.04862;1.04907;1.04858;1.04901;386;0
2025.02.26 21:40;1.04898;1.04933;1.04896;1.04931;375;0
2025.02.26 21:50;1.04930;1.04935;1.04900;1.04912;369;0
2025.02.26 22:00;1.04911;1.04911;1.04860;1.04860;296;0
2025.02.26 22:10;1.04860;1.04877;1.04829;1.04834;362;0
2025.02.26 22:20;1.04835;1.04844;1.04806;1.04839;274;1
2025.02.26 22:30;1.04836;1.04872;1.04834;1.04864;265;0
2025.02.26 22:40;1.04864;1.04878;1.04856;1.04878;299;0
2025.02.26 22:50;1.04878;1.04880;1.04853;1.04862;325;1
2025.02.26 23:00;1.04861;1.04878;1.04850;1.04851;182;0
2025.02.26 23:10;1.04850;1.04862;1.04821;1.04831;180;1
2025.02.26 23:20;1.04831;1.04834;1.04797;1.04799;298;1
2025.02.26 23:30;1.04798;1.04821;1.04785;1.04817;179;0
2025.02.26 23:40;1.04814;1.04832;1.04800;1.04830;135;5
2025.02.26 23:50;1.04830;1.04849;1.04817;1.04848;152;5
2025.02.27 00:00;1.04831;1.04848;1.04813;1.04827;28;25
2025.02.27 00:10;1.04826;1.04832;1.04824;1.04827;109;60
2025.02.27 00:20;1.04827;1.04865;1.04821;1.04848;47;24
2025.02.27 00:30;1.04852;1.04866;1.04847;1.04858;56;24
2025.02.27 00:40;1.04858;1.04875;1.04858;1.04869;119;24
2025.02.27 00:50;1.04878;1.04879;1.04866;1.04869;77;24
2025.02.27 01:00;1.04879;1.04893;1.04853;1.04881;130;1
2025.02.27 01:10;1.04888;1.04912;1.04881;1.04911;95;1
2025.02.27 01:20;1.04911;1.04925;1.04911;1.04925;62;1
2025.02.27 01:30;1.04925;1.04925;1.04894;1.04904;100;1
2025.02.27 01:40;1.04905;1.04913;1.04895;1.04898;150;0
2025.02.27 01:50;1.04898;1.04902;1.04877;1.04880;134;0
2025.02.27 02:00;1.04880;1.04880;1.04802;1.04829;316;0
2025.02.27 02:10;1.04830;1.04858;1.04819;1.04851;254;0
2025.02.27 02:20;1.04849;1.04862;1.04839;1.04844;263;0
2025.02.27 02:30;1.04843;1.04858;1.04812;1.04815;265;0
2025.02.27 02:40;1.04816;1.04825;1.04807;1.04809;254;0
2025.02.27 02:50;1.04809;1.04816;1.04769;1.04774;360;0
2025.02.27 03:00;1.04774;1.04775;1.04729;1.04750;414;0
2025.02.27 03:10;1.04750;1.04791;1.04745;1.04787;327;0
2025.02.27 03:20;1.04788;1.04791;1.04766;1.04767;326;0
2025.02.27 03:30;1.04766;1.04796;1.04766;1.04795;434;0
2025.02.27 03:40;1.04794;1.04834;1.04789;1.04824;361;0
2025.02.27 03:50;1.04825;1.04829;1.04777;1.04784;424;0
2025.02.27 04:00;1.04785;1.04806;1.04755;1.04777;410;0
2025.02.27 04:10;1.04776;1.04786;1.04730;1.04731;329;0
2025.02.27 04:20;1.04732;1.04751;1.04728;1.04731;362;0
2025.02.27 04:30;1.04731;1.04761;1.04721;1.04727;404;0
2025.02.27 04:40;1.04726;1.04753;1.04725;1.04732;404;0
2025.02.27 04:50;1.04731;1.04732;1.04704;1.04711;357;0
2025.02.27 05:00;1.04713;1.04735;1.04711;1.04727;223;0
2025.02.27 05:10;1.04727;1.04730;1.04715;1.04722;173;0
2025.02.27 05:20;1.04722;1.04743;1.04719;1.04741;198;0
2025.02.27 05:30;1.04743;1.04745;1.04715;1.04715;267;0
2025.02.27 05:40;1.04711;1.04723;1.04674;1.04677;260;0
2025.02.27 05:50;1.04676;1.04691;1.04646;1.04657;403;0
2025.02.27 06:00;1.04658;1.04686;1.04639;1.04666;397;0
2025.02.27 06:10;1.04662;1.04696;1.04659;1.04678;246;0
2025.02.27 06:20;1.04678;1.04686;1.04651;1.04657;405;0
2025.02.27 06:30;1.04656;1.04658;1.04605;1.04626;451;0
2025.02.27 06:40;1.04627;1.04641;1.04601;1.04612;317;0
2025.02.27 06:50;1.04613;1.04634;1.04590;1.04630;412;0
2025.02.27 07:00;1.04632;1.04651;1.04621;1.04650;266;0
2025.02.27 07:10;1.04651;1.04654;1.04622;1.04624;237;0
2025.02.27 07:20;1.04624;1.04646;1.04618;1.04622;301;0
2025.02.27 07:30;1.04622;1.04643;1.04618;1.04636;245;0
2025.02.27 07:40;1.04636;1.04653;1.04626;1.04632;343;0
2025.02.27 07:50;1.04631;1.04652;1.04623;1.04651;412;0
2025.02.27 08:00;1.04652;1.04681;1.04649;1.04671;313;0
2025.02.27 08:10;1.04672;1.04676;1.04638;1.04665;363;0
2025.02.27 08:20;1.04666;1.04678;1.04646;1.04674;417;0
2025.02.27 08:30;1.04675;1.04706;1.04665;1.04694;324;0
2025.02.27 08:40;1.04694;1.04727;1.04689;1.04726;308;0
2025.02.27 08:50;1.04725;1.04729;1.04704;1.04716;298;0
2025.02.27 09:00;1.04716;1.04732;1.04691;1.04706;405;0
2025.02.27 09:10;1.04706;1.04715;1.04685;1.04705;532;0
2025.02.27 09:20;1.04706;1.04739;1.04696;1.04736;534;0
2025.02.27 09:30;1.04736;1.04755;1.04716;1.04748;414;0
2025.02.27 09:40;1.04747;1.04791;1.04747;1.04787;359;0
2025.02.27 09:50;1.04787;1.04801;1.04748;1.04753;462;0
2025.02.27 10:00;1.04753;1.04766;1.04728;1.04731;511;0
2025.02.27 10:10;1.04732;1.04802;1.04708;1.04774;533;0
2025.02.27 10:20;1.04774;1.04803;1.04704;1.04709;623;0
2025.02.27 10:30;1.04710;1.04747;1.04705;1.04730;511;0
2025.02.27 10:40;1.04731;1.04761;1.04709;1.04757;542;0
2025.02.27 10:50;1.04758;1.04785;1.04755;1.04784;463;0
2025.02.27 11:00;1.04785;1.04799;1.04752;1.04778;480;0
2025.02.27 11:10;1.04781;1.04822;1.04771;1.04786;424;0
2025.02.27 11:20;1.04786;1.04793;1.04762;1.04776;419;0
2025.02.27 11:30;1.04778;1.04791;1.04760;1.04784;355;0
2025.02.27 11:40;1.04784;1.04808;1.04764;1.04805;402;0
2025.02.27 11:50;1.04803;1.04852;1.04799;1.04841;368;0
2025.02.27 12:00;1.04840;1.04842;1.04769;1.04784;491;0
2025.02.27 12:10;1.04783;1.04797;1.04744;1.04744;384;0
2025.02.27 12:20;1.04743;1.04770;1.04742;1.04752;473;0
2025.02.27 12:30;1.04752;1.04771;1.04740;1.04745;426;0
2025.02.27 12:40;1.04745;1.04781;1.04739;1.04780;348;0
2025.02.27 12:50;1.04780;1.04816;1.04777;1.04814;333;0
2025.02.27 13:00;1.04816;1.04873;1.04805;1.04854;311;0
2025.02.27 13:10;1.04855;1.04873;1.04790;1.04805;405;0
2025.02.27 13:20;1.04805;1.04805;1.04769;1.04779;351;0
2025.02.27 13:30;1.04779;1.04804;1.04774;1.04796;366;0
2025.02.27 13:40;1.04796;1.04826;1.04786;1.04811;325;0
2025.02.27 13:50;1.04811;1.04826;1.04759;1.04760;378;0
2025.02.27 14:00;1.04759;1.04783;1.04732;1.04781;442;0
2025.02.27 14:10;1.04781;1.04800;1.04740;1.04798;396;0
2025.02.27 14:20;1.04799;1.04806;1.04764;1.04776;350;0
2025.02.27 14:30;1.04776;1.04838;1.04767;1.04817;121;0
2025.02.27 14:40;1.04817;1.04839;1.04790;1.04806;567;0
2025.02.27 14:50;1.04805;1.04805;1.04758;1.04767;623;0
2025.02.27 15:00;1.04766;1.04794;1.04750;1.04771;521;0
2025.02.27 15:10;1.04770;1.04808;1.04739;1.04787;472;0
2025.02.27 15:20;1.04786;1.04808;1.04765;1.04798;543;0
2025.02.27 15:30;1.04799;1.04885;1.04655;1.04660;1184;0
2025.02.27 15:40;1.04661;1.04676;1.04439;1.04461;1328;0
2025.02.27 15:50;1.04459;1.04486;1.04197;1.04234;1602;0
2025.02.27 16:00;1.04234;1.04371;1.04206;1.04331;1343;0
2025.02.27 16:10;1.04333;1.04415;1.04321;1.04403;845;0
2025.02.27 16:20;1.04404;1.04405;1.04319;1.04362;746;0
2025.02.27 16:30;1.04361;1.04373;1.04223;1.04240;903;0
2025.02.27 16:40;1.04240;1.04277;1.04200;1.04213;925;0
2025.02.27 16:50;1.04213;1.04232;1.04139;1.04202;877;0
2025.02.27 17:00;1.04203;1.04259;1.04126;1.04128;979;0
2025.02.27 17:10;1.04126;1.04167;1.04109;1.04126;894;0
2025.02.27 17:20;1.04127;1.04279;1.04122;1.04205;870;0
2025.02.27 17:30;1.04204;1.04221;1.04150;1.04170;827;0
2025.02.27 17:40;1.04170;1.04199;1.04139;1.04140;648;0
2025.02.27 17:50;1.04125;1.04151;1.04097;1.04150;761;0
2025.02.27 18:00;1.04155;1.04155;1.04051;1.04060;618;0
2025.02.27 18:10;1.04059;1.04098;1.04044;1.04075;601;0
2025.02.27 18:20;1.04075;1.04084;1.04034;1.04064;600;0
2025.02.27 18:30;1.04059;1.04150;1.04034;1.04138;674;0
2025.02.27 18:40;1.04137;1.04161;1.04124;1.04137;555;0
2025.02.27 18:50;1.04138;1.04147;1.04101;1.04138;549;0
2025.02.27 19:00;1.04137;1.04182;1.04110;1.04113;543;0
2025.02.27 19:10;1.04114;1.04153;1.04108;1.04126;442;0
2025.02.27 19:20;1.04125;1.04148;1.04108;1.04112;376;0
2025.02.27 19:30;1.04112;1.04118;1.04066;1.04066;391;0
2025.02.27 19:40;1.04067;1.04068;1.04005;1.04031;467;0
2025.02.27 19:50;1.04032;1.04080;1.04027;1.04074;446;0
2025.02.27 20:00;1.04074;1.04121;1.04074;1.04100;472;0
2025.02.27 20:10;1.04101;1.04137;1.04081;1.04132;358;0
2025.02.27 20:20;1.04131;1.04158;1.04125;1.04143;330;0
2025.02.27 20:30;1.04143;1.04158;1.04130;1.04152;284;0
2025.02.27 20:40;1.04152;1.04157;1.04125;1.04131;252;0
2025.02.27 20:50;1.04130;1.04175;1.04121;1.04171;346;0
2025.02.27 21:00;1.04172;1.04177;1.04130;1.04131;340;0
2025.02.27 21:10;1.04131;1.04141;1.04106;1.04111;235;0
2025.02.27 21:20;1.04111;1.04123;1.04100;1.04100;281;0
2025.02.27 21:30;1.04099;1.04100;1.04044;1.04052;438;0
2025.02.27 21:40;1.04052;1.04067;1.04033;1.04052;448;1
2025.02.27 21:50;1.04053;1.04069;1.04037;1.04046;326;0
2025.02.27 22:00;1.04044;1.04083;1.04040;1.04041;337;0
2025.02.27 22:10;1.04042;1.04051;1.04024;1.04031;406;0
2025.02.27 22:20;1.04031;1.04053;1.04022;1.04031;403;0
2025.02.27 22:30;1.04031;1.04052;1.04024;1.04026;399;0
2025.02.27 22:40;1.04026;1.04046;1.04021;1.04036;292;0
2025.02.27 22:50;1.04035;1.04063;1.04014;1.04052;367;0
2025.02.27 23:00;1.04051;1.04054;1.04001;1.04010;245;0
2025.02.27 23:10;1.04009;1.04022;1.04007;1.04014;220;0
2025.02.27 23:20;1.04014;1.04014;1.03981;1.03982;154;0
2025.02.27 23:30;1.03981;1.03999;1.03974;1.03981;198;0
2025.02.27 23:40;1.03980;1.03987;1.03971;1.03978;202;5
2025.02.27 23:50;1.03979;1.03985;1.03966;1.03979;187;5
2025.02.28 00:00;1.03976;1.03987;1.03945;1.03951;44;10
2025.02.28 00:10;1.03952;1.03955;1.03952;1.03954;9;36
2025.02.28 00:20;1.03954;1.03970;1.03954;1.03956;14;24
2025.02.28 00:30;1.03955;1.03957;1.03950;1.03952;36;24
2025.02.28 00:40;1.03952;1.03961;1.03923;1.03930;65;24
2025.02.28 00:50;1.03943;1.03950;1.03879;1.03938;315;24
2025.02.28 01:00;1.03919;1.03983;1.03915;1.03982;238;0
2025.02.28 01:10;1.03982;1.04005;1.03974;1.03999;167;0
2025.02.28 01:20;1.03999;1.04003;1.03986;1.03992;116;0
2025.02.28 01:30;1.03992;1.03992;1.03953;1.03973;245;0
2025.02.28 01:40;1.03973;1.03976;1.03960;1.03965;189;0
2025.02.28 01:50;1.03965;1.03968;1.03936;1.03938;219;0
2025.02.28 02:00;1.03942;1.03964;1.03938;1.03954;294;0
2025.02.28 02:10;1.03955;1.03981;1.03952;1.03980;323;0
2025.02.28 02:20;1.03980;1.04017;1.03979;1.03996;415;0
2025.02.28 02:30;1.03996;1.04017;1.03989;1.04017;366;0
2025.02.28 02:40;1.04016;1.04021;1.03978;1.03985;288;0
2025.02.28 02:50;1.03985;1.04029;1.03983;1.04024;455;0
2025.02.28 03:00;1.04025;1.04041;1.03998;1.04005;445;0
2025.02.28 03:10;1.04006;1.04011;1.03981;1.04002;345;0
2025.02.28 03:20;1.04001;1.04022;1.03974;1.03980;460;0
2025.02.28 03:30;1.03980;1.03980;1.03884;1.03905;719;0
2025.02.28 03:40;1.03905;1.03933;1.03896;1.03924;419;0
2025.02.28 03:50;1.03925;1.03926;1.03844;1.03850;588;0
2025.02.28 04:00;1.03850;1.03917;1.03848;1.03902;531;0
2025.02.28 04:10;1.03901;1.03901;1.03806;1.03857;509;0
2025.02.28 04:20;1.03856;1.03899;1.03830;1.03894;419;0
2025.02.28 04:30;1.03895;1.03905;1.03864;1.03881;467;0
2025.02.28 04:40;1.03881;1.03881;1.03822;1.03833;467;0
2025.02.28 04:50;1.03833;1.03855;1.03822;1.03824;390;0
2025.02.28 05:00;1.03824;1.03851;1.03812;1.03832;329;0
2025.02.28 05:10;1.03832;1.03868;1.03828;1.03842;351;0
2025.02.28 05:20;1.03841;1.03885;1.03829;1.03882;369;0
2025.02.28 05:30;1.03886;1.03895;1.03863;1.03877;339;0
2025.02.28 05:40;1.03876;1.03890;1.03863;1.03882;292;0
2025.02.28 05:50;1.03881;1.03892;1.03876;1.03883;271;0
2025.02.28 06:00;1.03883;1.03892;1.03879;1.03887;302;0
2025.02.28 06:10;1.03886;1.03891;1.03872;1.03888;244;0
2025.02.28 06:20;1.03888;1.03900;1.03879;1.03889;272;0
2025.02.28 06:30;1.03890;1.03908;1.03885;1.03904;227;0
2025.02.28 06:40;1.03903;1.03904;1.03877;1.03881;191;0
2025.02.28 06:50;1.03880;1.03888;1.03859;1.03865;213;0
2025.02.28 07:00;1.03867;1.03885;1.03856;1.03863;310;0
2025.02.28 07:10;1.03862;1.03868;1.03842;1.03868;333;0
2025.02.28 07:20;1.03868;1.03892;1.03867;1.03887;181;0
2025.02.28 07:30;1.03887;1.03890;1.03859;1.03885;250;0
2025.02.28 07:40;1.03884;1.03885;1.03866;1.03878;279;0
2025.02.28 07:50;1.03880;1.03903;1.03874;1.03890;244;0
2025.02.28 08:00;1.03888;1.03893;1.03859;1.03865;333;0
2025.02.28 08:10;1.03865;1.03892;1.03832;1.03886;340;0
2025.02.28 08:20;1.03886;1.03887;1.03829;1.03837;371;0
2025.02.28 08:30;1.03837;1.03866;1.03827;1.03850;469;0
2025.02.28 08:40;1.03850;1.03873;1.03835;1.03843;317;0
2025.02.28 08:50;1.03843;1.03880;1.03831;1.03878;319;0
2025.02.28 09:00;1.03879;1.03911;1.03861;1.03902;462;0
2025.02.28 09:10;1.03902;1.03912;1.03890;1.03894;444;0
2025.02.28 09:20;1.03893;1.03902;1.03869;1.03882;410;0
2025.02.28 09:30;1.03881;1.03934;1.03856;1.03930;436;0
2025.02.28 09:40;1.03929;1.03949;1.03865;1.03916;654;0
2025.02.28 09:50;1.03916;1.04006;1.03911;1.03961;646;0
2025.02.28 10:00;1.03960;1.04018;1.03951;1.04007;558;0
2025.02.28 10:10;1.04006;1.04016;1.03968;1.03988;589;0
2025.02.28 10:20;1.03987;1.03989;1.03954;1.03981;545;0
2025.02.28 10:30;1.03981;1.04043;1.03970;1.04037;517;0
2025.02.28 10:40;1.04037;1.04039;1.03975;1.04012;472;0
2025.02.28 10:50;1.04011;1.04026;1.03983;1.04013;392;0
2025.02.28 11:00;1.04020;1.04080;1.04012;1.04057;629;0
2025.02.28 11:10;1.04057;1.04067;1.04031;1.04050;548;0
2025.02.28 11:20;1.04050;1.04055;1.03995;1.04018;449;0
2025.02.28 11:30;1.04020;1.04022;1.03986;1.03999;465;0
2025.02.28 11:40;1.04000;1.04023;1.03980;1.04000;432;0
2025.02.28 11:50;1.04000;1.04000;1.03945;1.03954;378;0
2025.02.28 12:00;1.03952;1.03966;1.03944;1.03951;304;0
2025.02.28 12:10;1.03950;1.03961;1.03924;1.03928;380;0
2025.02.28 12:20;1.03928;1.03960;1.03924;1.03936;346;0
2025.02.28 12:30;1.03936;1.04001;1.03935;1.04001;299;0
2025.02.28 12:40;1.04000;1.04059;1.03999;1.04040;339;0
2025.02.28 12:50;1.04045;1.04045;1.03987;1.03992;416;0
2025.02.28 13:00;1.03994;1.04012;1.03980;1.03992;332;0
2025.02.28 13:10;1.03993;1.04000;1.03939;1.03954;282;0
2025.02.28 13:20;1.03954;1.03978;1.03954;1.03960;256;0
2025.02.28 13:30;1.03960;1.03969;1.03934;1.03957;338;0
2025.02.28 13:40;1.03957;1.03990;1.03951;1.03969;381;0
2025.02.28 13:50;1.03968;1.03993;1.03963;1.03986;339;0
2025.02.28 14:00;1.03987;1.04031;1.03980;1.04027;496;0
2025.02.28 14:10;1.04027;1.04050;1.04019;1.04038;437;0
2025.02.28 14:20;1.04038;1.04064;1.04014;1.04050;358;0
2025.02.28 14:30;1.04055;1.04077;1.04037;1.04059;343;0
2025.02.28 14:40;1.04059;1.04065;1.04038;1.04047;413;0
2025.02.28 14:50;1.04046;1.04078;1.04037;1.04071;468;0
2025.02.28 15:00;1.04071;1.04126;1.04067;1.04116;551;0
2025.02.28 15:10;1.04115;1.04149;1.04094;1.04144;467;0
2025.02.28 15:20;1.04145;1.04162;1.04101;1.04108;525;0
2025.02.28 15:30;1.04104;1.04153;1.04061;1.04145;910;0
2025.02.28 15:40;1.04146;1.04146;1.04053;1.04131;584;0
2025.02.28 15:50;1.04131;1.04132;1.04068;1.04068;668;0
2025.02.28 16:00;1.04069;1.04079;1.04028;1.04042;614;0
2025.02.28 16:10;1.04041;1.04126;1.04032;1.04121;590;0
2025.02.28 16:20;1.04123;1.04143;1.04096;1.04105;498;0
2025.02.28 16:30;1.04102;1.04122;1.04080;1.04105;737;0
2025.02.28 16:40;1.04106;1.04107;1.04008;1.04049;614;0
2025.02.28 16:50;1.04049;1.04108;1.04032;1.04099;695;0
2025.02.28 17:00;1.04098;1.04185;1.04080;1.04160;695;0
2025.02.28 17:10;1.04157;1.04192;1.04130;1.04138;692;0
2025.02.28 17:20;1.04138;1.04172;1.04090;1.04172;724;0
2025.02.28 17:30;1.04171;1.04200;1.04136;1.04179;706;0
2025.02.28 17:40;1.04178;1.04198;1.04059;1.04064;757;0
2025.02.28 17:50;1.04065;1.04091;1.03933;1.04001;1066;0
2025.02.28 18:00;1.04001;1.04081;1.03988;1.04079;974;0
2025.02.28 18:10;1.04080;1.04114;1.03990;1.04015;795;0
2025.02.28 18:20;1.04014;1.04061;1.03991;1.04003;739;0
2025.02.28 18:30;1.04004;1.04106;1.03980;1.04037;775;0
2025.02.28 18:40;1.04039;1.04046;1.03995;1.04040;647;0
2025.02.28 18:50;1.04039;1.04076;1.03988;1.04017;633;0
2025.02.28 19:00;1.04022;1.04089;1.03990;1.04069;578;0
2025.02.28 19:10;1.04067;1.04100;1.04029;1.04033;481;0
2025.02.28 19:20;1.04031;1.04052;1.03900;1.04049;703;1
2025.02.28 19:30;1.04049;1.04053;1.03975;1.04022;509;0
2025.02.28 19:40;1.04023;1.04044;1.03962;1.04005;603;0
2025.02.28 19:50;1.04004;1.04010;1.03958;1.03965;467;0
2025.02.28 20:00;1.03964;1.03981;1.03936;1.03949;468;0
2025.02.28 20:10;1.03949;1.03973;1.03762;1.03795;903;0
2025.02.28 20:20;1.03794;1.03814;1.03639;1.03727;1212;1
2025.02.28 20:30;1.03727;1.03807;1.03719;1.03805;685;0
2025.02.28 20:40;1.03804;1.03827;1.03754;1.03775;639;0
2025.02.28 20:50;1.03774;1.03782;1.03626;1.03636;790;1
2025.02.28 21:00;1.03635;1.03652;1.03599;1.03647;654;0
2025.02.28 21:10;1.03648;1.03690;1.03647;1.03685;525;0
2025.02.28 21:20;1.03685;1.03706;1.03655;1.03683;448;1
2025.02.28 21:30;1.03683;1.03716;1.03660;1.03716;362;1
2025.02.28 21:40;1.03716;1.03731;1.03671;1.03720;352;1
2025.02.28 21:50;1.03721;1.03738;1.03664;1.03676;377;1
2025.02.28 22:00;1.03677;1.03691;1.03657;1.03674;301;1
2025.02.28 22:10;1.03675;1.03686;1.03652;1.03674;369;1
2025.02.28 22:20;1.03674;1.03683;1.03647;1.03658;442;1
2025.02.28 22:30;1.03659;1.03666;1.03622;1.03659;461;0
2025.02.28 22:40;1.03659;1.03687;1.03644;1.03687;369;0
2025.02.28 22:50;1.03686;1.03769;1.03678;1.03747;754;0
2025.02.28 23:00;1.03749;1.03754;1.03686;1.03692;464;0
2025.02.28 23:10;1.03692;1.03750;1.03692;1.03746;179;0
2025.02.28 23:20;1.03746;1.03771;1.03739;1.03748;213;0
2025.02.28 23:30;1.03749;1.03751;1.03722;1.03727;120;0
2025.02.28 23:40;1.03725;1.03755;1.03722;1.03744;243;5
2025.02.28 23:50;1.03744;1.03756;1.03738;1.03752;133;5
2025.03.03 00:00;1.04020;1.04053;1.04011;1.04032;35;60
2025.03.03 00:10;1.04032;1.04037;1.03980;1.03980;19;60
2025.03.03 00:20;1.03980;1.04013;1.03977;1.04007;20;60
2025.03.03 00:30;1.04007;1.04011;1.03993;1.03994;18;60
2025.03.03 00:40;1.03994;1.04013;1.03994;1.04010;34;29
2025.03.03 00:50;1.04010;1.04029;1.04007;1.04024;119;29
2025.03.03 01:00;1.04028;1.04169;1.03996;1.04134;438;0
2025.03.03 01:10;1.04130;1.04135;1.04083;1.04131;288;0
2025.03.03 01:20;1.04131;1.04209;1.04127;1.04154;370;0
2025.03.03 01:30;1.04155;1.04210;1.04149;1.04186;325;0
2025.03.03 01:40;1.04181;1.04196;1.04138;1.04138;235;0
2025.03.03 01:50;1.04137;1.04155;1.04119;1.04123;219;0
2025.03.03 02:00;1.04123;1.04123;1.04023;1.04106;480;0
2025.03.03 02:10;1.04108;1.04175;1.04073;1.04159;422;0
2025.03.03 02:20;1.04159;1.04198;1.04133;1.04161;454;0
2025.03.03 02:30;1.04161;1.04187;1.04140;1.04146;384;0
2025.03.03 02:40;1.04145;1.04168;1.04102;1.04112;365;0
2025.03.03 02:50;1.04112;1.04129;1.04091;1.04094;462;0
2025.03.03 03:00;1.04096;1.04214;1.04074;1.04200;631;0
2025.03.03 03:10;1.04203;1.04227;1.04143;1.04171;507;0
2025.03.03 03:20;1.04171;1.04207;1.04170;1.04197;386;0
2025.03.03 03:30;1.04197;1.04207;1.04175;1.04203;551;0
2025.03.03 03:40;1.04202;1.04202;1.04169;1.04197;381;0
2025.03.03 03:50;1.04196;1.04230;1.04192;1.04199;438;0
2025.03.03 04:00;1.04198;1.04210;1.04166;1.04210;369;0
2025.03.03 04:10;1.04210;1.04231;1.04187;1.04215;383;0
2025.03.03 04:20;1.04215;1.04229;1.04161;1.04164;343;0
2025.03.03 04:30;1.04163;1.04211;1.04148;1.04185;340;0
2025.03.03 04:40;1.04185;1.04210;1.04184;1.04209;284;0
2025.03.03 04:50;1.04208;1.04234;1.04191;1.04199;378;0
2025.03.03 05:00;1.04198;1.04200;1.04116;1.04128;519;0
2025.03.03 05:10;1.04128;1.04150;1.04099;1.04123;375;0
2025.03.03 05:20;1.04123;1.04140;1.04102;1.04135;318;0
2025.03.03 05:30;1.04135;1.04159;1.04130;1.04158;478;0
2025.03.03 05:40;1.04158;1.04184;1.04143;1.04146;431;0
2025.03.03 05:50;1.04146;1.04172;1.04135;1.04170;373;0
2025.03.03 06:00;1.04169;1.04190;1.04166;1.04178;325;0
2025.03.03 06:10;1.04178;1.04202;1.04172;1.04181;303;0
2025.03.03 06:20;1.04182;1.04199;1.04168;1.04198;184;0
2025.03.03 06:30;1.04198;1.04201;1.04181;1.04187;220;0
2025.03.03 06:40;1.04187;1.04206;1.04179;1.04195;226;0
2025.03.03 06:50;1.04196;1.04199;1.04176;1.04178;266;0
2025.03.03 07:00;1.04177;1.04179;1.04142;1.04144;304;0
2025.03.03 07:10;1.04143;1.04173;1.04143;1.04169;278;0
2025.03.03 07:20;1.04169;1.04192;1.04165;1.04175;280;0
2025.03.03 07:30;1.04175;1.04195;1.04167;1.04167;220;0
2025.03.03 07:40;1.04168;1.04173;1.04133;1.04133;272;0
2025.03.03 07:50;1.04134;1.04145;1.04123;1.04143;248;0
2025.03.03 08:00;1.04143;1.04164;1.04131;1.04132;355;0
2025.03.03 08:10;1.04133;1.04160;1.04128;1.04141;384;0
2025.03.03 08:20;1.04141;1.04154;1.04121;1.04146;470;0
2025.03.03 08:30;1.04145;1.04158;1.04103;1.04115;376;0
2025.03.03 08:40;1.04111;1.04114;1.04068;1.04074;374;0
2025.03.03 08:50;1.04074;1.04121;1.04067;1.04084;435;0
2025.03.03 09:00;1.04077;1.04088;1.04018;1.04050;664;0
2025.03.03 09:10;1.04052;1.04084;1.04021;1.04028;512;0
2025.03.03 09:20;1.04029;1.04072;1.04021;1.04055;559;0
2025.03.03 09:30;1.04053;1.04077;1.04043;1.04064;366;0
2025.03.03 09:40;1.04065;1.04103;1.04063;1.04065;449;0
2025.03.03 09:50;1.04065;1.04068;1.04018;1.04056;578;0
2025.03.03 10:00;1.04056;1.04056;1.04013;1.04029;611;0
2025.03.03 10:10;1.04030;1.04067;1.04028;1.04044;522;0
2025.03.03 10:20;1.04043;1.04044;1.03928;1.03963;634;0
2025.03.03 10:30;1.03963;1.03965;1.03909;1.03909;540;0
2025.03.03 10:40;1.03909;1.03959;1.03887;1.03949;519;0
2025.03.03 10:50;1.03949;1.04022;1.03932;1.04012;513;0
2025.03.03 11:00;1.04022;1.04127;1.04016;1.04124;480;0
2025.03.03 11:10;1.04123;1.04182;1.04113;1.04114;516;0
2025.03.03 11:20;1.04113;1.04125;1.04082;1.04118;394;0
2025.03.03 11:30;1.04119;1.04175;1.04096;1.04169;410;0
2025.03.03 11:40;1.04168;1.04184;1.04153;1.04158;450;0
2025.03.03 11:50;1.04154;1.04289;1.04147;1.04272;450;0
2025.03.03 12:00;1.04274;1.04389;1.04273;1.04364;799;0
2025.03.03 12:10;1.04367;1.04423;1.04319;1.04399;725;0
2025.03.03 12:20;1.04399;1.04441;1.04380;1.04392;745;0
2025.03.03 12:30;1.04393;1.04447;1.04385;1.04428;483;0
2025.03.03 12:40;1.04428;1.04436;1.04346;1.04419;539;0
2025.03.03 12:50;1.04419;1.04443;1.04388;1.04420;537;0
2025.03.03 13:00;1.04422;1.04467;1.04405;1.04459;562;0
2025.03.03 13:10;1.04458;1.04496;1.04443;1.04460;488;0
2025.03.03 13:20;1.04460;1.04514;1.04460;1.04503;490;0
2025.03.03 13:30;1.04503;1.04540;1.04493;1.04522;520;0
2025.03.03 13:40;1.04522;1.04576;1.04517;1.04569;496;0
2025.03.03 13:50;1.04569;1.04578;1.04487;1.04526;582;0
2025.03.03 14:00;1.04526;1.04609;1.04526;1.04605;668;0
2025.03.03 14:10;1.04605;1.04685;1.04542;1.04677;860;0
2025.03.03 14:20;1.04676;1.04687;1.04600;1.04686;594;0
2025.03.03 14:30;1.04686;1.04722;1.04666;1.04697;551;0
2025.03.03 14:40;1.04694;1.04762;1.04674;1.04725;547;0
2025.03.03 14:50;1.04724;1.04751;1.04676;1.04705;659;0
2025.03.03 15:00;1.04704;1.04724;1.04646;1.04646;536;0
2025.03.03 15:10;1.04645;1.04661;1.04596;1.04636;605;0
2025.03.03 15:20;1.04636;1.04702;1.04636;1.04685;551;0
2025.03.03 15:30;1.04685;1.04739;1.04674;1.04730;527;0
2025.03.03 15:40;1.04729;1.04764;1.04717;1.04736;457;0
2025.03.03 15:50;1.04737;1.04745;1.04663;1.04720;563;0
2025.03.03 16:00;1.04720;1.04768;1.04706;1.04755;635;0
2025.03.03 16:10;1.04755;1.04766;1.04687;1.04754;609;0
2025.03.03 16:20;1.04755;1.04849;1.04748;1.04845;633;0
2025.03.03 16:30;1.04845;1.04860;1.04825;1.04845;763;0
2025.03.03 16:40;1.04843;1.04907;1.04831;1.04880;577;0
2025.03.03 16:50;1.04881;1.04895;1.04795;1.04811;795;0
2025.03.03 17:00;1.04812;1.04953;1.04738;1.04924;1186;0
2025.03.03 17:10;1.04923;1.04972;1.04894;1.04899;905;0
2025.03.03 17:20;1.04899;1.05024;1.04898;1.04994;771;0
2025.03.03 17:30;1.04993;1.05038;1.04891;1.04897;1043;0
2025.03.03 17:40;1.04896;1.04952;1.04875;1.04908;750;0
2025.03.03 17:50;1.04910;1.04912;1.04840;1.04846;739;0
2025.03.03 18:00;1.04845;1.04941;1.04840;1.04921;742;0
2025.03.03 18:10;1.04925;1.04969;1.04908;1.04937;531;0
2025.03.03 18:20;1.04937;1.04997;1.04915;1.04986;560;0
2025.03.03 18:30;1.04985;1.05005;1.04924;1.04957;655;0
2025.03.03 18:40;1.04956;1.04992;1.04950;1.04991;514;0
2025.03.03 18:50;1.04993;1.05014;1.04949;1.04960;533;0
2025.03.03 19:00;1.04961;1.04964;1.04906;1.04964;490;1
2025.03.03 19:10;1.04964;1.04968;1.04930;1.04937;366;1
2025.03.03 19:20;1.04938;1.04942;1.04899;1.04900;345;1
2025.03.03 19:30;1.04903;1.04911;1.04873;1.04894;313;1
2025.03.03 19:40;1.04895;1.04899;1.04871;1.04884;443;1
2025.03.03 19:50;1.04882;1.04906;1.04868;1.04904;346;1
2025.03.03 20:00;1.04903;1.04909;1.04877;1.04899;358;1
2025.03.03 20:10;1.04898;1.04922;1.04876;1.04909;309;1
2025.03.03 20:20;1.04912;1.04924;1.04881;1.04881;343;1
2025.03.03 20:30;1.04882;1.04920;1.04879;1.04905;461;1
2025.03.03 20:40;1.04905;1.05040;1.04822;1.04878;569;0
2025.03.03 20:50;1.04885;1.04904;1.04858;1.04872;627;1
2025.03.03 21:00;1.04872;1.04886;1.04843;1.04870;433;1
2025.03.03 21:10;1.04871;1.04905;1.04845;1.04881;342;1
2025.03.03 21:20;1.04881;1.04906;1.04864;1.04888;344;1
2025.03.03 21:30;1.04889;1.04910;1.04888;1.04902;160;1
2025.03.03 21:40;1.04903;1.04937;1.04903;1.04919;245;1
2025.03.03 21:50;1.04919;1.04924;1.04723;1.04728;1280;1
2025.03.03 22:00;1.04728;1.04846;1.04673;1.04824;1194;1
2025.03.03 22:10;1.04826;1.04851;1.04742;1.04801;1003;1
2025.03.03 22:20;1.04801;1.04821;1.04734;1.04734;775;1
2025.03.03 22:30;1.04735;1.04780;1.04667;1.04721;755;1
2025.03.03 22:40;1.04721;1.04752;1.04668;1.04751;737;1
2025.03.03 22:50;1.04750;1.04825;1.04744;1.04823;582;1
2025.03.03 23:00;1.04822;1.04862;1.04804;1.04851;374;0
2025.03.03 23:10;1.04850;1.04876;1.04841;1.04869;197;1
2025.03.03 23:20;1.04870;1.04909;1.04870;1.04904;279;1
2025.03.03 23:30;1.04904;1.04926;1.04896;1.04911;292;1
2025.03.03 23:40;1.04908;1.04908;1.04877;1.04877;237;5
2025.03.03 23:50;1.04877;1.04881;1.04848;1.04879;313;5
2025.03.04 00:00;1.04863;1.04883;1.04845;1.04880;43;24
2025.03.04 00:10;1.04882;1.04882;1.04824;1.04857;193;25
2025.03.04 00:20;1.04860;1.04874;1.04857;1.04857;41;25
2025.03.04 00:30;1.04860;1.04873;1.04851;1.04855;48;24
2025.03.04 00:40;1.04855;1.04863;1.04848;1.04856;110;24
2025.03.04 00:50;1.04860;1.04876;1.04855;1.04875;147;24
2025.03.04 01:00;1.04875;1.04881;1.04831;1.04842;240;0
2025.03.04 01:10;1.04842;1.04885;1.04841;1.04879;212;0
2025.03.04 01:20;1.04879;1.04924;1.04877;1.04915;178;0
2025.03.04 01:30;1.04915;1.04916;1.04877;1.04910;221;0
2025.03.04 01:40;1.04910;1.04910;1.04767;1.04818;382;0
2025.03.04 01:50;1.04818;1.04863;1.04818;1.04857;330;0
2025.03.04 02:00;1.04856;1.04885;1.04846;1.04869;460;0
2025.03.04 02:10;1.04870;1.04882;1.04829;1.04832;448;0
2025.03.04 02:20;1.04832;1.04849;1.04777;1.04814;411;0
2025.03.04 02:30;1.04814;1.04821;1.04769;1.04818;449;0
2025.03.04 02:40;1.04817;1.04829;1.04766;1.04810;577;0
2025.03.04 02:50;1.04810;1.04887;1.04802;1.04881;625;0
2025.03.04 03:00;1.04880;1.04889;1.04823;1.04876;621;0
2025.03.04 03:10;1.04876;1.04919;1.04842;1.04915;666;0
2025.03.04 03:20;1.04916;1.04939;1.04898;1.04922;723;0
2025.03.04 03:30;1.04921;1.04961;1.04910;1.04932;823;0
2025.03.04 03:40;1.04932;1.04952;1.04914;1.04935;614;0
2025.03.04 03:50;1.04934;1.04941;1.04856;1.04883;542;0
2025.03.04 04:00;1.04884;1.04899;1.04856;1.04868;619;0
2025.03.04 04:10;1.04867;1.04882;1.04832;1.04835;490;0
2025.03.04 04:20;1.04836;1.04851;1.04813;1.04841;370;0
2025.03.04 04:30;1.04842;1.04849;1.04813;1.04816;441;0
2025.03.04 04:40;1.04815;1.04864;1.04800;1.04864;449;0
2025.03.04 04:50;1.04865;1.04865;1.04805;1.04808;360;0
2025.03.04 05:00;1.04808;1.04816;1.04781;1.04796;478;0
2025.03.04 05:10;1.04793;1.04826;1.04770;1.04819;534;0
2025.03.04 05:20;1.04819;1.04839;1.04804;1.04806;488;0
2025.03.04 05:30;1.04805;1.04810;1.04770;1.04774;558;0
2025.03.04 05:40;1.04773;1.04784;1.04748;1.04783;544;0
2025.03.04 05:50;1.04784;1.04798;1.04762;1.04773;397;0
2025.03.04 06:00;1.04773;1.04778;1.04712;1.04728;600;0
2025.03.04 06:10;1.04728;1.04768;1.04727;1.04767;301;0
2025.03.04 06:20;1.04767;1.04800;1.04763;1.04778;395;0
2025.03.04 06:30;1.04777;1.04792;1.04764;1.04790;327;0
2025.03.04 06:40;1.04789;1.04804;1.04779;1.04792;365;0
2025.03.04 06:50;1.04793;1.04806;1.04768;1.04782;370;0
2025.03.04 07:00;1.04778;1.04833;1.04711;1.04809;951;0
2025.03.04 07:10;1.04811;1.04826;1.04784;1.04821;581;0
2025.03.04 07:20;1.04822;1.04825;1.04784;1.04793;426;0
2025.03.04 07:30;1.04793;1.04835;1.04788;1.04821;423;0
2025.03.04 07:40;1.04820;1.04845;1.04814;1.04830;304;0
2025.03.04 07:50;1.04830;1.04863;1.04827;1.04833;368;0
2025.03.04 08:00;1.04834;1.04837;1.04795;1.04796;352;0
2025.03.04 08:10;1.04795;1.04857;1.04790;1.04851;398;0
2025.03.04 08:20;1.04852;1.04893;1.04852;1.04884;455;0
2025.03.04 08:30;1.04885;1.04897;1.04857;1.04869;443;0
2025.03.04 08:40;1.04870;1.04872;1.04811;1.04831;440;0
2025.03.04 08:50;1.04832;1.04866;1.04829;1.04859;413;0
2025.03.04 09:00;1.04859;1.04912;1.04857;1.04878;586;0
2025.03.04 09:10;1.04878;1.04946;1.04863;1.04943;773;0
2025.03.04 09:20;1.04941;1.04941;1.04811;1.04834;668;0
2025.03.04 09:30;1.04834;1.04892;1.04814;1.04874;781;0
2025.03.04 09:40;1.04876;1.04994;1.04867;1.04984;689;0
2025.03.04 09:50;1.04982;1.05006;1.04903;1.04931;647;0
2025.03.04 10:00;1.04929;1.04955;1.04863;1.04911;933;0
2025.03.04 10:10;1.04911;1.04985;1.04898;1.04983;832;0
2025.03.04 10:20;1.04981;1.05172;1.04967;1.05172;839;0
2025.03.04 10:30;1.05172;1.05209;1.05110;1.05186;881;0
2025.03.04 10:40;1.05184;1.05242;1.05163;1.05211;840;0
2025.03.04 10:50;1.05211;1.05221;1.05183;1.05189;655;0
2025.03.04 11:00;1.05189;1.05226;1.05154;1.05211;637;0
2025.03.04 11:10;1.05210;1.05210;1.05162;1.05166;244;0
2025.03.04 11:20;1.05166;1.05181;1.05116;1.05175;146;1
2025.03.04 11:30;1.05174;1.05244;1.05170;1.05195;508;0
2025.03.04 11:40;1.05195;1.05271;1.05156;1.05212;589;0
2025.03.04 11:50;1.05212;1.05212;1.05113;1.05121;662;0
2025.03.04 12:00;1.05120;1.05127;1.05051;1.05087;702;0
2025.03.04 12:10;1.05088;1.05136;1.05072;1.05118;635;0
2025.03.04 12:20;1.05117;1.05117;1.05026;1.05052;637;0
2025.03.04 12:30;1.05052;1.05137;1.05042;1.05128;561;0
2025.03.04 12:40;1.05129;1.05195;1.05129;1.05160;570;0
2025.03.04 12:50;1.05160;1.05164;1.05107;1.05113;454;0
2025.03.04 13:00;1.05113;1.05180;1.05097;1.05175;421;0
2025.03.04 13:10;1.05175;1.05196;1.05118;1.05120;492;0
2025.03.04 13:20;1.05120;1.05201;1.05103;1.05179;493;0
2025.03.04 13:30;1.05179;1.05245;1.05168;1.05207;590;0
2025.03.04 13:40;1.05204;1.05283;1.05193;1.05266;459;0
2025.03.04 13:50;1.05266;1.05447;1.05258;1.05444;855;0
2025.03.04 14:00;1.05445;1.05466;1.05361;1.05408;716;0
2025.03.04 14:10;1.05409;1.05470;1.05394;1.05465;707;0
2025.03.04 14:20;1.05468;1.05502;1.05440;1.05493;650;0
2025.03.04 14:30;1.05492;1.05539;1.05442;1.05448;727;0
2025.03.04 14:40;1.05449;1.05532;1.05422;1.05472;629;0
2025.03.04 14:50;1.05472;1.05571;1.05470;1.05531;767;0
2025.03.04 15:00;1.05535;1.05578;1.05500;1.05568;834;0
2025.03.04 15:10;1.05568;1.05595;1.05474;1.05481;769;0
2025.03.04 15:20;1.05477;1.05477;1.05376;1.05396;774;0
2025.03.04 15:30;1.05397;1.05418;1.05348;1.05348;805;0
2025.03.04 15:40;1.05348;1.05400;1.05308;1.05387;923;0
2025.03.04 15:50;1.05388;1.05434;1.05362;1.05388;872;0
2025.03.04 16:00;1.05390;1.05486;1.05378;1.05467;1050;0
2025.03.04 16:10;1.05468;1.05469;1.05304;1.05304;798;0
2025.03.04 16:20;1.05303;1.05334;1.05226;1.05281;794;0
2025.03.04 16:30;1.05282;1.05322;1.05217;1.05224;962;0
2025.03.04 16:40;1.05222;1.05288;1.05221;1.05228;887;0
2025.03.04 16:50;1.05229;1.05278;1.05206;1.05214;864;0
2025.03.04 17:00;1.05214;1.05238;1.05153;1.05235;851;0
2025.03.04 17:10;1.05234;1.05263;1.05044;1.05058;782;0
2025.03.04 17:20;1.05059;1.05152;1.04964;1.05151;1098;0
2025.03.04 17:30;1.05151;1.05155;1.05098;1.05126;842;0
2025.03.04 17:40;1.05130;1.05238;1.05087;1.05230;825;0
2025.03.04 17:50;1.05235;1.05281;1.05214;1.05263;892;0
2025.03.04 18:00;1.05263;1.05294;1.05154;1.05159;802;0
2025.03.04 18:10;1.05165;1.05290;1.05152;1.05288;717;0
2025.03.04 18:20;1.05286;1.05398;1.05254;1.05258;704;0
2025.03.04 18:30;1.05260;1.05303;1.05237;1.05285;869;0
2025.03.04 18:40;1.05284;1.05370;1.05272;1.05344;845;0
2025.03.04 18:50;1.05345;1.05356;1.05295;1.05337;813;0
2025.03.04 19:00;1.05336;1.05407;1.05326;1.05333;715;1
2025.03.04 19:10;1.05332;1.05364;1.05308;1.05331;677;0
2025.03.04 19:20;1.05330;1.05388;1.05322;1.05374;747;0
2025.03.04 19:30;1.05374;1.05414;1.05348;1.05394;640;0
2025.03.04 19:40;1.05397;1.05414;1.05306;1.05402;945;0
2025.03.04 19:50;1.05402;1.05441;1.05388;1.05418;707;0
2025.03.04 20:00;1.05417;1.05568;1.05377;1.05554;883;0
2025.03.04 20:10;1.05549;1.05718;1.05539;1.05643;1163;1
2025.03.04 20:20;1.05643;1.05734;1.05601;1.05728;769;0
2025.03.04 20:30;1.05729;1.05805;1.05703;1.05795;731;0
2025.03.04 20:40;1.05795;1.05826;1.05753;1.05797;674;0
2025.03.04 20:50;1.05800;1.05910;1.05790;1.05906;689;0
2025.03.04 21:00;1.05906;1.05993;1.05899;1.05975;784;0
2025.03.04 21:10;1.05974;1.05978;1.05865;1.05914;594;0
2025.03.04 21:20;1.05914;1.05975;1.05912;1.05951;486;0
2025.03.04 21:30;1.05952;1.05963;1.05914;1.05953;553;0
2025.03.04 21:40;1.05953;1.05993;1.05929;1.05971;456;0
2025.03.04 21:50;1.05971;1.06018;1.05970;1.06007;420;0
2025.03.04 22:00;1.06007;1.06082;1.06007;1.06058;490;1
2025.03.04 22:10;1.06058;1.06210;1.06050;1.06210;517;0
2025.03.04 22:20;1.06210;1.06238;1.06168;1.06171;629;1
2025.03.04 22:30;1.06170;1.06171;1.06052;1.06067;780;1
2025.03.04 22:40;1.06068;1.06136;1.06032;1.06116;608;0
2025.03.04 22:50;1.06107;1.06138;1.06065;1.06085;733;0
2025.03.04 23:00;1.06085;1.06129;1.06085;1.06104;319;0
2025.03.04 23:10;1.06102;1.06187;1.06082;1.06133;606;1
2025.03.04 23:20;1.06132;1.06276;1.06087;1.06244;900;1
2025.03.04 23:30;1.06243;1.06260;1.06174;1.06204;458;0
2025.03.04 23:40;1.06202;1.06238;1.06175;1.06234;354;5
2025.03.04 23:50;1.06234;1.06269;1.06203;1.06251;524;5
2025.03.05 00:00;1.06247;1.06248;1.06188;1.06247;124;24
2025.03.05 00:10;1.06247;1.06250;1.06182;1.06200;197;24
2025.03.05 00:20;1.06199;1.06206;1.06159;1.06168;151;24
2025.03.05 00:30;1.06169;1.06182;1.06168;1.06182;139;24
2025.03.05 00:40;1.06182;1.06184;1.06173;1.06184;79;24
2025.03.05 00:50;1.06184;1.06196;1.06181;1.06192;96;24
2025.03.05 01:00;1.06194;1.06331;1.06190;1.06327;349;0
2025.03.05 01:10;1.06327;1.06371;1.06317;1.06319;352;0
2025.03.05 01:20;1.06317;1.06317;1.06209;1.06263;485;0
2025.03.05 01:30;1.06258;1.06293;1.06223;1.06252;330;0
2025.03.05 01:40;1.06253;1.06258;1.06242;1.06252;276;0
2025.03.05 01:50;1.06253;1.06285;1.06227;1.06231;310;0
2025.03.05 02:00;1.06231;1.06239;1.06152;1.06192;548;0
2025.03.05 02:10;1.06191;1.06195;1.06116;1.06148;481;0
2025.03.05 02:20;1.06148;1.06168;1.06108;1.06164;423;0
2025.03.05 02:30;1.06163;1.06208;1.06139;1.06140;530;0
2025.03.05 02:40;1.06140;1.06199;1.06133;1.06183;506;0
2025.03.05 02:50;1.06182;1.06272;1.06157;1.06211;584;0
2025.03.05 03:00;1.06210;1.06221;1.06149;1.06195;708;0
2025.03.05 03:10;1.06196;1.06254;1.06168;1.06239;612;0
2025.03.05 03:20;1.06240;1.06276;1.06165;1.06170;834;0
2025.03.05 03:30;1.06170;1.06189;1.06085;1.06150;1116;0
2025.03.05 03:40;1.06151;1.06170;1.06115;1.06153;660;0
2025.03.05 03:50;1.06153;1.06184;1.06118;1.06125;555;0
2025.03.05 04:00;1.06125;1.06142;1.06062;1.06092;627;0
2025.03.05 04:10;1.06092;1.06158;1.06074;1.06116;546;0
2025.03.05 04:20;1.06116;1.06117;1.06057;1.06063;579;0
2025.03.05 04:30;1.06064;1.06082;1.06038;1.06061;679;0
2025.03.05 04:40;1.06061;1.06109;1.06051;1.06090;490;0
2025.03.05 04:50;1.06089;1.06095;1.06042;1.06042;534;0
2025.03.05 05:00;1.06040;1.06067;1.06020;1.06042;732;0
2025.03.05 05:10;1.06042;1.06092;1.06036;1.06088;573;0
2025.03.05 05:20;1.06088;1.06099;1.06064;1.06078;542;0
2025.03.05 05:30;1.06079;1.06102;1.06075;1.06086;522;0
2025.03.05 05:40;1.06084;1.06202;1.06059;1.06162;635;0
2025.03.05 05:50;1.06160;1.06185;1.06132;1.06181;487;0
2025.03.05 06:00;1.06181;1.06219;1.06181;1.06218;438;0
2025.03.05 06:10;1.06217;1.06219;1.06177;1.06183;309;0
2025.03.05 06:20;1.06183;1.06184;1.06156;1.06164;348;0
2025.03.05 06:30;1.06164;1.06259;1.06158;1.06242;379;1
2025.03.05 06:40;1.06241;1.06242;1.06192;1.06195;266;1
2025.03.05 06:50;1.06196;1.06196;1.06170;1.06190;386;0
2025.03.05 07:00;1.06190;1.06234;1.06190;1.06234;379;1
2025.03.05 07:10;1.06234;1.06243;1.06214;1.06217;364;1
2025.03.05 07:20;1.06216;1.06218;1.06191;1.06195;290;0
2025.03.05 07:30;1.06195;1.06235;1.06188;1.06227;265;0
2025.03.05 07:40;1.06225;1.06254;1.06218;1.06250;308;0
2025.03.05 07:50;1.06250;1.06323;1.06250;1.06315;288;0
2025.03.05 08:00;1.06315;1.06357;1.06307;1.06342;422;1
2025.03.05 08:10;1.06342;1.06391;1.06332;1.06369;408;1
2025.03.05 08:20;1.06368;1.06368;1.06257;1.06264;457;1
2025.03.05 08:30;1.06266;1.06334;1.06258;1.06330;435;0
2025.03.05 08:40;1.06331;1.06334;1.06249;1.06249;470;0
2025.03.05 08:50;1.06251;1.06345;1.06243;1.06324;427;0
2025.03.05 09:00;1.06327;1.06439;1.06313;1.06337;863;0
2025.03.05 09:10;1.06336;1.06353;1.06297;1.06333;690;0
2025.03.05 09:20;1.06333;1.06563;1.06329;1.06517;902;0
2025.03.05 09:30;1.06521;1.06685;1.06482;1.06653;917;0
2025.03.05 09:40;1.06653;1.06675;1.06519;1.06586;972;0
2025.03.05 09:50;1.06586;1.06764;1.06564;1.06746;882;0
2025.03.05 10:00;1.06741;1.06741;1.06587;1.06720;1114;0
2025.03.05 10:10;1.06720;1.06878;1.06718;1.06877;1001;0
2025.03.05 10:20;1.06875;1.06888;1.06823;1.06878;891;0
2025.03.05 10:30;1.06878;1.06878;1.06738;1.06818;857;0
2025.03.05 10:40;1.06817;1.06949;1.06809;1.06912;894;0
2025.03.05 10:50;1.06913;1.06997;1.06904;1.06980;888;0
2025.03.05 11:00;1.06982;1.07143;1.06967;1.06996;1086;0
2025.03.05 11:10;1.06993;1.07049;1.06955;1.07039;888;0
2025.03.05 11:20;1.07044;1.07129;1.07042;1.07124;810;0
2025.03.05 11:30;1.07123;1.07221;1.07101;1.07107;882;0
2025.03.05 11:40;1.07107;1.07150;1.07068;1.07086;748;0
2025.03.05 11:50;1.07087;1.07187;1.07073;1.07119;749;0
2025.03.05 12:00;1.07119;1.07151;1.07046;1.07049;667;0
2025.03.05 12:10;1.07049;1.07067;1.06990;1.07059;596;0
2025.03.05 12:20;1.07058;1.07071;1.06837;1.06879;863;0
2025.03.05 12:30;1.06878;1.06943;1.06874;1.06916;581;0
2025.03.05 12:40;1.06916;1.06949;1.06898;1.06919;561;0
2025.03.05 12:50;1.06918;1.06975;1.06910;1.06972;513;0
2025.03.05 13:00;1.06973;1.06986;1.06830;1.06841;558;0
2025.03.05 13:10;1.06844;1.06895;1.06819;1.06894;492;0
2025.03.05 13:20;1.06896;1.06900;1.06765;1.06805;569;0
2025.03.05 13:30;1.06803;1.06849;1.06771;1.06838;546;0
2025.03.05 13:40;1.06837;1.06869;1.06795;1.06797;527;0
2025.03.05 13:50;1.06798;1.06840;1.06766;1.06787;635;0
2025.03.05 14:00;1.06787;1.06945;1.06787;1.06940;808;0
2025.03.05 14:10;1.06938;1.06977;1.06926;1.06942;687;0
2025.03.05 14:20;1.06943;1.07033;1.06943;1.07030;650;0
2025.03.05 14:30;1.07031;1.07102;1.07001;1.07096;674;0
2025.03.05 14:40;1.07095;1.07140;1.07003;1.07013;743;0
2025.03.05 14:50;1.07016;1.07017;1.06939;1.06956;826;0
2025.03.05 15:00;1.06959;1.07003;1.06863;1.06938;1197;0
2025.03.05 15:10;1.06940;1.07080;1.06889;1.06996;1020;0
2025.03.05 15:20;1.06988;1.07088;1.06983;1.07070;919;0
2025.03.05 15:30;1.07069;1.07196;1.07057;1.07137;998;0
2025.03.05 15:40;1.07137;1.07225;1.07041;1.07217;894;0
2025.03.05 15:50;1.07215;1.07219;1.07125;1.07158;1003;0
2025.03.05 16:00;1.07158;1.07413;1.07137;1.07322;1086;0
2025.03.05 16:10;1.07322;1.07399;1.07216;1.07283;893;0
2025.03.05 16:20;1.07284;1.07522;1.07258;1.07510;897;0
2025.03.05 16:30;1.07515;1.07638;1.07486;1.07597;1153;0
2025.03.05 16:40;1.07598;1.07770;1.07559;1.07608;1282;0
2025.03.05 16:50;1.07606;1.07721;1.07600;1.07686;1259;0
2025.03.05 17:00;1.07576;1.07694;1.07517;1.07604;1563;0
2025.03.05 17:10;1.07603;1.07608;1.07416;1.07553;1170;0
2025.03.05 17:20;1.07555;1.07562;1.07412;1.07542;1171;0
2025.03.05 17:30;1.07544;1.07615;1.07484;1.07586;960;0
2025.03.05 17:40;1.07587;1.07623;1.07526;1.07565;941;0
2025.03.05 17:50;1.07561;1.07692;1.07543;1.07652;1135;0
2025.03.05 18:00;1.07654;1.07849;1.07613;1.07848;1073;0
2025.03.05 18:10;1.07846;1.07869;1.07708;1.07711;1038;0
2025.03.05 18:20;1.07711;1.07759;1.07697;1.07713;909;0
2025.03.05 18:30;1.07712;1.07727;1.07630;1.07704;937;0
2025.03.05 18:40;1.07706;1.07738;1.07652;1.07690;885;0
2025.03.05 18:50;1.07688;1.07839;1.07619;1.07670;1043;0
2025.03.05 19:00;1.07668;1.07785;1.07624;1.07774;1114;1
2025.03.05 19:10;1.07778;1.07855;1.07728;1.07733;928;1
2025.03.05 19:20;1.07733;1.07864;1.07725;1.07842;725;1
2025.03.05 19:30;1.07842;1.07864;1.07801;1.07841;643;1
2025.03.05 19:40;1.07841;1.07879;1.07820;1.07862;621;1
2025.03.05 19:50;1.07863;1.07871;1.07797;1.07851;764;1
2025.03.05 20:00;1.07852;1.07887;1.07651;1.07699;1046;1
2025.03.05 20:10;1.07698;1.07839;1.07688;1.07826;922;1
2025.03.05 20:20;1.07827;1.07838;1.07725;1.07731;679;0
2025.03.05 20:30;1.07732;1.07786;1.07676;1.07692;761;0
2025.03.05 20:40;1.07690;1.07713;1.07640;1.07662;615;1
2025.03.05 20:50;1.07663;1.07740;1.07657;1.07738;540;0
2025.03.05 21:00;1.07738;1.07757;1.07702;1.07755;521;0
2025.03.05 21:10;1.07755;1.07764;1.07718;1.07753;547;0
2025.03.05 21:20;1.07754;1.07799;1.07733;1.07789;565;1
2025.03.05 21:30;1.07789;1.07853;1.07789;1.07852;374;1
2025.03.05 21:40;1.07852;1.07883;1.07836;1.07882;461;1
2025.03.05 21:50;1.07882;1.07907;1.07874;1.07902;528;1
2025.03.05 22:00;1.07902;1.07941;1.07886;1.07895;353;0
2025.03.05 22:10;1.07892;1.07934;1.07877;1.07934;409;1
2025.03.05 22:20;1.07934;1.07951;1.07917;1.07948;391;0
2025.03.05 22:30;1.07948;1.07949;1.07930;1.07948;391;0
2025.03.05 22:40;1.07948;1.07966;1.07946;1.07961;253;0
2025.03.05 22:50;1.07958;1.07960;1.07908;1.07922;374;1
2025.03.05 23:00;1.07921;1.07927;1.07854;1.07878;287;2
2025.03.05 23:10;1.07878;1.07882;1.07856;1.07867;203;0
2025.03.05 23:20;1.07868;1.07908;1.07863;1.07908;191;0
2025.03.05 23:30;1.07908;1.07919;1.07905;1.07913;249;0
2025.03.05 23:40;1.07911;1.07918;1.07896;1.07908;233;5
2025.03.05 23:50;1.07908;1.07912;1.07879;1.07892;312;5
2025.03.06 00:00;1.07886;1.07903;1.07870;1.07871;53;24
2025.03.06 00:10;1.07871;1.07903;1.07871;1.07895;36;24
2025.03.06 00:20;1.07895;1.07922;1.07888;1.07906;55;24
2025.03.06 00:30;1.07906;1.07918;1.07889;1.07889;119;24
2025.03.06 00:40;1.07890;1.07897;1.07880;1.07895;99;24
2025.03.06 00:50;1.07895;1.07913;1.07886;1.07895;96;24
2025.03.06 01:00;1.07904;1.07949;1.07897;1.07910;207;0
2025.03.06 01:10;1.07915;1.07915;1.07872;1.07887;160;0
2025.03.06 01:20;1.07887;1.07927;1.07885;1.07916;168;0
2025.03.06 01:30;1.07917;1.07924;1.07882;1.07923;175;0
2025.03.06 01:40;1.07922;1.07943;1.07907;1.07936;190;0
2025.03.06 01:50;1.07936;1.07952;1.07932;1.07942;198;0
2025.03.06 02:00;1.07942;1.07983;1.07922;1.07923;305;1
2025.03.06 02:10;1.07923;1.07998;1.07909;1.07993;284;0
2025.03.06 02:20;1.07993;1.07996;1.07872;1.07963;411;2
2025.03.06 02:30;1.07962;1.08011;1.07950;1.07987;342;0
2025.03.06 02:40;1.07987;1.08009;1.07973;1.07991;313;0
2025.03.06 02:50;1.07992;1.08031;1.07933;1.07943;516;0
2025.03.06 03:00;1.07944;1.07971;1.07895;1.07899;568;2
2025.03.06 03:10;1.07899;1.07994;1.07899;1.07982;426;0
2025.03.06 03:20;1.07982;1.08017;1.07981;1.08007;275;0
2025.03.06 03:30;1.08008;1.08091;1.07992;1.08089;463;0
2025.03.06 03:40;1.08089;1.08181;1.08083;1.08142;509;0
2025.03.06 03:50;1.08149;1.08204;1.08144;1.08151;572;0
2025.03.06 04:00;1.08152;1.08192;1.08145;1.08145;520;0
2025.03.06 04:10;1.08137;1.08151;1.08043;1.08049;531;0
2025.03.06 04:20;1.08049;1.08050;1.07978;1.08039;579;0
2025.03.06 04:30;1.08039;1.08092;1.08027;1.08038;447;0
2025.03.06 04:40;1.08037;1.08064;1.08017;1.08040;381;0
2025.03.06 04:50;1.08040;1.08075;1.08035;1.08052;359;0
2025.03.06 05:00;1.08053;1.08055;1.07991;1.07998;423;0
2025.03.06 05:10;1.07998;1.08012;1.07966;1.07966;370;0
2025.03.06 05:20;1.07966;1.07974;1.07927;1.07967;445;0
2025.03.06 05:30;1.07966;1.07973;1.07927;1.07936;355;0
2025.03.06 05:40;1.07935;1.07949;1.07900;1.07905;310;0
2025.03.06 05:50;1.07903;1.07920;1.07881;1.07895;329;0
2025.03.06 06:00;1.07896;1.07897;1.07844;1.07853;417;0
2025.03.06 06:10;1.07856;1.07920;1.07841;1.07918;308;0
2025.03.06 06:20;1.07919;1.07926;1.07890;1.07894;366;0
2025.03.06 06:30;1.07895;1.07954;1.07895;1.07953;354;0
2025.03.06 06:40;1.07953;1.08012;1.07951;1.08011;328;0
2025.03.06 06:50;1.08011;1.08043;1.08005;1.08036;334;0
2025.03.06 07:00;1.08038;1.08073;1.08027;1.08035;356;0
2025.03.06 07:10;1.08035;1.08045;1.08001;1.08007;336;0
2025.03.06 07:20;1.08006;1.08038;1.08005;1.08032;449;0
2025.03.06 07:30;1.08032;1.08069;1.08013;1.08038;442;0
2025.03.06 07:40;1.08038;1.08051;1.08017;1.08044;386;0
2025.03.06 07:50;1.08044;1.08118;1.08033;1.08103;528;0
2025.03.06 08:00;1.08103;1.08169;1.08098;1.08152;517;0
2025.03.06 08:10;1.08151;1.08201;1.08131;1.08165;569;0
2025.03.06 08:20;1.08166;1.08192;1.08092;1.08103;537;0
2025.03.06 08:30;1.08096;1.08105;1.08034;1.08034;445;0
2025.03.06 08:40;1.08034;1.08076;1.08018;1.08041;541;0
2025.03.06 08:50;1.08042;1.08044;1.07990;1.08029;538;0
2025.03.06 09:00;1.08030;1.08144;1.08023;1.08144;780;0
2025.03.06 09:10;1.08145;1.08178;1.08000;1.08009;912;0
2025.03.06 09:20;1.08009;1.08020;1.07918;1.08014;741;0
2025.03.06 09:30;1.08015;1.08080;1.07998;1.08078;722;0
2025.03.06 09:40;1.08077;1.08222;1.08014;1.08167;1103;0
2025.03.06 09:50;1.08163;1.08164;1.07963;1.07992;1133;0
2025.03.06 10:00;1.07993;1.08074;1.07933;1.08066;1190;0
2025.03.06 10:10;1.08065;1.08101;1.07950;1.07964;1051;0
2025.03.06 10:20;1.07964;1.08062;1.07936;1.08030;1096;0
2025.03.06 10:30;1.08026;1.08087;1.07976;1.08022;1077;0
2025.03.06 10:40;1.08021;1.08168;1.07994;1.08097;867;0
2025.03.06 10:50;1.08093;1.08140;1.08010;1.08013;970;0
2025.03.06 11:00;1.08011;1.08030;1.07914;1.07997;886;0
2025.03.06 11:10;1.07997;1.08000;1.07862;1.07871;602;0
2025.03.06 11:20;1.07870;1.07974;1.07862;1.07928;759;0
2025.03.06 11:30;1.07924;1.07927;1.07807;1.07842;905;0
2025.03.06 11:40;1.07842;1.07999;1.07825;1.07979;766;0
2025.03.06 11:50;1.07979;1.08069;1.07978;1.07998;697;0
2025.03.06 12:00;1.07998;1.08022;1.07947;1.08013;745;0
2025.03.06 12:10;1.08013;1.08032;1.07858;1.07861;720;0
2025.03.06 12:20;1.07865;1.07906;1.07830;1.07892;783;0
2025.03.06 12:30;1.07891;1.08016;1.07871;1.08007;588;0
2025.03.06 12:40;1.08005;1.08008;1.07909;1.07932;536;0
2025.03.06 12:50;1.07932;1.07957;1.07888;1.07921;556;0
2025.03.06 13:00;1.07920;1.07957;1.07895;1.07935;500;0
2025.03.06 13:10;1.07935;1.07982;1.07849;1.07923;644;0
2025.03.06 13:20;1.07922;1.07938;1.07831;1.07851;569;0
2025.03.06 13:30;1.07849;1.07969;1.07848;1.07968;537;0
2025.03.06 13:40;1.07968;1.08008;1.07930;1.07933;471;0
2025.03.06 13:50;1.07935;1.08006;1.07911;1.07992;579;0
2025.03.06 14:00;1.07992;1.08030;1.07955;1.08011;540;0
2025.03.06 14:10;1.08011;1.08065;1.07976;1.07988;439;0
2025.03.06 14:20;1.07988;1.08057;1.07971;1.08026;445;0
2025.03.06 14:30;1.08026;1.08072;1.07955;1.08031;620;0
2025.03.06 14:40;1.08032;1.08067;1.07931;1.07937;499;0
2025.03.06 14:50;1.07937;1.08009;1.07880;1.08001;792;0
2025.03.06 15:00;1.08002;1.08015;1.07939;1.07955;777;0
2025.03.06 15:10;1.07954;1.08451;1.07870;1.08276;1266;0
2025.03.06 15:20;1.08281;1.08285;1.08096;1.08152;1101;0
2025.03.06 15:30;1.08150;1.08218;1.08051;1.08205;1019;0
2025.03.06 15:40;1.08210;1.08314;1.08162;1.08293;751;0
2025.03.06 15:50;1.08295;1.08376;1.08206;1.08261;1193;0
2025.03.06 16:00;1.08261;1.08412;1.08113;1.08182;1425;0
2025.03.06 16:10;1.08182;1.08298;1.08165;1.08259;1148;0
2025.03.06 16:20;1.08263;1.08326;1.08168;1.08237;1316;0
2025.03.06 16:30;1.08238;1.08298;1.08150;1.08291;1233;0
2025.03.06 16:40;1.08291;1.08379;1.08228;1.08299;1217;0
2025.03.06 16:50;1.08299;1.08395;1.08269;1.08372;1082;0
2025.03.06 17:00;1.08372;1.08533;1.08362;1.08415;1372;0
2025.03.06 17:10;1.08415;1.08443;1.08244;1.08273;1180;0
2025.03.06 17:20;1.08276;1.08326;1.08237;1.08312;978;0
2025.03.06 17:30;1.08311;1.08312;1.08216;1.08299;1076;0
2025.03.06 17:40;1.08295;1.08313;1.08114;1.08177;963;0
2025.03.06 17:50;1.08178;1.08204;1.08121;1.08172;1007;0
2025.03.06 18:00;1.08173;1.08274;1.08163;1.08255;922;0
2025.03.06 18:10;1.08256;1.08327;1.08234;1.08310;753;0
2025.03.06 18:20;1.08310;1.08375;1.08221;1.08316;840;0
2025.03.06 18:30;1.08321;1.08364;1.08244;1.08260;1327;0
2025.03.06 18:40;1.08259;1.08267;1.08212;1.08228;926;0
2025.03.06 18:50;1.08227;1.08241;1.08153;1.08175;773;0
2025.03.06 19:00;1.08176;1.08224;1.08104;1.08131;846;0
2025.03.06 19:10;1.08130;1.08146;1.08016;1.08039;830;0
2025.03.06 19:20;1.08039;1.08107;1.08006;1.08100;783;0
2025.03.06 19:30;1.08101;1.08113;1.08014;1.08020;679;0
2025.03.06 19:40;1.08019;1.08041;1.07965;1.07968;670;0
2025.03.06 19:50;1.07968;1.07976;1.07916;1.07972;751;0
2025.03.06 20:00;1.07970;1.08016;1.07942;1.07954;669;0
2025.03.06 20:10;1.07954;1.08001;1.07944;1.07954;592;0
2025.03.06 20:20;1.07953;1.07980;1.07865;1.07869;555;0
2025.03.06 20:30;1.07869;1.07896;1.07832;1.07835;475;0
2025.03.06 20:40;1.07835;1.07835;1.07655;1.07781;755;0
2025.03.06 20:50;1.07780;1.07842;1.07735;1.07839;513;0
2025.03.06 21:00;1.07839;1.07878;1.07830;1.07856;444;0
2025.03.06 21:10;1.07856;1.07911;1.07830;1.07908;567;1
2025.03.06 21:20;1.07906;1.07967;1.07906;1.07925;476;0
2025.03.06 21:30;1.07926;1.07978;1.07905;1.07968;474;0
2025.03.06 21:40;1.07968;1.08061;1.07967;1.08058;466;0
2025.03.06 21:50;1.08058;1.08114;1.08016;1.08016;581;0
2025.03.06 22:00;1.08017;1.08031;1.07990;1.08029;524;0
2025.03.06 22:10;1.08029;1.08033;1.07984;1.07995;373;0
2025.03.06 22:20;1.07995;1.08000;1.07958;1.07972;411;0
2025.03.06 22:30;1.07972;1.08008;1.07888;1.07898;545;0
2025.03.06 22:40;1.07899;1.07908;1.07855;1.07908;410;0
2025.03.06 22:50;1.07908;1.07913;1.07861;1.07864;396;0
2025.03.06 23:00;1.07868;1.07904;1.07861;1.07864;236;0
2025.03.06 23:10;1.07863;1.07873;1.07795;1.07799;256;0
2025.03.06 23:20;1.07799;1.07805;1.07749;1.07798;242;0
2025.03.06 23:30;1.07797;1.07831;1.07797;1.07828;271;0
2025.03.06 23:40;1.07824;1.07850;1.07819;1.07840;180;5
2025.03.06 23:50;1.07837;1.07856;1.07833;1.07838;211;5
2025.03.07 00:00;1.07846;1.07873;1.07803;1.07814;105;24
2025.03.07 00:10;1.07814;1.07869;1.07808;1.07858;313;53
2025.03.07 00:20;1.07857;1.07874;1.07816;1.07849;188;25
2025.03.07 00:30;1.07849;1.07887;1.07845;1.07870;104;24
2025.03.07 00:40;1.07871;1.07903;1.07869;1.07885;113;32
2025.03.07 00:50;1.07885;1.07909;1.07878;1.07888;104;49
2025.03.07 01:00;1.07887;1.07939;1.07870;1.07927;252;0
2025.03.07 01:10;1.07927;1.07949;1.07924;1.07944;148;0
2025.03.07 01:20;1.07944;1.07964;1.07933;1.07935;172;0
2025.03.07 01:30;1.07935;1.07942;1.07914;1.07914;279;0
2025.03.07 01:40;1.07915;1.07917;1.07874;1.07891;325;0
2025.03.07 01:50;1.07891;1.07898;1.07846;1.07873;295;0
2025.03.07 02:00;1.07872;1.07936;1.07870;1.07909;404;0
2025.03.07 02:10;1.07911;1.07952;1.07904;1.07929;379;0
2025.03.07 02:20;1.07929;1.07935;1.07888;1.07902;429;0
2025.03.07 02:30;1.07902;1.07943;1.07880;1.07896;480;0
2025.03.07 02:40;1.07895;1.07913;1.07881;1.07889;303;0
2025.03.07 02:50;1.07889;1.07903;1.07875;1.07876;430;0
2025.03.07 03:00;1.07878;1.07927;1.07859;1.07921;490;0
2025.03.07 03:10;1.07922;1.07925;1.07836;1.07849;535;0
2025.03.07 03:20;1.07850;1.07855;1.07812;1.07827;522;0
2025.03.07 03:30;1.07827;1.07860;1.07817;1.07850;631;0
2025.03.07 03:40;1.07851;1.07915;1.07844;1.07912;477;0
2025.03.07 03:50;1.07909;1.07913;1.07878;1.07900;368;0
2025.03.07 04:00;1.07901;1.07929;1.07846;1.07902;447;0
2025.03.07 04:10;1.07903;1.07969;1.07896;1.07941;485;0
2025.03.07 04:20;1.07942;1.07970;1.07932;1.07946;373;0
2025.03.07 04:30;1.07947;1.07962;1.07913;1.07960;526;0
2025.03.07 04:40;1.07961;1.07990;1.07954;1.07959;327;0
2025.03.07 04:50;1.07959;1.07993;1.07958;1.07992;440;0
2025.03.07 05:00;1.07992;1.08000;1.07963;1.08000;455;0
2025.03.07 05:10;1.08000;1.08047;1.07996;1.08040;442;0
2025.03.07 05:20;1.08040;1.08067;1.08022;1.08065;445;0
2025.03.07 05:30;1.08065;1.08147;1.08057;1.08141;391;0
2025.03.07 05:40;1.08141;1.08142;1.08056;1.08056;222;0
2025.03.07 05:50;1.08056;1.08075;1.08049;1.08057;226;0
2025.03.07 06:00;1.08055;1.08109;1.08054;1.08099;229;0
2025.03.07 06:10;1.08098;1.08117;1.08058;1.08067;291;0
2025.03.07 06:20;1.08065;1.08072;1.08029;1.08068;263;0
2025.03.07 06:30;1.08068;1.08092;1.08066;1.08088;300;0
2025.03.07 06:40;1.08089;1.08100;1.08070;1.08097;230;0
2025.03.07 06:50;1.08098;1.08133;1.08095;1.08131;327;0
2025.03.07 07:00;1.08131;1.08148;1.08075;1.08088;288;0
2025.03.07 07:10;1.08089;1.08093;1.08076;1.08089;214;0
2025.03.07 07:20;1.08088;1.08107;1.08083;1.08097;254;0
2025.03.07 07:30;1.08098;1.08142;1.08097;1.08141;305;0
2025.03.07 07:40;1.08142;1.08176;1.08135;1.08146;271;0
2025.03.07 07:50;1.08146;1.08159;1.08116;1.08132;291;0
2025.03.07 08:00;1.08131;1.08141;1.08080;1.08081;484;0
2025.03.07 08:10;1.08081;1.08198;1.08080;1.08193;383;0
2025.03.07 08:20;1.08189;1.08192;1.08158;1.08180;479;0
2025.03.07 08:30;1.08177;1.08223;1.08167;1.08221;426;0
2025.03.07 08:40;1.08221;1.08249;1.08196;1.08237;347;0
2025.03.07 08:50;1.08237;1.08253;1.08224;1.08236;395;0
2025.03.07 09:00;1.08236;1.08291;1.08200;1.08271;675;1
2025.03.07 09:10;1.08271;1.08282;1.08239;1.08266;553;1
2025.03.07 09:20;1.08266;1.08322;1.08266;1.08316;527;0
2025.03.07 09:30;1.08316;1.08356;1.08271;1.08315;634;0
2025.03.07 09:40;1.08316;1.08407;1.08305;1.08377;600;1
2025.03.07 09:50;1.08378;1.08392;1.08290;1.08299;531;0
2025.03.07 10:00;1.08299;1.08342;1.08263;1.08322;758;0
2025.03.07 10:10;1.08323;1.08421;1.08314;1.08395;666;0
2025.03.07 10:20;1.08396;1.08481;1.08368;1.08479;667;0
2025.03.07 10:30;1.08482;1.08551;1.08465;1.08491;697;0
2025.03.07 10:40;1.08491;1.08549;1.08475;1.08523;660;0
2025.03.07 10:50;1.08522;1.08522;1.08442;1.08508;657;0
2025.03.07 11:00;1.08507;1.08514;1.08444;1.08490;676;0
2025.03.07 11:10;1.08487;1.08713;1.08472;1.08615;894;2
2025.03.07 11:20;1.08615;1.08655;1.08577;1.08638;699;1
2025.03.07 11:30;1.08641;1.08664;1.08586;1.08634;587;0
2025.03.07 11:40;1.08633;1.08641;1.08576;1.08636;507;0
2025.03.07 11:50;1.08636;1.08670;1.08604;1.08615;508;0
2025.03.07 12:00;1.08615;1.08665;1.08574;1.08662;525;0
2025.03.07 12:10;1.08661;1.08667;1.08609;1.08621;595;0
2025.03.07 12:20;1.08621;1.08652;1.08600;1.08650;482;0
2025.03.07 12:30;1.08649;1.08669;1.08610;1.08656;616;0
2025.03.07 12:40;1.08656;1.08666;1.08631;1.08645;535;0
2025.03.07 12:50;1.08645;1.08659;1.08578;1.08608;485;0
2025.03.07 13:00;1.08594;1.08594;1.08474;1.08474;589;0
2025.03.07 13:10;1.08473;1.08499;1.08453;1.08479;456;0
2025.03.07 13:20;1.08480;1.08517;1.08456;1.08509;379;0
2025.03.07 13:30;1.08505;1.08510;1.08471;1.08488;480;0
2025.03.07 13:40;1.08489;1.08489;1.08445;1.08465;521;1
2025.03.07 13:50;1.08464;1.08556;1.08454;1.08492;445;1
2025.03.07 14:00;1.08494;1.08530;1.08465;1.08472;675;0
2025.03.07 14:10;1.08470;1.08481;1.08412;1.08439;738;0
2025.03.07 14:20;1.08440;1.08507;1.08416;1.08437;585;0
2025.03.07 14:30;1.08437;1.08505;1.08427;1.08479;641;0
2025.03.07 14:40;1.08480;1.08561;1.08479;1.08561;715;0
2025.03.07 14:50;1.08560;1.08573;1.08459;1.08544;857;0
2025.03.07 15:00;1.08545;1.08583;1.08496;1.08573;718;0
2025.03.07 15:10;1.08573;1.08608;1.08524;1.08580;798;0
2025.03.07 15:20;1.08580;1.08615;1.08522;1.08567;871;0
2025.03.07 15:30;1.08556;1.08888;1.08428;1.08720;1843;0
2025.03.07 15:40;1.08720;1.08804;1.08615;1.08651;1456;0
2025.03.07 15:50;1.08657;1.08723;1.08449;1.08449;1293;0
2025.03.07 16:00;1.08447;1.08667;1.08441;1.08655;1362;0
2025.03.07 16:10;1.08656;1.08677;1.08522;1.08554;1225;0
2025.03.07 16:20;1.08553;1.08708;1.08553;1.08676;1140;0
2025.03.07 16:30;1.08677;1.08821;1.08665;1.08735;1150;0
2025.03.07 16:40;1.08737;1.08746;1.08532;1.08588;1202;0
2025.03.07 16:50;1.08588;1.08661;1.08501;1.08536;1081;0
2025.03.07 17:00;1.08538;1.08581;1.08450;1.08509;1015;0
2025.03.07 17:10;1.08509;1.08624;1.08466;1.08588;894;0
2025.03.07 17:20;1.08587;1.08598;1.08464;1.08517;962;0
2025.03.07 17:30;1.08514;1.08522;1.08390;1.08417;1013;0
2025.03.07 17:40;1.08419;1.08858;1.08355;1.08745;1044;0
2025.03.07 17:50;1.08743;1.08769;1.08577;1.08698;1316;0
2025.03.07 18:00;1.08699;1.08727;1.08523;1.08525;1009;0
2025.03.07 18:10;1.08527;1.08609;1.08522;1.08581;699;0
2025.03.07 18:20;1.08582;1.08648;1.08459;1.08466;727;0
2025.03.07 18:30;1.08466;1.08507;1.08376;1.08466;826;0
2025.03.07 18:40;1.08466;1.08548;1.08431;1.08527;741;0
2025.03.07 18:50;1.08527;1.08590;1.08493;1.08587;661;0
2025.03.07 19:00;1.08589;1.08644;1.08472;1.08531;1038;1
2025.03.07 19:10;1.08531;1.08562;1.08384;1.08425;915;1
2025.03.07 19:20;1.08424;1.08510;1.08409;1.08485;583;0
2025.03.07 19:30;1.08484;1.08486;1.08395;1.08415;798;1
2025.03.07 19:40;1.08415;1.08417;1.08319;1.08336;767;0
2025.03.07 19:50;1.08334;1.08435;1.08320;1.08434;622;0
2025.03.07 20:00;1.08434;1.08445;1.08321;1.08326;674;0
2025.03.07 20:10;1.08327;1.08357;1.08256;1.08308;645;0
2025.03.07 20:20;1.08308;1.08369;1.08294;1.08326;623;0
2025.03.07 20:30;1.08327;1.08349;1.08279;1.08308;468;0
2025.03.07 20:40;1.08309;1.08391;1.08302;1.08361;457;0
2025.03.07 20:50;1.08363;1.08421;1.08363;1.08400;477;0
2025.03.07 21:00;1.08400;1.08404;1.08332;1.08379;572;0
2025.03.07 21:10;1.08378;1.08392;1.08342;1.08387;396;0
2025.03.07 21:20;1.08388;1.08412;1.08372;1.08382;412;0
2025.03.07 21:30;1.08383;1.08435;1.08372;1.08397;400;0
2025.03.07 21:40;1.08396;1.08442;1.08387;1.08403;421;0
2025.03.07 21:50;1.08403;1.08435;1.08400;1.08427;442;0
2025.03.07 22:00;1.08426;1.08457;1.08402;1.08413;548;0
2025.03.07 22:10;1.08412;1.08454;1.08400;1.08452;342;0
2025.03.07 22:20;1.08452;1.08463;1.08431;1.08458;323;0
2025.03.07 22:30;1.08458;1.08481;1.08450;1.08466;336;0
2025.03.07 22:40;1.08466;1.08472;1.08444;1.08447;271;0
2025.03.07 22:50;1.08446;1.08491;1.08436;1.08473;293;0
2025.03.07 23:00;1.08472;1.08510;1.08462;1.08510;215;0
2025.03.07 23:10;1.08510;1.08513;1.08477;1.08478;180;0
2025.03.07 23:20;1.08478;1.08480;1.08397;1.08409;154;0
2025.03.07 23:30;1.08409;1.08416;1.08387;1.08387;139;0
2025.03.07 23:40;1.08386;1.08394;1.08348;1.08350;136;5
2025.03.07 23:50;1.08349;1.08373;1.08343;1.08357;116;5
2025.03.10 00:00;1.08305;1.08327;1.08254;1.08322;21;26
2025.03.10 00:10;1.08322;1.08365;1.08306;1.08309;82;4
2025.03.10 00:20;1.08309;1.08309;1.08289;1.08297;39;38
2025.03.10 00:30;1.08296;1.08336;1.08296;1.08334;145;25
2025.03.10 00:40;1.08334;1.08391;1.08334;1.08388;94;25
2025.03.10 00:50;1.08387;1.08398;1.08386;1.08398;59;25
2025.03.10 01:00;1.08395;1.08596;1.08388;1.08578;328;1
2025.03.10 01:10;1.08579;1.08594;1.08481;1.08486;379;0
2025.03.10 01:20;1.08481;1.08533;1.08447;1.08493;392;0
2025.03.10 01:30;1.08492;1.08554;1.08480;1.08544;345;0
2025.03.10 01:40;1.08543;1.08552;1.08452;1.08478;348;0
2025.03.10 01:50;1.08477;1.08522;1.08458;1.08497;298;0
2025.03.10 02:00;1.08499;1.08576;1.08485;1.08517;486;0
2025.03.10 02:10;1.08517;1.08653;1.08515;1.08637;372;0
2025.03.10 02:20;1.08637;1.08656;1.08616;1.08627;283;0
2025.03.10 02:30;1.08625;1.08631;1.08579;1.08601;267;0
2025.03.10 02:40;1.08602;1.08642;1.08587;1.08624;276;0
2025.03.10 02:50;1.08626;1.08626;1.08575;1.08602;279;0
2025.03.10 03:00;1.08602;1.08608;1.08535;1.08535;507;0
2025.03.10 03:10;1.08535;1.08576;1.08533;1.08575;481;0
2025.03.10 03:20;1.08576;1.08599;1.08527;1.08556;351;0
2025.03.10 03:30;1.08556;1.08593;1.08541;1.08589;305;0
2025.03.10 03:40;1.08589;1.08673;1.08582;1.08664;450;0
2025.03.10 03:50;1.08662;1.08668;1.08627;1.08642;504;0
2025.03.10 04:00;1.08642;1.08712;1.08640;1.08673;560;0
2025.03.10 04:10;1.08672;1.08694;1.08650;1.08660;474;0
2025.03.10 04:20;1.08660;1.08682;1.08603;1.08613;387;0
2025.03.10 04:30;1.08613;1.08640;1.08589;1.08595;499;0
2025.03.10 04:40;1.08594;1.08599;1.08548;1.08551;471;0
2025.03.10 04:50;1.08551;1.08564;1.08527;1.08528;513;0
2025.03.10 05:00;1.08529;1.08559;1.08497;1.08504;474;0
2025.03.10 05:10;1.08503;1.08505;1.08460;1.08465;392;0
2025.03.10 05:20;1.08466;1.08483;1.08460;1.08467;331;0
2025.03.10 05:30;1.08468;1.08494;1.08451;1.08478;383;0
2025.03.10 05:40;1.08478;1.08479;1.08372;1.08376;411;0
2025.03.10 05:50;1.08376;1.08397;1.08357;1.08370;365;0
2025.03.10 06:00;1.08371;1.08385;1.08351;1.08360;416;0
2025.03.10 06:10;1.08361;1.08372;1.08342;1.08361;374;0
2025.03.10 06:20;1.08362;1.08366;1.08313;1.08331;326;0
2025.03.10 06:30;1.08332;1.08346;1.08315;1.08343;316;0
2025.03.10 06:40;1.08343;1.08375;1.08323;1.08374;311;0
2025.03.10 06:50;1.08371;1.08382;1.08301;1.08315;411;0
2025.03.10 07:00;1.08315;1.08359;1.08311;1.08340;286;0
2025.03.10 07:10;1.08339;1.08373;1.08337;1.08361;255;0
2025.03.10 07:20;1.08361;1.08377;1.08355;1.08366;256;0
2025.03.10 07:30;1.08365;1.08370;1.08329;1.08352;285;0
2025.03.10 07:40;1.08355;1.08364;1.08341;1.08345;255;0
2025.03.10 07:50;1.08346;1.08346;1.08304;1.08307;338;0
2025.03.10 08:00;1.08306;1.08322;1.08279;1.08292;402;0
2025.03.10 08:10;1.08292;1.08324;1.08280;1.08285;365;0
2025.03.10 08:20;1.08282;1.08316;1.08281;1.08301;367;0
2025.03.10 08:30;1.08302;1.08346;1.08290;1.08337;413;0
2025.03.10 08:40;1.08338;1.08357;1.08328;1.08328;372;0
2025.03.10 08:50;1.08328;1.08354;1.08304;1.08350;361;0
2025.03.10 09:00;1.08352;1.08394;1.08347;1.08393;402;0
2025.03.10 09:10;1.08393;1.08449;1.08388;1.08425;370;0
2025.03.10 09:20;1.08426;1.08441;1.08391;1.08423;470;1
2025.03.10 09:30;1.08423;1.08444;1.08405;1.08415;379;0
2025.03.10 09:40;1.08413;1.08420;1.08363;1.08375;395;0
2025.03.10 09:50;1.08374;1.08387;1.08347;1.08373;485;0
2025.03.10 10:00;1.08378;1.08440;1.08332;1.08352;692;1
2025.03.10 10:10;1.08352;1.08385;1.08341;1.08354;556;1
2025.03.10 10:20;1.08355;1.08355;1.08301;1.08336;416;0
2025.03.10 10:30;1.08337;1.08380;1.08306;1.08333;535;0
2025.03.10 10:40;1.08331;1.08389;1.08222;1.08222;673;1
2025.03.10 10:50;1.08220;1.08240;1.08109;1.08222;788;2
2025.03.10 11:00;1.08226;1.08243;1.08171;1.08191;969;1
2025.03.10 11:10;1.08190;1.08190;1.08087;1.08165;849;1
2025.03.10 11:20;1.08163;1.08199;1.08119;1.08187;775;0
2025.03.10 11:30;1.08186;1.08219;1.08159;1.08197;711;0
2025.03.10 11:40;1.08196;1.08222;1.08145;1.08150;703;0
2025.03.10 11:50;1.08151;1.08181;1.08048;1.08100;772;0
2025.03.10 12:00;1.08099;1.08166;1.08088;1.08100;644;0
2025.03.10 12:10;1.08100;1.08295;1.08095;1.08281;657;0
2025.03.10 12:20;1.08278;1.08464;1.08275;1.08401;893;2
2025.03.10 12:30;1.08401;1.08483;1.08395;1.08460;687;0
2025.03.10 12:40;1.08458;1.08562;1.08406;1.08552;675;0
2025.03.10 12:50;1.08557;1.08568;1.08483;1.08512;774;0
2025.03.10 13:00;1.08518;1.08610;1.08506;1.08584;731;0
2025.03.10 13:10;1.08583;1.08612;1.08524;1.08552;687;0
2025.03.10 13:20;1.08552;1.08745;1.08537;1.08670;813;0
2025.03.10 13:30;1.08669;1.08708;1.08612;1.08658;604;0
2025.03.10 13:40;1.08658;1.08659;1.08586;1.08587;576;0
2025.03.10 13:50;1.08589;1.08639;1.08569;1.08612;478;0
2025.03.10 14:00;1.08612;1.08646;1.08125;1.08497;1287;0
2025.03.10 14:10;1.08498;1.08569;1.08399;1.08541;1102;0
2025.03.10 14:20;1.08541;1.08562;1.08491;1.08512;644;0
2025.03.10 14:30;1.08513;1.08519;1.08460;1.08460;582;0
2025.03.10 14:40;1.08460;1.08608;1.08446;1.08603;528;0
2025.03.10 14:50;1.08603;1.08609;1.08505;1.08507;544;0
2025.03.10 15:00;1.08508;1.08549;1.08463;1.08516;630;0
2025.03.10 15:10;1.08515;1.08516;1.08452;1.08480;628;0
2025.03.10 15:20;1.08480;1.08559;1.08466;1.08551;640;0
2025.03.10 15:30;1.08552;1.08601;1.08498;1.08500;731;0
2025.03.10 15:40;1.08501;1.08553;1.08452;1.08458;734;0
2025.03.10 15:50;1.08459;1.08499;1.08421;1.08439;633;0
2025.03.10 16:00;1.08440;1.08467;1.08389;1.08444;693;0
2025.03.10 16:10;1.08445;1.08507;1.08420;1.08425;630;0
2025.03.10 16:20;1.08428;1.08471;1.08405;1.08450;524;0
2025.03.10 16:30;1.08441;1.08460;1.08408;1.08434;685;0
2025.03.10 16:40;1.08433;1.08456;1.08341;1.08369;702;0
2025.03.10 16:50;1.08369;1.08374;1.08333;1.08352;751;0
2025.03.10 17:00;1.08351;1.08407;1.08316;1.08390;862;0
2025.03.10 17:10;1.08389;1.08468;1.08353;1.08379;809;0
2025.03.10 17:20;1.08381;1.08438;1.08338;1.08375;669;0
2025.03.10 17:30;1.08379;1.08392;1.08318;1.08358;708;0
2025.03.10 17:40;1.08354;1.08442;1.08343;1.08417;715;0
2025.03.10 17:50;1.08415;1.08456;1.08401;1.08452;651;0
2025.03.10 18:00;1.08452;1.08482;1.08321;1.08322;784;0
2025.03.10 18:10;1.08323;1.08351;1.08280;1.08322;623;0
2025.03.10 18:20;1.08323;1.08407;1.08317;1.08399;725;0
2025.03.10 18:30;1.08401;1.08410;1.08269;1.08273;752;0
2025.03.10 18:40;1.08271;1.08299;1.08208;1.08230;635;0
2025.03.10 18:50;1.08231;1.08378;1.08230;1.08372;753;0
2025.03.10 19:00;1.08370;1.08394;1.08338;1.08354;785;0
2025.03.10 19:10;1.08353;1.08403;1.08336;1.08361;627;0
2025.03.10 19:20;1.08362;1.08414;1.08338;1.08350;438;0
2025.03.10 19:30;1.08349;1.08418;1.08349;1.08352;547;0
2025.03.10 19:40;1.08351;1.08354;1.08280;1.08296;399;0
2025.03.10 19:50;1.08297;1.08322;1.08282;1.08304;470;0
2025.03.10 20:00;1.08303;1.08343;1.08256;1.08318;536;0
2025.03.10 20:10;1.08319;1.08368;1.08318;1.08360;470;0
2025.03.10 20:20;1.08360;1.08394;1.08333;1.08367;570;0
2025.03.10 20:30;1.08368;1.08432;1.08351;1.08409;423;0
2025.03.10 20:40;1.08410;1.08456;1.08400;1.08435;329;0
2025.03.10 20:50;1.08434;1.08434;1.08288;1.08297;480;0
2025.03.10 21:00;1.08298;1.08298;1.08232;1.08265;456;0
2025.03.10 21:10;1.08265;1.08350;1.08209;1.08219;795;0
2025.03.10 21:20;1.08220;1.08243;1.08184;1.08190;474;1
2025.03.10 21:30;1.08191;1.08237;1.08178;1.08237;320;0
2025.03.10 21:40;1.08237;1.08289;1.08230;1.08279;356;1
2025.03.10 21:50;1.08274;1.08303;1.08263;1.08296;435;1
2025.03.10 22:00;1.08296;1.08296;1.08174;1.08203;446;0
2025.03.10 22:10;1.08204;1.08258;1.08194;1.08239;412;0
2025.03.10 22:20;1.08240;1.08302;1.08221;1.08274;350;0
2025.03.10 22:30;1.08274;1.08280;1.08191;1.08203;361;0
2025.03.10 22:40;1.08204;1.08267;1.08195;1.08264;349;0
2025.03.10 22:50;1.08265;1.08326;1.08258;1.08317;384;0
2025.03.10 23:00;1.08318;1.08352;1.08305;1.08334;289;0
2025.03.10 23:10;1.08334;1.08337;1.08302;1.08334;122;0
2025.03.10 23:20;1.08334;1.08334;1.08266;1.08272;178;0
2025.03.10 23:30;1.08271;1.08292;1.08257;1.08273;149;0
2025.03.10 23:40;1.08272;1.08313;1.08272;1.08311;138;5
2025.03.10 23:50;1.08311;1.08360;1.08294;1.08357;423;5
2025.03.11 00:00;1.08326;1.08328;1.08249;1.08319;57;24
2025.03.11 00:10;1.08320;1.08322;1.08320;1.08322;15;26
2025.03.11 00:20;1.08322;1.08324;1.08312;1.08322;26;24
2025.03.11 00:30;1.08319;1.08336;1.08317;1.08336;37;24
2025.03.11 00:40;1.08336;1.08352;1.08334;1.08349;71;24
2025.03.11 00:50;1.08348;1.08352;1.08341;1.08342;53;24
2025.03.11 01:00;1.08354;1.08370;1.08339;1.08358;194;0
2025.03.11 01:10;1.08358;1.08415;1.08346;1.08399;203;0
2025.03.11 01:20;1.08398;1.08407;1.08370;1.08373;170;0
2025.03.11 01:30;1.08373;1.08377;1.08367;1.08372;160;0
2025.03.11 01:40;1.08372;1.08385;1.08368;1.08370;162;0
2025.03.11 01:50;1.08368;1.08373;1.08331;1.08348;195;0
2025.03.11 02:00;1.08352;1.08436;1.08351;1.08412;273;0
2025.03.11 02:10;1.08412;1.08429;1.08388;1.08389;288;0
2025.03.11 02:20;1.08389;1.08430;1.08388;1.08420;246;0
2025.03.11 02:30;1.08420;1.08432;1.08413;1.08416;363;0
2025.03.11 02:40;1.08416;1.08424;1.08394;1.08418;197;0
2025.03.11 02:50;1.08417;1.08423;1.08383;1.08392;225;0
2025.03.11 03:00;1.08394;1.08486;1.08390;1.08450;446;0
2025.03.11 03:10;1.08451;1.08462;1.08425;1.08455;325;0
2025.03.11 03:20;1.08455;1.08463;1.08426;1.08462;330;0
2025.03.11 03:30;1.08461;1.08463;1.08419;1.08455;373;0
2025.03.11 03:40;1.08455;1.08488;1.08439;1.08450;475;0
2025.03.11 03:50;1.08450;1.08535;1.08450;1.08516;688;0
2025.03.11 04:00;1.08517;1.08532;1.08447;1.08473;665;0
2025.03.11 04:10;1.08473;1.08512;1.08460;1.08488;565;0
2025.03.11 04:20;1.08488;1.08505;1.08458;1.08478;470;0
2025.03.11 04:30;1.08478;1.08490;1.08437;1.08461;542;0
2025.03.11 04:40;1.08462;1.08557;1.08461;1.08547;520;0
2025.03.11 04:50;1.08547;1.08587;1.08538;1.08581;509;0
2025.03.11 05:00;1.08582;1.08601;1.08558;1.08594;476;0
2025.03.11 05:10;1.08596;1.08605;1.08570;1.08575;553;0
2025.03.11 05:20;1.08573;1.08586;1.08552;1.08560;457;0
2025.03.11 05:30;1.08559;1.08560;1.08526;1.08540;494;0
2025.03.11 05:40;1.08539;1.08553;1.08501;1.08511;355;0
2025.03.11 05:50;1.08510;1.08584;1.08510;1.08560;370;0
2025.03.11 06:00;1.08561;1.08580;1.08556;1.08574;388;0
2025.03.11 06:10;1.08574;1.08599;1.08496;1.08530;487;0
2025.03.11 06:20;1.08535;1.08555;1.08500;1.08502;385;0
2025.03.11 06:30;1.08502;1.08539;1.08490;1.08532;330;0
2025.03.11 06:40;1.08536;1.08539;1.08493;1.08497;306;0
2025.03.11 06:50;1.08497;1.08547;1.08488;1.08545;249;0
2025.03.11 07:00;1.08542;1.08546;1.08504;1.08536;255;0
2025.03.11 07:10;1.08536;1.08567;1.08534;1.08554;273;0
2025.03.11 07:20;1.08554;1.08569;1.08526;1.08563;268;0
2025.03.11 07:30;1.08563;1.08615;1.08563;1.08598;306;0
2025.03.11 07:40;1.08598;1.08600;1.08532;1.08536;283;0
2025.03.11 07:50;1.08538;1.08560;1.08528;1.08545;249;0
2025.03.11 08:00;1.08545;1.08557;1.08486;1.08488;346;0
2025.03.11 08:10;1.08487;1.08497;1.08441;1.08443;475;0
2025.03.11 08:20;1.08442;1.08456;1.08417;1.08452;347;0
2025.03.11 08:30;1.08451;1.08481;1.08424;1.08425;255;0
2025.03.11 08:40;1.08426;1.08426;1.08356;1.08391;369;0
2025.03.11 08:50;1.08391;1.08405;1.08359;1.08385;372;0
2025.03.11 09:00;1.08384;1.08410;1.08372;1.08387;333;0
2025.03.11 09:10;1.08387;1.08444;1.08366;1.08427;345;0
2025.03.11 09:20;1.08427;1.08689;1.08425;1.08617;951;1
2025.03.11 09:30;1.08617;1.08761;1.08617;1.08643;647;1
2025.03.11 09:40;1.08634;1.08676;1.08613;1.08652;525;0
2025.03.11 09:50;1.08652;1.08652;1.08543;1.08565;479;0
2025.03.11 10:00;1.08561;1.08686;1.08554;1.08666;685;0
2025.03.11 10:10;1.08664;1.08753;1.08664;1.08704;744;1
2025.03.11 10:20;1.08705;1.08811;1.08697;1.08757;774;1
2025.03.11 10:30;1.08756;1.08865;1.08725;1.08850;653;0
2025.03.11 10:40;1.08848;1.09015;1.08816;1.08973;930;2
2025.03.11 10:50;1.08978;1.09000;1.08901;1.08906;809;1
2025.03.11 11:00;1.08907;1.08939;1.08855;1.08877;946;0
2025.03.11 11:10;1.08876;1.09040;1.08849;1.09023;878;0
2025.03.11 11:20;1.09023;1.09052;1.08991;1.09032;709;0
2025.03.11 11:30;1.09031;1.09031;1.08946;1.08993;700;0
2025.03.11 11:40;1.08992;1.09152;1.08943;1.09105;741;0
2025.03.11 11:50;1.09104;1.09192;1.09100;1.09172;760;0
2025.03.11 12:00;1.09170;1.09211;1.09101;1.09120;756;0
2025.03.11 12:10;1.09120;1.09139;1.09015;1.09025;649;0
2025.03.11 12:20;1.09025;1.09077;1.09025;1.09051;527;0
2025.03.11 12:30;1.09050;1.09081;1.08981;1.09001;532;0
2025.03.11 12:40;1.09003;1.09178;1.08962;1.09167;627;1
2025.03.11 12:50;1.09167;1.09196;1.09083;1.09086;723;1
2025.03.11 13:00;1.09083;1.09083;1.08951;1.08961;676;0
2025.03.11 13:10;1.08962;1.08971;1.08894;1.08912;498;0
2025.03.11 13:20;1.08911;1.08916;1.08844;1.08898;443;0
2025.03.11 13:30;1.08897;1.08920;1.08824;1.08920;478;0
2025.03.11 13:40;1.08919;1.08982;1.08870;1.08981;481;0
2025.03.11 13:50;1.08981;1.08981;1.08885;1.08906;442;0
2025.03.11 14:00;1.08905;1.08905;1.08812;1.08904;689;0
2025.03.11 14:10;1.08903;1.08907;1.08851;1.08902;447;0
2025.03.11 14:20;1.08902;1.08964;1.08902;1.08955;399;0
2025.03.11 14:30;1.08955;1.08981;1.08942;1.08961;478;0
2025.03.11 14:40;1.08960;1.08997;1.08932;1.08943;422;0
2025.03.11 14:50;1.08941;1.09048;1.08935;1.09046;611;0
2025.03.11 15:00;1.09047;1.09141;1.09032;1.09046;799;0
2025.03.11 15:10;1.09046;1.09096;1.09025;1.09058;663;0
2025.03.11 15:20;1.09058;1.09094;1.09051;1.09076;593;0
2025.03.11 15:30;1.09075;1.09162;1.09063;1.09145;700;0
2025.03.11 15:40;1.09144;1.09192;1.09118;1.09160;628;0
2025.03.11 15:50;1.09159;1.09204;1.09149;1.09182;700;0
2025.03.11 16:00;1.09181;1.09198;1.09121;1.09125;780;0
2025.03.11 16:10;1.09124;1.09189;1.09114;1.09166;738;0
2025.03.11 16:20;1.09166;1.09236;1.09155;1.09230;597;0
2025.03.11 16:30;1.09233;1.09260;1.09200;1.09210;748;0
2025.03.11 16:40;1.09213;1.09307;1.09207;1.09264;749;0
2025.03.11 16:50;1.09264;1.09264;1.09176;1.09193;791;0
2025.03.11 17:00;1.09193;1.09205;1.09067;1.09107;1452;0
2025.03.11 17:10;1.09107;1.09160;1.09003;1.09123;1159;0
2025.03.11 17:20;1.09124;1.09153;1.08949;1.09005;1133;0
2025.03.11 17:30;1.09003;1.09083;1.09002;1.09052;882;0
2025.03.11 17:40;1.09055;1.09183;1.09054;1.09167;921;0
2025.03.11 17:50;1.09168;1.09197;1.09119;1.09191;817;0
2025.03.11 18:00;1.09193;1.09227;1.09165;1.09195;770;0
2025.03.11 18:10;1.09194;1.09205;1.09122;1.09176;889;0
2025.03.11 18:20;1.09175;1.09217;1.09147;1.09174;817;0
2025.03.11 18:30;1.09173;1.09216;1.09153;1.09213;771;0
2025.03.11 18:40;1.09212;1.09228;1.09180;1.09200;583;0
2025.03.11 18:50;1.09198;1.09288;1.09172;1.09272;767;0
2025.03.11 19:00;1.09273;1.09274;1.09197;1.09200;683;0
2025.03.11 19:10;1.09200;1.09292;1.09179;1.09290;585;0
2025.03.11 19:20;1.09291;1.09297;1.09224;1.09225;460;0
2025.03.11 19:30;1.09225;1.09263;1.09200;1.09243;512;0
2025.03.11 19:40;1.09240;1.09275;1.09224;1.09248;468;0
2025.03.11 19:50;1.09247;1.09283;1.09245;1.09252;530;0
2025.03.11 20:00;1.09252;1.09289;1.09241;1.09284;540;0
2025.03.11 20:10;1.09284;1.09317;1.09273;1.09279;448;0
2025.03.11 20:20;1.09280;1.09306;1.09265;1.09289;519;0
2025.03.11 20:30;1.09287;1.09324;1.09267;1.09277;431;0
2025.03.11 20:40;1.09278;1.09307;1.09266;1.09300;434;0
2025.03.11 20:50;1.09301;1.09350;1.09267;1.09341;407;0
2025.03.11 21:00;1.09342;1.09409;1.09325;1.09369;658;1
2025.03.11 21:10;1.09370;1.09462;1.09370;1.09429;684;0
2025.03.11 21:20;1.09430;1.09473;1.09409;1.09413;588;0
2025.03.11 21:30;1.09413;1.09413;1.09363;1.09370;465;0
2025.03.11 21:40;1.09370;1.09431;1.09345;1.09349;940;1
2025.03.11 21:50;1.09350;1.09352;1.09252;1.09311;694;0
2025.03.11 22:00;1.09310;1.09338;1.09289;1.09298;734;0
2025.03.11 22:10;1.09297;1.09306;1.09271;1.09305;543;0
2025.03.11 22:20;1.09309;1.09320;1.09267;1.09275;418;0
2025.03.11 22:30;1.09275;1.09320;1.09275;1.09290;336;1
2025.03.11 22:40;1.09289;1.09293;1.09279;1.09286;249;0
2025.03.11 22:50;1.09283;1.09288;1.09195;1.09198;430;1
2025.03.11 23:00;1.09199;1.09211;1.09183;1.09191;257;0
2025.03.11 23:10;1.09191;1.09191;1.09145;1.09156;191;0
2025.03.11 23:20;1.09154;1.09154;1.09124;1.09124;235;0
2025.03.11 23:30;1.09125;1.09165;1.09101;1.09165;177;0
2025.03.11 23:40;1.09163;1.09177;1.09158;1.09165;229;5
2025.03.11 23:50;1.09164;1.09195;1.09164;1.09193;242;5
2025.03.12 00:00;1.09167;1.09193;1.09158;1.09159;100;24
2025.03.12 00:10;1.09161;1.09163;1.09145;1.09150;119;24
2025.03.12 00:20;1.09156;1.09159;1.09071;1.09125;145;24
2025.03.12 00:30;1.09131;1.09146;1.09117;1.09124;181;24
2025.03.12 00:40;1.09123;1.09142;1.09107;1.09109;163;24
2025.03.12 00:50;1.09109;1.09111;1.09101;1.09103;72;24
2025.03.12 01:00;1.09104;1.09159;1.09102;1.09158;263;0
2025.03.12 01:10;1.09159;1.09184;1.09141;1.09157;192;0
2025.03.12 01:20;1.09157;1.09165;1.09144;1.09153;205;0
2025.03.12 01:30;1.09152;1.09155;1.09137;1.09142;203;0
2025.03.12 01:40;1.09142;1.09162;1.09134;1.09156;196;0
2025.03.12 01:50;1.09157;1.09166;1.09152;1.09158;210;0
2025.03.12 02:00;1.09157;1.09160;1.09142;1.09156;220;0
2025.03.12 02:10;1.09155;1.09177;1.09133;1.09146;163;0
2025.03.12 02:20;1.09145;1.09170;1.09132;1.09168;195;0
2025.03.12 02:30;1.09167;1.09173;1.09144;1.09147;154;0
2025.03.12 02:40;1.09147;1.09162;1.09142;1.09147;162;0
2025.03.12 02:50;1.09148;1.09162;1.09135;1.09142;234;0
2025.03.12 03:00;1.09141;1.09156;1.09121;1.09139;423;0
2025.03.12 03:10;1.09138;1.09148;1.09115;1.09127;344;0
2025.03.12 03:20;1.09128;1.09134;1.09119;1.09125;260;0
2025.03.12 03:30;1.09124;1.09127;1.09086;1.09086;319;0
2025.03.12 03:40;1.09087;1.09090;1.09056;1.09080;420;0
2025.03.12 03:50;1.09079;1.09095;1.09073;1.09090;414;0
2025.03.12 04:00;1.09092;1.09113;1.09065;1.09071;427;0
2025.03.12 04:10;1.09070;1.09088;1.09062;1.09071;387;0
2025.03.12 04:20;1.09071;1.09128;1.09070;1.09115;433;0
2025.03.12 04:30;1.09114;1.09154;1.09101;1.09125;596;0
2025.03.12 04:40;1.09125;1.09128;1.09087;1.09092;618;0
2025.03.12 04:50;1.09093;1.09093;1.09060;1.09065;459;0
2025.03.12 05:00;1.09065;1.09101;1.09056;1.09089;560;0
2025.03.12 05:10;1.09090;1.09115;1.09076;1.09082;498;0
2025.03.12 05:20;1.09081;1.09083;1.09057;1.09063;451;0
2025.03.12 05:30;1.09063;1.09082;1.09058;1.09063;388;0
2025.03.12 05:40;1.09064;1.09073;1.09049;1.09061;428;0
2025.03.12 05:50;1.09061;1.09063;1.09035;1.09037;324;0
2025.03.12 06:00;1.09037;1.09048;1.09030;1.09030;357;0
2025.03.12 06:10;1.09031;1.09042;1.09002;1.09004;350;0
2025.03.12 06:20;1.09004;1.09006;1.08971;1.08996;380;0
2025.03.12 06:30;1.08996;1.08996;1.08968;1.08974;277;0
2025.03.12 06:40;1.08975;1.08981;1.08962;1.08968;197;0
2025.03.12 06:50;1.08968;1.08980;1.08960;1.08972;238;1
2025.03.12 07:00;1.08972;1.08986;1.08957;1.08963;307;0
2025.03.12 07:10;1.08963;1.08985;1.08963;1.08977;282;0
2025.03.12 07:20;1.08976;1.09027;1.08975;1.09017;231;0
2025.03.12 07:30;1.09018;1.09018;1.08976;1.09011;210;0
2025.03.12 07:40;1.09011;1.09024;1.09003;1.09014;226;0
2025.03.12 07:50;1.09013;1.09027;1.08978;1.08988;281;0
2025.03.12 08:00;1.08990;1.08990;1.08958;1.08972;430;1
2025.03.12 08:10;1.08972;1.08978;1.08952;1.08962;350;0
2025.03.12 08:20;1.08961;1.08983;1.08957;1.08963;335;0
2025.03.12 08:30;1.08965;1.09006;1.08965;1.08997;335;0
2025.03.12 08:40;1.08995;1.09024;1.08989;1.09023;312;0
2025.03.12 08:50;1.09025;1.09044;1.09016;1.09034;336;0
2025.03.12 09:00;1.09033;1.09088;1.09026;1.09083;414;1
2025.03.12 09:10;1.09083;1.09085;1.09036;1.09046;481;1
2025.03.12 09:20;1.09044;1.09052;1.09017;1.09038;491;0
2025.03.12 09:30;1.09037;1.09047;1.09008;1.09013;440;0
2025.03.12 09:40;1.09013;1.09032;1.08964;1.08971;381;0
2025.03.12 09:50;1.08971;1.08990;1.08919;1.08922;456;2
2025.03.12 10:00;1.08921;1.08951;1.08874;1.08889;741;2
2025.03.12 10:10;1.08883;1.08973;1.08883;1.08940;675;1
2025.03.12 10:20;1.08937;1.08981;1.08896;1.08948;583;1
2025.03.12 10:30;1.08947;1.08982;1.08923;1.08969;487;0
2025.03.12 10:40;1.08969;1.09023;1.08914;1.08922;526;0
2025.03.12 10:50;1.08924;1.09031;1.08924;1.09016;552;1
2025.03.12 11:00;1.09017;1.09078;1.08977;1.09028;727;2
2025.03.12 11:10;1.09028;1.09102;1.08987;1.09089;736;1
2025.03.12 11:20;1.09089;1.09132;1.09082;1.09093;602;0
2025.03.12 11:30;1.09087;1.09157;1.09073;1.09157;605;0
2025.03.12 11:40;1.09158;1.09184;1.09068;1.09072;652;0
2025.03.12 11:50;1.09072;1.09217;1.09061;1.09215;1023;1
2025.03.12 12:00;1.09215;1.09254;1.09149;1.09249;763;0
2025.03.12 12:10;1.09245;1.09245;1.09173;1.09218;607;0
2025.03.12 12:20;1.09217;1.09248;1.09186;1.09217;559;0
2025.03.12 12:30;1.09218;1.09261;1.09212;1.09222;567;0
2025.03.12 12:40;1.09222;1.09251;1.09134;1.09160;692;1
2025.03.12 12:50;1.09157;1.09200;1.09145;1.09145;588;0
2025.03.12 13:00;1.09143;1.09199;1.09117;1.09191;577;0
2025.03.12 13:10;1.09191;1.09211;1.09142;1.09148;382;0
2025.03.12 13:20;1.09147;1.09153;1.09121;1.09142;413;0
2025.03.12 13:30;1.09141;1.09154;1.09050;1.09055;432;0
2025.03.12 13:40;1.09056;1.09099;1.09046;1.09070;412;0
2025.03.12 13:50;1.09070;1.09076;1.09050;1.09063;352;0
2025.03.12 14:00;1.09063;1.09115;1.09055;1.09085;552;0
2025.03.12 14:10;1.09085;1.09128;1.09065;1.09110;531;0
2025.03.12 14:20;1.09111;1.09129;1.09092;1.09118;471;0
2025.03.12 14:30;1.09117;1.09128;1.09049;1.09056;550;0
2025.03.12 14:40;1.09056;1.09062;1.09014;1.09018;602;0
2025.03.12 14:50;1.09019;1.09034;1.08994;1.09010;619;0
2025.03.12 15:00;1.09005;1.09014;1.08941;1.08955;598;0
2025.03.12 15:10;1.08951;1.08972;1.08919;1.08966;712;0
2025.03.12 15:20;1.08968;1.08982;1.08884;1.08893;759;0
2025.03.12 15:30;1.08900;1.09304;1.08780;1.08929;1769;2
2025.03.12 15:40;1.08929;1.09031;1.08866;1.08967;1354;0
2025.03.12 15:50;1.08967;1.08994;1.08762;1.08781;1261;0
2025.03.12 16:00;1.08781;1.08889;1.08771;1.08864;1084;0
2025.03.12 16:10;1.08866;1.08948;1.08834;1.08931;986;0
2025.03.12 16:20;1.08929;1.08964;1.08864;1.08918;839;0
2025.03.12 16:30;1.08923;1.08936;1.08812;1.08848;1007;0
2025.03.12 16:40;1.08848;1.08906;1.08798;1.08865;936;0
2025.03.12 16:50;1.08860;1.08932;1.08757;1.08822;1221;0
2025.03.12 17:00;1.08821;1.08912;1.08812;1.08862;958;0
2025.03.12 17:10;1.08861;1.08920;1.08853;1.08900;851;0
2025.03.12 17:20;1.08899;1.08948;1.08852;1.08918;828;0
2025.03.12 17:30;1.08922;1.08963;1.08887;1.08924;740;0
2025.03.12 17:40;1.08926;1.09062;1.08916;1.09061;769;0
2025.03.12 17:50;1.09063;1.09137;1.09036;1.09129;721;0
2025.03.12 18:00;1.09128;1.09178;1.09101;1.09157;736;0
2025.03.12 18:10;1.09158;1.09187;1.09116;1.09127;700;0
2025.03.12 18:20;1.09126;1.09223;1.09108;1.09191;649;0
2025.03.12 18:30;1.09190;1.09234;1.09161;1.09212;646;0
2025.03.12 18:40;1.09212;1.09216;1.09115;1.09144;609;0
2025.03.12 18:50;1.09144;1.09242;1.09122;1.09242;741;0
2025.03.12 19:00;1.09242;1.09247;1.09182;1.09233;597;1
2025.03.12 19:10;1.09228;1.09279;1.09172;1.09210;712;0
2025.03.12 19:20;1.09209;1.09212;1.09138;1.09153;571;0
2025.03.12 19:30;1.09153;1.09163;1.09124;1.09137;465;0
2025.03.12 19:40;1.09141;1.09151;1.09076;1.09082;383;0
2025.03.12 19:50;1.09082;1.09099;1.09057;1.09058;464;0
2025.03.12 20:00;1.09057;1.09070;1.09033;1.09052;587;0
2025.03.12 20:10;1.09052;1.09109;1.09036;1.09101;423;0
2025.03.12 20:20;1.09102;1.09132;1.09087;1.09129;344;0
2025.03.12 20:30;1.09128;1.09142;1.09053;1.09059;427;0
2025.03.12 20:40;1.09058;1.09100;1.09044;1.09059;443;0
2025.03.12 20:50;1.09060;1.09085;1.09056;1.09070;428;0
2025.03.12 21:00;1.09070;1.09096;1.09031;1.09046;357;0
2025.03.12 21:10;1.09047;1.09060;1.09003;1.09016;403;0
2025.03.12 21:20;1.09017;1.09018;1.08967;1.08970;417;0
2025.03.12 21:30;1.08970;1.08970;1.08856;1.08868;306;0
2025.03.12 21:40;1.08869;1.08870;1.08797;1.08849;411;0
2025.03.12 21:50;1.08852;1.08864;1.08807;1.08847;529;0
2025.03.12 22:00;1.08846;1.08873;1.08831;1.08873;432;0
2025.03.12 22:10;1.08873;1.08909;1.08863;1.08893;362;0
2025.03.12 22:20;1.08891;1.08961;1.08878;1.08943;393;0
2025.03.12 22:30;1.08942;1.08963;1.08882;1.08901;340;0
2025.03.12 22:40;1.08900;1.08977;1.08900;1.08973;317;0
2025.03.12 22:50;1.08968;1.08968;1.08902;1.08902;331;0
2025.03.12 23:00;1.08903;1.08934;1.08886;1.08934;171;0
2025.03.12 23:10;1.08933;1.08937;1.08872;1.08918;199;0
2025.03.12 23:20;1.08918;1.08919;1.08890;1.08908;170;0
2025.03.12 23:30;1.08908;1.08909;1.08889;1.08894;168;0
2025.03.12 23:40;1.08892;1.08897;1.08876;1.08881;195;5
2025.03.12 23:50;1.08880;1.08891;1.08865;1.08871;214;5
2025.03.13 00:00;1.08824;1.08895;1.08824;1.08890;50;24
2025.03.13 00:10;1.08890;1.08890;1.08876;1.08876;35;24
2025.03.13 00:20;1.08875;1.08876;1.08855;1.08869;46;24
2025.03.13 00:30;1.08867;1.08873;1.08858;1.08873;50;24
2025.03.13 00:40;1.08874;1.08876;1.08860;1.08867;75;24
2025.03.13 00:50;1.08867;1.08870;1.08857;1.08859;54;24
2025.03.13 01:00;1.08869;1.08899;1.08869;1.08883;131;1
2025.03.13 01:10;1.08883;1.08889;1.08876;1.08885;121;1
2025.03.13 01:20;1.08884;1.08890;1.08878;1.08885;115;1
2025.03.13 01:30;1.08884;1.08899;1.08884;1.08890;72;1
2025.03.13 01:40;1.08890;1.08893;1.08875;1.08878;135;1
2025.03.13 01:50;1.08878;1.08896;1.08877;1.08893;74;0
2025.03.13 02:00;1.08893;1.08898;1.08881;1.08882;131;0
2025.03.13 02:10;1.08881;1.08884;1.08860;1.08861;131;2
2025.03.13 02:20;1.08862;1.08867;1.08848;1.08848;106;0
2025.03.13 02:30;1.08848;1.08861;1.08847;1.08849;124;0
2025.03.13 02:40;1.08848;1.08851;1.08832;1.08838;106;0
2025.03.13 02:50;1.08838;1.08864;1.08838;1.08852;101;0
2025.03.13 03:00;1.08853;1.08866;1.08849;1.08850;237;0
2025.03.13 03:10;1.08851;1.08852;1.08825;1.08847;232;0
2025.03.13 03:20;1.08848;1.08866;1.08846;1.08850;140;0
2025.03.13 03:30;1.08850;1.08862;1.08845;1.08855;147;0
2025.03.13 03:40;1.08857;1.08883;1.08849;1.08883;180;0
2025.03.13 03:50;1.08885;1.08917;1.08875;1.08914;307;2
2025.03.13 04:00;1.08916;1.08932;1.08883;1.08884;350;1
2025.03.13 04:10;1.08886;1.08906;1.08881;1.08883;257;0
2025.03.13 04:20;1.08883;1.08909;1.08864;1.08893;246;1
2025.03.13 04:30;1.08896;1.08911;1.08870;1.08878;380;1
2025.03.13 04:40;1.08879;1.08891;1.08864;1.08869;349;0
2025.03.13 04:50;1.08869;1.08918;1.08869;1.08892;336;0
2025.03.13 05:00;1.08892;1.08923;1.08889;1.08922;291;0
2025.03.13 05:10;1.08921;1.08969;1.08916;1.08949;262;0
2025.03.13 05:20;1.08949;1.08954;1.08936;1.08941;271;0
2025.03.13 05:30;1.08942;1.08957;1.08924;1.08953;313;0
2025.03.13 05:40;1.08953;1.08967;1.08948;1.08966;248;0
2025.03.13 05:50;1.08968;1.08973;1.08945;1.08956;213;0
2025.03.13 06:00;1.08956;1.08957;1.08915;1.08916;158;0
2025.03.13 06:10;1.08916;1.08921;1.08885;1.08899;250;0
2025.03.13 06:20;1.08898;1.08928;1.08898;1.08904;232;0
2025.03.13 06:30;1.08905;1.08905;1.08857;1.08868;243;0
2025.03.13 06:40;1.08868;1.08874;1.08857;1.08864;137;0
2025.03.13 06:50;1.08867;1.08871;1.08850;1.08852;246;0
2025.03.13 07:00;1.08851;1.08851;1.08815;1.08843;239;0
2025.03.13 07:10;1.08844;1.08875;1.08839;1.08863;202;0
2025.03.13 07:20;1.08864;1.08899;1.08856;1.08897;248;0
2025.03.13 07:30;1.08897;1.08899;1.08880;1.08887;286;0
2025.03.13 07:40;1.08887;1.08892;1.08873;1.08891;254;0
2025.03.13 07:50;1.08899;1.08935;1.08897;1.08934;203;0
2025.03.13 08:00;1.08934;1.08934;1.08888;1.08890;285;0
2025.03.13 08:10;1.08889;1.08900;1.08810;1.08823;233;0
2025.03.13 08:20;1.08825;1.08848;1.08802;1.08819;263;0
2025.03.13 08:30;1.08820;1.08835;1.08801;1.08805;276;0
2025.03.13 08:40;1.08804;1.08819;1.08792;1.08800;271;0
2025.03.13 08:50;1.08801;1.08855;1.08800;1.08853;356;0
2025.03.13 09:00;1.08855;1.08856;1.08783;1.08787;351;0
2025.03.13 09:10;1.08786;1.08814;1.08767;1.08810;355;0
2025.03.13 09:20;1.08815;1.08826;1.08770;1.08789;413;1
2025.03.13 09:30;1.08788;1.08827;1.08732;1.08738;384;0
2025.03.13 09:40;1.08737;1.08754;1.08692;1.08740;453;1
2025.03.13 09:50;1.08743;1.08788;1.08732;1.08746;375;0
2025.03.13 10:00;1.08746;1.08827;1.08736;1.08795;616;0
2025.03.13 10:10;1.08797;1.08850;1.08787;1.08829;494;0
2025.03.13 10:20;1.08829;1.08832;1.08744;1.08756;499;0
2025.03.13 10:30;1.08756;1.08764;1.08597;1.08608;623;0
2025.03.13 10:40;1.08609;1.08662;1.08603;1.08661;604;1
2025.03.13 10:50;1.08661;1.08679;1.08604;1.08655;523;0
2025.03.13 11:00;1.08654;1.08746;1.08654;1.08743;668;0
2025.03.13 11:10;1.08741;1.08782;1.08593;1.08648;852;0
2025.03.13 11:20;1.08657;1.08832;1.08635;1.08832;862;1
2025.03.13 11:30;1.08832;1.08841;1.08768;1.08798;722;0
2025.03.13 11:40;1.08798;1.08822;1.08756;1.08759;630;0
2025.03.13 11:50;1.08761;1.08779;1.08730;1.08733;530;0
2025.03.13 12:00;1.08730;1.08758;1.08721;1.08752;562;0
2025.03.13 12:10;1.08750;1.08826;1.08736;1.08805;556;0
2025.03.13 12:20;1.08805;1.08854;1.08800;1.08843;533;0
2025.03.13 12:30;1.08842;1.08855;1.08800;1.08803;506;0
2025.03.13 12:40;1.08803;1.08803;1.08687;1.08698;468;0
2025.03.13 12:50;1.08699;1.08806;1.08699;1.08795;506;0
2025.03.13 13:00;1.08797;1.08828;1.08769;1.08770;473;0
2025.03.13 13:10;1.08770;1.08786;1.08710;1.08715;434;0
2025.03.13 13:20;1.08716;1.08733;1.08694;1.08721;445;0
2025.03.13 13:30;1.08720;1.08727;1.08682;1.08723;362;0
2025.03.13 13:40;1.08722;1.08731;1.08667;1.08677;432;0
2025.03.13 13:50;1.08676;1.08704;1.08624;1.08700;616;1
2025.03.13 14:00;1.08698;1.08706;1.08651;1.08694;665;0
2025.03.13 14:10;1.08692;1.08745;1.08649;1.08662;586;0
2025.03.13 14:20;1.08662;1.08727;1.08606;1.08681;743;0
2025.03.13 14:30;1.08680;1.08707;1.08656;1.08661;626;0
2025.03.13 14:40;1.08660;1.08673;1.08617;1.08628;604;0
2025.03.13 14:50;1.08628;1.08684;1.08450;1.08562;790;0
2025.03.13 15:00;1.08562;1.08580;1.08447;1.08450;1134;0
2025.03.13 15:10;1.08450;1.08588;1.08447;1.08572;766;0
2025.03.13 15:20;1.08576;1.08644;1.08554;1.08615;659;0
2025.03.13 15:30;1.08613;1.08760;1.08449;1.08500;1289;0
2025.03.13 15:40;1.08499;1.08530;1.08263;1.08350;1102;0
2025.03.13 15:50;1.08349;1.08408;1.08313;1.08348;943;0
2025.03.13 16:00;1.08350;1.08394;1.08299;1.08302;957;0
2025.03.13 16:10;1.08302;1.08302;1.08224;1.08280;757;0
2025.03.13 16:20;1.08285;1.08372;1.08254;1.08353;727;0
2025.03.13 16:30;1.08352;1.08436;1.08337;1.08433;825;0
2025.03.13 16:40;1.08433;1.08496;1.08406;1.08491;747;0
2025.03.13 16:50;1.08490;1.08532;1.08457;1.08472;751;0
2025.03.13 17:00;1.08473;1.08613;1.08460;1.08604;909;0
2025.03.13 17:10;1.08603;1.08674;1.08558;1.08609;936;0
2025.03.13 17:20;1.08608;1.08671;1.08554;1.08610;634;0
2025.03.13 17:30;1.08614;1.08617;1.08552;1.08570;715;0
2025.03.13 17:40;1.08563;1.08632;1.08512;1.08605;675;0
2025.03.13 17:50;1.08605;1.08697;1.08582;1.08651;725;0
2025.03.13 18:00;1.08651;1.08653;1.08597;1.08606;645;0
2025.03.13 18:10;1.08607;1.08654;1.08602;1.08617;624;0
2025.03.13 18:20;1.08617;1.08621;1.08568;1.08568;726;0
2025.03.13 18:30;1.08568;1.08612;1.08561;1.08595;655;0
2025.03.13 18:40;1.08596;1.08719;1.08545;1.08693;1152;0
2025.03.13 18:50;1.08691;1.08699;1.08561;1.08584;969;0
2025.03.13 19:00;1.08583;1.08595;1.08554;1.08574;675;1
2025.03.13 19:10;1.08574;1.08657;1.08560;1.08649;497;0
2025.03.13 19:20;1.08651;1.08655;1.08619;1.08632;618;0
2025.03.13 19:30;1.08631;1.08734;1.08614;1.08730;511;0
2025.03.13 19:40;1.08731;1.08781;1.08651;1.08654;639;1
2025.03.13 19:50;1.08654;1.08755;1.08648;1.08726;553;0
2025.03.13 20:00;1.08726;1.08734;1.08643;1.08666;630;0
2025.03.13 20:10;1.08665;1.08672;1.08556;1.08557;571;0
2025.03.13 20:20;1.08558;1.08612;1.08550;1.08592;410;0
2025.03.13 20:30;1.08593;1.08666;1.08592;1.08646;519;0
2025.03.13 20:40;1.08651;1.08655;1.08621;1.08629;445;0
2025.03.13 20:50;1.08632;1.08641;1.08544;1.08548;490;0
2025.03.13 21:00;1.08548;1.08573;1.08531;1.08572;476;0
2025.03.13 21:10;1.08573;1.08580;1.08533;1.08545;479;0
2025.03.13 21:20;1.08544;1.08572;1.08542;1.08561;373;0
2025.03.13 21:30;1.08557;1.08572;1.08530;1.08534;429;0
2025.03.13 21:40;1.08536;1.08559;1.08521;1.08544;350;0
2025.03.13 21:50;1.08545;1.08558;1.08522;1.08536;369;0
2025.03.13 22:00;1.08536;1.08557;1.08530;1.08547;289;0
2025.03.13 22:10;1.08546;1.08569;1.08544;1.08547;257;0
2025.03.13 22:20;1.08550;1.08550;1.08479;1.08523;332;0
2025.03.13 22:30;1.08523;1.08542;1.08476;1.08493;354;1
2025.03.13 22:40;1.08493;1.08532;1.08482;1.08523;292;0
2025.03.13 22:50;1.08524;1.08543;1.08482;1.08484;319;0
2025.03.13 23:00;1.08483;1.08507;1.08472;1.08506;202;0
2025.03.13 23:10;1.08506;1.08523;1.08506;1.08513;73;0
2025.03.13 23:20;1.08513;1.08513;1.08464;1.08481;113;0
2025.03.13 23:30;1.08482;1.08516;1.08478;1.08512;136;0
2025.03.13 23:40;1.08510;1.08543;1.08506;1.08539;193;5
2025.03.13 23:50;1.08539;1.08555;1.08505;1.08514;259;5
2025.03.14 00:00;1.08478;1.08544;1.08432;1.08468;68;25
2025.03.14 00:10;1.08469;1.08493;1.08459;1.08489;105;28
2025.03.14 00:20;1.08488;1.08515;1.08477;1.08512;79;24
2025.03.14 00:30;1.08513;1.08515;1.08504;1.08510;111;24
2025.03.14 00:40;1.08511;1.08514;1.08508;1.08512;74;24
2025.03.14 00:50;1.08512;1.08522;1.08510;1.08514;46;24
2025.03.14 01:00;1.08518;1.08554;1.08512;1.08529;138;0
2025.03.14 01:10;1.08530;1.08555;1.08529;1.08534;107;0
2025.03.14 01:20;1.08533;1.08535;1.08513;1.08524;111;0
2025.03.14 01:30;1.08524;1.08541;1.08513;1.08523;120;0
2025.03.14 01:40;1.08523;1.08546;1.08519;1.08524;110;0
2025.03.14 01:50;1.08524;1.08539;1.08517;1.08523;125;0
2025.03.14 02:00;1.08522;1.08523;1.08501;1.08513;162;0
2025.03.14 02:10;1.08515;1.08527;1.08511;1.08518;118;0
2025.03.14 02:20;1.08518;1.08536;1.08518;1.08527;114;0
2025.03.14 02:30;1.08526;1.08526;1.08511;1.08514;185;0
2025.03.14 02:40;1.08516;1.08540;1.08508;1.08535;166;0
2025.03.14 02:50;1.08535;1.08552;1.08534;1.08550;103;0
2025.03.14 03:00;1.08549;1.08586;1.08534;1.08571;274;0
2025.03.14 03:10;1.08571;1.08578;1.08548;1.08569;170;0
2025.03.14 03:20;1.08568;1.08579;1.08482;1.08497;266;0
2025.03.14 03:30;1.08494;1.08542;1.08494;1.08541;285;0
2025.03.14 03:40;1.08541;1.08552;1.08526;1.08535;234;0
2025.03.14 03:50;1.08538;1.08557;1.08491;1.08491;416;0
2025.03.14 04:00;1.08491;1.08493;1.08435;1.08464;321;0
2025.03.14 04:10;1.08467;1.08475;1.08441;1.08450;389;0
2025.03.14 04:20;1.08448;1.08450;1.08416;1.08430;301;0
2025.03.14 04:30;1.08430;1.08449;1.08414;1.08445;363;0
2025.03.14 04:40;1.08446;1.08488;1.08446;1.08462;421;0
2025.03.14 04:50;1.08461;1.08482;1.08405;1.08409;302;0
2025.03.14 05:00;1.08410;1.08432;1.08403;1.08415;296;0
2025.03.14 05:10;1.08415;1.08429;1.08388;1.08392;296;0
2025.03.14 05:20;1.08393;1.08395;1.08346;1.08355;258;0
2025.03.14 05:30;1.08359;1.08368;1.08343;1.08350;284;0
2025.03.14 05:40;1.08350;1.08372;1.08350;1.08364;198;0
2025.03.14 05:50;1.08363;1.08404;1.08361;1.08402;265;0
2025.03.14 06:00;1.08402;1.08412;1.08385;1.08401;288;0
2025.03.14 06:10;1.08401;1.08427;1.08379;1.08424;341;0
2025.03.14 06:20;1.08425;1.08432;1.08409;1.08416;279;0
2025.03.14 06:30;1.08417;1.08457;1.08417;1.08454;334;0
2025.03.14 06:40;1.08453;1.08457;1.08432;1.08447;317;0
2025.03.14 06:50;1.08446;1.08460;1.08424;1.08456;260;0
2025.03.14 07:00;1.08457;1.08463;1.08434;1.08438;298;0
2025.03.14 07:10;1.08438;1.08448;1.08425;1.08434;247;0
2025.03.14 07:20;1.08433;1.08452;1.08423;1.08430;201;0
2025.03.14 07:30;1.08429;1.08442;1.08382;1.08384;286;0
2025.03.14 07:40;1.08384;1.08398;1.08377;1.08392;308;0
2025.03.14 07:50;1.08392;1.08414;1.08379;1.08411;237;0
2025.03.14 08:00;1.08411;1.08454;1.08409;1.08438;302;0
2025.03.14 08:10;1.08439;1.08461;1.08429;1.08429;271;0
2025.03.14 08:20;1.08429;1.08437;1.08416;1.08434;285;0
2025.03.14 08:30;1.08434;1.08444;1.08416;1.08443;272;0
2025.03.14 08:40;1.08443;1.08458;1.08434;1.08450;249;0
2025.03.14 08:50;1.08451;1.08514;1.08451;1.08507;313;0
2025.03.14 09:00;1.08506;1.08506;1.08465;1.08469;331;0
2025.03.14 09:10;1.08468;1.08474;1.08446;1.08448;321;0
2025.03.14 09:20;1.08448;1.08455;1.08368;1.08372;394;0
2025.03.14 09:30;1.08375;1.08417;1.08351;1.08410;484;0
2025.03.14 09:40;1.08411;1.08421;1.08383;1.08386;349;0
2025.03.14 09:50;1.08386;1.08389;1.08352;1.08385;349;0
2025.03.14 10:00;1.08385;1.08423;1.08329;1.08415;697;0
2025.03.14 10:10;1.08414;1.08473;1.08404;1.08415;605;0
2025.03.14 10:20;1.08417;1.08454;1.08398;1.08441;618;0
2025.03.14 10:30;1.08441;1.08441;1.08331;1.08363;815;0
2025.03.14 10:40;1.08364;1.08372;1.08306;1.08371;612;0
2025.03.14 10:50;1.08371;1.08413;1.08358;1.08392;544;0
2025.03.14 11:00;1.08391;1.08468;1.08352;1.08467;747;0
2025.03.14 11:10;1.08465;1.08499;1.08436;1.08478;653;0
2025.03.14 11:20;1.08479;1.08553;1.08471;1.08549;629;0
2025.03.14 11:30;1.08550;1.08568;1.08521;1.08540;649;0
2025.03.14 11:40;1.08540;1.08548;1.08482;1.08501;406;0
2025.03.14 11:50;1.08497;1.08548;1.08466;1.08539;495;0
2025.03.14 12:00;1.08541;1.08552;1.08486;1.08505;408;0
2025.03.14 12:10;1.08502;1.08528;1.08479;1.08500;551;0
2025.03.14 12:20;1.08499;1.08512;1.08469;1.08508;534;0
2025.03.14 12:30;1.08508;1.08621;1.08506;1.08606;617;0
2025.03.14 12:40;1.08606;1.08618;1.08538;1.08538;568;0
2025.03.14 12:50;1.08535;1.08552;1.08494;1.08523;590;0
2025.03.14 13:00;1.08522;1.08672;1.08516;1.08617;657;0
2025.03.14 13:10;1.08613;1.08655;1.08592;1.08655;652;0
2025.03.14 13:20;1.08655;1.08752;1.08654;1.08713;681;0
2025.03.14 13:30;1.08711;1.08823;1.08657;1.08778;644;0
2025.03.14 13:40;1.08775;1.09088;1.08712;1.08969;1485;0
2025.03.14 13:50;1.08970;1.09127;1.08940;1.08949;1392;0
2025.03.14 14:00;1.08949;1.09024;1.08884;1.08951;1187;0
2025.03.14 14:10;1.08959;1.08991;1.08875;1.08905;1106;0
2025.03.14 14:20;1.08905;1.09020;1.08894;1.08984;880;0
2025.03.14 14:30;1.08993;1.09093;1.08990;1.09027;903;0
2025.03.14 14:40;1.09030;1.09057;1.08935;1.09042;680;0
2025.03.14 14:50;1.09044;1.09065;1.08921;1.08967;787;0
2025.03.14 15:00;1.08967;1.09091;1.08967;1.09039;748;0
2025.03.14 15:10;1.09035;1.09072;1.09019;1.09058;636;0
2025.03.14 15:20;1.09058;1.09115;1.09058;1.09088;648;0
2025.03.14 15:30;1.09091;1.09101;1.09018;1.09018;619;0
2025.03.14 15:40;1.09019;1.09094;1.08939;1.08944;604;0
2025.03.14 15:50;1.08943;1.09041;1.08901;1.08948;624;0
2025.03.14 16:00;1.08949;1.08950;1.08872;1.08890;680;0
2025.03.14 16:10;1.08889;1.08959;1.08875;1.08925;579;0
2025.03.14 16:20;1.08924;1.08951;1.08894;1.08934;548;0
2025.03.14 16:30;1.08935;1.08981;1.08901;1.08965;897;0
2025.03.14 16:40;1.08963;1.08977;1.08753;1.08797;802;0
2025.03.14 16:50;1.08799;1.08837;1.08703;1.08745;742;0
2025.03.14 17:00;1.08740;1.08865;1.08677;1.08844;1108;0
2025.03.14 17:10;1.08844;1.08861;1.08770;1.08780;796;0
2025.03.14 17:20;1.08781;1.08819;1.08772;1.08775;803;0
2025.03.14 17:30;1.08773;1.08801;1.08654;1.08726;763;0
2025.03.14 17:40;1.08727;1.08816;1.08724;1.08786;702;0
2025.03.14 17:50;1.08786;1.08808;1.08766;1.08778;615;0
2025.03.14 18:00;1.08779;1.08812;1.08740;1.08787;704;0
2025.03.14 18:10;1.08786;1.08851;1.08719;1.08841;638;0
2025.03.14 18:20;1.08841;1.08867;1.08738;1.08744;694;0
2025.03.14 18:30;1.08745;1.08788;1.08693;1.08731;651;0
2025.03.14 18:40;1.08730;1.08775;1.08669;1.08715;673;0
2025.03.14 18:50;1.08727;1.08764;1.08689;1.08715;1018;0
2025.03.14 19:00;1.08716;1.08829;1.08705;1.08820;645;0
2025.03.14 19:10;1.08817;1.08827;1.08756;1.08763;468;0
2025.03.14 19:20;1.08763;1.08803;1.08761;1.08773;484;0
2025.03.14 19:30;1.08773;1.08828;1.08771;1.08818;477;0
2025.03.14 19:40;1.08818;1.08899;1.08818;1.08882;357;0
2025.03.14 19:50;1.08883;1.08889;1.08825;1.08831;330;0
2025.03.14 20:00;1.08831;1.08832;1.08792;1.08816;380;0
2025.03.14 20:10;1.08816;1.08824;1.08791;1.08808;264;0
2025.03.14 20:20;1.08808;1.08832;1.08799;1.08818;306;0
2025.03.14 20:30;1.08818;1.08881;1.08806;1.08870;349;0
2025.03.14 20:40;1.08869;1.08869;1.08813;1.08815;370;0
2025.03.14 20:50;1.08815;1.08841;1.08806;1.08823;288;0
2025.03.14 21:00;1.08823;1.08863;1.08782;1.08788;344;0
2025.03.14 21:10;1.08787;1.08813;1.08780;1.08813;295;0
2025.03.14 21:20;1.08815;1.08821;1.08753;1.08755;291;0
2025.03.14 21:30;1.08752;1.08789;1.08733;1.08789;279;0
2025.03.14 21:40;1.08789;1.08809;1.08765;1.08772;353;0
2025.03.14 21:50;1.08772;1.08810;1.08751;1.08803;349;0
2025.03.14 22:00;1.08800;1.08818;1.08796;1.08797;230;0
2025.03.14 22:10;1.08798;1.08817;1.08789;1.08803;212;0
2025.03.14 22:20;1.08803;1.08814;1.08783;1.08814;251;0
2025.03.14 22:30;1.08815;1.08836;1.08813;1.08820;197;0
2025.03.14 22:40;1.08820;1.08843;1.08811;1.08828;186;0
2025.03.14 22:50;1.08832;1.08846;1.08815;1.08830;249;0
2025.03.14 23:00;1.08830;1.08842;1.08819;1.08833;191;0
2025.03.14 23:10;1.08832;1.08850;1.08824;1.08838;163;0
2025.03.14 23:20;1.08837;1.08847;1.08833;1.08837;162;0
2025.03.14 23:30;1.08837;1.08859;1.08836;1.08856;125;0
2025.03.14 23:40;1.08854;1.08854;1.08825;1.08840;161;5
2025.03.14 23:50;1.08840;1.08840;1.08811;1.08816;88;5
2025.03.17 00:00;1.08744;1.08791;1.08716;1.08790;34;43
2025.03.17 00:10;1.08790;1.08815;1.08772;1.08800;55;29
2025.03.17 00:20;1.08801;1.08801;1.08778;1.08795;33;29
2025.03.17 00:30;1.08799;1.08806;1.08794;1.08799;64;25
2025.03.17 00:40;1.08799;1.08800;1.08782;1.08783;88;25
2025.03.17 00:50;1.08782;1.08815;1.08774;1.08799;149;25
2025.03.17 01:00;1.08808;1.08810;1.08759;1.08767;322;1
2025.03.17 01:10;1.08768;1.08821;1.08767;1.08804;180;1
2025.03.17 01:20;1.08806;1.08821;1.08797;1.08799;210;1
2025.03.17 01:30;1.08799;1.08806;1.08747;1.08790;226;0
2025.03.17 01:40;1.08788;1.08847;1.08788;1.08845;179;0
2025.03.17 01:50;1.08845;1.08853;1.08811;1.08814;215;0
2025.03.17 02:00;1.08819;1.08854;1.08811;1.08831;240;0
2025.03.17 02:10;1.08832;1.08842;1.08813;1.08837;185;0
2025.03.17 02:20;1.08837;1.08849;1.08830;1.08831;145;0
2025.03.17 02:30;1.08831;1.08840;1.08817;1.08833;120;0
2025.03.17 02:40;1.08834;1.08837;1.08805;1.08827;136;0
2025.03.17 02:50;1.08826;1.08828;1.08792;1.08796;154;0
2025.03.17 03:00;1.08797;1.08827;1.08796;1.08807;234;0
2025.03.17 03:10;1.08806;1.08817;1.08758;1.08768;228;0
2025.03.17 03:20;1.08768;1.08796;1.08763;1.08794;203;0
2025.03.17 03:30;1.08795;1.08804;1.08785;1.08787;231;0
2025.03.17 03:40;1.08786;1.08792;1.08758;1.08765;202;0
2025.03.17 03:50;1.08764;1.08827;1.08754;1.08794;273;0
2025.03.17 04:00;1.08795;1.08798;1.08741;1.08769;335;0
2025.03.17 04:10;1.08770;1.08788;1.08754;1.08769;321;0
2025.03.17 04:20;1.08769;1.08822;1.08769;1.08806;359;0
2025.03.17 04:30;1.08806;1.08817;1.08784;1.08817;417;0
2025.03.17 04:40;1.08818;1.08901;1.08817;1.08865;381;0
2025.03.17 04:50;1.08865;1.08893;1.08829;1.08830;406;0
2025.03.17 05:00;1.08828;1.08858;1.08813;1.08814;313;0
2025.03.17 05:10;1.08813;1.08834;1.08793;1.08831;268;0
2025.03.17 05:20;1.08832;1.08844;1.08816;1.08831;231;0
2025.03.17 05:30;1.08830;1.08838;1.08811;1.08815;236;0
2025.03.17 05:40;1.08816;1.08823;1.08803;1.08818;182;0
2025.03.17 05:50;1.08818;1.08841;1.08804;1.08812;246;0
2025.03.17 06:00;1.08810;1.08828;1.08795;1.08803;298;0
2025.03.17 06:10;1.08803;1.08839;1.08793;1.08798;164;0
2025.03.17 06:20;1.08797;1.08799;1.08770;1.08796;154;0
2025.03.17 06:30;1.08796;1.08842;1.08794;1.08841;118;0
2025.03.17 06:40;1.08840;1.08863;1.08840;1.08845;189;0
2025.03.17 06:50;1.08845;1.08845;1.08816;1.08834;122;0
2025.03.17 07:00;1.08834;1.08939;1.08821;1.08821;379;0
2025.03.17 07:10;1.08816;1.08830;1.08777;1.08800;321;0
2025.03.17 07:20;1.08803;1.08842;1.08801;1.08823;240;0
2025.03.17 07:30;1.08823;1.08847;1.08822;1.08829;247;0
2025.03.17 07:40;1.08828;1.08839;1.08818;1.08828;195;0
2025.03.17 07:50;1.08828;1.08844;1.08811;1.08821;200;0
2025.03.17 08:00;1.08821;1.08823;1.08773;1.08780;226;0
2025.03.17 08:10;1.08780;1.08796;1.08771;1.08785;210;0
2025.03.17 08:20;1.08785;1.08794;1.08757;1.08777;261;0
2025.03.17 08:30;1.08777;1.08786;1.08737;1.08757;235;0
2025.03.17 08:40;1.08757;1.08791;1.08749;1.08785;236;0
2025.03.17 08:50;1.08784;1.08790;1.08766;1.08774;214;0
2025.03.17 09:00;1.08776;1.08805;1.08753;1.08773;308;0
2025.03.17 09:10;1.08774;1.08823;1.08771;1.08807;298;0
2025.03.17 09:20;1.08807;1.08839;1.08798;1.08810;281;0
2025.03.17 09:30;1.08810;1.08843;1.08798;1.08838;245;0
2025.03.17 09:40;1.08838;1.08844;1.08796;1.08802;226;0
2025.03.17 09:50;1.08802;1.08807;1.08733;1.08779;338;0
2025.03.17 10:00;1.08776;1.08845;1.08774;1.08834;584;0
2025.03.17 10:10;1.08834;1.08834;1.08771;1.08808;455;0
2025.03.17 10:20;1.08807;1.08811;1.08743;1.08759;427;0
2025.03.17 10:30;1.08761;1.08779;1.08685;1.08711;604;0
2025.03.17 10:40;1.08700;1.08755;1.08700;1.08752;498;0
2025.03.17 10:50;1.08752;1.08793;1.08741;1.08762;504;0
2025.03.17 11:00;1.08762;1.08798;1.08707;1.08778;705;0
2025.03.17 11:10;1.08777;1.08868;1.08776;1.08813;572;0
2025.03.17 11:20;1.08813;1.08853;1.08789;1.08811;570;0
2025.03.17 11:30;1.08815;1.08851;1.08771;1.08789;620;0
2025.03.17 11:40;1.08790;1.08853;1.08776;1.08811;516;0
2025.03.17 11:50;1.08812;1.08864;1.08795;1.08837;664;0
2025.03.17 12:00;1.08838;1.08887;1.08807;1.08842;573;0
2025.03.17 12:10;1.08844;1.08850;1.08770;1.08817;551;0
2025.03.17 12:20;1.08817;1.08860;1.08813;1.08852;535;0
2025.03.17 12:30;1.08852;1.08950;1.08838;1.08928;493;0
2025.03.17 12:40;1.08930;1.08967;1.08928;1.08964;493;0
2025.03.17 12:50;1.08963;1.09005;1.08922;1.08996;591;0
2025.03.17 13:00;1.08998;1.09042;1.08964;1.08982;571;0
2025.03.17 13:10;1.08982;1.09024;1.08982;1.09022;430;0
2025.03.17 13:20;1.09025;1.09088;1.09002;1.09074;369;0
2025.03.17 13:30;1.09074;1.09100;1.09053;1.09055;358;0
2025.03.17 13:40;1.09055;1.09085;1.09045;1.09068;383;0
2025.03.17 13:50;1.09071;1.09078;1.09039;1.09078;290;0
2025.03.17 14:00;1.09078;1.09119;1.09064;1.09087;426;0
2025.03.17 14:10;1.09084;1.09101;1.09056;1.09056;406;0
2025.03.17 14:20;1.09056;1.09057;1.09026;1.09041;297;0
2025.03.17 14:30;1.09042;1.09051;1.09025;1.09041;297;0
2025.03.17 14:40;1.09041;1.09074;1.09004;1.09009;375;0
2025.03.17 14:50;1.09009;1.09036;1.08962;1.09020;461;0
2025.03.17 15:00;1.09020;1.09046;1.08994;1.09020;496;0
2025.03.17 15:10;1.09020;1.09066;1.08985;1.09002;388;0
2025.03.17 15:20;1.09001;1.09014;1.08962;1.08995;463;0
2025.03.17 15:30;1.08978;1.09072;1.08889;1.08919;1368;0
2025.03.17 15:40;1.08923;1.08942;1.08874;1.08940;942;0
2025.03.17 15:50;1.08940;1.09023;1.08929;1.09018;733;0
2025.03.17 16:00;1.09018;1.09052;1.08974;1.09033;706;0
2025.03.17 16:10;1.09035;1.09048;1.08999;1.09005;596;0
2025.03.17 16:20;1.09005;1.09043;1.08992;1.09007;504;0
2025.03.17 16:30;1.09008;1.09063;1.08971;1.08989;759;0
2025.03.17 16:40;1.08992;1.09047;1.08982;1.09024;789;0
2025.03.17 16:50;1.09025;1.09064;1.09016;1.09050;605;0
2025.03.17 17:00;1.09050;1.09112;1.09048;1.09077;728;0
2025.03.17 17:10;1.09078;1.09112;1.09050;1.09084;599;0
2025.03.17 17:20;1.09084;1.09120;1.09021;1.09107;545;0
2025.03.17 17:30;1.09107;1.09144;1.09078;1.09138;634;0
2025.03.17 17:40;1.09138;1.09144;1.09105;1.09136;541;0
2025.03.17 17:50;1.09136;1.09185;1.09125;1.09160;571;0
2025.03.17 18:00;1.09161;1.09194;1.09158;1.09177;403;0
2025.03.17 18:10;1.09177;1.09192;1.09172;1.09177;424;0
2025.03.17 18:20;1.09177;1.09296;1.09175;1.09276;557;0
2025.03.17 18:30;1.09277;1.09283;1.09241;1.09277;554;0
2025.03.17 18:40;1.09281;1.09283;1.09235;1.09275;469;0
2025.03.17 18:50;1.09274;1.09276;1.09206;1.09216;718;0
2025.03.17 19:00;1.09215;1.09216;1.09164;1.09172;424;0
2025.03.17 19:10;1.09172;1.09183;1.09144;1.09157;291;0
2025.03.17 19:20;1.09156;1.09221;1.09155;1.09206;385;1
2025.03.17 19:30;1.09204;1.09259;1.09200;1.09218;328;1
2025.03.17 19:40;1.09215;1.09228;1.09184;1.09220;356;1
2025.03.17 19:50;1.09220;1.09261;1.09209;1.09211;258;0
2025.03.17 20:00;1.09212;1.09238;1.09194;1.09218;344;0
2025.03.17 20:10;1.09219;1.09233;1.09197;1.09220;346;0
2025.03.17 20:20;1.09221;1.09221;1.09133;1.09136;312;0
2025.03.17 20:30;1.09136;1.09145;1.09118;1.09136;282;0
2025.03.17 20:40;1.09136;1.09175;1.09116;1.09131;300;0
2025.03.17 20:50;1.09131;1.09153;1.09116;1.09142;296;0
2025.03.17 21:00;1.09141;1.09154;1.09128;1.09154;307;0
2025.03.17 21:10;1.09153;1.09203;1.09133;1.09199;340;0
2025.03.17 21:20;1.09200;1.09217;1.09179;1.09216;254;0
2025.03.17 21:30;1.09217;1.09236;1.09198;1.09211;253;0
2025.03.17 21:40;1.09210;1.09243;1.09203;1.09238;261;0
2025.03.17 21:50;1.09238;1.09264;1.09216;1.09252;368;0
2025.03.17 22:00;1.09253;1.09253;1.09225;1.09226;215;0
2025.03.17 22:10;1.09226;1.09236;1.09213;1.09224;210;0
2025.03.17 22:20;1.09223;1.09237;1.09204;1.09208;228;0
2025.03.17 22:30;1.09209;1.09213;1.09186;1.09202;225;0
2025.03.17 22:40;1.09202;1.09208;1.09185;1.09186;190;0
2025.03.17 22:50;1.09192;1.09222;1.09190;1.09206;291;1
2025.03.17 23:00;1.09210;1.09222;1.09203;1.09222;178;0
2025.03.17 23:10;1.09224;1.09228;1.09205;1.09214;91;0
2025.03.17 23:20;1.09214;1.09238;1.09211;1.09238;124;0
2025.03.17 23:30;1.09237;1.09277;1.09231;1.09268;213;0
2025.03.17 23:40;1.09266;1.09268;1.09226;1.09226;248;5
2025.03.17 23:50;1.09225;1.09235;1.09207;1.09213;219;5
2025.03.18 00:00;1.09211;1.09211;1.09141;1.09196;50;24
2025.03.18 00:10;1.09197;1.09200;1.09175;1.09182;86;24
2025.03.18 00:20;1.09183;1.09196;1.09180;1.09196;89;24
2025.03.18 00:30;1.09196;1.09211;1.09196;1.09204;54;24
2025.03.18 00:40;1.09202;1.09219;1.09202;1.09211;69;24
2025.03.18 00:50;1.09209;1.09228;1.09207;1.09221;107;24
2025.03.18 01:00;1.09222;1.09229;1.09208;1.09219;162;1
2025.03.18 01:10;1.09219;1.09219;1.09195;1.09197;122;1
2025.03.18 01:20;1.09198;1.09202;1.09193;1.09197;89;1
2025.03.18 01:30;1.09197;1.09223;1.09197;1.09211;99;0
2025.03.18 01:40;1.09212;1.09225;1.09210;1.09223;51;0
2025.03.18 01:50;1.09223;1.09225;1.09212;1.09212;89;0
2025.03.18 02:00;1.09213;1.09217;1.09190;1.09194;112;0
2025.03.18 02:10;1.09195;1.09208;1.09190;1.09206;108;0
2025.03.18 02:20;1.09205;1.09206;1.09194;1.09197;123;0
2025.03.18 02:30;1.09197;1.09200;1.09181;1.09190;113;0
2025.03.18 02:40;1.09190;1.09205;1.09190;1.09196;183;0
2025.03.18 02:50;1.09196;1.09197;1.09180;1.09180;87;0
2025.03.18 03:00;1.09180;1.09196;1.09180;1.09189;323;1
2025.03.18 03:10;1.09189;1.09212;1.09175;1.09207;277;0
2025.03.18 03:20;1.09204;1.09205;1.09188;1.09191;199;0
2025.03.18 03:30;1.09191;1.09195;1.09171;1.09176;291;0
2025.03.18 03:40;1.09177;1.09177;1.09151;1.09155;261;0
2025.03.18 03:50;1.09154;1.09172;1.09149;1.09160;289;0
2025.03.18 04:00;1.09158;1.09191;1.09154;1.09188;265;0
2025.03.18 04:10;1.09188;1.09191;1.09148;1.09157;311;0
2025.03.18 04:20;1.09158;1.09172;1.09158;1.09164;226;0
2025.03.18 04:30;1.09164;1.09164;1.09138;1.09146;320;0
2025.03.18 04:40;1.09145;1.09149;1.09125;1.09126;303;0
2025.03.18 04:50;1.09127;1.09149;1.09122;1.09135;260;0
2025.03.18 05:00;1.09134;1.09161;1.09134;1.09146;245;0
2025.03.18 05:10;1.09147;1.09154;1.09109;1.09114;307;0
2025.03.18 05:20;1.09117;1.09128;1.09081;1.09081;332;0
2025.03.18 05:30;1.09081;1.09092;1.09081;1.09088;250;0
2025.03.18 05:40;1.09089;1.09108;1.09086;1.09105;199;0
2025.03.18 05:50;1.09105;1.09108;1.09084;1.09086;213;0
2025.03.18 06:00;1.09085;1.09111;1.09079;1.09079;214;0
2025.03.18 06:10;1.09079;1.09103;1.09079;1.09098;188;0
2025.03.18 06:20;1.09098;1.09098;1.09077;1.09078;149;0
2025.03.18 06:30;1.09078;1.09089;1.09062;1.09074;169;0
2025.03.18 06:40;1.09074;1.09082;1.09069;1.09081;160;0
2025.03.18 06:50;1.09081;1.09092;1.09077;1.09084;179;0
2025.03.18 07:00;1.09084;1.09100;1.09079;1.09095;220;0
2025.03.18 07:10;1.09095;1.09107;1.09093;1.09098;180;0
2025.03.18 07:20;1.09098;1.09107;1.09095;1.09101;168;0
2025.03.18 07:30;1.09101;1.09114;1.09093;1.09109;188;0
2025.03.18 07:40;1.09109;1.09114;1.09100;1.09110;222;0
2025.03.18 07:50;1.09110;1.09115;1.09106;1.09110;238;0
2025.03.18 08:00;1.09111;1.09122;1.09100;1.09104;192;0
2025.03.18 08:10;1.09103;1.09119;1.09102;1.09119;204;0
2025.03.18 08:20;1.09119;1.09122;1.09099;1.09104;181;0
2025.03.18 08:30;1.09104;1.09116;1.09101;1.09113;200;0
2025.03.18 08:40;1.09115;1.09129;1.09108;1.09129;161;0
2025.03.18 08:50;1.09127;1.09134;1.09073;1.09079;275;0
2025.03.18 09:00;1.09080;1.09117;1.09077;1.09110;341;0
2025.03.18 09:10;1.09108;1.09108;1.09059;1.09059;271;0
2025.03.18 09:20;1.09061;1.09074;1.09035;1.09040;325;0
2025.03.18 09:30;1.09041;1.09083;1.09039;1.09082;288;0
2025.03.18 09:40;1.09081;1.09123;1.09065;1.09123;251;0
2025.03.18 09:50;1.09122;1.09212;1.09121;1.09208;434;0
2025.03.18 10:00;1.09207;1.09225;1.09162;1.09216;529;0
2025.03.18 10:10;1.09216;1.09225;1.09169;1.09208;429;0
2025.03.18 10:20;1.09207;1.09211;1.09174;1.09189;362;0
2025.03.18 10:30;1.09191;1.09282;1.09191;1.09271;389;0
2025.03.18 10:40;1.09270;1.09295;1.09253;1.09286;334;0
2025.03.18 10:50;1.09287;1.09366;1.09234;1.09350;569;0
2025.03.18 11:00;1.09351;1.09397;1.09329;1.09371;597;0
2025.03.18 11:10;1.09372;1.09547;1.09372;1.09513;629;0
2025.03.18 11:20;1.09512;1.09538;1.09466;1.09524;549;0
2025.03.18 11:30;1.09524;1.09540;1.09488;1.09488;515;0
2025.03.18 11:40;1.09488;1.09538;1.09480;1.09524;389;0
2025.03.18 11:50;1.09524;1.09540;1.09487;1.09516;477;0
2025.03.18 12:00;1.09518;1.09532;1.09432;1.09480;481;0
2025.03.18 12:10;1.09480;1.09483;1.09428;1.09473;484;0
2025.03.18 12:20;1.09473;1.09478;1.09424;1.09428;386;0
2025.03.18 12:30;1.09428;1.09432;1.09394;1.09417;448;0
2025.03.18 12:40;1.09418;1.09505;1.09416;1.09503;487;0
2025.03.18 12:50;1.09504;1.09515;1.09460;1.09504;499;0
2025.03.18 13:00;1.09505;1.09521;1.09464;1.09484;548;0
2025.03.18 13:10;1.09484;1.09491;1.09401;1.09442;704;0
2025.03.18 13:20;1.09443;1.09444;1.09351;1.09368;545;0
2025.03.18 13:30;1.09369;1.09373;1.09316;1.09342;513;0
2025.03.18 13:40;1.09342;1.09374;1.09320;1.09367;496;0
2025.03.18 13:50;1.09369;1.09378;1.09322;1.09342;488;0
2025.03.18 14:00;1.09347;1.09370;1.09323;1.09338;448;0
2025.03.18 14:10;1.09339;1.09373;1.09303;1.09328;549;0
2025.03.18 14:20;1.09326;1.09334;1.09302;1.09330;420;0
2025.03.18 14:30;1.09331;1.09348;1.09301;1.09303;432;0
2025.03.18 14:40;1.09302;1.09317;1.09228;1.09228;477;0
2025.03.18 14:50;1.09228;1.09237;1.09141;1.09164;538;0
2025.03.18 15:00;1.09164;1.09239;1.09161;1.09194;521;0
2025.03.18 15:10;1.09193;1.09198;1.09156;1.09196;533;0
2025.03.18 15:20;1.09197;1.09210;1.09141;1.09151;456;0
2025.03.18 15:30;1.09154;1.09154;1.08925;1.08969;833;0
2025.03.18 15:40;1.08966;1.09070;1.08964;1.09046;548;0
2025.03.18 15:50;1.09048;1.09127;1.09048;1.09116;516;0
2025.03.18 16:00;1.09115;1.09203;1.09115;1.09175;507;0
2025.03.18 16:10;1.09170;1.09188;1.09113;1.09179;545;0
2025.03.18 16:20;1.09178;1.09209;1.09148;1.09171;592;0
2025.03.18 16:30;1.09170;1.09178;1.09099;1.09101;623;0
2025.03.18 16:40;1.09102;1.09160;1.09016;1.09145;806;0
2025.03.18 16:50;1.09144;1.09156;1.09110;1.09124;653;0
2025.03.18 17:00;1.09126;1.09175;1.09071;1.09125;736;0
2025.03.18 17:10;1.09125;1.09148;1.09083;1.09115;672;0
2025.03.18 17:20;1.09115;1.09191;1.09090;1.09179;520;0
2025.03.18 17:30;1.09179;1.09196;1.09129;1.09177;575;0
2025.03.18 17:40;1.09177;1.09187;1.09132;1.09168;556;0
2025.03.18 17:50;1.09169;1.09184;1.09113;1.09167;616;0
2025.03.18 18:00;1.09173;1.09248;1.08967;1.09052;954;0
2025.03.18 18:10;1.09052;1.09059;1.08983;1.09027;629;0
2025.03.18 18:20;1.09030;1.09139;1.09001;1.09131;621;0
2025.03.18 18:30;1.09120;1.09290;1.09108;1.09279;695;0
2025.03.18 18:40;1.09280;1.09341;1.09250;1.09278;682;0
2025.03.18 18:50;1.09278;1.09340;1.09266;1.09266;885;0
2025.03.18 19:00;1.09266;1.09327;1.09235;1.09297;563;0
2025.03.18 19:10;1.09296;1.09325;1.09279;1.09287;445;0
2025.03.18 19:20;1.09285;1.09342;1.09277;1.09341;474;0
2025.03.18 19:30;1.09337;1.09392;1.09312;1.09376;492;0
2025.03.18 19:40;1.09376;1.09401;1.09351;1.09372;494;0
2025.03.18 19:50;1.09369;1.09392;1.09344;1.09387;348;0
2025.03.18 20:00;1.09387;1.09450;1.09387;1.09412;414;1
2025.03.18 20:10;1.09416;1.09509;1.09415;1.09467;441;0
2025.03.18 20:20;1.09466;1.09519;1.09446;1.09482;537;1
2025.03.18 20:30;1.09479;1.09499;1.09428;1.09444;370;1
2025.03.18 20:40;1.09446;1.09468;1.09427;1.09460;374;0
2025.03.18 20:50;1.09457;1.09503;1.09445;1.09499;305;1
2025.03.18 21:00;1.09502;1.09513;1.09444;1.09463;293;1
2025.03.18 21:10;1.09461;1.09475;1.09441;1.09443;280;0
2025.03.18 21:20;1.09441;1.09452;1.09415;1.09430;259;0
2025.03.18 21:30;1.09430;1.09455;1.09410;1.09421;243;0
2025.03.18 21:40;1.09420;1.09447;1.09407;1.09427;248;0
2025.03.18 21:50;1.09427;1.09465;1.09418;1.09440;322;0
2025.03.18 22:00;1.09436;1.09475;1.09424;1.09467;291;0
2025.03.18 22:10;1.09467;1.09497;1.09464;1.09470;260;0
2025.03.18 22:20;1.09470;1.09483;1.09438;1.09471;286;0
2025.03.18 22:30;1.09471;1.09485;1.09416;1.09431;221;0
2025.03.18 22:40;1.09433;1.09448;1.09426;1.09440;232;0
2025.03.18 22:50;1.09444;1.09478;1.09442;1.09464;276;0
2025.03.18 23:00;1.09464;1.09484;1.09455;1.09483;185;0
2025.03.18 23:10;1.09483;1.09486;1.09464;1.09466;126;0
2025.03.18 23:20;1.09466;1.09488;1.09437;1.09440;147;0
2025.03.18 23:30;1.09441;1.09442;1.09429;1.09437;112;0
2025.03.18 23:40;1.09437;1.09456;1.09430;1.09453;162;1
2025.03.18 23:50;1.09451;1.09456;1.09433;1.09447;176;5
2025.03.19 00:00;1.09439;1.09459;1.09363;1.09455;86;24
2025.03.19 00:10;1.09455;1.09455;1.09430;1.09441;143;24
2025.03.19 00:20;1.09441;1.09447;1.09436;1.09438;100;25
2025.03.19 00:30;1.09437;1.09439;1.09410;1.09411;101;24
2025.03.19 00:40;1.09410;1.09416;1.09410;1.09412;39;24
2025.03.19 00:50;1.09411;1.09446;1.09410;1.09438;104;24
2025.03.19 01:00;1.09438;1.09452;1.09425;1.09433;164;0
2025.03.19 01:10;1.09435;1.09461;1.09431;1.09432;164;0
2025.03.19 01:20;1.09432;1.09440;1.09414;1.09417;214;0
2025.03.19 01:30;1.09418;1.09424;1.09404;1.09405;166;0
2025.03.19 01:40;1.09404;1.09417;1.09404;1.09416;156;0
2025.03.19 01:50;1.09416;1.09424;1.09409;1.09421;145;0
2025.03.19 02:00;1.09421;1.09438;1.09418;1.09424;166;0
2025.03.19 02:10;1.09420;1.09425;1.09414;1.09422;113;0
2025.03.19 02:20;1.09422;1.09429;1.09414;1.09415;157;0
2025.03.19 02:30;1.09416;1.09430;1.09410;1.09420;145;0
2025.03.19 02:40;1.09421;1.09428;1.09416;1.09416;100;0
2025.03.19 02:50;1.09417;1.09418;1.09376;1.09386;154;0
2025.03.19 03:00;1.09385;1.09389;1.09345;1.09347;224;0
2025.03.19 03:10;1.09347;1.09371;1.09338;1.09367;189;0
2025.03.19 03:20;1.09367;1.09385;1.09366;1.09368;214;0
2025.03.19 03:30;1.09369;1.09371;1.09347;1.09350;230;0
2025.03.19 03:40;1.09349;1.09349;1.09317;1.09329;225;0
2025.03.19 03:50;1.09329;1.09377;1.09325;1.09346;444;0
2025.03.19 04:00;1.09347;1.09363;1.09337;1.09360;216;0
2025.03.19 04:10;1.09360;1.09363;1.09336;1.09343;233;0
2025.03.19 04:20;1.09343;1.09355;1.09336;1.09354;185;0
2025.03.19 04:30;1.09354;1.09356;1.09338;1.09343;264;0
2025.03.19 04:40;1.09344;1.09366;1.09340;1.09353;231;0
2025.03.19 04:50;1.09354;1.09373;1.09345;1.09371;240;0
2025.03.19 05:00;1.09371;1.09387;1.09356;1.09383;236;0
2025.03.19 05:10;1.09386;1.09413;1.09385;1.09408;196;0
2025.03.19 05:20;1.09406;1.09423;1.09386;1.09393;274;0
2025.03.19 05:30;1.09393;1.09448;1.09393;1.09446;273;0
2025.03.19 05:40;1.09447;1.09450;1.09416;1.09417;183;0
2025.03.19 05:50;1.09418;1.09426;1.09407;1.09410;190;0
2025.03.19 06:00;1.09410;1.09438;1.09408;1.09432;176;0
2025.03.19 06:10;1.09431;1.09433;1.09384;1.09388;204;0
2025.03.19 06:20;1.09386;1.09387;1.09329;1.09341;209;0
2025.03.19 06:30;1.09341;1.09379;1.09338;1.09378;165;0
2025.03.19 06:40;1.09381;1.09387;1.09366;1.09373;141;0
2025.03.19 06:50;1.09373;1.09398;1.09365;1.09381;197;0
2025.03.19 07:00;1.09378;1.09378;1.09341;1.09348;171;0
2025.03.19 07:10;1.09347;1.09354;1.09331;1.09354;159;0
2025.03.19 07:20;1.09353;1.09358;1.09322;1.09330;176;0
2025.03.19 07:30;1.09330;1.09337;1.09317;1.09320;143;0
2025.03.19 07:40;1.09321;1.09321;1.09291;1.09291;85;0
2025.03.19 07:50;1.09294;1.09303;1.09281;1.09299;215;0
2025.03.19 08:00;1.09299;1.09349;1.09299;1.09328;218;0
2025.03.19 08:10;1.09328;1.09362;1.09328;1.09334;214;0
2025.03.19 08:20;1.09334;1.09350;1.09323;1.09346;160;0
2025.03.19 08:30;1.09347;1.09351;1.09320;1.09332;194;0
2025.03.19 08:40;1.09331;1.09344;1.09322;1.09344;152;0
2025.03.19 08:50;1.09344;1.09351;1.09302;1.09312;165;0
2025.03.19 09:00;1.09312;1.09324;1.09266;1.09267;203;0
2025.03.19 09:10;1.09267;1.09279;1.09258;1.09260;195;0
2025.03.19 09:20;1.09262;1.09262;1.09224;1.09242;211;0
2025.03.19 09:30;1.09240;1.09286;1.09225;1.09240;319;0
2025.03.19 09:40;1.09237;1.09280;1.09218;1.09272;390;0
2025.03.19 09:50;1.09272;1.09284;1.09205;1.09207;388;0
2025.03.19 10:00;1.09207;1.09231;1.09098;1.09101;499;1
2025.03.19 10:10;1.09096;1.09128;1.09024;1.09038;482;0
2025.03.19 10:20;1.09033;1.09101;1.09031;1.09101;472;0
2025.03.19 10:30;1.09101;1.09102;1.08798;1.08825;841;0
2025.03.19 10:40;1.08825;1.08898;1.08731;1.08898;960;0
2025.03.19 10:50;1.08899;1.08952;1.08867;1.08928;821;0
2025.03.19 11:00;1.08927;1.09069;1.08922;1.09009;868;0
2025.03.19 11:10;1.09011;1.09031;1.08958;1.08992;565;0
2025.03.19 11:20;1.08986;1.09064;1.08972;1.09060;485;0
2025.03.19 11:30;1.09058;1.09105;1.09052;1.09067;480;0
2025.03.19 11:40;1.09067;1.09072;1.09009;1.09023;481;0
2025.03.19 11:50;1.09023;1.09087;1.09002;1.09072;386;0
2025.03.19 12:00;1.09074;1.09074;1.08990;1.09035;425;0
2025.03.19 12:10;1.09035;1.09052;1.08962;1.08969;418;0
2025.03.19 12:20;1.08968;1.09023;1.08957;1.09007;360;0
2025.03.19 12:30;1.09006;1.09081;1.09006;1.09064;397;0
2025.03.19 12:40;1.09065;1.09072;1.09001;1.09042;307;0
2025.03.19 12:50;1.09042;1.09102;1.09010;1.09025;531;0
2025.03.19 13:00;1.09023;1.09036;1.08965;1.08967;382;0
2025.03.19 13:10;1.08968;1.08993;1.08961;1.08974;372;0
2025.03.19 13:20;1.08974;1.09042;1.08974;1.09013;322;0
2025.03.19 13:30;1.09012;1.09013;1.08927;1.08935;380;0
2025.03.19 13:40;1.08935;1.09011;1.08915;1.09007;343;0
2025.03.19 13:50;1.09007;1.09017;1.08977;1.08999;276;0
2025.03.19 14:00;1.08999;1.09005;1.08938;1.08966;383;0
2025.03.19 14:10;1.08966;1.09001;1.08954;1.08964;375;0
2025.03.19 14:20;1.08962;1.09019;1.08952;1.09000;352;0
2025.03.19 14:30;1.09000;1.09087;1.08982;1.09043;375;0
2025.03.19 14:40;1.09043;1.09106;1.09038;1.09085;346;0
2025.03.19 14:50;1.09085;1.09133;1.09066;1.09083;546;0
2025.03.19 15:00;1.09084;1.09176;1.09077;1.09144;553;0
2025.03.19 15:10;1.09145;1.09168;1.09117;1.09147;541;0
2025.03.19 15:20;1.09142;1.09159;1.09072;1.09077;533;0
2025.03.19 15:30;1.09077;1.09130;1.09052;1.09108;528;0
2025.03.19 15:40;1.09108;1.09164;1.09099;1.09108;587;0
2025.03.19 15:50;1.09108;1.09127;1.08992;1.09013;698;0
2025.03.19 16:00;1.09014;1.09038;1.08966;1.08972;552;0
2025.03.19 16:10;1.08972;1.09017;1.08972;1.08977;540;0
2025.03.19 16:20;1.08978;1.09006;1.08928;1.08962;540;0
2025.03.19 16:30;1.08961;1.09011;1.08957;1.08973;504;0
2025.03.19 16:40;1.08973;1.09034;1.08963;1.08975;646;0
2025.03.19 16:50;1.08974;1.08981;1.08931;1.08944;589;0
2025.03.19 17:00;1.08941;1.08999;1.08929;1.08970;432;0
2025.03.19 17:10;1.08971;1.09006;1.08958;1.08987;523;0
2025.03.19 17:20;1.08987;1.09006;1.08951;1.08977;520;0
2025.03.19 17:30;1.08978;1.08990;1.08952;1.08956;430;0
2025.03.19 17:40;1.08955;1.08974;1.08910;1.08916;460;0
2025.03.19 17:50;1.08917;1.08920;1.08818;1.08839;550;0
2025.03.19 18:00;1.08839;1.08872;1.08827;1.08849;454;0
2025.03.19 18:10;1.08847;1.08857;1.08818;1.08838;435;0
2025.03.19 18:20;1.08839;1.08877;1.08835;1.08870;328;0
2025.03.19 18:30;1.08871;1.08879;1.08810;1.08845;527;0
2025.03.19 18:40;1.08845;1.08860;1.08803;1.08840;488;0
2025.03.19 18:50;1.08838;1.08839;1.08753;1.08769;514;0
2025.03.19 19:00;1.08770;1.08815;1.08761;1.08803;481;1
2025.03.19 19:10;1.08803;1.08853;1.08785;1.08844;374;0
2025.03.19 19:20;1.08844;1.08864;1.08836;1.08855;258;0
2025.03.19 19:30;1.08850;1.08859;1.08783;1.08826;287;0
2025.03.19 19:40;1.08825;1.08858;1.08808;1.08849;270;0
2025.03.19 19:50;1.08848;1.08858;1.08813;1.08851;353;0
2025.03.19 20:00;1.08852;1.08854;1.08775;1.08777;245;0
2025.03.19 20:10;1.08776;1.08781;1.08706;1.08709;353;0
2025.03.19 20:20;1.08706;1.08720;1.08659;1.08660;508;0
2025.03.19 20:30;1.08652;1.08667;1.08605;1.08651;569;1
2025.03.19 20:40;1.08651;1.08693;1.08630;1.08635;401;0
2025.03.19 20:50;1.08635;1.08727;1.08620;1.08687;506;0
2025.03.19 21:00;1.08685;1.08934;1.08630;1.08919;1324;1
2025.03.19 21:10;1.08917;1.08962;1.08852;1.08874;891;1
2025.03.19 21:20;1.08870;1.08939;1.08813;1.08885;860;1
2025.03.19 21:30;1.08882;1.09021;1.08858;1.08955;1021;1
2025.03.19 21:40;1.08969;1.09134;1.08950;1.09062;1286;1
2025.03.19 21:50;1.09062;1.09117;1.09010;1.09080;1101;0
2025.03.19 22:00;1.09074;1.09130;1.09028;1.09102;933;0
2025.03.19 22:10;1.09105;1.09128;1.08894;1.08903;864;0
2025.03.19 22:20;1.08906;1.08930;1.08849;1.08890;786;0
2025.03.19 22:30;1.08885;1.08995;1.08867;1.08975;791;0
2025.03.19 22:40;1.08976;1.08986;1.08928;1.08959;590;0
2025.03.19 22:50;1.08962;1.08997;1.08960;1.08993;473;1
2025.03.19 23:00;1.08989;1.09012;1.08958;1.08974;204;0
2025.03.19 23:10;1.08975;1.09043;1.08975;1.09023;229;0
2025.03.19 23:20;1.09024;1.09039;1.09011;1.09013;114;0
2025.03.19 23:30;1.09014;1.09048;1.09014;1.09048;97;0
2025.03.19 23:40;1.09046;1.09061;1.09036;1.09049;152;5
2025.03.19 23:50;1.09051;1.09054;1.09013;1.09025;223;5
2025.03.20 00:00;1.08977;1.09028;1.08945;1.09027;19;27
2025.03.20 00:10;1.09027;1.09028;1.09026;1.09028;20;27
2025.03.20 00:20;1.09028;1.09033;1.09027;1.09031;34;24
2025.03.20 00:30;1.09031;1.09036;1.09031;1.09034;45;24
2025.03.20 00:40;1.09034;1.09035;1.09023;1.09031;73;24
2025.03.20 00:50;1.09031;1.09045;1.09030;1.09045;36;24
2025.03.20 01:00;1.09057;1.09095;1.09034;1.09094;152;0
2025.03.20 01:10;1.09094;1.09130;1.09091;1.09106;152;0
2025.03.20 01:20;1.09109;1.09115;1.09104;1.09106;113;0
2025.03.20 01:30;1.09106;1.09106;1.09082;1.09095;116;0
2025.03.20 01:40;1.09095;1.09101;1.09078;1.09086;131;0
2025.03.20 01:50;1.09087;1.09099;1.09082;1.09083;160;0
2025.03.20 02:00;1.09083;1.09085;1.09051;1.09076;126;0
2025.03.20 02:10;1.09078;1.09087;1.09071;1.09083;113;0
2025.03.20 02:20;1.09082;1.09084;1.09057;1.09073;140;0
2025.03.20 02:30;1.09072;1.09086;1.09072;1.09083;118;0
2025.03.20 02:40;1.09083;1.09108;1.09081;1.09097;162;0
2025.03.20 02:50;1.09098;1.09119;1.09094;1.09116;170;0
2025.03.20 03:00;1.09117;1.09165;1.09114;1.09152;239;0
2025.03.20 03:10;1.09152;1.09155;1.09101;1.09110;193;0
2025.03.20 03:20;1.09110;1.09126;1.09072;1.09083;250;0
2025.03.20 03:30;1.09078;1.09137;1.09037;1.09121;557;1
2025.03.20 03:40;1.09121;1.09145;1.09099;1.09102;397;0
2025.03.20 03:50;1.09100;1.09126;1.09091;1.09124;372;0
2025.03.20 04:00;1.09125;1.09131;1.09044;1.09053;468;0
2025.03.20 04:10;1.09053;1.09078;1.09047;1.09075;396;0
2025.03.20 04:20;1.09074;1.09083;1.09061;1.09071;260;0
2025.03.20 04:30;1.09071;1.09097;1.09059;1.09082;388;0
2025.03.20 04:40;1.09081;1.09085;1.09036;1.09069;344;0
2025.03.20 04:50;1.09069;1.09095;1.09046;1.09058;268;0
2025.03.20 05:00;1.09058;1.09125;1.09054;1.09112;339;0
2025.03.20 05:10;1.09112;1.09171;1.09080;1.09141;542;0
2025.03.20 05:20;1.09141;1.09167;1.09141;1.09156;267;0
2025.03.20 05:30;1.09156;1.09175;1.09113;1.09118;267;0
2025.03.20 05:40;1.09117;1.09145;1.09101;1.09101;251;0
2025.03.20 05:50;1.09101;1.09115;1.09088;1.09091;266;0
2025.03.20 06:00;1.09090;1.09096;1.09070;1.09089;291;0
2025.03.20 06:10;1.09089;1.09112;1.09089;1.09101;264;0
2025.03.20 06:20;1.09102;1.09117;1.09093;1.09113;202;0
2025.03.20 06:30;1.09113;1.09141;1.09095;1.09101;300;0
2025.03.20 06:40;1.09101;1.09122;1.09078;1.09079;213;0
2025.03.20 06:50;1.09079;1.09098;1.09079;1.09098;210;0
2025.03.20 07:00;1.09098;1.09104;1.09082;1.09098;180;0
2025.03.20 07:10;1.09098;1.09101;1.09070;1.09079;155;0
2025.03.20 07:20;1.09080;1.09089;1.09067;1.09089;186;0
2025.03.20 07:30;1.09090;1.09090;1.09037;1.09040;217;0
2025.03.20 07:40;1.09039;1.09059;1.09030;1.09042;202;0
2025.03.20 07:50;1.09041;1.09048;1.09003;1.09034;209;0
2025.03.20 08:00;1.09034;1.09034;1.08953;1.08953;262;0
2025.03.20 08:10;1.08953;1.08962;1.08943;1.08957;167;0
2025.03.20 08:20;1.08958;1.08962;1.08942;1.08948;161;0
2025.03.20 08:30;1.08946;1.08951;1.08907;1.08909;135;0
2025.03.20 08:40;1.08910;1.08953;1.08909;1.08940;201;0
2025.03.20 08:50;1.08941;1.08963;1.08917;1.08957;239;0
2025.03.20 09:00;1.08954;1.08988;1.08946;1.08978;297;0
2025.03.20 09:10;1.08978;1.08991;1.08929;1.08940;286;0
2025.03.20 09:20;1.08941;1.08961;1.08923;1.08939;298;0
2025.03.20 09:30;1.08938;1.08972;1.08902;1.08908;397;0
2025.03.20 09:40;1.08908;1.08974;1.08908;1.08929;340;0
2025.03.20 09:50;1.08928;1.08946;1.08898;1.08935;286;0
2025.03.20 10:00;1.08929;1.08939;1.08885;1.08924;561;1
2025.03.20 10:10;1.08925;1.08943;1.08863;1.08867;536;0
2025.03.20 10:20;1.08866;1.08883;1.08803;1.08809;605;0
2025.03.20 10:30;1.08808;1.08825;1.08660;1.08666;490;0
2025.03.20 10:40;1.08665;1.08723;1.08648;1.08719;372;0
2025.03.20 10:50;1.08720;1.08799;1.08720;1.08793;415;0
2025.03.20 11:00;1.08794;1.08857;1.08792;1.08822;554;0
2025.03.20 11:10;1.08822;1.08836;1.08725;1.08751;554;0
2025.03.20 11:20;1.08752;1.08759;1.08662;1.08681;495;0
2025.03.20 11:30;1.08677;1.08765;1.08641;1.08753;690;0
2025.03.20 11:40;1.08754;1.08755;1.08631;1.08679;648;0
2025.03.20 11:50;1.08679;1.08698;1.08634;1.08656;616;0
2025.03.20 12:00;1.08655;1.08684;1.08611;1.08669;663;0
2025.03.20 12:10;1.08667;1.08675;1.08521;1.08542;657;0
2025.03.20 12:20;1.08543;1.08557;1.08388;1.08408;769;0
2025.03.20 12:30;1.08407;1.08516;1.08402;1.08515;559;0
2025.03.20 12:40;1.08515;1.08541;1.08468;1.08514;523;0
2025.03.20 12:50;1.08515;1.08546;1.08472;1.08522;564;0
2025.03.20 13:00;1.08522;1.08548;1.08477;1.08479;568;0
2025.03.20 13:10;1.08479;1.08479;1.08338;1.08353;723;0
2025.03.20 13:20;1.08353;1.08444;1.08333;1.08435;663;0
2025.03.20 13:30;1.08433;1.08463;1.08354;1.08453;552;0
2025.03.20 13:40;1.08461;1.08525;1.08445;1.08503;494;0
2025.03.20 13:50;1.08503;1.08509;1.08425;1.08459;393;0
2025.03.20 14:00;1.08459;1.08486;1.08419;1.08422;463;0
2025.03.20 14:10;1.08422;1.08455;1.08394;1.08454;479;0
2025.03.20 14:20;1.08459;1.08469;1.08394;1.08424;484;0
2025.03.20 14:30;1.08422;1.08468;1.08409;1.08468;461;0
2025.03.20 14:40;1.08470;1.08491;1.08411;1.08489;402;0
2025.03.20 14:50;1.08489;1.08519;1.08458;1.08494;429;0
2025.03.20 15:00;1.08494;1.08549;1.08492;1.08527;710;0
2025.03.20 15:10;1.08528;1.08556;1.08481;1.08513;509;0
2025.03.20 15:20;1.08513;1.08518;1.08399;1.08416;477;0
2025.03.20 15:30;1.08416;1.08423;1.08330;1.08400;765;0
2025.03.20 15:40;1.08402;1.08446;1.08377;1.08404;568;0
2025.03.20 15:50;1.08404;1.08436;1.08308;1.08337;634;0
2025.03.20 16:00;1.08338;1.08391;1.08320;1.08322;602;0
2025.03.20 16:10;1.08321;1.08365;1.08311;1.08312;499;0
2025.03.20 16:20;1.08314;1.08314;1.08221;1.08227;689;0
2025.03.20 16:30;1.08228;1.08272;1.08148;1.08236;804;0
2025.03.20 16:40;1.08236;1.08253;1.08203;1.08211;583;0
2025.03.20 16:50;1.08211;1.08260;1.08166;1.08258;688;0
2025.03.20 17:00;1.08249;1.08387;1.08245;1.08379;714;0
2025.03.20 17:10;1.08380;1.08380;1.08323;1.08346;560;0
2025.03.20 17:20;1.08346;1.08363;1.08261;1.08273;596;0
2025.03.20 17:30;1.08273;1.08305;1.08253;1.08258;598;0
2025.03.20 17:40;1.08257;1.08286;1.08227;1.08237;505;0
2025.03.20 17:50;1.08237;1.08305;1.08237;1.08294;540;0
2025.03.20 18:00;1.08294;1.08315;1.08238;1.08256;495;0
2025.03.20 18:10;1.08255;1.08345;1.08233;1.08343;474;0
2025.03.20 18:20;1.08344;1.08454;1.08339;1.08440;565;0
2025.03.20 18:30;1.08438;1.08439;1.08351;1.08380;469;0
2025.03.20 18:40;1.08380;1.08414;1.08365;1.08402;501;0
2025.03.20 18:50;1.08404;1.08493;1.08399;1.08474;670;0
2025.03.20 19:00;1.08472;1.08487;1.08422;1.08430;556;0
2025.03.20 19:10;1.08430;1.08498;1.08426;1.08484;460;1
2025.03.20 19:20;1.08483;1.08517;1.08471;1.08482;422;1
2025.03.20 19:30;1.08483;1.08503;1.08443;1.08468;414;0
2025.03.20 19:40;1.08468;1.08524;1.08468;1.08482;330;0
2025.03.20 19:50;1.08483;1.08514;1.08478;1.08489;343;0
2025.03.20 20:00;1.08490;1.08518;1.08454;1.08457;312;0
2025.03.20 20:10;1.08457;1.08465;1.08391;1.08407;295;0
2025.03.20 20:20;1.08418;1.08443;1.08404;1.08441;302;0
2025.03.20 20:30;1.08441;1.08443;1.08403;1.08415;282;0
2025.03.20 20:40;1.08414;1.08442;1.08402;1.08412;343;0
2025.03.20 20:50;1.08412;1.08453;1.08412;1.08446;266;0
2025.03.20 21:00;1.08446;1.08450;1.08419;1.08446;253;0
2025.03.20 21:10;1.08447;1.08481;1.08441;1.08473;243;0
2025.03.20 21:20;1.08474;1.08491;1.08461;1.08481;272;0
2025.03.20 21:30;1.08480;1.08480;1.08445;1.08446;302;0
2025.03.20 21:40;1.08446;1.08488;1.08444;1.08459;306;0
2025.03.20 21:50;1.08458;1.08497;1.08450;1.08483;310;0
2025.03.20 22:00;1.08484;1.08503;1.08472;1.08477;220;0
2025.03.20 22:10;1.08477;1.08520;1.08476;1.08519;175;0
2025.03.20 22:20;1.08520;1.08538;1.08518;1.08533;186;0
2025.03.20 22:30;1.08534;1.08534;1.08500;1.08522;238;0
2025.03.20 22:40;1.08523;1.08538;1.08513;1.08519;154;0
2025.03.20 22:50;1.08519;1.08542;1.08512;1.08532;229;0
2025.03.20 23:00;1.08533;1.08540;1.08516;1.08539;150;0
2025.03.20 23:10;1.08538;1.08547;1.08534;1.08544;108;0
2025.03.20 23:20;1.08548;1.08580;1.08545;1.08579;89;0
2025.03.20 23:30;1.08578;1.08590;1.08567;1.08571;117;0
2025.03.20 23:40;1.08568;1.08579;1.08523;1.08526;145;5
2025.03.20 23:50;1.08527;1.08539;1.08527;1.08533;130;5
2025.03.21 00:00;1.08380;1.08537;1.08380;1.08536;70;24
2025.03.21 00:10;1.08523;1.08543;1.08522;1.08543;40;24
2025.03.21 00:20;1.08543;1.08543;1.08525;1.08537;52;24
2025.03.21 00:30;1.08537;1.08537;1.08532;1.08533;42;24
2025.03.21 00:40;1.08533;1.08535;1.08530;1.08532;62;24
2025.03.21 00:50;1.08532;1.08536;1.08531;1.08536;45;24
2025.03.21 01:00;1.08537;1.08564;1.08533;1.08547;265;1
2025.03.21 01:10;1.08547;1.08558;1.08536;1.08558;90;0
2025.03.21 01:20;1.08556;1.08586;1.08553;1.08583;63;0
2025.03.21 01:30;1.08583;1.08587;1.08573;1.08578;67;0
2025.03.21 01:40;1.08578;1.08583;1.08574;1.08582;79;0
2025.03.21 01:50;1.08581;1.08581;1.08568;1.08572;77;0
2025.03.21 02:00;1.08572;1.08576;1.08565;1.08575;106;0
2025.03.21 02:10;1.08574;1.08578;1.08562;1.08571;84;0
2025.03.21 02:20;1.08572;1.08577;1.08569;1.08569;60;0
2025.03.21 02:30;1.08570;1.08574;1.08551;1.08551;133;0
2025.03.21 02:40;1.08552;1.08573;1.08552;1.08565;125;0
2025.03.21 02:50;1.08565;1.08574;1.08532;1.08532;118;0
2025.03.21 03:00;1.08532;1.08587;1.08532;1.08559;240;1
2025.03.21 03:10;1.08560;1.08563;1.08520;1.08520;194;0
2025.03.21 03:20;1.08521;1.08538;1.08506;1.08534;240;0
2025.03.21 03:30;1.08534;1.08559;1.08532;1.08554;211;0
2025.03.21 03:40;1.08555;1.08560;1.08528;1.08534;201;0
2025.03.21 03:50;1.08533;1.08547;1.08524;1.08532;290;0
2025.03.21 04:00;1.08532;1.08532;1.08485;1.08486;290;0
2025.03.21 04:10;1.08487;1.08531;1.08486;1.08520;318;0
2025.03.21 04:20;1.08521;1.08550;1.08513;1.08520;292;0
2025.03.21 04:30;1.08522;1.08556;1.08513;1.08554;268;0
2025.03.21 04:40;1.08555;1.08556;1.08498;1.08502;240;0
2025.03.21 04:50;1.08503;1.08527;1.08501;1.08524;260;0
2025.03.21 05:00;1.08524;1.08546;1.08514;1.08535;196;0
2025.03.21 05:10;1.08537;1.08550;1.08508;1.08518;242;0
2025.03.21 05:20;1.08518;1.08519;1.08446;1.08491;309;0
2025.03.21 05:30;1.08491;1.08494;1.08452;1.08462;225;0
2025.03.21 05:40;1.08463;1.08464;1.08431;1.08456;143;0
2025.03.21 05:50;1.08456;1.08457;1.08422;1.08443;257;0
2025.03.21 06:00;1.08443;1.08457;1.08427;1.08452;300;0
2025.03.21 06:10;1.08454;1.08465;1.08440;1.08443;212;0
2025.03.21 06:20;1.08442;1.08443;1.08395;1.08399;202;0
2025.03.21 06:30;1.08399;1.08403;1.08351;1.08374;224;0
2025.03.21 06:40;1.08374;1.08382;1.08350;1.08354;140;0
2025.03.21 06:50;1.08356;1.08371;1.08334;1.08346;159;0
2025.03.21 07:00;1.08347;1.08366;1.08335;1.08358;198;0
2025.03.21 07:10;1.08358;1.08359;1.08306;1.08315;215;0
2025.03.21 07:20;1.08316;1.08322;1.08299;1.08307;141;0
2025.03.21 07:30;1.08307;1.08340;1.08301;1.08317;192;0
2025.03.21 07:40;1.08317;1.08320;1.08277;1.08280;165;0
2025.03.21 07:50;1.08279;1.08310;1.08274;1.08303;166;0
2025.03.21 08:00;1.08303;1.08303;1.08277;1.08280;180;0
2025.03.21 08:10;1.08281;1.08302;1.08272;1.08293;217;0
2025.03.21 08:20;1.08292;1.08293;1.08249;1.08251;288;0
2025.03.21 08:30;1.08251;1.08261;1.08217;1.08219;317;0
2025.03.21 08:40;1.08219;1.08222;1.08199;1.08219;254;0
2025.03.21 08:50;1.08219;1.08298;1.08217;1.08285;338;0
2025.03.21 09:00;1.08285;1.08297;1.08248;1.08262;394;0
2025.03.21 09:10;1.08263;1.08278;1.08244;1.08269;206;0
2025.03.21 09:20;1.08269;1.08308;1.08258;1.08296;303;0
2025.03.21 09:30;1.08295;1.08374;1.08294;1.08361;345;0
2025.03.21 09:40;1.08361;1.08373;1.08329;1.08335;211;0
2025.03.21 09:50;1.08335;1.08348;1.08290;1.08343;349;0
2025.03.21 10:00;1.08343;1.08349;1.08269;1.08307;432;0
2025.03.21 10:10;1.08308;1.08379;1.08305;1.08349;442;0
2025.03.21 10:20;1.08349;1.08362;1.08318;1.08359;367;0
2025.03.21 10:30;1.08359;1.08418;1.08340;1.08398;361;0
2025.03.21 10:40;1.08386;1.08407;1.08341;1.08362;381;0
2025.03.21 10:50;1.08361;1.08408;1.08332;1.08391;482;0
2025.03.21 11:00;1.08385;1.08456;1.08308;1.08314;575;0
2025.03.21 11:10;1.08314;1.08346;1.08279;1.08281;368;0
2025.03.21 11:20;1.08281;1.08304;1.08241;1.08277;578;0
2025.03.21 11:30;1.08277;1.08285;1.08241;1.08277;487;0
2025.03.21 11:40;1.08276;1.08328;1.08253;1.08326;446;0
2025.03.21 11:50;1.08325;1.08371;1.08325;1.08361;440;0
2025.03.21 12:00;1.08361;1.08375;1.08333;1.08348;348;0
2025.03.21 12:10;1.08349;1.08369;1.08326;1.08351;332;0
2025.03.21 12:20;1.08351;1.08391;1.08346;1.08362;307;0
2025.03.21 12:30;1.08359;1.08365;1.08283;1.08289;383;0
2025.03.21 12:40;1.08289;1.08300;1.08270;1.08290;329;0
2025.03.21 12:50;1.08283;1.08296;1.08248;1.08257;325;0
2025.03.21 13:00;1.08261;1.08388;1.08260;1.08351;481;0
2025.03.21 13:10;1.08350;1.08372;1.08313;1.08366;388;0
2025.03.21 13:20;1.08365;1.08383;1.08280;1.08282;312;0
2025.03.21 13:30;1.08282;1.08299;1.08261;1.08262;269;0
2025.03.21 13:40;1.08267;1.08345;1.08262;1.08332;342;0
2025.03.21 13:50;1.08333;1.08372;1.08313;1.08370;326;0
2025.03.21 14:00;1.08369;1.08405;1.08351;1.08390;515;0
2025.03.21 14:10;1.08393;1.08440;1.08370;1.08380;398;0
2025.03.21 14:20;1.08379;1.08430;1.08378;1.08400;373;0
2025.03.21 14:30;1.08395;1.08419;1.08377;1.08389;376;0
2025.03.21 14:40;1.08388;1.08455;1.08381;1.08455;284;0
2025.03.21 14:50;1.08463;1.08515;1.08434;1.08507;483;0
2025.03.21 15:00;1.08508;1.08612;1.08497;1.08568;608;0
2025.03.21 15:10;1.08569;1.08591;1.08503;1.08506;516;0
2025.03.21 15:20;1.08506;1.08519;1.08433;1.08433;574;0
2025.03.21 15:30;1.08433;1.08471;1.08378;1.08383;599;0
2025.03.21 15:40;1.08383;1.08467;1.08348;1.08390;630;0
2025.03.21 15:50;1.08389;1.08399;1.08298;1.08322;686;0
2025.03.21 16:00;1.08320;1.08338;1.08263;1.08269;642;0
2025.03.21 16:10;1.08271;1.08350;1.08270;1.08329;563;0
2025.03.21 16:20;1.08330;1.08338;1.08272;1.08319;553;0
2025.03.21 16:30;1.08318;1.08345;1.08292;1.08323;757;0
2025.03.21 16:40;1.08324;1.08360;1.08272;1.08282;598;0
2025.03.21 16:50;1.08281;1.08322;1.08250;1.08321;593;0
2025.03.21 17:00;1.08325;1.08343;1.08274;1.08294;632;0
2025.03.21 17:10;1.08293;1.08356;1.08254;1.08316;638;0
2025.03.21 17:20;1.08315;1.08333;1.08254;1.08255;593;0
2025.03.21 17:30;1.08253;1.08262;1.08186;1.08239;566;0
2025.03.21 17:40;1.08239;1.08300;1.08225;1.08278;597;0
2025.03.21 17:50;1.08275;1.08291;1.08227;1.08237;517;0
2025.03.21 18:00;1.08238;1.08291;1.08238;1.08257;608;0
2025.03.21 18:10;1.08256;1.08283;1.08225;1.08249;398;0
2025.03.21 18:20;1.08250;1.08287;1.08250;1.08268;383;0
2025.03.21 18:30;1.08267;1.08279;1.08245;1.08262;445;0
2025.03.21 18:40;1.08261;1.08270;1.08165;1.08165;494;0
2025.03.21 18:50;1.08159;1.08161;1.07977;1.08063;1186;0
2025.03.21 19:00;1.08061;1.08140;1.08046;1.08090;904;1
2025.03.21 19:10;1.08091;1.08175;1.08091;1.08156;515;0
2025.03.21 19:20;1.08154;1.08207;1.08125;1.08158;483;1
2025.03.21 19:30;1.08157;1.08250;1.08150;1.08208;491;1
2025.03.21 19:40;1.08209;1.08227;1.08197;1.08218;392;1
2025.03.21 19:50;1.08221;1.08230;1.08164;1.08183;407;1
2025.03.21 20:00;1.08184;1.08184;1.08051;1.08057;395;0
2025.03.21 20:10;1.08057;1.08140;1.08057;1.08113;342;0
2025.03.21 20:20;1.08113;1.08136;1.08073;1.08118;342;0
2025.03.21 20:30;1.08119;1.08198;1.08114;1.08168;386;0
2025.03.21 20:40;1.08168;1.08256;1.08161;1.08233;368;0
2025.03.21 20:50;1.08232;1.08253;1.08214;1.08226;354;0
2025.03.21 21:00;1.08227;1.08239;1.08148;1.08153;322;0
2025.03.21 21:10;1.08153;1.08194;1.08153;1.08181;296;0
2025.03.21 21:20;1.08180;1.08237;1.08156;1.08231;353;0
2025.03.21 21:30;1.08231;1.08259;1.08200;1.08244;275;0
2025.03.21 21:40;1.08241;1.08269;1.08237;1.08248;278;0
2025.03.21 21:50;1.08247;1.08251;1.08199;1.08209;259;0
2025.03.21 22:00;1.08210;1.08245;1.08210;1.08232;257;0
2025.03.21 22:10;1.08231;1.08238;1.08173;1.08183;240;0
2025.03.21 22:20;1.08183;1.08208;1.08158;1.08200;229;0
2025.03.21 22:30;1.08195;1.08232;1.08175;1.08176;201;0
2025.03.21 22:40;1.08175;1.08195;1.08153;1.08192;269;0
2025.03.21 22:50;1.08195;1.08198;1.08171;1.08177;289;0
2025.03.21 23:00;1.08175;1.08175;1.08138;1.08152;193;0
2025.03.21 23:10;1.08153;1.08170;1.08153;1.08161;84;0
2025.03.21 23:20;1.08162;1.08164;1.08146;1.08149;97;0
2025.03.21 23:30;1.08149;1.08153;1.08117;1.08118;126;0
2025.03.21 23:40;1.08116;1.08154;1.08115;1.08136;232;5
2025.03.21 23:50;1.08137;1.08137;1.08120;1.08126;62;5
2025.03.24 00:00;1.08126;1.08141;1.08103;1.08138;26;36
2025.03.24 00:10;1.08136;1.08138;1.08120;1.08125;25;37
2025.03.24 00:20;1.08125;1.08151;1.08125;1.08140;46;35
2025.03.24 00:30;1.08144;1.08187;1.08143;1.08178;68;25
2025.03.24 00:40;1.08178;1.08181;1.08155;1.08157;95;25
2025.03.24 00:50;1.08160;1.08183;1.08155;1.08168;91;25
2025.03.24 01:00;1.08196;1.08302;1.08175;1.08219;330;1
2025.03.24 01:10;1.08219;1.08221;1.08166;1.08214;236;0
2025.03.24 01:20;1.08214;1.08222;1.08187;1.08193;175;0
2025.03.24 01:30;1.08192;1.08201;1.08176;1.08190;176;0
2025.03.24 01:40;1.08190;1.08217;1.08178;1.08181;147;0
2025.03.24 01:50;1.08180;1.08205;1.08176;1.08199;191;0
2025.03.24 02:00;1.08201;1.08224;1.08190;1.08207;190;0
2025.03.24 02:10;1.08206;1.08249;1.08206;1.08226;176;0
2025.03.24 02:20;1.08224;1.08251;1.08221;1.08244;117;0
2025.03.24 02:30;1.08243;1.08268;1.08233;1.08261;174;0
2025.03.24 02:40;1.08261;1.08321;1.08261;1.08317;182;0
2025.03.24 02:50;1.08315;1.08371;1.08302;1.08360;275;0
2025.03.24 03:00;1.08360;1.08375;1.08324;1.08370;342;0
2025.03.24 03:10;1.08368;1.08401;1.08362;1.08394;283;0
2025.03.24 03:20;1.08394;1.08401;1.08383;1.08384;164;0
2025.03.24 03:30;1.08384;1.08386;1.08336;1.08367;301;0
2025.03.24 03:40;1.08368;1.08371;1.08344;1.08355;210;0
2025.03.24 03:50;1.08356;1.08376;1.08332;1.08374;356;0
2025.03.24 04:00;1.08373;1.08376;1.08327;1.08343;325;0
2025.03.24 04:10;1.08344;1.08354;1.08305;1.08307;351;0
2025.03.24 04:20;1.08308;1.08308;1.08255;1.08259;369;0
2025.03.24 04:30;1.08260;1.08288;1.08244;1.08272;399;0
2025.03.24 04:40;1.08272;1.08284;1.08232;1.08242;398;0
2025.03.24 04:50;1.08240;1.08265;1.08228;1.08262;358;0
2025.03.24 05:00;1.08261;1.08316;1.08261;1.08316;361;0
2025.03.24 05:10;1.08317;1.08318;1.08270;1.08271;317;0
2025.03.24 05:20;1.08272;1.08321;1.08267;1.08319;234;0
2025.03.24 05:30;1.08319;1.08319;1.08297;1.08299;288;0
2025.03.24 05:40;1.08300;1.08301;1.08262;1.08268;196;0
2025.03.24 05:50;1.08269;1.08278;1.08243;1.08250;263;0
2025.03.24 06:00;1.08250;1.08293;1.08248;1.08272;256;0
2025.03.24 06:10;1.08271;1.08293;1.08267;1.08282;257;0
2025.03.24 06:20;1.08279;1.08290;1.08273;1.08277;183;0
2025.03.24 06:30;1.08277;1.08277;1.08252;1.08270;192;1
2025.03.24 06:40;1.08269;1.08270;1.08236;1.08237;203;0
2025.03.24 06:50;1.08237;1.08240;1.08200;1.08203;272;1
2025.03.24 07:00;1.08202;1.08224;1.08193;1.08220;271;1
2025.03.24 07:10;1.08219;1.08219;1.08176;1.08194;221;0
2025.03.24 07:20;1.08195;1.08197;1.08171;1.08195;185;0
2025.03.24 07:30;1.08195;1.08227;1.08195;1.08222;203;0
2025.03.24 07:40;1.08223;1.08245;1.08223;1.08229;159;0
2025.03.24 07:50;1.08228;1.08234;1.08212;1.08228;165;0
2025.03.24 08:00;1.08228;1.08228;1.08181;1.08214;362;1
2025.03.24 08:10;1.08214;1.08225;1.08188;1.08213;313;0
2025.03.24 08:20;1.08214;1.08261;1.08203;1.08260;259;0
2025.03.24 08:30;1.08260;1.08278;1.08245;1.08262;222;0
2025.03.24 08:40;1.08262;1.08275;1.08255;1.08258;202;0
2025.03.24 08:50;1.08258;1.08306;1.08246;1.08290;266;0
2025.03.24 09:00;1.08287;1.08321;1.08281;1.08314;357;0
2025.03.24 09:10;1.08314;1.08361;1.08301;1.08353;246;0
2025.03.24 09:20;1.08355;1.08395;1.08354;1.08383;434;0
2025.03.24 09:30;1.08382;1.08403;1.08368;1.08383;316;0
2025.03.24 09:40;1.08384;1.08448;1.08383;1.08412;315;0
2025.03.24 09:50;1.08413;1.08434;1.08395;1.08397;336;0
2025.03.24 10:00;1.08396;1.08432;1.08377;1.08431;430;0
2025.03.24 10:10;1.08431;1.08471;1.08429;1.08443;366;0
2025.03.24 10:20;1.08442;1.08497;1.08442;1.08489;475;0
2025.03.24 10:30;1.08489;1.08500;1.08347;1.08353;491;0
2025.03.24 10:40;1.08353;1.08405;1.08348;1.08361;276;0
2025.03.24 10:50;1.08361;1.08390;1.08331;1.08384;587;0
2025.03.24 11:00;1.08385;1.08441;1.08375;1.08390;781;0
2025.03.24 11:10;1.08386;1.08513;1.08376;1.08461;736;0
2025.03.24 11:20;1.08460;1.08584;1.08460;1.08552;656;2
2025.03.24 11:30;1.08477;1.08534;1.08410;1.08426;778;0
2025.03.24 11:40;1.08427;1.08505;1.08419;1.08451;558;0
2025.03.24 11:50;1.08450;1.08464;1.08393;1.08429;445;0
2025.03.24 12:00;1.08428;1.08449;1.08331;1.08356;566;0
2025.03.24 12:10;1.08356;1.08392;1.08288;1.08303;553;0
2025.03.24 12:20;1.08304;1.08376;1.08291;1.08336;482;0
2025.03.24 12:30;1.08335;1.08356;1.08285;1.08332;587;0
2025.03.24 12:40;1.08332;1.08385;1.08323;1.08378;418;0
2025.03.24 12:50;1.08378;1.08445;1.08376;1.08393;472;0
2025.03.24 13:00;1.08398;1.08431;1.08366;1.08410;458;0
2025.03.24 13:10;1.08411;1.08483;1.08397;1.08482;395;0
2025.03.24 13:20;1.08482;1.08522;1.08445;1.08522;433;0
2025.03.24 13:30;1.08522;1.08547;1.08489;1.08506;434;0
2025.03.24 13:40;1.08506;1.08540;1.08461;1.08492;392;0
2025.03.24 13:50;1.08494;1.08508;1.08468;1.08480;360;0
2025.03.24 14:00;1.08481;1.08493;1.08455;1.08459;452;0
2025.03.24 14:10;1.08460;1.08493;1.08440;1.08449;379;0
2025.03.24 14:20;1.08449;1.08494;1.08447;1.08457;389;0
2025.03.24 14:30;1.08457;1.08467;1.08405;1.08440;355;0
2025.03.24 14:40;1.08441;1.08446;1.08389;1.08397;417;0
2025.03.24 14:50;1.08397;1.08404;1.08322;1.08326;432;0
2025.03.24 15:00;1.08324;1.08346;1.08283;1.08296;497;0
2025.03.24 15:10;1.08295;1.08309;1.08227;1.08248;505;0
2025.03.24 15:20;1.08251;1.08282;1.08217;1.08247;414;0
2025.03.24 15:30;1.08250;1.08288;1.08226;1.08226;470;0
2025.03.24 15:40;1.08227;1.08297;1.08219;1.08292;454;0
2025.03.24 15:50;1.08292;1.08300;1.08236;1.08298;541;0
2025.03.24 16:00;1.08298;1.08307;1.08236;1.08240;561;0
2025.03.24 16:10;1.08240;1.08257;1.08175;1.08227;513;0
2025.03.24 16:20;1.08228;1.08249;1.08198;1.08224;452;0
2025.03.24 16:30;1.08223;1.08251;1.08218;1.08242;546;0
2025.03.24 16:40;1.08243;1.08247;1.08069;1.08130;820;0
2025.03.24 16:50;1.08130;1.08130;1.07925;1.07937;981;0
2025.03.24 17:00;1.07933;1.08011;1.07903;1.08010;858;0
2025.03.24 17:10;1.08010;1.08134;1.07973;1.08134;676;0
2025.03.24 17:20;1.08128;1.08203;1.08121;1.08122;741;0
2025.03.24 17:30;1.08117;1.08117;1.08015;1.08032;671;0
2025.03.24 17:40;1.08033;1.08060;1.07967;1.08002;685;0
2025.03.24 17:50;1.08003;1.08026;1.07942;1.07995;721;0
2025.03.24 18:00;1.07995;1.08012;1.07932;1.07971;756;0
2025.03.24 18:10;1.07972;1.08050;1.07960;1.08038;563;0
2025.03.24 18:20;1.08038;1.08052;1.07955;1.07958;507;0
2025.03.24 18:30;1.07958;1.07999;1.07927;1.07998;566;0
2025.03.24 18:40;1.07998;1.08040;1.07938;1.07946;533;0
2025.03.24 18:50;1.07947;1.07974;1.07907;1.07938;676;0
2025.03.24 19:00;1.07939;1.08067;1.07937;1.08067;481;0
2025.03.24 19:10;1.08067;1.08072;1.08006;1.08012;406;0
2025.03.24 19:20;1.08012;1.08067;1.07955;1.07962;509;0
2025.03.24 19:30;1.07960;1.07983;1.07912;1.07912;480;0
2025.03.24 19:40;1.07913;1.07927;1.07815;1.07903;573;0
2025.03.24 19:50;1.07904;1.07949;1.07896;1.07918;388;0
2025.03.24 20:00;1.07918;1.07962;1.07898;1.07957;424;0
2025.03.24 20:10;1.07957;1.07961;1.07886;1.07922;386;0
2025.03.24 20:20;1.07923;1.07948;1.07883;1.07945;364;0
2025.03.24 20:30;1.07944;1.07948;1.07848;1.07885;352;0
2025.03.24 20:40;1.07884;1.07944;1.07848;1.07890;383;0
2025.03.24 20:50;1.07887;1.07915;1.07856;1.07878;348;0
2025.03.24 21:00;1.07877;1.07884;1.07840;1.07883;314;1
2025.03.24 21:10;1.07884;1.07923;1.07866;1.07920;289;1
2025.03.24 21:20;1.07922;1.07939;1.07910;1.07933;268;1
2025.03.24 21:30;1.07932;1.08017;1.07932;1.07996;298;1
2025.03.24 21:40;1.07996;1.08132;1.07994;1.08060;848;1
2025.03.24 21:50;1.08062;1.08067;1.08010;1.08053;415;1
2025.03.24 22:00;1.08055;1.08072;1.08014;1.08026;255;1
2025.03.24 22:10;1.08026;1.08060;1.08019;1.08056;163;0
2025.03.24 22:20;1.08055;1.08056;1.08025;1.08032;177;1
2025.03.24 22:30;1.08033;1.08041;1.08006;1.08008;154;1
2025.03.24 22:40;1.08007;1.08015;1.07990;1.07998;181;1
2025.03.24 22:50;1.07996;1.08023;1.07974;1.08023;223;0
2025.03.24 23:00;1.08019;1.08033;1.08010;1.08029;142;0
2025.03.24 23:10;1.08030;1.08046;1.08029;1.08041;125;0
2025.03.24 23:20;1.08042;1.08063;1.08030;1.08030;95;0
2025.03.24 23:30;1.08029;1.08029;1.08009;1.08018;107;0
2025.03.24 23:40;1.08016;1.08030;1.08004;1.08021;158;5
2025.03.24 23:50;1.08021;1.08030;1.07995;1.08008;213;5
2025.03.25 00:00;1.07999;1.08009;1.07974;1.07989;135;24
2025.03.25 00:10;1.07988;1.08001;1.07962;1.07976;110;24
2025.03.25 00:20;1.07974;1.07984;1.07959;1.07965;91;24
2025.03.25 00:30;1.07959;1.07988;1.07959;1.07970;125;24
2025.03.25 00:40;1.07970;1.08014;1.07970;1.07990;94;24
2025.03.25 00:50;1.07991;1.08006;1.07959;1.07998;102;24
2025.03.25 01:00;1.08008;1.08029;1.08006;1.08009;134;1
2025.03.25 01:10;1.08008;1.08008;1.07950;1.07967;127;1
2025.03.25 01:20;1.07968;1.08000;1.07968;1.07993;86;0
2025.03.25 01:30;1.07992;1.08016;1.07986;1.08010;96;0
2025.03.25 01:40;1.08011;1.08018;1.08003;1.08017;76;0
2025.03.25 01:50;1.08018;1.08027;1.08015;1.08025;65;0
2025.03.25 02:00;1.08026;1.08037;1.08023;1.08033;66;0
2025.03.25 02:10;1.08031;1.08031;1.08007;1.08007;74;1
2025.03.25 02:20;1.08007;1.08021;1.08005;1.08021;113;0
2025.03.25 02:30;1.08020;1.08024;1.08014;1.08017;89;0
2025.03.25 02:40;1.08019;1.08026;1.08005;1.08022;102;0
2025.03.25 02:50;1.08022;1.08033;1.08018;1.08024;111;0
2025.03.25 03:00;1.08023;1.08025;1.07982;1.08009;276;1
2025.03.25 03:10;1.08008;1.08009;1.07981;1.07991;184;0
2025.03.25 03:20;1.07990;1.08002;1.07961;1.07962;162;0
2025.03.25 03:30;1.07963;1.07980;1.07961;1.07962;186;0
2025.03.25 03:40;1.07962;1.07983;1.07962;1.07982;188;0
2025.03.25 03:50;1.07982;1.08025;1.07980;1.08001;272;0
2025.03.25 04:00;1.08000;1.08027;1.07998;1.08011;317;1
2025.03.25 04:10;1.08012;1.08076;1.08007;1.08076;340;1
2025.03.25 04:20;1.08081;1.08082;1.08043;1.08045;239;0
2025.03.25 04:30;1.08045;1.08051;1.08025;1.08048;317;0
2025.03.25 04:40;1.08047;1.08066;1.08024;1.08051;228;0
2025.03.25 04:50;1.08051;1.08051;1.08014;1.08022;223;0
2025.03.25 05:00;1.08023;1.08030;1.08001;1.08028;334;2
2025.03.25 05:10;1.08028;1.08052;1.08014;1.08026;246;0
2025.03.25 05:20;1.08025;1.08025;1.07981;1.07990;272;0
2025.03.25 05:30;1.07988;1.08017;1.07986;1.08004;209;0
2025.03.25 05:40;1.08005;1.08006;1.07968;1.07983;211;0
2025.03.25 05:50;1.07987;1.08002;1.07941;1.07966;262;0
2025.03.25 06:00;1.07966;1.08008;1.07960;1.08006;265;0
2025.03.25 06:10;1.08006;1.08034;1.08001;1.08027;201;0
2025.03.25 06:20;1.08026;1.08029;1.07999;1.08002;222;0
2025.03.25 06:30;1.08002;1.08012;1.07992;1.08002;197;0
2025.03.25 06:40;1.08002;1.08016;1.07998;1.08001;160;0
2025.03.25 06:50;1.08002;1.08035;1.07998;1.08029;243;0
2025.03.25 07:00;1.08031;1.08058;1.08027;1.08043;225;0
2025.03.25 07:10;1.08044;1.08062;1.08040;1.08056;182;0
2025.03.25 07:20;1.08056;1.08080;1.08056;1.08080;165;0
2025.03.25 07:30;1.08079;1.08090;1.08061;1.08071;142;0
2025.03.25 07:40;1.08072;1.08078;1.08033;1.08062;222;0
2025.03.25 07:50;1.08061;1.08065;1.08031;1.08034;223;0
2025.03.25 08:00;1.08033;1.08047;1.08030;1.08032;168;0
2025.03.25 08:10;1.08034;1.08040;1.08021;1.08027;174;0
2025.03.25 08:20;1.08027;1.08071;1.08025;1.08062;187;0
2025.03.25 08:30;1.08061;1.08061;1.08028;1.08041;198;0
2025.03.25 08:40;1.08040;1.08052;1.08030;1.08032;211;0
2025.03.25 08:50;1.08031;1.08040;1.08012;1.08032;212;0
2025.03.25 09:00;1.08031;1.08047;1.08009;1.08013;249;0
2025.03.25 09:10;1.08010;1.08021;1.07971;1.07996;314;0
2025.03.25 09:20;1.07997;1.08018;1.07961;1.07963;239;0
2025.03.25 09:30;1.07961;1.07987;1.07950;1.07953;273;0
2025.03.25 09:40;1.07956;1.07973;1.07929;1.07938;305;0
2025.03.25 09:50;1.07939;1.07959;1.07938;1.07947;270;0
2025.03.25 10:00;1.07946;1.08002;1.07934;1.08001;430;0
2025.03.25 10:10;1.08000;1.08021;1.07961;1.07970;436;0
2025.03.25 10:20;1.07970;1.07971;1.07895;1.07934;421;0
2025.03.25 10:30;1.07935;1.07935;1.07871;1.07902;448;0
2025.03.25 10:40;1.07902;1.07903;1.07851;1.07890;373;0
2025.03.25 10:50;1.07890;1.07938;1.07862;1.07873;524;0
2025.03.25 11:00;1.07874;1.07900;1.07804;1.07830;687;0
2025.03.25 11:10;1.07828;1.07847;1.07783;1.07795;460;0
2025.03.25 11:20;1.07796;1.07846;1.07771;1.07786;477;0
2025.03.25 11:30;1.07787;1.07919;1.07785;1.07902;566;0
2025.03.25 11:40;1.07907;1.07919;1.07862;1.07875;475;0
2025.03.25 11:50;1.07875;1.07923;1.07875;1.07907;447;0
2025.03.25 12:00;1.07906;1.07985;1.07875;1.07906;612;0
2025.03.25 12:10;1.07905;1.07979;1.07904;1.07974;515;0
2025.03.25 12:20;1.07975;1.07999;1.07943;1.07981;419;0
2025.03.25 12:30;1.07981;1.07988;1.07940;1.07973;424;0
2025.03.25 12:40;1.07973;1.08040;1.07971;1.08027;385;0
2025.03.25 12:50;1.08027;1.08027;1.07999;1.08007;474;0
2025.03.25 13:00;1.08002;1.08065;1.07999;1.08037;466;0
2025.03.25 13:10;1.08038;1.08133;1.08036;1.08128;548;0
2025.03.25 13:20;1.08127;1.08188;1.08107;1.08170;601;0
2025.03.25 13:30;1.08169;1.08194;1.08113;1.08143;443;0
2025.03.25 13:40;1.08143;1.08196;1.08132;1.08192;414;0
2025.03.25 13:50;1.08192;1.08244;1.08190;1.08202;452;0
2025.03.25 14:00;1.08202;1.08205;1.08150;1.08155;475;0
2025.03.25 14:10;1.08158;1.08197;1.08110;1.08167;588;0
2025.03.25 14:20;1.08168;1.08238;1.08147;1.08210;518;0
2025.03.25 14:30;1.08209;1.08261;1.08208;1.08232;470;0
2025.03.25 14:40;1.08231;1.08277;1.08231;1.08253;387;0
2025.03.25 14:50;1.08253;1.08253;1.08163;1.08179;483;0
2025.03.25 15:00;1.08182;1.08226;1.08169;1.08222;447;0
2025.03.25 15:10;1.08222;1.08229;1.08185;1.08206;470;0
2025.03.25 15:20;1.08205;1.08216;1.08157;1.08210;462;0
2025.03.25 15:30;1.08210;1.08233;1.08193;1.08196;469;0
2025.03.25 15:40;1.08198;1.08289;1.08198;1.08286;524;0
2025.03.25 15:50;1.08286;1.08303;1.08237;1.08252;531;0
2025.03.25 16:00;1.08250;1.08278;1.08231;1.08248;577;0
2025.03.25 16:10;1.08248;1.08272;1.08229;1.08235;553;0
2025.03.25 16:20;1.08234;1.08242;1.08188;1.08224;501;0
2025.03.25 16:30;1.08226;1.08252;1.08216;1.08225;716;0
2025.03.25 16:40;1.08227;1.08265;1.08217;1.08225;598;0
2025.03.25 16:50;1.08224;1.08230;1.08140;1.08148;654;0
2025.03.25 17:00;1.08154;1.08218;1.08061;1.08068;894;0
2025.03.25 17:10;1.08068;1.08105;1.08038;1.08066;815;0
2025.03.25 17:20;1.08071;1.08086;1.08018;1.08062;726;0
2025.03.25 17:30;1.08061;1.08153;1.08046;1.08152;601;0
2025.03.25 17:40;1.08152;1.08203;1.08130;1.08190;623;0
2025.03.25 17:50;1.08189;1.08190;1.08117;1.08126;725;0
2025.03.25 18:00;1.08126;1.08167;1.08123;1.08147;659;0
2025.03.25 18:10;1.08147;1.08179;1.08134;1.08155;561;0
2025.03.25 18:20;1.08153;1.08198;1.08133;1.08180;589;0
2025.03.25 18:30;1.08186;1.08186;1.08118;1.08126;470;0
2025.03.25 18:40;1.08127;1.08140;1.08035;1.08047;465;0
2025.03.25 18:50;1.08046;1.08060;1.07972;1.08031;894;0
2025.03.25 19:00;1.08032;1.08111;1.08019;1.08103;652;0
2025.03.25 19:10;1.08098;1.08105;1.08045;1.08084;468;0
2025.03.25 19:20;1.08085;1.08122;1.08068;1.08100;384;0
2025.03.25 19:30;1.08098;1.08132;1.08082;1.08104;334;0
2025.03.25 19:40;1.08104;1.08132;1.08096;1.08097;363;0
2025.03.25 19:50;1.08097;1.08097;1.08054;1.08065;348;0
2025.03.25 20:00;1.08071;1.08169;1.08065;1.08140;401;0
2025.03.25 20:10;1.08141;1.08141;1.08093;1.08118;351;0
2025.03.25 20:20;1.08118;1.08119;1.08090;1.08091;286;0
2025.03.25 20:30;1.08094;1.08119;1.08083;1.08085;271;0
2025.03.25 20:40;1.08086;1.08110;1.08068;1.08069;250;0
2025.03.25 20:50;1.08069;1.08098;1.08060;1.08098;310;0
2025.03.25 21:00;1.08093;1.08093;1.08053;1.08065;304;0
2025.03.25 21:10;1.08065;1.08091;1.08051;1.08053;192;0
2025.03.25 21:20;1.08055;1.08061;1.08009;1.08016;179;0
2025.03.25 21:30;1.08017;1.08045;1.08012;1.08015;294;0
2025.03.25 21:40;1.08013;1.08028;1.07986;1.07996;279;0
2025.03.25 21:50;1.07996;1.08035;1.07970;1.07984;411;0
2025.03.25 22:00;1.07986;1.08019;1.07968;1.08017;310;0
2025.03.25 22:10;1.08018;1.08020;1.07922;1.07940;390;0
2025.03.25 22:20;1.07940;1.07943;1.07907;1.07914;308;0
2025.03.25 22:30;1.07913;1.07974;1.07913;1.07961;312;0
2025.03.25 22:40;1.07961;1.07991;1.07961;1.07976;271;0
2025.03.25 22:50;1.07974;1.07987;1.07938;1.07954;402;1
2025.03.25 23:00;1.07953;1.07958;1.07903;1.07909;221;0
2025.03.25 23:10;1.07908;1.07942;1.07900;1.07931;168;0
2025.03.25 23:20;1.07931;1.07931;1.07911;1.07912;76;0
2025.03.25 23:30;1.07912;1.07933;1.07900;1.07921;132;1
2025.03.25 23:40;1.07920;1.07925;1.07901;1.07908;173;5
2025.03.25 23:50;1.07911;1.07918;1.07900;1.07914;235;5
2025.03.26 00:00;1.07865;1.07912;1.07864;1.07907;55;24
2025.03.26 00:10;1.07907;1.07911;1.07903;1.07905;69;24
2025.03.26 00:20;1.07905;1.07908;1.07901;1.07901;24;24
2025.03.26 00:30;1.07904;1.07907;1.07901;1.07901;39;24
2025.03.26 00:40;1.07901;1.07911;1.07901;1.07906;70;24
2025.03.26 00:50;1.07905;1.07914;1.07902;1.07907;56;24
2025.03.26 01:00;1.07921;1.07930;1.07896;1.07917;191;0
2025.03.26 01:10;1.07917;1.07930;1.07913;1.07918;145;0
2025.03.26 01:20;1.07918;1.07921;1.07911;1.07915;146;0
2025.03.26 01:30;1.07912;1.07914;1.07895;1.07896;139;0
2025.03.26 01:40;1.07896;1.07899;1.07892;1.07897;118;0
2025.03.26 01:50;1.07897;1.07899;1.07879;1.07885;84;0
2025.03.26 02:00;1.07885;1.07888;1.07862;1.07874;168;0
2025.03.26 02:10;1.07874;1.07889;1.07872;1.07876;120;0
2025.03.26 02:20;1.07876;1.07878;1.07867;1.07876;107;0
2025.03.26 02:30;1.07872;1.07880;1.07863;1.07865;114;0
2025.03.26 02:40;1.07866;1.07874;1.07854;1.07858;85;0
2025.03.26 02:50;1.07858;1.07889;1.07856;1.07888;132;0
2025.03.26 03:00;1.07888;1.07906;1.07870;1.07893;266;1
2025.03.26 03:10;1.07893;1.07913;1.07887;1.07902;149;0
2025.03.26 03:20;1.07903;1.07923;1.07890;1.07890;222;0
2025.03.26 03:30;1.07880;1.07922;1.07868;1.07872;289;0
2025.03.26 03:40;1.07872;1.07892;1.07842;1.07843;270;0
2025.03.26 03:50;1.07843;1.07866;1.07836;1.07844;347;0
2025.03.26 04:00;1.07844;1.07844;1.07779;1.07829;428;0
2025.03.26 04:10;1.07829;1.07871;1.07815;1.07861;375;0
2025.03.26 04:20;1.07861;1.07869;1.07823;1.07864;352;0
2025.03.26 04:30;1.07867;1.07910;1.07859;1.07897;372;0
2025.03.26 04:40;1.07898;1.07936;1.07897;1.07918;358;0
2025.03.26 04:50;1.07919;1.07955;1.07914;1.07937;272;0
2025.03.26 05:00;1.07938;1.07956;1.07929;1.07931;262;0
2025.03.26 05:10;1.07931;1.07932;1.07903;1.07912;218;0
2025.03.26 05:20;1.07912;1.07945;1.07910;1.07942;180;0
2025.03.26 05:30;1.07942;1.07956;1.07936;1.07941;256;0
2025.03.26 05:40;1.07941;1.07956;1.07929;1.07952;228;0
2025.03.26 05:50;1.07953;1.07971;1.07948;1.07953;167;0
2025.03.26 06:00;1.07953;1.07963;1.07925;1.07938;195;0
2025.03.26 06:10;1.07937;1.07948;1.07917;1.07920;196;0
2025.03.26 06:20;1.07920;1.07937;1.07900;1.07901;201;0
2025.03.26 06:30;1.07901;1.07908;1.07885;1.07904;178;0
2025.03.26 06:40;1.07904;1.07915;1.07891;1.07891;211;1
2025.03.26 06:50;1.07891;1.07895;1.07838;1.07860;221;0
2025.03.26 07:00;1.07861;1.07878;1.07847;1.07848;183;0
2025.03.26 07:10;1.07848;1.07866;1.07825;1.07845;137;1
2025.03.26 07:20;1.07844;1.07864;1.07830;1.07853;146;0
2025.03.26 07:30;1.07853;1.07856;1.07822;1.07828;160;0
2025.03.26 07:40;1.07828;1.07831;1.07811;1.07817;142;0
2025.03.26 07:50;1.07819;1.07847;1.07811;1.07843;158;0
2025.03.26 08:00;1.07842;1.07842;1.07812;1.07817;183;0
2025.03.26 08:10;1.07818;1.07825;1.07794;1.07794;235;0
2025.03.26 08:20;1.07794;1.07829;1.07778;1.07828;282;1
2025.03.26 08:30;1.07828;1.07863;1.07819;1.07859;205;0
2025.03.26 08:40;1.07859;1.07860;1.07835;1.07848;245;0
2025.03.26 08:50;1.07848;1.07870;1.07833;1.07853;218;0
2025.03.26 09:00;1.07852;1.07884;1.07839;1.07856;255;1
2025.03.26 09:10;1.07856;1.07877;1.07826;1.07829;292;0
2025.03.26 09:20;1.07828;1.07880;1.07828;1.07875;295;0
2025.03.26 09:30;1.07874;1.07884;1.07837;1.07850;214;0
2025.03.26 09:40;1.07850;1.07861;1.07821;1.07828;268;0
2025.03.26 09:50;1.07828;1.07872;1.07826;1.07870;345;0
2025.03.26 10:00;1.07864;1.07879;1.07812;1.07855;623;0
2025.03.26 10:10;1.07854;1.07890;1.07831;1.07864;446;0
2025.03.26 10:20;1.07868;1.07914;1.07844;1.07903;431;0
2025.03.26 10:30;1.07907;1.07907;1.07837;1.07853;450;0
2025.03.26 10:40;1.07853;1.07886;1.07851;1.07858;409;0
2025.03.26 10:50;1.07857;1.07892;1.07830;1.07861;579;0
2025.03.26 11:00;1.07861;1.07939;1.07856;1.07937;667;0
2025.03.26 11:10;1.07937;1.07939;1.07856;1.07863;575;0
2025.03.26 11:20;1.07863;1.07936;1.07854;1.07928;546;0
2025.03.26 11:30;1.07923;1.07935;1.07886;1.07906;513;0
2025.03.26 11:40;1.07906;1.07967;1.07896;1.07942;439;0
2025.03.26 11:50;1.07941;1.07997;1.07928;1.07992;667;0
2025.03.26 12:00;1.07988;1.07998;1.07928;1.07960;529;0
2025.03.26 12:10;1.07961;1.07997;1.07954;1.07972;452;0
2025.03.26 12:20;1.07971;1.08000;1.07955;1.07983;380;0
2025.03.26 12:30;1.07983;1.08027;1.07967;1.07968;415;0
2025.03.26 12:40;1.07968;1.07995;1.07964;1.07985;454;0
2025.03.26 12:50;1.07985;1.07988;1.07945;1.07959;365;0
2025.03.26 13:00;1.07957;1.07980;1.07941;1.07961;414;0
2025.03.26 13:10;1.07961;1.08009;1.07959;1.08003;366;0
2025.03.26 13:20;1.08002;1.08017;1.07955;1.07959;348;0
2025.03.26 13:30;1.07960;1.07961;1.07868;1.07928;436;0
2025.03.26 13:40;1.07928;1.07936;1.07888;1.07909;424;0
2025.03.26 13:50;1.07907;1.07923;1.07881;1.07919;356;0
2025.03.26 14:00;1.07918;1.07923;1.07887;1.07897;342;0
2025.03.26 14:10;1.07897;1.07948;1.07897;1.07925;378;0
2025.03.26 14:20;1.07925;1.07950;1.07910;1.07927;395;0
2025.03.26 14:30;1.07926;1.07977;1.07915;1.07965;400;0
2025.03.26 14:40;1.07966;1.07978;1.07921;1.07947;452;0
2025.03.26 14:50;1.07947;1.07953;1.07913;1.07923;432;0
2025.03.26 15:00;1.07922;1.07937;1.07840;1.07855;477;0
2025.03.26 15:10;1.07856;1.07897;1.07827;1.07866;557;0
2025.03.26 15:20;1.07862;1.07929;1.07844;1.07916;582;0
2025.03.26 15:30;1.07914;1.07914;1.07837;1.07851;671;0
2025.03.26 15:40;1.07851;1.07906;1.07835;1.07869;658;0
2025.03.26 15:50;1.07869;1.07878;1.07817;1.07843;906;0
2025.03.26 16:00;1.07844;1.07907;1.07830;1.07876;678;0
2025.03.26 16:10;1.07876;1.07876;1.07723;1.07758;659;0
2025.03.26 16:20;1.07762;1.07762;1.07703;1.07707;538;0
2025.03.26 16:30;1.07701;1.07793;1.07676;1.07769;682;0
2025.03.26 16:40;1.07768;1.07778;1.07716;1.07748;574;0
2025.03.26 16:50;1.07747;1.07794;1.07733;1.07748;677;0
2025.03.26 17:00;1.07744;1.07837;1.07730;1.07779;720;0
2025.03.26 17:10;1.07778;1.07952;1.07775;1.07920;957;0
2025.03.26 17:20;1.07921;1.07952;1.07862;1.07926;807;0
2025.03.26 17:30;1.07926;1.07936;1.07879;1.07928;675;0
2025.03.26 17:40;1.07928;1.07954;1.07887;1.07928;617;0
2025.03.26 17:50;1.07928;1.07942;1.07880;1.07908;497;0
2025.03.26 18:00;1.07908;1.07945;1.07860;1.07872;548;0
2025.03.26 18:10;1.07872;1.07889;1.07860;1.07865;470;0
2025.03.26 18:20;1.07866;1.07879;1.07818;1.07852;457;0
2025.03.26 18:30;1.07850;1.07896;1.07840;1.07858;487;0
2025.03.26 18:40;1.07859;1.07869;1.07806;1.07817;503;0
2025.03.26 18:50;1.07818;1.07830;1.07676;1.07808;825;0
2025.03.26 19:00;1.07809;1.07834;1.07769;1.07816;746;0
2025.03.26 19:10;1.07816;1.07874;1.07788;1.07872;519;0
2025.03.26 19:20;1.07873;1.07908;1.07843;1.07880;503;0
2025.03.26 19:30;1.07877;1.07913;1.07863;1.07902;405;0
2025.03.26 19:40;1.07902;1.07919;1.07869;1.07907;344;0
2025.03.26 19:50;1.07908;1.07915;1.07865;1.07877;274;0
2025.03.26 20:00;1.07878;1.07895;1.07840;1.07848;362;0
2025.03.26 20:10;1.07848;1.07851;1.07639;1.07644;769;1
2025.03.26 20:20;1.07644;1.07665;1.07550;1.07570;836;1
2025.03.26 20:30;1.07570;1.07583;1.07519;1.07567;608;1
2025.03.26 20:40;1.07568;1.07708;1.07561;1.07600;697;0
2025.03.26 20:50;1.07599;1.07604;1.07527;1.07567;456;0
2025.03.26 21:00;1.07568;1.07615;1.07562;1.07589;429;0
2025.03.26 21:10;1.07589;1.07604;1.07552;1.07552;361;1
2025.03.26 21:20;1.07552;1.07580;1.07540;1.07548;384;1
2025.03.26 21:30;1.07548;1.07566;1.07530;1.07560;291;0
2025.03.26 21:40;1.07561;1.07589;1.07557;1.07557;381;0
2025.03.26 21:50;1.07558;1.07566;1.07541;1.07552;346;0
2025.03.26 22:00;1.07552;1.07558;1.07506;1.07509;276;0
2025.03.26 22:10;1.07509;1.07514;1.07490;1.07502;263;0
2025.03.26 22:20;1.07504;1.07512;1.07449;1.07453;242;0
2025.03.26 22:30;1.07456;1.07467;1.07439;1.07464;347;0
2025.03.26 22:40;1.07464;1.07519;1.07463;1.07518;275;0
2025.03.26 22:50;1.07518;1.07535;1.07503;1.07512;275;0
2025.03.26 23:00;1.07513;1.07534;1.07506;1.07530;150;0
2025.03.26 23:10;1.07530;1.07553;1.07527;1.07534;107;0
2025.03.26 23:20;1.07534;1.07558;1.07527;1.07536;151;0
2025.03.26 23:30;1.07535;1.07553;1.07530;1.07547;113;0
2025.03.26 23:40;1.07545;1.07565;1.07513;1.07513;226;5
2025.03.26 23:50;1.07513;1.07528;1.07502;1.07521;301;5
2025.03.27 00:00;1.07521;1.07561;1.07469;1.07545;66;25
2025.03.27 00:10;1.07545;1.07546;1.07430;1.07430;126;24
2025.03.27 00:20;1.07428;1.07438;1.07342;1.07369;298;24
2025.03.27 00:30;1.07370;1.07418;1.07339;1.07387;283;24
2025.03.27 00:40;1.07387;1.07433;1.07363;1.07405;223;24
2025.03.27 00:50;1.07405;1.07405;1.07354;1.07355;215;24
2025.03.27 01:00;1.07372;1.07446;1.07357;1.07409;386;1
2025.03.27 01:10;1.07412;1.07415;1.07348;1.07380;351;0
2025.03.27 01:20;1.07378;1.07383;1.07330;1.07348;360;0
2025.03.27 01:30;1.07348;1.07354;1.07334;1.07354;251;0
2025.03.27 01:40;1.07354;1.07398;1.07343;1.07394;166;0
2025.03.27 01:50;1.07394;1.07396;1.07369;1.07375;114;0
2025.03.27 02:00;1.07373;1.07393;1.07355;1.07360;214;1
2025.03.27 02:10;1.07359;1.07398;1.07359;1.07388;171;0
2025.03.27 02:20;1.07386;1.07428;1.07361;1.07413;234;0
2025.03.27 02:30;1.07413;1.07429;1.07408;1.07428;145;0
2025.03.27 02:40;1.07427;1.07443;1.07425;1.07438;141;0
2025.03.27 02:50;1.07438;1.07447;1.07405;1.07411;155;0
2025.03.27 03:00;1.07416;1.07497;1.07408;1.07491;306;1
2025.03.27 03:10;1.07491;1.07492;1.07431;1.07443;319;0
2025.03.27 03:20;1.07444;1.07471;1.07435;1.07450;280;0
2025.03.27 03:30;1.07450;1.07507;1.07445;1.07502;240;0
2025.03.27 03:40;1.07502;1.07542;1.07495;1.07523;288;0
2025.03.27 03:50;1.07523;1.07577;1.07509;1.07556;321;0
2025.03.27 04:00;1.07557;1.07605;1.07553;1.07597;352;0
2025.03.27 04:10;1.07597;1.07627;1.07585;1.07625;268;0
2025.03.27 04:20;1.07624;1.07645;1.07624;1.07645;271;0
2025.03.27 04:30;1.07647;1.07655;1.07607;1.07633;435;0
2025.03.27 04:40;1.07633;1.07675;1.07626;1.07674;380;0
2025.03.27 04:50;1.07673;1.07688;1.07651;1.07652;324;0
2025.03.27 05:00;1.07652;1.07707;1.07650;1.07703;331;0
2025.03.27 05:10;1.07704;1.07774;1.07704;1.07756;277;0
2025.03.27 05:20;1.07754;1.07772;1.07745;1.07763;247;0
2025.03.27 05:30;1.07763;1.07802;1.07760;1.07764;295;0
2025.03.27 05:40;1.07765;1.07797;1.07751;1.07791;205;0
2025.03.27 05:50;1.07789;1.07790;1.07757;1.07758;188;0
2025.03.27 06:00;1.07759;1.07771;1.07736;1.07740;218;0
2025.03.27 06:10;1.07740;1.07785;1.07740;1.07771;200;0
2025.03.27 06:20;1.07770;1.07775;1.07730;1.07740;148;0
2025.03.27 06:30;1.07740;1.07759;1.07739;1.07754;186;0
2025.03.27 06:40;1.07754;1.07777;1.07739;1.07772;148;0
2025.03.27 06:50;1.07772;1.07796;1.07771;1.07780;173;0
2025.03.27 07:00;1.07780;1.07844;1.07769;1.07836;250;0
2025.03.27 07:10;1.07836;1.07848;1.07813;1.07846;206;0
2025.03.27 07:20;1.07847;1.07865;1.07840;1.07858;186;0
2025.03.27 07:30;1.07857;1.07871;1.07824;1.07824;179;0
2025.03.27 07:40;1.07823;1.07826;1.07801;1.07803;134;0
2025.03.27 07:50;1.07804;1.07813;1.07797;1.07803;163;0
2025.03.27 08:00;1.07804;1.07805;1.07786;1.07791;167;0
2025.03.27 08:10;1.07790;1.07791;1.07773;1.07786;205;0
2025.03.27 08:20;1.07785;1.07814;1.07783;1.07794;182;0
2025.03.27 08:30;1.07795;1.07795;1.07768;1.07779;152;0
2025.03.27 08:40;1.07780;1.07791;1.07756;1.07764;132;0
2025.03.27 08:50;1.07765;1.07771;1.07637;1.07690;524;1
2025.03.27 09:00;1.07689;1.07765;1.07681;1.07754;325;0
2025.03.27 09:10;1.07753;1.07755;1.07721;1.07750;323;0
2025.03.27 09:20;1.07744;1.07756;1.07721;1.07743;299;0
2025.03.27 09:30;1.07742;1.07790;1.07740;1.07777;353;0
2025.03.27 09:40;1.07778;1.07827;1.07767;1.07780;333;0
2025.03.27 09:50;1.07781;1.07781;1.07720;1.07733;395;0
2025.03.27 10:00;1.07732;1.07732;1.07642;1.07675;615;0
2025.03.27 10:10;1.07676;1.07744;1.07657;1.07683;537;0
2025.03.27 10:20;1.07683;1.07695;1.07627;1.07640;513;0
2025.03.27 10:30;1.07639;1.07669;1.07540;1.07659;809;0
2025.03.27 10:40;1.07660;1.07670;1.07614;1.07653;573;0
2025.03.27 10:50;1.07654;1.07695;1.07637;1.07648;623;0
2025.03.27 11:00;1.07651;1.07664;1.07576;1.07593;876;0
2025.03.27 11:10;1.07592;1.07656;1.07588;1.07651;813;0
2025.03.27 11:20;1.07651;1.07659;1.07555;1.07581;808;0
2025.03.27 11:30;1.07578;1.07717;1.07573;1.07679;585;0
2025.03.27 11:40;1.07678;1.07768;1.07661;1.07762;562;0
2025.03.27 11:50;1.07760;1.07768;1.07701;1.07759;658;0
2025.03.27 12:00;1.07760;1.07791;1.07717;1.07736;652;0
2025.03.27 12:10;1.07734;1.07747;1.07702;1.07723;504;0
2025.03.27 12:20;1.07725;1.07725;1.07656;1.07662;498;0
2025.03.27 12:30;1.07662;1.07684;1.07617;1.07622;450;0
2025.03.27 12:40;1.07621;1.07680;1.07611;1.07676;346;0
2025.03.27 12:50;1.07676;1.07713;1.07652;1.07708;493;0
2025.03.27 13:00;1.07709;1.07732;1.07698;1.07720;434;0
2025.03.27 13:10;1.07721;1.07723;1.07667;1.07677;465;0
2025.03.27 13:20;1.07676;1.07745;1.07668;1.07698;518;0
2025.03.27 13:30;1.07698;1.07740;1.07678;1.07719;454;0
2025.03.27 13:40;1.07720;1.07787;1.07720;1.07784;434;0
2025.03.27 13:50;1.07783;1.07816;1.07771;1.07816;369;0
2025.03.27 14:00;1.07817;1.07997;1.07788;1.07994;564;0
2025.03.27 14:10;1.07994;1.07995;1.07879;1.07886;470;0
2025.03.27 14:20;1.07885;1.07887;1.07830;1.07845;489;0
2025.03.27 14:30;1.07845;1.07882;1.07835;1.07847;463;0
2025.03.27 14:40;1.07848;1.07853;1.07794;1.07841;436;0
2025.03.27 14:50;1.07841;1.07878;1.07837;1.07871;410;0
2025.03.27 15:00;1.07872;1.07902;1.07840;1.07901;453;0
2025.03.27 15:10;1.07901;1.07940;1.07899;1.07910;436;0
2025.03.27 15:20;1.07913;1.07913;1.07864;1.07878;453;0
2025.03.27 15:30;1.07877;1.07976;1.07877;1.07975;713;0
2025.03.27 15:40;1.07978;1.07983;1.07935;1.07946;482;0
2025.03.27 15:50;1.07943;1.07948;1.07832;1.07871;609;0
2025.03.27 16:00;1.07871;1.07926;1.07844;1.07854;671;0
2025.03.27 16:10;1.07854;1.07879;1.07810;1.07827;551;0
2025.03.27 16:20;1.07827;1.07828;1.07771;1.07798;572;0
2025.03.27 16:30;1.07798;1.07897;1.07780;1.07889;671;0
2025.03.27 16:40;1.07890;1.07974;1.07877;1.07883;649;0
2025.03.27 16:50;1.07882;1.07892;1.07765;1.07802;800;0
2025.03.27 17:00;1.07804;1.07885;1.07792;1.07843;789;0
2025.03.27 17:10;1.07843;1.07849;1.07800;1.07829;672;0
2025.03.27 17:20;1.07819;1.07833;1.07782;1.07815;615;0
2025.03.27 17:30;1.07813;1.07839;1.07773;1.07838;570;0
2025.03.27 17:40;1.07838;1.07886;1.07797;1.07882;567;0
2025.03.27 17:50;1.07877;1.07948;1.07870;1.07891;700;0
2025.03.27 18:00;1.07893;1.07929;1.07854;1.07896;507;0
2025.03.27 18:10;1.07889;1.07977;1.07878;1.07952;694;0
2025.03.27 18:20;1.07953;1.07983;1.07918;1.07977;579;0
2025.03.27 18:30;1.07976;1.08136;1.07970;1.08136;868;0
2025.03.27 18:40;1.08136;1.08213;1.08121;1.08188;872;0
2025.03.27 18:50;1.08188;1.08203;1.07970;1.07998;1037;0
2025.03.27 19:00;1.07997;1.07999;1.07932;1.07961;850;0
2025.03.27 19:10;1.07963;1.07995;1.07937;1.07991;477;0
2025.03.27 19:20;1.07995;1.07998;1.07930;1.07962;505;0
2025.03.27 19:30;1.07962;1.07986;1.07920;1.07963;405;0
2025.03.27 19:40;1.07963;1.07970;1.07917;1.07948;368;0
2025.03.27 19:50;1.07947;1.07993;1.07918;1.07988;476;0
2025.03.27 20:00;1.07989;1.08039;1.07962;1.08024;424;0
2025.03.27 20:10;1.08024;1.08086;1.08021;1.08081;475;0
2025.03.27 20:20;1.08081;1.08081;1.07979;1.07981;386;0
2025.03.27 20:30;1.07982;1.07993;1.07944;1.07946;326;0
2025.03.27 20:40;1.07946;1.07946;1.07919;1.07925;278;0
2025.03.27 20:50;1.07925;1.07952;1.07896;1.07898;338;0
2025.03.27 21:00;1.07897;1.07928;1.07892;1.07924;398;0
2025.03.27 21:10;1.07923;1.07965;1.07922;1.07954;283;0
2025.03.27 21:20;1.07955;1.07965;1.07913;1.07962;257;0
2025.03.27 21:30;1.07962;1.07983;1.07936;1.07937;369;0
2025.03.27 21:40;1.07936;1.07964;1.07923;1.07947;263;0
2025.03.27 21:50;1.07945;1.07948;1.07906;1.07908;289;0
2025.03.27 22:00;1.07909;1.07943;1.07883;1.07943;356;0
2025.03.27 22:10;1.07943;1.07974;1.07939;1.07956;259;0
2025.03.27 22:20;1.07956;1.07983;1.07954;1.07981;229;0
2025.03.27 22:30;1.07979;1.07990;1.07971;1.07988;210;0
2025.03.27 22:40;1.07985;1.07997;1.07971;1.07971;216;0
2025.03.27 22:50;1.07968;1.07978;1.07939;1.07949;248;0
2025.03.27 23:00;1.07949;1.07971;1.07940;1.07969;110;0
2025.03.27 23:10;1.07969;1.07983;1.07966;1.07979;106;0
2025.03.27 23:20;1.07979;1.07984;1.07963;1.07967;98;0
2025.03.27 23:30;1.07967;1.07990;1.07962;1.07989;101;0
2025.03.27 23:40;1.07987;1.08001;1.07980;1.07999;134;5
2025.03.27 23:50;1.07999;1.08021;1.07998;1.08013;175;5
2025.03.28 00:00;1.07989;1.07995;1.07953;1.07959;25;24
2025.03.28 00:10;1.07959;1.07972;1.07946;1.07949;144;24
2025.03.28 00:20;1.07952;1.07965;1.07951;1.07952;93;24
2025.03.28 00:30;1.07950;1.07964;1.07950;1.07958;52;24
2025.03.28 00:40;1.07959;1.07967;1.07957;1.07963;38;24
2025.03.28 00:50;1.07964;1.07966;1.07961;1.07963;26;24
2025.03.28 01:00;1.07974;1.07986;1.07967;1.07972;91;0
2025.03.28 01:10;1.07972;1.07973;1.07959;1.07964;76;0
2025.03.28 01:20;1.07963;1.07973;1.07963;1.07969;89;0
2025.03.28 01:30;1.07970;1.07983;1.07963;1.07978;95;0
2025.03.28 01:40;1.07977;1.07981;1.07968;1.07971;87;0
2025.03.28 01:50;1.07970;1.07982;1.07955;1.07961;115;0
2025.03.28 02:00;1.07962;1.07975;1.07961;1.07975;109;0
2025.03.28 02:10;1.07975;1.07983;1.07973;1.07975;75;0
2025.03.28 02:20;1.07975;1.07977;1.07966;1.07972;90;0
2025.03.28 02:30;1.07973;1.08004;1.07967;1.08003;209;0
2025.03.28 02:40;1.08004;1.08014;1.07995;1.07997;121;0
2025.03.28 02:50;1.07998;1.08013;1.07997;1.08009;142;0
2025.03.28 03:00;1.08009;1.08009;1.07957;1.07965;270;0
2025.03.28 03:10;1.07965;1.07965;1.07920;1.07930;246;0
2025.03.28 03:20;1.07930;1.07967;1.07919;1.07943;225;0
2025.03.28 03:30;1.07944;1.07949;1.07901;1.07908;220;0
2025.03.28 03:40;1.07908;1.07911;1.07881;1.07907;281;0
2025.03.28 03:50;1.07907;1.07953;1.07906;1.07951;424;0
2025.03.28 04:00;1.07950;1.07966;1.07938;1.07954;368;0
2025.03.28 04:10;1.07954;1.07981;1.07944;1.07968;247;0
2025.03.28 04:20;1.07969;1.07970;1.07926;1.07935;262;0
2025.03.28 04:30;1.07936;1.07991;1.07936;1.07962;289;0
2025.03.28 04:40;1.07963;1.07971;1.07946;1.07950;259;0
2025.03.28 04:50;1.07950;1.07950;1.07915;1.07938;274;0
2025.03.28 05:00;1.07938;1.07970;1.07934;1.07944;196;0
2025.03.28 05:10;1.07945;1.07947;1.07931;1.07939;311;0
2025.03.28 05:20;1.07939;1.07964;1.07936;1.07938;223;0
2025.03.28 05:30;1.07938;1.07940;1.07915;1.07925;291;0
2025.03.28 05:40;1.07926;1.07928;1.07902;1.07916;332;0
2025.03.28 05:50;1.07917;1.07949;1.07912;1.07946;259;0
2025.03.28 06:00;1.07946;1.07968;1.07946;1.07950;215;0
2025.03.28 06:10;1.07949;1.07966;1.07939;1.07945;202;0
2025.03.28 06:20;1.07944;1.07961;1.07929;1.07930;203;0
2025.03.28 06:30;1.07931;1.07946;1.07929;1.07943;212;0
2025.03.28 06:40;1.07943;1.07945;1.07922;1.07936;211;0
2025.03.28 06:50;1.07937;1.07941;1.07910;1.07919;202;0
2025.03.28 07:00;1.07918;1.07931;1.07877;1.07892;240;0
2025.03.28 07:10;1.07893;1.07896;1.07873;1.07879;175;0
2025.03.28 07:20;1.07878;1.07889;1.07843;1.07869;262;0
2025.03.28 07:30;1.07870;1.07885;1.07857;1.07885;188;0
2025.03.28 07:40;1.07885;1.07905;1.07885;1.07890;130;0
2025.03.28 07:50;1.07889;1.07889;1.07872;1.07886;151;0
2025.03.28 08:00;1.07886;1.07906;1.07881;1.07900;167;0
2025.03.28 08:10;1.07901;1.07901;1.07877;1.07884;251;0
2025.03.28 08:20;1.07885;1.07897;1.07867;1.07896;179;0
2025.03.28 08:30;1.07894;1.07909;1.07881;1.07904;204;0
2025.03.28 08:40;1.07904;1.07904;1.07866;1.07872;251;0
2025.03.28 08:50;1.07871;1.07929;1.07871;1.07909;365;0
2025.03.28 09:00;1.07907;1.07924;1.07893;1.07894;231;0
2025.03.28 09:10;1.07893;1.07896;1.07857;1.07857;208;0
2025.03.28 09:20;1.07857;1.07890;1.07857;1.07860;171;0
2025.03.28 09:30;1.07860;1.07867;1.07828;1.07830;272;0
2025.03.28 09:40;1.07830;1.07898;1.07826;1.07875;258;0
2025.03.28 09:50;1.07877;1.07886;1.07832;1.07852;222;0
2025.03.28 10:00;1.07855;1.07895;1.07837;1.07891;454;0
2025.03.28 10:10;1.07889;1.07946;1.07858;1.07945;457;0
2025.03.28 10:20;1.07944;1.07995;1.07923;1.07993;362;0
2025.03.28 10:30;1.07998;1.07998;1.07939;1.07944;413;0
2025.03.28 10:40;1.07943;1.07945;1.07860;1.07898;467;0
2025.03.28 10:50;1.07895;1.07904;1.07816;1.07873;469;0
2025.03.28 11:00;1.07865;1.07965;1.07852;1.07910;702;0
2025.03.28 11:10;1.07910;1.07910;1.07829;1.07849;564;0
2025.03.28 11:20;1.07848;1.07848;1.07784;1.07799;492;0
2025.03.28 11:30;1.07798;1.07821;1.07752;1.07784;509;0
2025.03.28 11:40;1.07782;1.07803;1.07757;1.07791;438;0
2025.03.28 11:50;1.07791;1.07811;1.07777;1.07784;310;0
2025.03.28 12:00;1.07786;1.07804;1.07751;1.07773;486;0
2025.03.28 12:10;1.07774;1.07799;1.07745;1.07776;373;0
2025.03.28 12:20;1.07777;1.07778;1.07687;1.07716;505;0
2025.03.28 12:30;1.07717;1.07771;1.07705;1.07749;400;0
2025.03.28 12:40;1.07746;1.07796;1.07746;1.07780;371;0
2025.03.28 12:50;1.07779;1.07781;1.07728;1.07737;347;0
2025.03.28 13:00;1.07739;1.07751;1.07678;1.07718;357;0
2025.03.28 13:10;1.07718;1.07752;1.07698;1.07748;357;0
2025.03.28 13:20;1.07748;1.07763;1.07722;1.07763;283;0
2025.03.28 13:30;1.07763;1.07786;1.07718;1.07747;406;0
2025.03.28 13:40;1.07747;1.07786;1.07740;1.07741;283;0
2025.03.28 13:50;1.07744;1.07772;1.07686;1.07686;358;0
2025.03.28 14:00;1.07685;1.07719;1.07644;1.07715;402;0
2025.03.28 14:10;1.07713;1.07715;1.07682;1.07682;381;0
2025.03.28 14:20;1.07683;1.07716;1.07682;1.07713;336;0
2025.03.28 14:30;1.07712;1.07725;1.07682;1.07696;372;0
2025.03.28 14:40;1.07696;1.07742;1.07691;1.07733;278;0
2025.03.28 14:50;1.07734;1.07749;1.07696;1.07719;354;0
2025.03.28 15:00;1.07718;1.07733;1.07654;1.07674;338;0
2025.03.28 15:10;1.07674;1.07733;1.07661;1.07723;353;0
2025.03.28 15:20;1.07723;1.07741;1.07688;1.07695;502;0
2025.03.28 15:30;1.07696;1.07814;1.07641;1.07786;898;0
2025.03.28 15:40;1.07785;1.07833;1.07749;1.07828;680;0
2025.03.28 15:50;1.07830;1.07919;1.07825;1.07890;755;0
2025.03.28 16:00;1.07890;1.08044;1.07849;1.07970;903;0
2025.03.28 16:10;1.07970;1.08043;1.07877;1.08043;930;0
2025.03.28 16:20;1.08044;1.08101;1.08038;1.08042;774;0
2025.03.28 16:30;1.08039;1.08085;1.08001;1.08039;744;0
2025.03.28 16:40;1.08038;1.08054;1.08007;1.08032;679;0
2025.03.28 16:50;1.08032;1.08168;1.08031;1.08097;711;0
2025.03.28 17:00;1.08107;1.08213;1.08093;1.08205;850;0
2025.03.28 17:10;1.08204;1.08251;1.08138;1.08249;826;0
2025.03.28 17:20;1.08249;1.08314;1.08247;1.08277;826;0
2025.03.28 17:30;1.08276;1.08315;1.08212;1.08235;904;0
2025.03.28 17:40;1.08235;1.08295;1.08232;1.08270;707;0
2025.03.28 17:50;1.08269;1.08272;1.08190;1.08230;686;0
2025.03.28 18:00;1.08231;1.08338;1.08230;1.08332;651;0
2025.03.28 18:10;1.08331;1.08361;1.08315;1.08356;845;0
2025.03.28 18:20;1.08356;1.08436;1.08356;1.08409;691;0
2025.03.28 18:30;1.08407;1.08448;1.08391;1.08391;568;0
2025.03.28 18:40;1.08390;1.08394;1.08277;1.08278;668;0
2025.03.28 18:50;1.08279;1.08290;1.08194;1.08253;916;0
2025.03.28 19:00;1.08252;1.08312;1.08246;1.08302;580;1
2025.03.28 19:10;1.08305;1.08306;1.08217;1.08262;544;0
2025.03.28 19:20;1.08262;1.08332;1.08261;1.08310;462;0
2025.03.28 19:30;1.08310;1.08327;1.08245;1.08248;443;0
2025.03.28 19:40;1.08246;1.08283;1.08218;1.08221;392;0
2025.03.28 19:50;1.08221;1.08254;1.08200;1.08215;397;0
2025.03.28 20:00;1.08216;1.08221;1.08178;1.08219;332;0
2025.03.28 20:10;1.08219;1.08237;1.08155;1.08158;457;0
2025.03.28 20:20;1.08157;1.08206;1.08120;1.08181;369;0
2025.03.28 20:30;1.08182;1.08287;1.08169;1.08256;476;0
2025.03.28 20:40;1.08256;1.08287;1.08255;1.08265;345;0
2025.03.28 20:50;1.08265;1.08267;1.08188;1.08195;208;0
2025.03.28 21:00;1.08195;1.08208;1.08150;1.08185;333;0
2025.03.28 21:10;1.08186;1.08191;1.08136;1.08167;277;0
2025.03.28 21:20;1.08167;1.08217;1.08164;1.08196;239;0
2025.03.28 21:30;1.08196;1.08268;1.08192;1.08242;321;0
2025.03.28 21:40;1.08243;1.08271;1.08199;1.08266;331;0
2025.03.28 21:50;1.08265;1.08278;1.08236;1.08245;378;0
2025.03.28 22:00;1.08245;1.08276;1.08244;1.08257;278;0
2025.03.28 22:10;1.08257;1.08284;1.08245;1.08269;301;0
2025.03.28 22:20;1.08270;1.08285;1.08248;1.08261;335;0
2025.03.28 22:30;1.08261;1.08287;1.08241;1.08264;232;0
2025.03.28 22:40;1.08266;1.08271;1.08236;1.08251;250;0
2025.03.28 22:50;1.08250;1.08263;1.08231;1.08255;354;0
2025.03.28 23:00;1.08255;1.08271;1.08251;1.08271;151;0
2025.03.28 23:10;1.08280;1.08282;1.08264;1.08272;125;0
2025.03.28 23:20;1.08272;1.08327;1.08272;1.08326;131;0
2025.03.28 23:30;1.08327;1.08361;1.08318;1.08323;134;0
2025.03.28 23:40;1.08322;1.08338;1.08310;1.08329;157;1
2025.03.28 23:50;1.08329;1.08329;1.08294;1.08299;124;5
2025.03.31 00:00;1.08204;1.08259;1.08170;1.08247;46;52
2025.03.31 00:10;1.08247;1.08271;1.08243;1.08253;82;42
2025.03.31 00:20;1.08253;1.08272;1.08215;1.08216;82;29
2025.03.31 00:30;1.08216;1.08250;1.08146;1.08150;202;25
2025.03.31 00:40;1.08150;1.08161;1.08137;1.08137;180;25
2025.03.31 00:50;1.08137;1.08151;1.08134;1.08149;130;25
2025.03.31 01:00;1.08148;1.08187;1.08064;1.08064;408;0
2025.03.31 01:10;1.08064;1.08128;1.08053;1.08070;363;0
2025.03.31 01:20;1.08069;1.08149;1.08064;1.08141;270;0
2025.03.31 01:30;1.08141;1.08201;1.08132;1.08200;250;0
2025.03.31 01:40;1.08200;1.08222;1.08184;1.08221;173;0
2025.03.31 01:50;1.08221;1.08224;1.08199;1.08209;147;0
2025.03.31 02:00;1.08210;1.08293;1.08209;1.08284;256;0
2025.03.31 02:10;1.08279;1.08280;1.08196;1.08199;219;0
2025.03.31 02:20;1.08206;1.08206;1.08109;1.08118;276;0
2025.03.31 02:30;1.08120;1.08193;1.08118;1.08180;448;1
2025.03.31 02:40;1.08181;1.08254;1.08179;1.08238;344;0
2025.03.31 02:50;1.08239;1.08250;1.08227;1.08236;285;0
2025.03.31 03:00;1.08236;1.08285;1.08230;1.08280;410;0
2025.03.31 03:10;1.08283;1.08313;1.08269;1.08307;407;0
2025.03.31 03:20;1.08307;1.08344;1.08292;1.08322;366;0
2025.03.31 03:30;1.08322;1.08379;1.08316;1.08359;376;0
2025.03.31 03:40;1.08357;1.08394;1.08346;1.08381;504;0
2025.03.31 03:50;1.08380;1.08417;1.08366;1.08417;506;0
2025.03.31 04:00;1.08416;1.08444;1.08414;1.08422;467;0
2025.03.31 04:10;1.08421;1.08449;1.08401;1.08417;340;0
2025.03.31 04:20;1.08417;1.08451;1.08410;1.08447;372;0
2025.03.31 04:30;1.08447;1.08454;1.08431;1.08443;384;0
2025.03.31 04:40;1.08445;1.08454;1.08365;1.08374;454;0
2025.03.31 04:50;1.08377;1.08377;1.08310;1.08326;414;0
2025.03.31 05:00;1.08327;1.08332;1.08290;1.08306;371;0
2025.03.31 05:10;1.08305;1.08371;1.08300;1.08369;358;0
2025.03.31 05:20;1.08371;1.08433;1.08346;1.08414;320;0
2025.03.31 05:30;1.08415;1.08451;1.08415;1.08432;281;0
2025.03.31 05:40;1.08432;1.08457;1.08411;1.08421;277;0
2025.03.31 05:50;1.08420;1.08436;1.08399;1.08405;226;0
2025.03.31 06:00;1.08405;1.08414;1.08368;1.08388;298;0
2025.03.31 06:10;1.08388;1.08392;1.08355;1.08362;235;0
2025.03.31 06:20;1.08361;1.08378;1.08349;1.08371;220;0
2025.03.31 06:30;1.08371;1.08376;1.08340;1.08376;255;0
2025.03.31 06:40;1.08376;1.08377;1.08348;1.08354;192;0
2025.03.31 06:50;1.08354;1.08354;1.08324;1.08331;195;0
2025.03.31 07:00;1.08331;1.08348;1.08313;1.08343;153;0
2025.03.31 07:10;1.08343;1.08359;1.08317;1.08345;175;0
2025.03.31 07:20;1.08345;1.08349;1.08323;1.08334;180;0
2025.03.31 07:30;1.08335;1.08348;1.08321;1.08335;259;0
2025.03.31 07:40;1.08337;1.08346;1.08312;1.08343;220;0
2025.03.31 07:50;1.08344;1.08352;1.08334;1.08344;214;0
2025.03.31 08:00;1.08344;1.08348;1.08316;1.08326;254;0
2025.03.31 08:10;1.08327;1.08382;1.08327;1.08368;258;0
2025.03.31 08:20;1.08372;1.08413;1.08370;1.08396;251;0
2025.03.31 08:30;1.08396;1.08404;1.08374;1.08401;299;0
2025.03.31 08:40;1.08401;1.08428;1.08376;1.08381;305;0
2025.03.31 08:50;1.08382;1.08383;1.08312;1.08344;365;0
2025.03.31 09:00;1.08342;1.08348;1.08250;1.08307;575;0
2025.03.31 09:10;1.08306;1.08326;1.08276;1.08310;592;0
2025.03.31 09:20;1.08310;1.08336;1.08257;1.08296;583;0
2025.03.31 09:30;1.08296;1.08371;1.08282;1.08347;585;0
2025.03.31 09:40;1.08346;1.08449;1.08321;1.08440;510;0
2025.03.31 09:50;1.08436;1.08448;1.08347;1.08374;669;0
2025.03.31 10:00;1.08376;1.08493;1.08339;1.08424;820;1
2025.03.31 10:10;1.08419;1.08419;1.08274;1.08316;859;0
2025.03.31 10:20;1.08314;1.08357;1.08261;1.08274;725;0
2025.03.31 10:30;1.08275;1.08320;1.08224;1.08229;697;0
2025.03.31 10:40;1.08229;1.08311;1.08208;1.08295;654;0
2025.03.31 10:50;1.08295;1.08338;1.08280;1.08318;602;0
2025.03.31 11:00;1.08318;1.08342;1.08228;1.08233;761;0
2025.03.31 11:10;1.08232;1.08247;1.08165;1.08178;681;0
2025.03.31 11:20;1.08176;1.08196;1.08117;1.08129;511;0
2025.03.31 11:30;1.08120;1.08219;1.08119;1.08211;451;0
2025.03.31 11:40;1.08207;1.08262;1.08193;1.08257;459;0
2025.03.31 11:50;1.08257;1.08298;1.08248;1.08273;504;0
2025.03.31 12:00;1.08273;1.08304;1.08250;1.08275;453;0
2025.03.31 12:10;1.08275;1.08292;1.08256;1.08271;431;0
2025.03.31 12:20;1.08271;1.08281;1.08258;1.08262;318;0
2025.03.31 12:30;1.08261;1.08271;1.08219;1.08237;388;0
2025.03.31 12:40;1.08238;1.08247;1.08191;1.08194;372;0
2025.03.31 12:50;1.08195;1.08200;1.08148;1.08163;431;0
2025.03.31 13:00;1.08159;1.08192;1.08104;1.08116;463;0
2025.03.31 13:10;1.08115;1.08116;1.08060;1.08073;433;0
2025.03.31 13:20;1.08070;1.08159;1.08056;1.08159;349;0
2025.03.31 13:30;1.08159;1.08183;1.08139;1.08140;328;0
2025.03.31 13:40;1.08141;1.08147;1.08100;1.08123;345;0
2025.03.31 13:50;1.08122;1.08209;1.08101;1.08184;419;0
2025.03.31 14:00;1.08188;1.08273;1.08179;1.08260;453;0
2025.03.31 14:10;1.08259;1.08293;1.08175;1.08176;467;0
2025.03.31 14:20;1.08176;1.08218;1.08153;1.08185;516;0
2025.03.31 14:30;1.08185;1.08241;1.08170;1.08228;501;0
2025.03.31 14:40;1.08228;1.08274;1.08209;1.08221;461;0
2025.03.31 14:50;1.08223;1.08253;1.08194;1.08197;418;0
2025.03.31 15:00;1.08197;1.08212;1.08144;1.08151;509;0
2025.03.31 15:10;1.08150;1.08194;1.08121;1.08192;547;0
2025.03.31 15:20;1.08187;1.08191;1.08103;1.08127;464;0
2025.03.31 15:30;1.08127;1.08134;1.08089;1.08125;451;0
2025.03.31 15:40;1.08125;1.08125;1.08045;1.08050;490;0
2025.03.31 15:50;1.08047;1.08069;1.08011;1.08038;589;0
2025.03.31 16:00;1.08036;1.08141;1.08028;1.08141;520;0
2025.03.31 16:10;1.08141;1.08191;1.08118;1.08187;513;0
2025.03.31 16:20;1.08186;1.08214;1.08129;1.08173;568;0
2025.03.31 16:30;1.08174;1.08197;1.08101;1.08107;756;0
2025.03.31 16:40;1.08106;1.08158;1.08086;1.08145;599;0
2025.03.31 16:50;1.08141;1.08155;1.08076;1.08082;811;0
2025.03.31 17:00;1.08080;1.08086;1.07960;1.08023;620;0
2025.03.31 17:10;1.08030;1.08074;1.07991;1.07997;540;0
2025.03.31 17:20;1.07999;1.08046;1.07887;1.07944;661;0
2025.03.31 17:30;1.07947;1.08002;1.07926;1.07957;554;0
2025.03.31 17:40;1.07957;1.07957;1.07840;1.07881;578;0
2025.03.31 17:50;1.07882;1.08060;1.07872;1.08021;1313;0
2025.03.31 18:00;1.08014;1.08049;1.07916;1.07916;935;0
2025.03.31 18:10;1.07916;1.08164;1.07906;1.08054;1122;0
2025.03.31 18:20;1.08054;1.08135;1.08048;1.08100;520;0
2025.03.31 18:30;1.08099;1.08125;1.07977;1.08030;696;0
2025.03.31 18:40;1.08031;1.08041;1.07986;1.08018;625;0
2025.03.31 18:50;1.08018;1.08057;1.07924;1.07941;643;0
2025.03.31 19:00;1.07942;1.07996;1.07928;1.07985;589;0
2025.03.31 19:10;1.07988;1.08015;1.07966;1.08002;395;1
2025.03.31 19:20;1.07999;1.08008;1.07850;1.07993;599;1
2025.03.31 19:30;1.07993;1.08086;1.07978;1.08072;399;0
2025.03.31 19:40;1.08072;1.08162;1.08072;1.08147;448;0
2025.03.31 19:50;1.08147;1.08155;1.08107;1.08117;416;0
2025.03.31 20:00;1.08118;1.08143;1.08081;1.08081;315;0
2025.03.31 20:10;1.08081;1.08150;1.08081;1.08117;347;0
2025.03.31 20:20;1.08118;1.08162;1.08118;1.08162;341;0
2025.03.31 20:30;1.08161;1.08164;1.08120;1.08136;230;0
2025.03.31 20:40;1.08136;1.08161;1.08124;1.08157;268;0
2025.03.31 20:50;1.08159;1.08177;1.08148;1.08148;260;0
2025.03.31 21:00;1.08148;1.08161;1.08079;1.08088;258;0
2025.03.31 21:10;1.08087;1.08123;1.08070;1.08101;326;0
2025.03.31 21:20;1.08099;1.08124;1.08081;1.08122;247;0
2025.03.31 21:30;1.08122;1.08163;1.08115;1.08146;274;0
2025.03.31 21:40;1.08146;1.08176;1.08135;1.08169;229;0
2025.03.31 21:50;1.08169;1.08180;1.08131;1.08146;336;0
2025.03.31 22:00;1.08146;1.08154;1.08125;1.08135;314;0
2025.03.31 22:10;1.08135;1.08163;1.08135;1.08158;184;0
2025.03.31 22:20;1.08158;1.08170;1.08117;1.08151;225;0
2025.03.31 22:30;1.08150;1.08176;1.08137;1.08167;195;0
2025.03.31 22:40;1.08167;1.08187;1.08152;1.08183;290;0
2025.03.31 22:50;1.08183;1.08198;1.08133;1.08141;387;0
2025.03.31 23:00;1.08141;1.08173;1.08095;1.08170;300;0
2025.03.31 23:10;1.08170;1.08188;1.08154;1.08163;149;0
2025.03.31 23:20;1.08163;1.08182;1.08151;1.08169;134;0
2025.03.31 23:30;1.08167;1.08173;1.08155;1.08156;112;0
2025.03.31 23:40;1.08153;1.08170;1.08153;1.08161;143;5
2025.03.31 23:50;1.08161;1.08171;1.08138;1.08140;119;5
2025.04.01 00:00;1.08097;1.08185;1.08097;1.08168;70;24
2025.04.01 00:10;1.08167;1.08192;1.08156;1.08162;120;24
2025.04.01 00:20;1.08161;1.08167;1.08161;1.08166;69;26
2025.04.01 00:30;1.08168;1.08178;1.08155;1.08173;89;24
2025.04.01 00:40;1.08173;1.08174;1.08171;1.08172;22;24
2025.04.01 00:50;1.08171;1.08180;1.08168;1.08179;133;24
2025.04.01 01:00;1.08187;1.08187;1.08151;1.08180;131;0
2025.04.01 01:10;1.08180;1.08182;1.08163;1.08165;152;0
2025.04.01 01:20;1.08164;1.08183;1.08161;1.08168;77;0
2025.04.01 01:30;1.08168;1.08170;1.08160;1.08164;34;0
2025.04.01 01:40;1.08164;1.08177;1.08162;1.08166;103;0
2025.04.01 01:50;1.08166;1.08188;1.08164;1.08185;117;0
2025.04.01 02:00;1.08184;1.08198;1.08175;1.08176;125;0
2025.04.01 02:10;1.08177;1.08186;1.08160;1.08161;77;0
2025.04.01 02:20;1.08161;1.08161;1.08142;1.08153;90;0
2025.04.01 02:30;1.08153;1.08178;1.08138;1.08169;180;0
2025.04.01 02:40;1.08170;1.08182;1.08165;1.08175;131;0
2025.04.01 02:50;1.08176;1.08185;1.08170;1.08177;117;0
2025.04.01 03:00;1.08177;1.08197;1.08175;1.08186;338;0
2025.04.01 03:10;1.08186;1.08251;1.08186;1.08249;305;0
2025.04.01 03:20;1.08249;1.08257;1.08218;1.08219;290;0
2025.04.01 03:30;1.08214;1.08224;1.08201;1.08214;207;0
2025.04.01 03:40;1.08213;1.08220;1.08200;1.08218;233;0
2025.04.01 03:50;1.08218;1.08265;1.08200;1.08252;517;0
2025.04.01 04:00;1.08252;1.08267;1.08209;1.08211;414;0
2025.04.01 04:10;1.08209;1.08260;1.08209;1.08234;345;0
2025.04.01 04:20;1.08234;1.08257;1.08230;1.08247;294;0
2025.04.01 04:30;1.08247;1.08252;1.08189;1.08204;293;0
2025.04.01 04:40;1.08203;1.08221;1.08175;1.08197;327;0
2025.04.01 04:50;1.08198;1.08212;1.08168;1.08205;303;0
2025.04.01 05:00;1.08205;1.08232;1.08201;1.08216;362;0
2025.04.01 05:10;1.08216;1.08255;1.08214;1.08254;284;0
2025.04.01 05:20;1.08254;1.08284;1.08253;1.08256;324;0
2025.04.01 05:30;1.08256;1.08273;1.08240;1.08243;255;0
2025.04.01 05:40;1.08244;1.08263;1.08240;1.08263;208;0
2025.04.01 05:50;1.08263;1.08265;1.08229;1.08242;343;0
2025.04.01 06:00;1.08241;1.08248;1.08221;1.08225;246;0
2025.04.01 06:10;1.08224;1.08244;1.08211;1.08243;225;0
2025.04.01 06:20;1.08244;1.08250;1.08234;1.08237;180;0
2025.04.01 06:30;1.08238;1.08277;1.08228;1.08249;372;0
2025.04.01 06:40;1.08250;1.08273;1.08239;1.08256;328;0
2025.04.01 06:50;1.08256;1.08274;1.08241;1.08270;287;0
2025.04.01 07:00;1.08270;1.08299;1.08268;1.08296;183;0
2025.04.01 07:10;1.08297;1.08301;1.08267;1.08268;157;0
2025.04.01 07:20;1.08267;1.08272;1.08250;1.08263;232;0
2025.04.01 07:30;1.08263;1.08297;1.08263;1.08285;231;0
2025.04.01 07:40;1.08284;1.08290;1.08266;1.08284;274;0
2025.04.01 07:50;1.08283;1.08300;1.08249;1.08251;214;0
2025.04.01 08:00;1.08251;1.08252;1.08179;1.08186;325;0
2025.04.01 08:10;1.08187;1.08194;1.08164;1.08171;212;0
2025.04.01 08:20;1.08171;1.08172;1.08125;1.08137;274;0
2025.04.01 08:30;1.08137;1.08173;1.08119;1.08152;268;0
2025.04.01 08:40;1.08149;1.08167;1.08137;1.08140;284;0
2025.04.01 08:50;1.08140;1.08152;1.08066;1.08070;377;0
2025.04.01 09:00;1.08071;1.08080;1.08031;1.08031;447;0
2025.04.01 09:10;1.08032;1.08076;1.08009;1.08055;411;0
2025.04.01 09:20;1.08055;1.08057;1.07990;1.08009;422;0
2025.04.01 09:30;1.08009;1.08081;1.07994;1.08070;454;0
2025.04.01 09:40;1.08070;1.08071;1.08028;1.08046;421;0
2025.04.01 09:50;1.08046;1.08107;1.08041;1.08082;452;0
2025.04.01 10:00;1.08083;1.08083;1.08009;1.08031;721;0
2025.04.01 10:10;1.08032;1.08126;1.08018;1.08040;531;0
2025.04.01 10:20;1.08040;1.08063;1.07991;1.08042;565;0
2025.04.01 10:30;1.08042;1.08083;1.08019;1.08042;440;0
2025.04.01 10:40;1.08041;1.08051;1.07995;1.08019;530;0
2025.04.01 10:50;1.08020;1.08035;1.07996;1.08017;458;0
2025.04.01 11:00;1.08016;1.08069;1.08005;1.08064;445;0
2025.04.01 11:10;1.08064;1.08095;1.08029;1.08044;483;0
2025.04.01 11:20;1.08041;1.08100;1.08035;1.08092;385;0
2025.04.01 11:30;1.08092;1.08150;1.08081;1.08121;375;0
2025.04.01 11:40;1.08122;1.08144;1.08106;1.08136;337;0
2025.04.01 11:50;1.08137;1.08181;1.08135;1.08176;268;0
2025.04.01 12:00;1.08175;1.08292;1.08167;1.08241;486;0
2025.04.01 12:10;1.08241;1.08252;1.08165;1.08194;453;0
2025.04.01 12:20;1.08194;1.08243;1.08188;1.08229;438;0
2025.04.01 12:30;1.08228;1.08246;1.08189;1.08191;321;0
2025.04.01 12:40;1.08191;1.08202;1.08147;1.08195;322;0
2025.04.01 12:50;1.08196;1.08211;1.08163;1.08172;354;0
2025.04.01 13:00;1.08172;1.08184;1.07905;1.07931;801;1
2025.04.01 13:10;1.07931;1.08017;1.07902;1.07997;742;0
2025.04.01 13:20;1.07998;1.08075;1.07981;1.08055;469;0
2025.04.01 13:30;1.08056;1.08087;1.08035;1.08038;467;0
2025.04.01 13:40;1.08038;1.08059;1.08013;1.08043;439;0
2025.04.01 13:50;1.08043;1.08084;1.07982;1.07982;423;0
2025.04.01 14:00;1.07980;1.07985;1.07939;1.07941;583;0
2025.04.01 14:10;1.07942;1.07957;1.07907;1.07927;561;0
2025.04.01 14:20;1.07924;1.07933;1.07864;1.07874;536;0
2025.04.01 14:30;1.07875;1.07893;1.07843;1.07855;505;0
2025.04.01 14:40;1.07854;1.07886;1.07784;1.07859;617;0
2025.04.01 14:50;1.07858;1.07879;1.07797;1.07812;763;0
2025.04.01 15:00;1.07812;1.07889;1.07812;1.07873;544;0
2025.04.01 15:10;1.07873;1.07881;1.07831;1.07833;452;0
2025.04.01 15:20;1.07833;1.07906;1.07828;1.07903;489;0
2025.04.01 15:30;1.07904;1.07954;1.07885;1.07943;510;0
2025.04.01 15:40;1.07944;1.07947;1.07824;1.07850;523;0
2025.04.01 15:50;1.07850;1.07881;1.07824;1.07872;538;0
2025.04.01 16:00;1.07871;1.07890;1.07793;1.07798;633;0
2025.04.01 16:10;1.07802;1.07895;1.07802;1.07866;462;0
2025.04.01 16:20;1.07866;1.07954;1.07860;1.07951;447;0
2025.04.01 16:30;1.07952;1.07955;1.07915;1.07926;728;0
2025.04.01 16:40;1.07927;1.07952;1.07890;1.07942;529;0
2025.04.01 16:50;1.07943;1.07943;1.07849;1.07866;676;0
2025.04.01 17:00;1.07820;1.08063;1.07820;1.08050;1021;0
2025.04.01 17:10;1.08051;1.08124;1.08036;1.08090;775;0
2025.04.01 17:20;1.08090;1.08097;1.07939;1.07949;779;0
2025.04.01 17:30;1.07944;1.08115;1.07939;1.08086;819;0
2025.04.01 17:40;1.08085;1.08102;1.08037;1.08057;777;0
2025.04.01 17:50;1.08057;1.08115;1.08052;1.08076;974;0
2025.04.01 18:00;1.08076;1.08125;1.08022;1.08026;811;0
2025.04.01 18:10;1.08027;1.08098;1.08027;1.08062;684;0
2025.04.01 18:20;1.08061;1.08083;1.08037;1.08074;570;0
2025.04.01 18:30;1.08077;1.08086;1.08003;1.08061;581;0
2025.04.01 18:40;1.08061;1.08062;1.07988;1.08025;668;0
2025.04.01 18:50;1.08025;1.08050;1.07987;1.07994;652;0
2025.04.01 19:00;1.07993;1.08032;1.07967;1.08008;475;1
2025.04.01 19:10;1.08009;1.08009;1.07934;1.07943;500;1
2025.04.01 19:20;1.07945;1.08006;1.07926;1.07996;460;0
2025.04.01 19:30;1.07996;1.08013;1.07960;1.08002;448;0
2025.04.01 19:40;1.08001;1.08017;1.07936;1.07939;451;0
2025.04.01 19:50;1.07938;1.08016;1.07932;1.07997;402;0
2025.04.01 20:00;1.07999;1.08047;1.07985;1.08025;318;0
2025.04.01 20:10;1.08026;1.08029;1.07975;1.07980;308;0
2025.04.01 20:20;1.07981;1.07992;1.07938;1.07939;279;0
2025.04.01 20:30;1.07939;1.07957;1.07930;1.07952;257;0
2025.04.01 20:40;1.07956;1.07962;1.07920;1.07951;242;0
2025.04.01 20:50;1.07952;1.07953;1.07912;1.07929;248;0
2025.04.01 21:00;1.07930;1.07935;1.07904;1.07919;324;0
2025.04.01 21:10;1.07918;1.07947;1.07902;1.07905;344;0
2025.04.01 21:20;1.07904;1.07920;1.07900;1.07908;297;0
2025.04.01 21:30;1.07907;1.07936;1.07874;1.07879;279;0
2025.04.01 21:40;1.07879;1.07906;1.07875;1.07877;311;0
2025.04.01 21:50;1.07877;1.07895;1.07852;1.07870;275;0
2025.04.01 22:00;1.07870;1.07899;1.07854;1.07881;265;0
2025.04.01 22:10;1.07881;1.07909;1.07881;1.07891;244;0
2025.04.01 22:20;1.07891;1.07896;1.07876;1.07892;220;0
2025.04.01 22:30;1.07890;1.07890;1.07856;1.07865;269;0
2025.04.01 22:40;1.07865;1.07879;1.07856;1.07863;181;0
2025.04.01 22:50;1.07863;1.07900;1.07862;1.07899;248;0
2025.04.01 23:00;1.07899;1.07917;1.07889;1.07917;137;0
2025.04.01 23:10;1.07916;1.07920;1.07899;1.07901;71;0
2025.04.01 23:20;1.07901;1.07903;1.07886;1.07891;79;0
2025.04.01 23:30;1.07891;1.07904;1.07888;1.07901;113;0
2025.04.01 23:40;1.07899;1.08015;1.07886;1.07917;295;5
2025.04.01 23:50;1.07919;1.07949;1.07899;1.07917;345;5
2025.04.02 00:00;1.07904;1.07904;1.07812;1.07880;49;31
2025.04.02 00:10;1.07882;1.07886;1.07881;1.07884;18;40
2025.04.02 00:20;1.07884;1.07900;1.07870;1.07894;110;26
2025.04.02 00:30;1.07894;1.07898;1.07880;1.07894;134;24
2025.04.02 00:40;1.07895;1.07953;1.07892;1.07934;156;24
2025.04.02 00:50;1.07935;1.07945;1.07926;1.07927;105;24
2025.04.02 01:00;1.07929;1.07970;1.07917;1.07968;251;0
2025.04.02 01:10;1.07967;1.08041;1.07934;1.08036;251;0
2025.04.02 01:20;1.08036;1.08081;1.08018;1.08065;213;0
2025.04.02 01:30;1.08065;1.08071;1.08008;1.08017;130;0
2025.04.02 01:40;1.08015;1.08017;1.08002;1.08011;107;0
2025.04.02 01:50;1.08010;1.08010;1.07975;1.07990;124;0
2025.04.02 02:00;1.07990;1.07998;1.07967;1.07978;146;0
2025.04.02 02:10;1.07976;1.07996;1.07959;1.07983;118;0
2025.04.02 02:20;1.07984;1.07991;1.07976;1.07987;147;0
2025.04.02 02:30;1.07987;1.07994;1.07959;1.07974;181;0
2025.04.02 02:40;1.07973;1.07977;1.07953;1.07962;115;0
2025.04.02 02:50;1.07963;1.07981;1.07943;1.07944;151;0
2025.04.02 03:00;1.07943;1.07950;1.07893;1.07908;387;0
2025.04.02 03:10;1.07908;1.07929;1.07890;1.07927;306;0
2025.04.02 03:20;1.07926;1.07941;1.07900;1.07922;316;0
2025.04.02 03:30;1.07923;1.07944;1.07907;1.07912;324;0
2025.04.02 03:40;1.07913;1.07923;1.07891;1.07918;273;0
2025.04.02 03:50;1.07918;1.07932;1.07899;1.07905;288;0
2025.04.02 04:00;1.07906;1.07922;1.07877;1.07908;296;0
2025.04.02 04:10;1.07908;1.07916;1.07872;1.07886;194;0
2025.04.02 04:20;1.07886;1.07892;1.07876;1.07889;263;0
2025.04.02 04:30;1.07889;1.07909;1.07871;1.07894;362;0
2025.04.02 04:40;1.07894;1.07933;1.07893;1.07921;265;0
2025.04.02 04:50;1.07921;1.07950;1.07920;1.07948;285;0
2025.04.02 05:00;1.07949;1.07975;1.07949;1.07972;289;0
2025.04.02 05:10;1.07972;1.07984;1.07953;1.07977;223;0
2025.04.02 05:20;1.07979;1.08006;1.07976;1.07992;228;0
2025.04.02 05:30;1.07993;1.08020;1.07962;1.07965;235;0
2025.04.02 05:40;1.07965;1.07983;1.07941;1.07946;261;0
2025.04.02 05:50;1.07946;1.07969;1.07943;1.07944;217;0
2025.04.02 06:00;1.07945;1.07990;1.07936;1.07983;288;0
2025.04.02 06:10;1.07981;1.07995;1.07981;1.07994;159;0
2025.04.02 06:20;1.07994;1.08001;1.07969;1.07982;169;0
2025.04.02 06:30;1.07982;1.07984;1.07964;1.07966;111;0
2025.04.02 06:40;1.07967;1.07967;1.07956;1.07961;175;0
2025.04.02 06:50;1.07961;1.07966;1.07948;1.07957;183;0
2025.04.02 07:00;1.07957;1.07967;1.07953;1.07955;126;0
2025.04.02 07:10;1.07954;1.07969;1.07945;1.07967;160;0
2025.04.02 07:20;1.07967;1.07976;1.07947;1.07951;154;0
2025.04.02 07:30;1.07950;1.07953;1.07940;1.07950;172;0
2025.04.02 07:40;1.07953;1.07966;1.07950;1.07954;106;0
2025.04.02 07:50;1.07952;1.07954;1.07924;1.07927;141;0
2025.04.02 08:00;1.07926;1.07926;1.07866;1.07883;204;0
2025.04.02 08:10;1.07883;1.07903;1.07875;1.07880;220;0
2025.04.02 08:20;1.07879;1.07911;1.07879;1.07904;246;0
2025.04.02 08:30;1.07906;1.07909;1.07890;1.07902;225;0
2025.04.02 08:40;1.07902;1.07905;1.07881;1.07898;174;0
2025.04.02 08:50;1.07898;1.07907;1.07860;1.07895;252;0
2025.04.02 09:00;1.07895;1.07933;1.07876;1.07904;403;0
2025.04.02 09:10;1.07902;1.07963;1.07893;1.07954;370;0
2025.04.02 09:20;1.07953;1.07960;1.07911;1.07923;304;0
2025.04.02 09:30;1.07927;1.07936;1.07886;1.07901;382;0
2025.04.02 09:40;1.07901;1.07910;1.07881;1.07908;329;0
2025.04.02 09:50;1.07907;1.07945;1.07903;1.07928;378;0
2025.04.02 10:00;1.07919;1.07948;1.07894;1.07912;468;0
2025.04.02 10:10;1.07914;1.07927;1.07803;1.07843;533;0
2025.04.02 10:20;1.07843;1.07869;1.07819;1.07869;387;0
2025.04.02 10:30;1.07869;1.07903;1.07865;1.07892;463;0
2025.04.02 10:40;1.07892;1.07903;1.07816;1.07842;377;0
2025.04.02 10:50;1.07843;1.07929;1.07842;1.07919;355;0
2025.04.02 11:00;1.07918;1.07958;1.07905;1.07947;475;0
2025.04.02 11:10;1.07947;1.07993;1.07935;1.07971;371;0
2025.04.02 11:20;1.07971;1.07991;1.07947;1.07964;387;0
2025.04.02 11:30;1.07963;1.08019;1.07943;1.08003;364;0
2025.04.02 11:40;1.08003;1.08008;1.07964;1.08001;328;0
2025.04.02 11:50;1.08002;1.08003;1.07970;1.07974;366;0
2025.04.02 12:00;1.07972;1.08027;1.07969;1.08024;417;0
2025.04.02 12:10;1.08024;1.08030;1.07977;1.07992;358;0
2025.04.02 12:20;1.07992;1.08010;1.07958;1.07974;322;0
2025.04.02 12:30;1.07974;1.08031;1.07970;1.08006;320;0
2025.04.02 12:40;1.08006;1.08067;1.08006;1.08059;328;0
2025.04.02 12:50;1.08059;1.08081;1.08044;1.08061;372;0
2025.04.02 13:00;1.08061;1.08068;1.07967;1.07971;610;0
2025.04.02 13:10;1.07972;1.08030;1.07970;1.08030;257;0
2025.04.02 13:20;1.08031;1.08052;1.07895;1.07928;428;0
2025.04.02 13:30;1.07928;1.07952;1.07860;1.07886;418;0
2025.04.02 13:40;1.07885;1.07963;1.07879;1.07938;345;0
2025.04.02 13:50;1.07938;1.07958;1.07930;1.07948;262;0
2025.04.02 14:00;1.07949;1.07986;1.07912;1.07963;417;0
2025.04.02 14:10;1.07963;1.07999;1.07957;1.07987;359;0
2025.04.02 14:20;1.07988;1.08012;1.07969;1.08001;369;0
2025.04.02 14:30;1.08001;1.08029;1.07988;1.08020;396;0
2025.04.02 14:40;1.08020;1.08062;1.08015;1.08015;370;0
2025.04.02 14:50;1.08016;1.08050;1.08004;1.08025;440;0
2025.04.02 15:00;1.08028;1.08061;1.08018;1.08023;467;0
2025.04.02 15:10;1.08022;1.08041;1.07962;1.08003;571;2
2025.04.02 15:20;1.08004;1.08101;1.07999;1.08096;544;0
2025.04.02 15:30;1.08095;1.08116;1.08054;1.08112;528;0
2025.04.02 15:40;1.08110;1.08151;1.08032;1.08043;472;0
2025.04.02 15:50;1.08044;1.08195;1.08038;1.08192;762;0
2025.04.02 16:00;1.08192;1.08207;1.08149;1.08171;619;0
2025.04.02 16:10;1.08171;1.08260;1.08167;1.08242;552;0
2025.04.02 16:20;1.08242;1.08258;1.08191;1.08214;528;0
2025.04.02 16:30;1.08214;1.08214;1.08170;1.08171;615;0
2025.04.02 16:40;1.08172;1.08211;1.08150;1.08196;667;0
2025.04.02 16:50;1.08197;1.08293;1.08186;1.08263;803;0
2025.04.02 17:00;1.08264;1.08290;1.08200;1.08224;837;0
2025.04.02 17:10;1.08226;1.08271;1.08190;1.08221;622;0
2025.04.02 17:20;1.08220;1.08236;1.08191;1.08221;527;0
2025.04.02 17:30;1.08227;1.08315;1.08195;1.08291;592;0
2025.04.02 17:40;1.08292;1.08495;1.08276;1.08453;939;0
2025.04.02 17:50;1.08454;1.08614;1.08454;1.08583;1167;0
2025.04.02 18:00;1.08585;1.08620;1.08511;1.08593;776;0
2025.04.02 18:10;1.08595;1.08598;1.08510;1.08552;745;0
2025.04.02 18:20;1.08552;1.08592;1.08527;1.08553;699;0
2025.04.02 18:30;1.08558;1.08590;1.08520;1.08589;596;0
2025.04.02 18:40;1.08585;1.08674;1.08582;1.08673;672;0
2025.04.02 18:50;1.08672;1.08731;1.08653;1.08674;642;0
2025.04.02 19:00;1.08675;1.08676;1.08612;1.08627;582;0
2025.04.02 19:10;1.08628;1.08641;1.08536;1.08552;493;0
2025.04.02 19:20;1.08552;1.08572;1.08525;1.08542;419;0
2025.04.02 19:30;1.08538;1.08564;1.08496;1.08496;409;0
2025.04.02 19:40;1.08497;1.08507;1.08474;1.08497;414;0
2025.04.02 19:50;1.08498;1.08531;1.08467;1.08522;455;0
2025.04.02 20:00;1.08517;1.08594;1.08501;1.08528;420;0
2025.04.02 20:10;1.08524;1.08565;1.08522;1.08562;278;0
2025.04.02 20:20;1.08563;1.08581;1.08551;1.08558;304;0
2025.04.02 20:30;1.08558;1.08585;1.08558;1.08578;251;0
2025.04.02 20:40;1.08579;1.08596;1.08534;1.08538;305;0
2025.04.02 20:50;1.08540;1.08563;1.08512;1.08519;341;0
2025.04.02 21:00;1.08517;1.08542;1.08481;1.08501;397;0
2025.04.02 21:10;1.08501;1.08514;1.08482;1.08513;295;0
2025.04.02 21:20;1.08513;1.08568;1.08501;1.08550;333;0
2025.04.02 21:30;1.08548;1.08592;1.08544;1.08571;327;0
2025.04.02 21:40;1.08572;1.08574;1.08536;1.08570;318;0
2025.04.02 21:50;1.08570;1.08582;1.08538;1.08542;333;0
2025.04.02 22:00;1.08543;1.08554;1.08511;1.08514;308;0
2025.04.02 22:10;1.08513;1.08528;1.08510;1.08514;201;0
2025.04.02 22:20;1.08515;1.08528;1.08506;1.08522;194;0
2025.04.02 22:30;1.08516;1.08522;1.08491;1.08519;322;1
2025.04.02 22:40;1.08518;1.08559;1.08504;1.08507;325;0
2025.04.02 22:50;1.08505;1.08507;1.08470;1.08497;326;1
2025.04.02 23:00;1.08496;1.08515;1.08432;1.08457;311;1
2025.04.02 23:10;1.08458;1.09242;1.08326;1.08891;1565;2
2025.04.02 23:20;1.08889;1.09150;1.08154;1.08510;1835;2
2025.04.02 23:30;1.08512;1.08576;1.08156;1.08163;1488;3
2025.04.02 23:40;1.08163;1.08378;1.08106;1.08358;1365;3
2025.04.02 23:50;1.08358;1.08606;1.08277;1.08594;966;7
2025.04.03 00:00;1.08492;1.08542;1.08379;1.08453;86;37
2025.04.03 00:10;1.08453;1.08454;1.08262;1.08283;332;33
2025.04.03 00:20;1.08283;1.08289;1.08093;1.08140;484;24
2025.04.03 00:30;1.08140;1.08231;1.08138;1.08164;385;24
2025.04.03 00:40;1.08166;1.08348;1.08140;1.08309;349;24
2025.04.03 00:50;1.08308;1.08339;1.08257;1.08258;159;25
2025.04.03 01:00;1.08255;1.08394;1.08201;1.08214;805;0
2025.04.03 01:10;1.08214;1.08218;1.08075;1.08128;951;0
2025.04.03 01:20;1.08134;1.08239;1.08049;1.08221;1172;1
2025.04.03 01:30;1.08221;1.08266;1.08163;1.08259;760;0
2025.04.03 01:40;1.08260;1.08380;1.08224;1.08379;673;0
2025.04.03 01:50;1.08379;1.08396;1.08351;1.08390;584;0
2025.04.03 02:00;1.08390;1.08490;1.08376;1.08475;801;1
2025.04.03 02:10;1.08475;1.08618;1.08459;1.08594;644;0
2025.04.03 02:20;1.08597;1.08876;1.08596;1.08876;889;1
2025.04.03 02:30;1.08876;1.08972;1.08829;1.08958;1005;0
2025.04.03 02:40;1.08957;1.09110;1.08955;1.09009;1073;0
2025.04.03 02:50;1.09009;1.09100;1.08968;1.09043;1040;0
2025.04.03 03:00;1.09041;1.09065;1.08909;1.08917;1245;0
2025.04.03 03:10;1.08917;1.08968;1.08845;1.08852;1098;0
2025.04.03 03:20;1.08852;1.08884;1.08811;1.08831;1045;0
2025.04.03 03:30;1.08831;1.08990;1.08798;1.08951;1015;0
2025.04.03 03:40;1.08951;1.09075;1.08949;1.09060;946;0
2025.04.03 03:50;1.09061;1.09062;1.08894;1.08904;869;0
2025.04.03 04:00;1.08905;1.08958;1.08865;1.08929;765;0
2025.04.03 04:10;1.08927;1.08991;1.08884;1.08962;852;0
2025.04.03 04:20;1.08963;1.09091;1.08963;1.09079;672;0
2025.04.03 04:30;1.09079;1.09207;1.09078;1.09134;833;0
2025.04.03 04:40;1.09132;1.09232;1.09095;1.09199;762;0
2025.04.03 04:50;1.09198;1.09198;1.09107;1.09134;712;0
2025.04.03 05:00;1.09134;1.09170;1.09090;1.09148;641;0
2025.04.03 05:10;1.09147;1.09153;1.09115;1.09120;596;0
2025.04.03 05:20;1.09120;1.09246;1.09116;1.09219;565;0
2025.04.03 05:30;1.09218;1.09231;1.09143;1.09196;522;0
2025.04.03 05:40;1.09196;1.09226;1.09166;1.09169;547;0
2025.04.03 05:50;1.09170;1.09171;1.09117;1.09123;331;0
2025.04.03 06:00;1.09122;1.09144;1.09089;1.09091;504;0
2025.04.03 06:10;1.09094;1.09172;1.09077;1.09147;484;0
2025.04.03 06:20;1.09147;1.09205;1.09114;1.09197;515;0
2025.04.03 06:30;1.09198;1.09213;1.09154;1.09158;471;0
2025.04.03 06:40;1.09158;1.09163;1.09101;1.09156;462;0
2025.04.03 06:50;1.09156;1.09197;1.09114;1.09149;493;0
2025.04.03 07:00;1.09150;1.09166;1.09079;1.09093;483;0
2025.04.03 07:10;1.09092;1.09115;1.09068;1.09092;457;0
2025.04.03 07:20;1.09093;1.09132;1.09085;1.09109;356;0
2025.04.03 07:30;1.09109;1.09135;1.09105;1.09123;511;0
2025.04.03 07:40;1.09123;1.09135;1.09063;1.09090;375;0
2025.04.03 07:50;1.09090;1.09112;1.09058;1.09069;413;0
2025.04.03 08:00;1.09070;1.09135;1.09065;1.09134;435;0
2025.04.03 08:10;1.09134;1.09203;1.09121;1.09201;405;0
2025.04.03 08:20;1.09201;1.09443;1.09185;1.09430;732;0
2025.04.03 08:30;1.09431;1.09493;1.09377;1.09456;774;1
2025.04.03 08:40;1.09455;1.09520;1.09455;1.09496;625;0
2025.04.03 08:50;1.09496;1.09503;1.09429;1.09443;748;0
2025.04.03 09:00;1.09444;1.09522;1.09417;1.09469;957;0
2025.04.03 09:10;1.09470;1.09500;1.09407;1.09408;836;0
2025.04.03 09:20;1.09408;1.09488;1.09346;1.09487;866;0
2025.04.03 09:30;1.09485;1.09821;1.09416;1.09779;1300;1
2025.04.03 09:40;1.09779;1.09867;1.09708;1.09856;1239;0
2025.04.03 09:50;1.09855;1.09901;1.09782;1.09898;961;0
2025.04.03 10:00;1.09899;1.09902;1.09732;1.09779;1286;0
2025.04.03 10:10;1.09778;1.09828;1.09692;1.09709;1019;0
2025.04.03 10:20;1.09708;1.09715;1.09427;1.09500;1218;1
2025.04.03 10:30;1.09499;1.09656;1.09446;1.09619;845;0
2025.04.03 10:40;1.09619;1.09689;1.09598;1.09657;719;0
2025.04.03 10:50;1.09657;1.09727;1.09630;1.09709;680;0
2025.04.03 11:00;1.09710;1.09797;1.09706;1.09735;774;0
2025.04.03 11:10;1.09734;1.09893;1.09715;1.09889;671;0
2025.04.03 11:20;1.09889;1.09952;1.09851;1.09886;673;0
2025.04.03 11:30;1.09877;1.10099;1.09869;1.10079;849;0
2025.04.03 11:40;1.10087;1.10208;1.10056;1.10174;987;0
2025.04.03 11:50;1.10174;1.10195;1.10061;1.10094;710;0
2025.04.03 12:00;1.10096;1.10337;1.10038;1.10307;914;0
2025.04.03 12:10;1.10306;1.10473;1.10264;1.10301;1041;0
2025.04.03 12:20;1.10301;1.10356;1.10214;1.10338;782;0
2025.04.03 12:30;1.10339;1.10363;1.10245;1.10308;828;0
2025.04.03 12:40;1.10311;1.10349;1.10236;1.10337;702;0
2025.04.03 12:50;1.10337;1.10373;1.10265;1.10308;730;0
2025.04.03 13:00;1.10308;1.10706;1.10280;1.10574;1016;0
2025.04.03 13:10;1.10573;1.11461;1.10573;1.11090;1612;0
2025.04.03 13:20;1.11090;1.11195;1.10838;1.10856;1253;0
2025.04.03 13:30;1.10861;1.10883;1.10733;1.10817;1019;0
2025.04.03 13:40;1.10818;1.10827;1.10655;1.10743;1036;0
2025.04.03 13:50;1.10742;1.10773;1.10446;1.10522;1233;0
2025.04.03 14:00;1.10525;1.10578;1.10389;1.10545;1110;0
2025.04.03 14:10;1.10545;1.10627;1.10431;1.10437;943;0
2025.04.03 14:20;1.10442;1.10621;1.10423;1.10570;797;0
2025.04.03 14:30;1.10570;1.10841;1.10569;1.10801;1072;0
2025.04.03 14:40;1.10797;1.10986;1.10675;1.10918;1064;0
2025.04.03 14:50;1.10918;1.11010;1.10865;1.10877;1124;0
2025.04.03 15:00;1.10877;1.11094;1.10863;1.10966;1131;0
2025.04.03 15:10;1.10965;1.10965;1.10785;1.10852;1167;0
2025.04.03 15:20;1.10861;1.10953;1.10822;1.10847;995;0
2025.04.03 15:30;1.10837;1.10947;1.10728;1.10770;1232;2
2025.04.03 15:40;1.10767;1.11013;1.10743;1.10995;1218;0
2025.04.03 15:50;1.10985;1.10994;1.10782;1.10818;1330;0
2025.04.03 16:00;1.10817;1.11081;1.10760;1.11067;1329;0
2025.04.03 16:10;1.11067;1.11291;1.10986;1.11285;1383;0
2025.04.03 16:20;1.11286;1.11351;1.10936;1.10942;1370;0
2025.04.03 16:30;1.10941;1.10946;1.10701;1.10863;1308;0
2025.04.03 16:40;1.10872;1.11024;1.10850;1.11024;1150;0
2025.04.03 16:50;1.11025;1.11056;1.10794;1.10794;1317;0
2025.04.03 17:00;1.10854;1.11040;1.10800;1.10948;1652;0
2025.04.03 17:10;1.10951;1.11045;1.10845;1.10938;1290;0
2025.04.03 17:20;1.10944;1.11024;1.10876;1.10950;1166;0
2025.04.03 17:30;1.10955;1.11140;1.10940;1.11130;1014;0
2025.04.03 17:40;1.11129;1.11274;1.11095;1.11162;1035;0
2025.04.03 17:50;1.11162;1.11259;1.11137;1.11184;1025;0
2025.04.03 18:00;1.11186;1.11190;1.11069;1.11098;924;0
2025.04.03 18:10;1.11098;1.11098;1.10771;1.10796;1089;0
2025.04.03 18:20;1.10796;1.10797;1.10587;1.10613;1185;0
2025.04.03 18:30;1.10615;1.10683;1.10424;1.10442;1162;0
2025.04.03 18:40;1.10441;1.10511;1.10410;1.10456;1037;0
2025.04.03 18:50;1.10456;1.10584;1.10443;1.10505;887;0
2025.04.03 19:00;1.10509;1.10559;1.10439;1.10499;874;0
2025.04.03 19:10;1.10501;1.10525;1.10421;1.10491;824;0
2025.04.03 19:20;1.10492;1.10494;1.10363;1.10369;880;0
2025.04.03 19:30;1.10370;1.10433;1.10328;1.10383;798;0
2025.04.03 19:40;1.10383;1.10430;1.10334;1.10371;788;0
2025.04.03 19:50;1.10371;1.10430;1.10370;1.10391;740;0
2025.04.03 20:00;1.10387;1.10395;1.10295;1.10308;746;0
2025.04.03 20:10;1.10308;1.10390;1.10238;1.10374;569;0
2025.04.03 20:20;1.10374;1.10375;1.10271;1.10274;623;0
2025.04.03 20:30;1.10273;1.10357;1.10238;1.10242;642;0
2025.04.03 20:40;1.10244;1.10273;1.10178;1.10198;652;0
2025.04.03 20:50;1.10199;1.10275;1.10199;1.10245;456;0
2025.04.03 21:00;1.10244;1.10294;1.10198;1.10284;555;0
2025.04.03 21:10;1.10291;1.10344;1.10231;1.10339;530;0
2025.04.03 21:20;1.10339;1.10407;1.10313;1.10324;511;0
2025.04.03 21:30;1.10333;1.10374;1.10297;1.10338;500;0
2025.04.03 21:40;1.10338;1.10392;1.10326;1.10379;391;0
2025.04.03 21:50;1.10382;1.10407;1.10339;1.10372;513;0
2025.04.03 22:00;1.10372;1.10373;1.10316;1.10346;396;0
2025.04.03 22:10;1.10347;1.10349;1.10301;1.10314;407;0
2025.04.03 22:20;1.10313;1.10314;1.10192;1.10192;450;0
2025.04.03 22:30;1.10191;1.10207;1.10162;1.10166;422;0
2025.04.03 22:40;1.10168;1.10190;1.10160;1.10173;494;0
2025.04.03 22:50;1.10172;1.10278;1.10160;1.10272;424;0
2025.04.03 23:00;1.10272;1.10272;1.10223;1.10249;249;0
2025.04.03 23:10;1.10249;1.10283;1.10245;1.10269;161;0
2025.04.03 23:20;1.10271;1.10316;1.10270;1.10312;154;0
2025.04.03 23:30;1.10313;1.10379;1.10311;1.10366;269;0
2025.04.03 23:40;1.10364;1.10525;1.10364;1.10517;377;5
2025.04.03 23:50;1.10522;1.10524;1.10479;1.10511;365;5
2025.04.04 00:00;1.10506;1.10506;1.10342;1.10492;49;28
2025.04.04 00:10;1.10491;1.10498;1.10476;1.10479;144;24
2025.04.04 00:20;1.10479;1.10497;1.10476;1.10484;186;24
2025.04.04 00:30;1.10485;1.10509;1.10482;1.10500;122;24
2025.04.04 00:40;1.10501;1.10505;1.10498;1.10500;41;24
2025.04.04 00:50;1.10496;1.10513;1.10494;1.10507;113;24
2025.04.04 01:00;1.10500;1.10559;1.10490;1.10528;268;1
2025.04.04 01:10;1.10528;1.10597;1.10524;1.10591;295;1
2025.04.04 01:20;1.10592;1.10612;1.10572;1.10581;353;0
2025.04.04 01:30;1.10581;1.10714;1.10579;1.10696;306;0
2025.04.04 01:40;1.10697;1.10702;1.10565;1.10641;287;0
2025.04.04 01:50;1.10641;1.10689;1.10569;1.10642;281;0
2025.04.04 02:00;1.10641;1.10647;1.10499;1.10505;407;0
2025.04.04 02:10;1.10506;1.10533;1.10465;1.10465;379;0
2025.04.04 02:20;1.10464;1.10494;1.10435;1.10447;324;0
2025.04.04 02:30;1.10447;1.10508;1.10441;1.10468;366;0
2025.04.04 02:40;1.10466;1.10491;1.10436;1.10457;421;0
2025.04.04 02:50;1.10457;1.10509;1.10420;1.10453;478;0
2025.04.04 03:00;1.10453;1.10473;1.10391;1.10422;705;0
2025.04.04 03:10;1.10422;1.10467;1.10367;1.10381;581;0
2025.04.04 03:20;1.10382;1.10441;1.10381;1.10407;472;0
2025.04.04 03:30;1.10406;1.10489;1.10370;1.10485;544;0
2025.04.04 03:40;1.10485;1.10615;1.10485;1.10593;612;0
2025.04.04 03:50;1.10593;1.10642;1.10553;1.10606;634;0
2025.04.04 04:00;1.10606;1.10653;1.10598;1.10603;634;0
2025.04.04 04:10;1.10600;1.10656;1.10571;1.10656;501;0
2025.04.04 04:20;1.10656;1.10688;1.10591;1.10610;436;0
2025.04.04 04:30;1.10610;1.10656;1.10584;1.10628;475;0
2025.04.04 04:40;1.10629;1.10679;1.10605;1.10653;719;1
2025.04.04 04:50;1.10654;1.10732;1.10647;1.10679;606;0
2025.04.04 05:00;1.10681;1.10739;1.10643;1.10716;422;0
2025.04.04 05:10;1.10716;1.10795;1.10716;1.10745;549;0
2025.04.04 05:20;1.10744;1.10756;1.10613;1.10627;529;0
2025.04.04 05:30;1.10627;1.10690;1.10608;1.10657;504;0
2025.04.04 05:40;1.10658;1.10717;1.10642;1.10680;529;0
2025.04.04 05:50;1.10680;1.10689;1.10634;1.10634;523;0
2025.04.04 06:00;1.10635;1.10641;1.10575;1.10612;519;0
2025.04.04 06:10;1.10612;1.10743;1.10604;1.10742;500;0
2025.04.04 06:20;1.10743;1.10789;1.10738;1.10766;547;0
2025.04.04 06:30;1.10765;1.10879;1.10755;1.10875;699;0
2025.04.04 06:40;1.10875;1.10952;1.10864;1.10904;627;0
2025.04.04 06:50;1.10904;1.10984;1.10901;1.10937;600;0
2025.04.04 07:00;1.10935;1.10984;1.10878;1.10975;661;0
2025.04.04 07:10;1.10975;1.10978;1.10868;1.10919;547;0
2025.04.04 07:20;1.10918;1.10928;1.10881;1.10907;469;0
2025.04.04 07:30;1.10906;1.10906;1.10822;1.10857;428;0
2025.04.04 07:40;1.10853;1.10921;1.10853;1.10885;467;0
2025.04.04 07:50;1.10886;1.10896;1.10844;1.10874;555;0
2025.04.04 08:00;1.10874;1.10990;1.10842;1.10975;572;0
2025.04.04 08:10;1.10978;1.11038;1.10974;1.11031;478;0
2025.04.04 08:20;1.11031;1.11078;1.11008;1.11058;611;0
2025.04.04 08:30;1.11058;1.11058;1.10830;1.10840;681;0
2025.04.04 08:40;1.10839;1.10856;1.10790;1.10798;565;0
2025.04.04 08:50;1.10798;1.10857;1.10784;1.10842;549;0
2025.04.04 09:00;1.10843;1.10863;1.10694;1.10707;765;0
2025.04.04 09:10;1.10710;1.10782;1.10685;1.10701;723;0
2025.04.04 09:20;1.10699;1.10706;1.10636;1.10648;675;0
2025.04.04 09:30;1.10650;1.10699;1.10610;1.10644;781;0
2025.04.04 09:40;1.10643;1.10678;1.10601;1.10631;800;0
2025.04.04 09:50;1.10631;1.10645;1.10499;1.10506;916;0
2025.04.04 10:00;1.10505;1.10624;1.10501;1.10619;1059;0
2025.04.04 10:10;1.10619;1.10672;1.10533;1.10538;1003;0
2025.04.04 10:20;1.10536;1.10562;1.10482;1.10490;962;0
2025.04.04 10:30;1.10489;1.10531;1.10259;1.10264;946;0
2025.04.04 10:40;1.10267;1.10278;1.10086;1.10188;949;0
2025.04.04 10:50;1.10189;1.10241;1.10000;1.10044;1015;0
2025.04.04 11:00;1.10048;1.10053;1.09757;1.10025;1375;0
2025.04.04 11:10;1.10023;1.10068;1.09967;1.10061;1104;0
2025.04.04 11:20;1.10062;1.10068;1.09977;1.10065;970;0
2025.04.04 11:30;1.10065;1.10094;1.09936;1.09936;919;0
2025.04.04 11:40;1.09936;1.10079;1.09875;1.10000;1059;0
2025.04.04 11:50;1.10000;1.10018;1.09935;1.09964;974;0
2025.04.04 12:00;1.09966;1.09973;1.09740;1.09851;989;0
2025.04.04 12:10;1.09850;1.09871;1.09729;1.09820;863;0
2025.04.04 12:20;1.09821;1.09871;1.09777;1.09820;930;0
2025.04.04 12:30;1.09819;1.09861;1.09776;1.09830;875;0
2025.04.04 12:40;1.09826;1.09881;1.09715;1.09867;877;0
2025.04.04 12:50;1.09865;1.09927;1.09830;1.09846;911;0
2025.04.04 13:00;1.09843;1.09872;1.09646;1.09853;1261;0
2025.04.04 13:10;1.09850;1.10052;1.09809;1.10031;1434;0
2025.04.04 13:20;1.10032;1.10449;1.10013;1.10446;1667;1
2025.04.04 13:30;1.10445;1.10498;1.10335;1.10385;1428;0
2025.04.04 13:40;1.10384;1.10463;1.10317;1.10338;1337;0
2025.04.04 13:50;1.10340;1.10348;1.10206;1.10308;1258;0
2025.04.04 14:00;1.10305;1.10501;1.10222;1.10461;1363;0
2025.04.04 14:10;1.10461;1.10654;1.10374;1.10521;1482;0
2025.04.04 14:20;1.10521;1.10646;1.10454;1.10503;1444;0
2025.04.04 14:30;1.10501;1.10688;1.10458;1.10669;1682;0
2025.04.04 14:40;1.10667;1.10799;1.10609;1.10653;1560;0
2025.04.04 14:50;1.10655;1.10729;1.10546;1.10601;1530;0
2025.04.04 15:00;1.10607;1.10701;1.10507;1.10571;1690;0
2025.04.04 15:10;1.10571;1.10729;1.10431;1.10673;1643;0
2025.04.04 15:20;1.10674;1.10887;1.10629;1.10794;1456;0
2025.04.04 15:30;1.10793;1.10879;1.10342;1.10423;2029;0
2025.04.04 15:40;1.10423;1.10497;1.10260;1.10296;1683;0
2025.04.04 15:50;1.10297;1.10325;1.10076;1.10200;1570;0
2025.04.04 16:00;1.10201;1.10361;1.10139;1.10325;1545;0
2025.04.04 16:10;1.10324;1.10483;1.10299;1.10449;1454;0
2025.04.04 16:20;1.10451;1.10457;1.10202;1.10290;1558;0
2025.04.04 16:30;1.10283;1.10441;1.10193;1.10276;1653;0
2025.04.04 16:40;1.10276;1.10341;1.10162;1.10166;1653;0
2025.04.04 16:50;1.10166;1.10189;1.10052;1.10063;1685;0
2025.04.04 17:00;1.10057;1.10080;1.09880;1.10005;1705;0
2025.04.04 17:10;1.10009;1.10147;1.10002;1.10036;1517;0
2025.04.04 17:20;1.10037;1.10084;1.09861;1.09989;1447;0
2025.04.04 17:30;1.09986;1.09989;1.09746;1.09786;1398;0
2025.04.04 17:40;1.09788;1.09857;1.09653;1.09695;1642;0
2025.04.04 17:50;1.09696;1.09904;1.09600;1.09860;1702;0
2025.04.04 18:00;1.09860;1.10043;1.09803;1.09862;1852;0
2025.04.04 18:10;1.09866;1.10009;1.09833;1.09877;1643;0
2025.04.04 18:20;1.09887;1.09924;1.09671;1.09835;1444;0
2025.04.04 18:30;1.09833;1.09971;1.09688;1.09926;1680;1
2025.04.04 18:40;1.09924;1.10066;1.09876;1.10039;1544;1
2025.04.04 18:50;1.10039;1.10170;1.09992;1.10137;1430;0
2025.04.04 19:00;1.10137;1.10197;1.09980;1.09981;1340;1
2025.04.04 19:10;1.09982;1.09988;1.09867;1.09869;1110;0
2025.04.04 19:20;1.09869;1.09872;1.09743;1.09848;1116;0
2025.04.04 19:30;1.09848;1.09902;1.09748;1.09749;1041;0
2025.04.04 19:40;1.09750;1.09836;1.09617;1.09672;1178;1
2025.04.04 19:50;1.09672;1.09740;1.09616;1.09710;1170;0
2025.04.04 20:00;1.09710;1.09767;1.09470;1.09477;1237;0
2025.04.04 20:10;1.09476;1.09491;1.09244;1.09378;1206;0
2025.04.04 20:20;1.09369;1.09391;1.09269;1.09312;975;0
2025.04.04 20:30;1.09312;1.09401;1.09265;1.09320;1214;0
2025.04.04 20:40;1.09324;1.09533;1.09294;1.09524;1285;0
2025.04.04 20:50;1.09521;1.09560;1.09457;1.09474;1058;0
2025.04.04 21:00;1.09474;1.09541;1.09393;1.09541;1159;0
2025.04.04 21:10;1.09540;1.09595;1.09489;1.09568;904;0
2025.04.04 21:20;1.09569;1.09609;1.09517;1.09606;770;0
2025.04.04 21:30;1.09609;1.09672;1.09531;1.09551;920;1
2025.04.04 21:40;1.09544;1.09625;1.09531;1.09570;737;0
2025.04.04 21:50;1.09569;1.09579;1.09403;1.09445;885;0
2025.04.04 22:00;1.09444;1.09444;1.09281;1.09298;818;0
2025.04.04 22:10;1.09300;1.09422;1.09277;1.09414;823;0
2025.04.04 22:20;1.09413;1.09481;1.09364;1.09432;891;0
2025.04.04 22:30;1.09428;1.09513;1.09420;1.09498;866;0
2025.04.04 22:40;1.09499;1.09647;1.09496;1.09600;855;0
2025.04.04 22:50;1.09598;1.09604;1.09421;1.09435;749;0
2025.04.04 23:00;1.09431;1.09504;1.09430;1.09493;589;0
2025.04.04 23:10;1.09492;1.09531;1.09480;1.09521;322;0
2025.04.04 23:20;1.09522;1.09522;1.09323;1.09344;539;1
2025.04.04 23:30;1.09341;1.09483;1.09334;1.09438;427;0
2025.04.04 23:40;1.09434;1.09525;1.09410;1.09524;446;5
2025.04.04 23:50;1.09525;1.09631;1.09515;1.09620;249;5
2025.04.07 00:00;1.08847;1.08925;1.08795;1.08808;155;33
2025.04.07 00:10;1.08808;1.08863;1.08781;1.08843;269;29
2025.04.07 00:20;1.08841;1.08901;1.08789;1.08883;274;36
2025.04.07 00:30;1.08883;1.09065;1.08881;1.08942;353;25
2025.04.07 00:40;1.08942;1.09179;1.08942;1.09179;403;25
2025.04.07 00:50;1.09179;1.09231;1.09133;1.09143;239;25
2025.04.07 01:00;1.09140;1.09449;1.09140;1.09443;763;1
2025.04.07 01:10;1.09444;1.09744;1.09398;1.09740;957;0
2025.04.07 01:20;1.09736;1.09945;1.09723;1.09837;1360;0
2025.04.07 01:30;1.09840;1.09896;1.09725;1.09819;1196;0
2025.04.07 01:40;1.09819;1.09841;1.09763;1.09790;842;0
2025.04.07 01:50;1.09787;1.09836;1.09741;1.09829;887;0
2025.04.07 02:00;1.09828;1.09947;1.09818;1.09893;1131;0
2025.04.07 02:10;1.09898;1.10002;1.09887;1.09907;1017;0
2025.04.07 02:20;1.09908;1.10009;1.09862;1.09873;1182;0
2025.04.07 02:30;1.09874;1.09927;1.09832;1.09867;954;0
2025.04.07 02:40;1.09867;1.09984;1.09867;1.09941;818;0
2025.04.07 02:50;1.09945;1.10001;1.09828;1.09833;1130;0
2025.04.07 03:00;1.09832;1.09836;1.09591;1.09631;1425;1
2025.04.07 03:10;1.09632;1.09633;1.09460;1.09495;1067;0
2025.04.07 03:20;1.09486;1.09621;1.09482;1.09554;1072;0
2025.04.07 03:30;1.09555;1.09653;1.09547;1.09625;961;0
2025.04.07 03:40;1.09625;1.09639;1.09517;1.09524;1124;0
2025.04.07 03:50;1.09522;1.09674;1.09510;1.09671;1052;0
2025.04.07 04:00;1.09671;1.09700;1.09585;1.09628;1122;0
2025.04.07 04:10;1.09636;1.09654;1.09543;1.09625;1117;0
2025.04.07 04:20;1.09622;1.09736;1.09589;1.09691;1145;0
2025.04.07 04:30;1.09689;1.09696;1.09556;1.09608;1236;0
2025.04.07 04:40;1.09609;1.09797;1.09604;1.09766;1153;0
2025.04.07 04:50;1.09766;1.09802;1.09657;1.09679;1012;0
2025.04.07 05:00;1.09678;1.09678;1.09572;1.09602;826;0
2025.04.07 05:10;1.09602;1.09602;1.09516;1.09520;810;0
2025.04.07 05:20;1.09512;1.09532;1.09356;1.09362;809;0
2025.04.07 05:30;1.09359;1.09373;1.09257;1.09312;843;0
2025.04.07 05:40;1.09311;1.09312;1.09196;1.09296;763;0
2025.04.07 05:50;1.09295;1.09370;1.09264;1.09353;771;0
2025.04.07 06:00;1.09354;1.09394;1.09300;1.09363;696;0
2025.04.07 06:10;1.09362;1.09397;1.09332;1.09359;737;0
2025.04.07 06:20;1.09360;1.09425;1.09360;1.09372;514;0
2025.04.07 06:30;1.09372;1.09457;1.09372;1.09444;640;0
2025.04.07 06:40;1.09445;1.09516;1.09424;1.09499;459;0
2025.04.07 06:50;1.09499;1.09547;1.09496;1.09504;417;0
2025.04.07 07:00;1.09504;1.09536;1.09482;1.09535;492;0
2025.04.07 07:10;1.09535;1.09678;1.09534;1.09654;625;0
2025.04.07 07:20;1.09654;1.09756;1.09649;1.09741;504;0
2025.04.07 07:30;1.09742;1.09830;1.09703;1.09810;640;0
2025.04.07 07:40;1.09810;1.09838;1.09768;1.09831;550;0
2025.04.07 07:50;1.09831;1.09874;1.09807;1.09849;593;0
2025.04.07 08:00;1.09855;1.09880;1.09814;1.09824;834;0
2025.04.07 08:10;1.09820;1.09957;1.09778;1.09936;910;0
2025.04.07 08:20;1.09936;1.09971;1.09863;1.09940;1107;0
2025.04.07 08:30;1.09940;1.10012;1.09940;1.09965;897;0
2025.04.07 08:40;1.09964;1.09991;1.09890;1.09947;834;0
2025.04.07 08:50;1.09947;1.10206;1.09944;1.10186;890;0
2025.04.07 09:00;1.10185;1.10212;1.10045;1.10065;1262;1
2025.04.07 09:10;1.10065;1.10195;1.10059;1.10097;1183;1
2025.04.07 09:20;1.10096;1.10160;1.10004;1.10013;1258;0
2025.04.07 09:30;1.10012;1.10087;1.09955;1.10084;1159;0
2025.04.07 09:40;1.10083;1.10230;1.10013;1.10186;1431;1
2025.04.07 09:50;1.10184;1.10192;1.09937;1.10026;1451;1
2025.04.07 10:00;1.10031;1.10283;1.10003;1.10269;1679;1
2025.04.07 10:10;1.10268;1.10498;1.10238;1.10274;1414;0
2025.04.07 10:20;1.10273;1.10358;1.10247;1.10281;1383;0
2025.04.07 10:30;1.10281;1.10283;1.10124;1.10269;1483;0
2025.04.07 10:40;1.10274;1.10275;1.10084;1.10098;1390;0
2025.04.07 10:50;1.10099;1.10108;1.09979;1.10008;1257;0
2025.04.07 11:00;1.10014;1.10220;1.10014;1.10162;1392;0
2025.04.07 11:10;1.10161;1.10205;1.09872;1.09894;1409;0
2025.04.07 11:20;1.09895;1.09930;1.09704;1.09706;1388;1
2025.04.07 11:30;1.09706;1.09819;1.09678;1.09794;1357;0
2025.04.07 11:40;1.09795;1.10027;1.09791;1.09998;1174;0
2025.04.07 11:50;1.09996;1.10088;1.09915;1.09918;1060;0
2025.04.07 12:00;1.09920;1.09965;1.09809;1.09866;1108;0
2025.04.07 12:10;1.09869;1.09872;1.09721;1.09742;1057;0
2025.04.07 12:20;1.09742;1.09787;1.09578;1.09596;1262;0
2025.04.07 12:30;1.09595;1.09685;1.09547;1.09633;1203;0
2025.04.07 12:40;1.09633;1.09645;1.09500;1.09518;1112;0
2025.04.07 12:50;1.09518;1.09659;1.09503;1.09626;1206;0
2025.04.07 13:00;1.09629;1.09733;1.09628;1.09701;1259;0
2025.04.07 13:10;1.09700;1.09807;1.09634;1.09802;1164;0
2025.04.07 13:20;1.09800;1.09853;1.09761;1.09853;1173;0
2025.04.07 13:30;1.09851;1.09905;1.09803;1.09811;1122;0
2025.04.07 13:40;1.09810;1.09839;1.09678;1.09702;1090;0
2025.04.07 13:50;1.09702;1.09709;1.09577;1.09589;1137;0
2025.04.07 14:00;1.09589;1.09656;1.09554;1.09613;1180;0
2025.04.07 14:10;1.09612;1.09618;1.09499;1.09524;1068;0
2025.04.07 14:20;1.09526;1.09550;1.09351;1.09444;1172;0
2025.04.07 14:30;1.09445;1.09531;1.09377;1.09433;1298;0
2025.04.07 14:40;1.09433;1.09514;1.09409;1.09506;1233;0
2025.04.07 14:50;1.09505;1.09696;1.09500;1.09696;1157;0
2025.04.07 15:00;1.09696;1.09696;1.09604;1.09669;1236;0
2025.04.07 15:10;1.09668;1.09668;1.09519;1.09556;1168;0
2025.04.07 15:20;1.09554;1.09591;1.09391;1.09434;1297;0
2025.04.07 15:30;1.09433;1.09681;1.09426;1.09668;1363;0
2025.04.07 15:40;1.09668;1.09868;1.09631;1.09854;1474;0
2025.04.07 15:50;1.09853;1.09915;1.09717;1.09737;1492;0
2025.04.07 16:00;1.09738;1.09764;1.09652;1.09698;1309;0
2025.04.07 16:10;1.09698;1.09772;1.09656;1.09720;1199;0
2025.04.07 16:20;1.09720;1.09730;1.09567;1.09668;1077;0
2025.04.07 16:30;1.09668;1.09715;1.09581;1.09626;1429;0
2025.04.07 16:40;1.09624;1.09699;1.09387;1.09397;1447;1
2025.04.07 16:50;1.09399;1.09480;1.09373;1.09416;1438;1
2025.04.07 17:00;1.09416;1.09488;1.09351;1.09354;1504;1
2025.04.07 17:10;1.09358;1.09829;1.09358;1.09513;2111;2
2025.04.07 17:20;1.09513;1.09693;1.09366;1.09489;1913;1
2025.04.07 17:30;1.09503;1.09576;1.09346;1.09365;1819;0
2025.04.07 17:40;1.09366;1.09430;1.09232;1.09235;1569;0
2025.04.07 17:50;1.09230;1.09361;1.09169;1.09217;1720;0
2025.04.07 18:00;1.09218;1.09241;1.09061;1.09113;1650;0
2025.04.07 18:10;1.09110;1.09279;1.09077;1.09194;1664;0
2025.04.07 18:20;1.09194;1.09364;1.09168;1.09193;1572;0
2025.04.07 18:30;1.09194;1.09195;1.09012;1.09045;1533;0
2025.04.07 18:40;1.09047;1.09186;1.09017;1.09165;1325;0
2025.04.07 18:50;1.09164;1.09235;1.09085;1.09115;1269;0
2025.04.07 19:00;1.09116;1.09155;1.09038;1.09091;1195;0
2025.04.07 19:10;1.09091;1.09214;1.09067;1.09152;1178;0
2025.04.07 19:20;1.09154;1.09280;1.09139;1.09232;1071;0
2025.04.07 19:30;1.09232;1.09252;1.09176;1.09205;888;0
2025.04.07 19:40;1.09205;1.09228;1.09066;1.09156;832;0
2025.04.07 19:50;1.09156;1.09326;1.09134;1.09320;918;0
2025.04.07 20:00;1.09321;1.09390;1.09296;1.09334;1143;0
2025.04.07 20:10;1.09330;1.09432;1.09325;1.09399;1030;0
2025.04.07 20:20;1.09403;1.09492;1.09392;1.09431;891;0
2025.04.07 20:30;1.09430;1.09470;1.09385;1.09448;858;0
2025.04.07 20:40;1.09450;1.09485;1.09368;1.09434;890;1
2025.04.07 20:50;1.09434;1.09500;1.09366;1.09387;920;0
2025.04.07 21:00;1.09387;1.09526;1.09354;1.09431;914;0
2025.04.07 21:10;1.09432;1.09451;1.09274;1.09277;811;0
2025.04.07 21:20;1.09275;1.09310;1.09236;1.09277;844;0
2025.04.07 21:30;1.09277;1.09407;1.09276;1.09390;706;0
2025.04.07 21:40;1.09391;1.09419;1.09266;1.09270;780;0
2025.04.07 21:50;1.09266;1.09364;1.09254;1.09338;867;0
2025.04.07 22:00;1.09335;1.09344;1.09241;1.09271;740;0
2025.04.07 22:10;1.09271;1.09330;1.09224;1.09330;877;0
2025.04.07 22:20;1.09330;1.09409;1.09323;1.09340;707;0
2025.04.07 22:30;1.09339;1.09442;1.09305;1.09418;758;0
2025.04.07 22:40;1.09418;1.09488;1.09332;1.09379;748;0
2025.04.07 22:50;1.09370;1.09387;1.09138;1.09154;718;0
2025.04.07 23:00;1.09158;1.09197;1.09110;1.09178;630;0
2025.04.07 23:10;1.09178;1.09194;1.09080;1.09098;362;0
2025.04.07 23:20;1.09097;1.09138;1.09068;1.09079;433;0
2025.04.07 23:30;1.09081;1.09090;1.09023;1.09027;451;0
2025.04.07 23:40;1.09023;1.09079;1.09014;1.09059;235;5
2025.04.07 23:50;1.09060;1.09073;1.09016;1.09034;343;5
2025.04.08 00:00;1.08998;1.09040;1.08968;1.09040;25;50
2025.04.08 00:10;1.09039;1.09039;1.09037;1.09038;15;52
2025.04.08 00:20;1.09022;1.09089;1.09022;1.09080;125;40
2025.04.08 00:30;1.09082;1.09130;1.09082;1.09107;93;24
2025.04.08 00:40;1.09107;1.09109;1.09100;1.09100;51;25
2025.04.08 00:50;1.09100;1.09172;1.09100;1.09133;86;24
2025.04.08 01:00;1.09134;1.09206;1.09109;1.09132;299;0
2025.04.08 01:10;1.09131;1.09164;1.09085;1.09087;245;0
2025.04.08 01:20;1.09087;1.09129;1.09085;1.09115;225;0
2025.04.08 01:30;1.09116;1.09192;1.09096;1.09176;340;0
2025.04.08 01:40;1.09175;1.09183;1.09146;1.09183;342;0
2025.04.08 01:50;1.09184;1.09190;1.09156;1.09170;274;0
2025.04.08 02:00;1.09173;1.09191;1.09137;1.09158;355;0
2025.04.08 02:10;1.09158;1.09163;1.09086;1.09101;313;0
2025.04.08 02:20;1.09101;1.09152;1.09077;1.09141;304;0
2025.04.08 02:30;1.09141;1.09164;1.09119;1.09150;365;0
2025.04.08 02:40;1.09149;1.09183;1.09135;1.09159;413;0
2025.04.08 02:50;1.09161;1.09182;1.09132;1.09149;444;0
2025.04.08 03:00;1.09148;1.09265;1.09148;1.09221;824;0
2025.04.08 03:10;1.09220;1.09261;1.09206;1.09226;856;0
2025.04.08 03:20;1.09225;1.09357;1.09220;1.09353;785;0
2025.04.08 03:30;1.09351;1.09439;1.09346;1.09437;509;0
2025.04.08 03:40;1.09438;1.09446;1.09375;1.09394;567;0
2025.04.08 03:50;1.09395;1.09507;1.09372;1.09398;962;0
2025.04.08 04:00;1.09398;1.09547;1.09397;1.09480;1131;0
2025.04.08 04:10;1.09479;1.09495;1.09381;1.09461;1051;0
2025.04.08 04:20;1.09460;1.09534;1.09459;1.09519;1019;0
2025.04.08 04:30;1.09517;1.09594;1.09481;1.09559;1051;0
2025.04.08 04:40;1.09557;1.09604;1.09546;1.09598;879;0
2025.04.08 04:50;1.09598;1.09617;1.09566;1.09599;661;0
2025.04.08 05:00;1.09598;1.09679;1.09598;1.09657;630;0
2025.04.08 05:10;1.09657;1.09697;1.09647;1.09680;590;0
2025.04.08 05:20;1.09679;1.09691;1.09652;1.09673;473;0
2025.04.08 05:30;1.09673;1.09755;1.09660;1.09747;621;0
2025.04.08 05:40;1.09745;1.09802;1.09726;1.09742;682;0
2025.04.08 05:50;1.09741;1.09746;1.09693;1.09710;548;0
2025.04.08 06:00;1.09710;1.09718;1.09669;1.09669;494;0
2025.04.08 06:10;1.09669;1.09699;1.09652;1.09680;526;0
2025.04.08 06:20;1.09683;1.09712;1.09650;1.09656;480;0
2025.04.08 06:30;1.09655;1.09670;1.09618;1.09629;578;0
2025.04.08 06:40;1.09629;1.09646;1.09608;1.09636;480;0
2025.04.08 06:50;1.09636;1.09653;1.09625;1.09635;442;0
2025.04.08 07:00;1.09632;1.09679;1.09622;1.09663;491;0
2025.04.08 07:10;1.09663;1.09772;1.09651;1.09754;557;0
2025.04.08 07:20;1.09754;1.09796;1.09752;1.09781;437;0
2025.04.08 07:30;1.09777;1.09789;1.09736;1.09737;470;0
2025.04.08 07:40;1.09738;1.09765;1.09715;1.09734;600;0
2025.04.08 07:50;1.09734;1.09762;1.09710;1.09761;528;0
2025.04.08 08:00;1.09761;1.09761;1.09662;1.09682;709;0
2025.04.08 08:10;1.09683;1.09683;1.09634;1.09658;590;0
2025.04.08 08:20;1.09658;1.09666;1.09608;1.09611;590;0
2025.04.08 08:30;1.09610;1.09652;1.09589;1.09629;690;0
2025.04.08 08:40;1.09628;1.09633;1.09537;1.09583;706;0
2025.04.08 08:50;1.09583;1.09688;1.09582;1.09683;664;0
2025.04.08 09:00;1.09681;1.09807;1.09621;1.09804;1001;0
2025.04.08 09:10;1.09807;1.09822;1.09719;1.09725;748;0
2025.04.08 09:20;1.09725;1.09781;1.09707;1.09752;745;0
2025.04.08 09:30;1.09744;1.09875;1.09722;1.09862;929;1
2025.04.08 09:40;1.09862;1.09919;1.09808;1.09914;906;1
2025.04.08 09:50;1.09913;1.09918;1.09760;1.09765;976;0
2025.04.08 10:00;1.09769;1.09798;1.09721;1.09780;1132;0
2025.04.08 10:10;1.09770;1.09805;1.09652;1.09657;1175;0
2025.04.08 10:20;1.09657;1.09657;1.09548;1.09589;1256;1
2025.04.08 10:30;1.09588;1.09724;1.09538;1.09544;1286;0
2025.04.08 10:40;1.09543;1.09570;1.09385;1.09466;1150;0
2025.04.08 10:50;1.09465;1.09468;1.09215;1.09235;1128;1
2025.04.08 11:00;1.09235;1.09401;1.09230;1.09389;1005;0
2025.04.08 11:10;1.09386;1.09441;1.09352;1.09425;982;0
2025.04.08 11:20;1.09424;1.09466;1.09398;1.09466;895;0
2025.04.08 11:30;1.09462;1.09488;1.09397;1.09406;873;0
2025.04.08 11:40;1.09408;1.09463;1.09400;1.09414;790;0
2025.04.08 11:50;1.09415;1.09448;1.09293;1.09367;1020;0
2025.04.08 12:00;1.09366;1.09373;1.09246;1.09271;1015;0
2025.04.08 12:10;1.09270;1.09307;1.09163;1.09212;894;0
2025.04.08 12:20;1.09212;1.09225;1.09120;1.09174;990;0
2025.04.08 12:30;1.09173;1.09224;1.09112;1.09174;970;0
2025.04.08 12:40;1.09173;1.09287;1.09173;1.09255;837;0
2025.04.08 12:50;1.09253;1.09296;1.09195;1.09198;834;0
2025.04.08 13:00;1.09197;1.09252;1.09145;1.09228;799;0
2025.04.08 13:10;1.09227;1.09243;1.09136;1.09170;742;0
2025.04.08 13:20;1.09171;1.09319;1.09170;1.09313;779;0
2025.04.08 13:30;1.09313;1.09386;1.09302;1.09382;875;0
2025.04.08 13:40;1.09383;1.09391;1.09301;1.09307;764;0
2025.04.08 13:50;1.09307;1.09340;1.09221;1.09274;793;0
2025.04.08 14:00;1.09273;1.09364;1.09255;1.09306;859;0
2025.04.08 14:10;1.09306;1.09430;1.09306;1.09425;1037;0
2025.04.08 14:20;1.09425;1.09448;1.09348;1.09355;949;0
2025.04.08 14:30;1.09354;1.09354;1.09265;1.09271;862;0
2025.04.08 14:40;1.09271;1.09370;1.09249;1.09355;978;0
2025.04.08 14:50;1.09356;1.09424;1.09337;1.09342;869;0
2025.04.08 15:00;1.09346;1.09508;1.09345;1.09497;947;0
2025.04.08 15:10;1.09496;1.09551;1.09456;1.09484;868;0
2025.04.08 15:20;1.09485;1.09511;1.09438;1.09478;858;0
2025.04.08 15:30;1.09476;1.09671;1.09435;1.09668;1042;0
2025.04.08 15:40;1.09668;1.09684;1.09554;1.09555;808;0
2025.04.08 15:50;1.09554;1.09559;1.09474;1.09484;861;0
2025.04.08 16:00;1.09484;1.09523;1.09395;1.09445;1072;0
2025.04.08 16:10;1.09445;1.09513;1.09401;1.09508;1286;1
2025.04.08 16:20;1.09509;1.09553;1.09456;1.09549;1060;0
2025.04.08 16:30;1.09547;1.09558;1.09326;1.09331;1211;0
2025.04.08 16:40;1.09332;1.09398;1.09271;1.09364;1246;0
2025.04.08 16:50;1.09363;1.09434;1.09325;1.09351;1104;0
2025.04.08 17:00;1.09357;1.09357;1.09171;1.09240;1185;0
2025.04.08 17:10;1.09235;1.09241;1.09119;1.09171;1161;0
2025.04.08 17:20;1.09172;1.09177;1.09016;1.09051;1252;0
2025.04.08 17:30;1.09053;1.09131;1.08885;1.09043;1264;2
2025.04.08 17:40;1.09043;1.09046;1.08890;1.09029;1139;0
2025.04.08 17:50;1.09029;1.09157;1.09015;1.09103;1206;0
2025.04.08 18:00;1.09103;1.09158;1.09080;1.09083;1167;0
2025.04.08 18:10;1.09082;1.09095;1.08958;1.09022;1065;0
2025.04.08 18:20;1.09024;1.09170;1.09015;1.09120;870;0
2025.04.08 18:30;1.09119;1.09194;1.09107;1.09147;944;0
2025.04.08 18:40;1.09151;1.09160;1.09062;1.09157;841;0
2025.04.08 18:50;1.09156;1.09195;1.09087;1.09117;852;0
2025.04.08 19:00;1.09117;1.09119;1.08985;1.09088;915;0
2025.04.08 19:10;1.09084;1.09095;1.09047;1.09088;833;0
2025.04.08 19:20;1.09086;1.09123;1.09054;1.09123;735;0
2025.04.08 19:30;1.09122;1.09174;1.09097;1.09159;975;1
2025.04.08 19:40;1.09161;1.09320;1.09157;1.09289;1078;0
2025.04.08 19:50;1.09289;1.09324;1.09248;1.09297;946;0
2025.04.08 20:00;1.09298;1.09430;1.09275;1.09403;1044;0
2025.04.08 20:10;1.09402;1.09486;1.09364;1.09392;1140;0
2025.04.08 20:20;1.09391;1.09436;1.09356;1.09422;977;0
2025.04.08 20:30;1.09412;1.09454;1.09294;1.09305;1116;0
2025.04.08 20:40;1.09306;1.09409;1.09263;1.09394;1021;0
2025.04.08 20:50;1.09397;1.09420;1.09297;1.09338;993;0
2025.04.08 21:00;1.09337;1.09418;1.09297;1.09409;931;0
2025.04.08 21:10;1.09409;1.09508;1.09407;1.09507;808;0
2025.04.08 21:20;1.09507;1.09576;1.09482;1.09561;807;0
2025.04.08 21:30;1.09563;1.09691;1.09521;1.09547;1046;0
2025.04.08 21:40;1.09547;1.09563;1.09478;1.09496;801;0
2025.04.08 21:50;1.09495;1.09530;1.09454;1.09522;780;0
2025.04.08 22:00;1.09519;1.09662;1.09510;1.09660;813;0
2025.04.08 22:10;1.09661;1.09779;1.09651;1.09768;726;0
2025.04.08 22:20;1.09768;1.09779;1.09663;1.09685;841;0
2025.04.08 22:30;1.09684;1.09704;1.09626;1.09641;846;0
2025.04.08 22:40;1.09639;1.09639;1.09508;1.09541;845;0
2025.04.08 22:50;1.09540;1.09597;1.09516;1.09538;883;0
2025.04.08 23:00;1.09541;1.09628;1.09533;1.09618;483;0
2025.04.08 23:10;1.09617;1.09619;1.09485;1.09495;371;0
2025.04.08 23:20;1.09494;1.09505;1.09390;1.09420;391;0
2025.04.08 23:30;1.09419;1.09464;1.09404;1.09458;335;0
2025.04.08 23:40;1.09456;1.09519;1.09440;1.09508;351;5
2025.04.08 23:50;1.09507;1.09579;1.09507;1.09574;408;5
2025.04.09 00:00;1.09537;1.09546;1.09469;1.09477;75;65
2025.04.09 00:10;1.09491;1.09501;1.09474;1.09496;169;122
2025.04.09 00:20;1.09496;1.09527;1.09490;1.09526;244;122
2025.04.09 00:30;1.09526;1.09579;1.09520;1.09568;173;25
2025.04.09 00:40;1.09579;1.09591;1.09578;1.09590;78;25
2025.04.09 00:50;1.09590;1.09591;1.09573;1.09574;101;25
2025.04.09 01:00;1.09577;1.09647;1.09558;1.09623;596;0
2025.04.09 01:10;1.09623;1.09721;1.09613;1.09704;395;0
2025.04.09 01:20;1.09704;1.09744;1.09665;1.09672;484;0
2025.04.09 01:30;1.09671;1.09775;1.09663;1.09740;471;0
2025.04.09 01:40;1.09740;1.09765;1.09696;1.09703;367;0
2025.04.09 01:50;1.09703;1.09714;1.09672;1.09680;350;0
2025.04.09 02:00;1.09681;1.09796;1.09664;1.09718;537;0
2025.04.09 02:10;1.09718;1.09750;1.09697;1.09708;448;0
2025.04.09 02:20;1.09716;1.09794;1.09708;1.09789;437;0
2025.04.09 02:30;1.09790;1.09824;1.09777;1.09819;442;0
2025.04.09 02:40;1.09819;1.09850;1.09779;1.09819;604;0
2025.04.09 02:50;1.09819;1.09851;1.09758;1.09775;658;0
2025.04.09 03:00;1.09774;1.09800;1.09711;1.09724;1351;0
2025.04.09 03:10;1.09723;1.09811;1.09714;1.09800;1075;0
2025.04.09 03:20;1.09801;1.09929;1.09800;1.09892;988;0
2025.04.09 03:30;1.09893;1.09981;1.09883;1.09976;1067;0
2025.04.09 03:40;1.09975;1.10081;1.09954;1.10071;1077;0
2025.04.09 03:50;1.10068;1.10167;1.10026;1.10148;923;0
2025.04.09 04:00;1.10149;1.10285;1.10140;1.10230;1173;0
2025.04.09 04:10;1.10231;1.10321;1.10157;1.10292;1127;0
2025.04.09 04:20;1.10292;1.10399;1.10274;1.10382;1014;0
2025.04.09 04:30;1.10382;1.10385;1.10188;1.10232;1181;0
2025.04.09 04:40;1.10232;1.10386;1.10211;1.10291;1156;0
2025.04.09 04:50;1.10291;1.10299;1.10175;1.10200;1082;0
2025.04.09 05:00;1.10199;1.10286;1.10184;1.10252;1078;0
2025.04.09 05:10;1.10252;1.10274;1.10176;1.10199;983;0
2025.04.09 05:20;1.10197;1.10276;1.10166;1.10234;734;0
2025.04.09 05:30;1.10237;1.10256;1.10138;1.10142;723;0
2025.04.09 05:40;1.10140;1.10150;1.10095;1.10138;685;0
2025.04.09 05:50;1.10140;1.10204;1.10100;1.10197;763;0
2025.04.09 06:00;1.10198;1.10275;1.10146;1.10258;694;0
2025.04.09 06:10;1.10258;1.10300;1.10177;1.10235;1009;0
2025.04.09 06:20;1.10234;1.10357;1.10215;1.10343;865;0
2025.04.09 06:30;1.10342;1.10359;1.10231;1.10231;741;0
2025.04.09 06:40;1.10232;1.10257;1.10146;1.10173;882;0
2025.04.09 06:50;1.10172;1.10210;1.10125;1.10196;961;0
2025.04.09 07:00;1.10196;1.10400;1.10188;1.10357;1301;0
2025.04.09 07:10;1.10356;1.10448;1.10302;1.10430;1160;0
2025.04.09 07:20;1.10428;1.10648;1.10427;1.10620;1089;0
2025.04.09 07:30;1.10620;1.10658;1.10503;1.10548;1172;0
2025.04.09 07:40;1.10551;1.10605;1.10472;1.10511;1072;0
2025.04.09 07:50;1.10511;1.10691;1.10508;1.10689;932;0
2025.04.09 08:00;1.10684;1.10684;1.10461;1.10492;1213;0
2025.04.09 08:10;1.10492;1.10534;1.10440;1.10499;1090;0
2025.04.09 08:20;1.10499;1.10531;1.10397;1.10401;1087;0
2025.04.09 08:30;1.10402;1.10405;1.10291;1.10374;937;0
2025.04.09 08:40;1.10373;1.10545;1.10371;1.10544;1045;0
2025.04.09 08:50;1.10544;1.10628;1.10541;1.10616;1010;0
2025.04.09 09:00;1.10617;1.10652;1.10543;1.10582;1371;0
2025.04.09 09:10;1.10584;1.10610;1.10426;1.10511;1493;0
2025.04.09 09:20;1.10513;1.10623;1.10488;1.10537;1361;0
2025.04.09 09:30;1.10536;1.10650;1.10498;1.10589;1430;0
2025.04.09 09:40;1.10592;1.10662;1.10498;1.10650;1231;0
2025.04.09 09:50;1.10649;1.10901;1.10615;1.10735;1391;0
2025.04.09 10:00;1.10734;1.10795;1.10636;1.10721;1710;0
2025.04.09 10:10;1.10722;1.10758;1.10525;1.10563;1537;0
2025.04.09 10:20;1.10567;1.10672;1.10544;1.10555;1405;0
2025.04.09 10:30;1.10554;1.10564;1.10424;1.10455;1339;0
2025.04.09 10:40;1.10452;1.10511;1.10354;1.10356;1427;0
2025.04.09 10:50;1.10355;1.10359;1.10094;1.10155;1545;0
2025.04.09 11:00;1.10156;1.10211;1.09981;1.10107;1479;0
2025.04.09 11:10;1.10108;1.10208;1.10043;1.10125;1228;0
2025.04.09 11:20;1.10123;1.10252;1.10071;1.10211;1243;0
2025.04.09 11:30;1.10211;1.10288;1.10178;1.10215;1366;0
2025.04.09 11:40;1.10216;1.10351;1.10178;1.10292;1137;0
2025.04.09 11:50;1.10290;1.10335;1.10252;1.10275;1143;0
2025.04.09 12:00;1.10276;1.10276;1.10092;1.10253;1118;0
2025.04.09 12:10;1.10252;1.10348;1.10218;1.10325;1100;0
2025.04.09 12:20;1.10310;1.10325;1.10206;1.10274;951;0
2025.04.09 12:30;1.10272;1.10357;1.10203;1.10332;1048;0
2025.04.09 12:40;1.10331;1.10393;1.10287;1.10379;973;0
2025.04.09 12:50;1.10373;1.10504;1.10313;1.10441;1031;0
2025.04.09 13:00;1.10440;1.10529;1.10429;1.10528;1066;0
2025.04.09 13:10;1.10527;1.10579;1.10394;1.10396;1032;0
2025.04.09 13:20;1.10396;1.10399;1.10252;1.10300;951;0
2025.04.09 13:30;1.10300;1.10351;1.10277;1.10326;873;0
2025.04.09 13:40;1.10321;1.10504;1.10291;1.10431;1007;0
2025.04.09 13:50;1.10431;1.10453;1.10257;1.10332;986;0
2025.04.09 14:00;1.10331;1.10558;1.10216;1.10550;1683;0
2025.04.09 14:10;1.10539;1.10545;1.10347;1.10350;1496;0
2025.04.09 14:20;1.10349;1.10468;1.10304;1.10468;1283;0
2025.04.09 14:30;1.10464;1.10568;1.10379;1.10395;1374;0
2025.04.09 14:40;1.10392;1.10517;1.10356;1.10453;1432;0
2025.04.09 14:50;1.10454;1.10510;1.10313;1.10356;1385;0
2025.04.09 15:00;1.10359;1.10509;1.10348;1.10447;1389;0
2025.04.09 15:10;1.10447;1.10530;1.10412;1.10530;1270;0
2025.04.09 15:20;1.10524;1.10796;1.10502;1.10796;1302;0
2025.04.09 15:30;1.10794;1.10951;1.10762;1.10917;1283;0
2025.04.09 15:40;1.10916;1.10922;1.10624;1.10639;1254;0
2025.04.09 15:50;1.10640;1.10772;1.10600;1.10754;1438;0
2025.04.09 16:00;1.10757;1.10805;1.10604;1.10702;1608;0
2025.04.09 16:10;1.10703;1.10742;1.10616;1.10706;1369;0
2025.04.09 16:20;1.10705;1.10818;1.10694;1.10806;1112;0
2025.04.09 16:30;1.10806;1.10807;1.10538;1.10584;1410;0
2025.04.09 16:40;1.10586;1.10588;1.10424;1.10435;1356;0
2025.04.09 16:50;1.10437;1.10488;1.10331;1.10450;1324;0
2025.04.09 17:00;1.10449;1.10461;1.10311;1.10446;1240;0
2025.04.09 17:10;1.10446;1.10500;1.10368;1.10443;1191;0
2025.04.09 17:20;1.10442;1.10513;1.10372;1.10437;1198;0
2025.04.09 17:30;1.10436;1.10512;1.10427;1.10470;1194;0
2025.04.09 17:40;1.10471;1.10505;1.10313;1.10361;1084;0
2025.04.09 17:50;1.10361;1.10418;1.10263;1.10407;1263;0
2025.04.09 18:00;1.10407;1.10517;1.10365;1.10471;1092;0
2025.04.09 18:10;1.10460;1.10623;1.10453;1.10623;994;0
2025.04.09 18:20;1.10621;1.10634;1.10512;1.10623;931;0
2025.04.09 18:30;1.10623;1.10694;1.10581;1.10610;849;0
2025.04.09 18:40;1.10610;1.10610;1.10466;1.10529;878;0
2025.04.09 18:50;1.10530;1.10553;1.10372;1.10383;995;0
2025.04.09 19:00;1.10384;1.10392;1.10247;1.10268;825;1
2025.04.09 19:10;1.10267;1.10387;1.10260;1.10382;768;0
2025.04.09 19:20;1.10386;1.10425;1.10247;1.10280;715;0
2025.04.09 19:30;1.10277;1.10380;1.10248;1.10369;534;0
2025.04.09 19:40;1.10369;1.10413;1.10310;1.10393;721;0
2025.04.09 19:50;1.10392;1.10411;1.10136;1.10202;703;0
2025.04.09 20:00;1.10203;1.10275;1.09935;1.10146;1309;1
2025.04.09 20:10;1.10145;1.10338;1.10109;1.10256;1180;1
2025.04.09 20:20;1.10238;1.10639;1.09462;1.09792;2164;1
2025.04.09 20:30;1.09787;1.09962;1.09637;1.09946;1894;1
2025.04.09 20:40;1.09945;1.10196;1.09893;1.10187;1734;1
2025.04.09 20:50;1.10187;1.10192;1.09721;1.09744;1598;1
2025.04.09 21:00;1.09744;1.09789;1.09134;1.09370;1769;1
2025.04.09 21:10;1.09371;1.09423;1.09148;1.09223;1728;0
2025.04.09 21:20;1.09219;1.09497;1.09199;1.09436;1601;0
2025.04.09 21:30;1.09437;1.09675;1.09411;1.09583;1449;0
2025.04.09 21:40;1.09584;1.09832;1.09580;1.09656;1326;1
2025.04.09 21:50;1.09657;1.09675;1.09480;1.09641;1263;0
2025.04.09 22:00;1.09639;1.09726;1.09540;1.09707;1198;0
2025.04.09 22:10;1.09707;1.09766;1.09508;1.09519;1077;0
2025.04.09 22:20;1.09519;1.09702;1.09514;1.09608;1060;0
2025.04.09 22:30;1.09607;1.09672;1.09335;1.09336;1209;0
2025.04.09 22:40;1.09337;1.09503;1.09326;1.09435;1182;0
2025.04.09 22:50;1.09442;1.09524;1.09341;1.09341;1010;0
2025.04.09 23:00;1.09346;1.09409;1.09287;1.09408;976;0
2025.04.09 23:10;1.09407;1.09526;1.09390;1.09462;828;0
2025.04.09 23:20;1.09463;1.09620;1.09408;1.09515;862;0
2025.04.09 23:30;1.09516;1.09534;1.09395;1.09396;701;0
2025.04.09 23:40;1.09394;1.09517;1.09385;1.09489;542;5
2025.04.09 23:50;1.09488;1.09540;1.09467;1.09467;429;5
2025.04.10 00:00;1.09434;1.09493;1.09434;1.09491;40;33
2025.04.10 00:10;1.09491;1.09499;1.09463;1.09476;67;35
2025.04.10 00:20;1.09476;1.09502;1.09476;1.09498;53;24
2025.04.10 00:30;1.09507;1.09507;1.09478;1.09486;95;25
2025.04.10 00:40;1.09486;1.09523;1.09486;1.09503;72;25
2025.04.10 00:50;1.09503;1.09533;1.09491;1.09504;146;24
2025.04.10 01:00;1.09503;1.09600;1.09474;1.09560;653;0
2025.04.10 01:10;1.09558;1.09616;1.09505;1.09589;491;0
2025.04.10 01:20;1.09589;1.09621;1.09500;1.09611;493;0
2025.04.10 01:30;1.09611;1.09628;1.09576;1.09617;633;0
2025.04.10 01:40;1.09617;1.09627;1.09525;1.09598;574;0
2025.04.10 01:50;1.09603;1.09627;1.09552;1.09605;470;0
2025.04.10 02:00;1.09607;1.09614;1.09517;1.09539;696;0
2025.04.10 02:10;1.09540;1.09547;1.09455;1.09484;413;0
2025.04.10 02:20;1.09483;1.09549;1.09461;1.09490;509;0
2025.04.10 02:30;1.09498;1.09514;1.09453;1.09464;521;0
2025.04.10 02:40;1.09464;1.09496;1.09454;1.09489;561;0
2025.04.10 02:50;1.09488;1.09521;1.09431;1.09509;610;0
2025.04.10 03:00;1.09509;1.09594;1.09503;1.09580;990;0
2025.04.10 03:10;1.09576;1.09618;1.09531;1.09609;807;0
2025.04.10 03:20;1.09610;1.09724;1.09583;1.09680;963;0
2025.04.10 03:30;1.09680;1.09775;1.09671;1.09769;1010;0
2025.04.10 03:40;1.09771;1.09788;1.09731;1.09768;1111;0
2025.04.10 03:50;1.09769;1.09868;1.09758;1.09864;757;0
2025.04.10 04:00;1.09864;1.09867;1.09794;1.09810;866;0
2025.04.10 04:10;1.09806;1.09834;1.09789;1.09821;774;0
2025.04.10 04:20;1.09821;1.09875;1.09798;1.09836;734;0
2025.04.10 04:30;1.09843;1.09843;1.09771;1.09809;709;0
2025.04.10 04:40;1.09810;1.09810;1.09703;1.09704;629;0
2025.04.10 04:50;1.09701;1.09747;1.09694;1.09716;692;0
2025.04.10 05:00;1.09717;1.09790;1.09653;1.09658;888;0
2025.04.10 05:10;1.09658;1.09697;1.09625;1.09679;716;0
2025.04.10 05:20;1.09679;1.09681;1.09614;1.09674;606;0
2025.04.10 05:30;1.09674;1.09678;1.09626;1.09648;543;0
2025.04.10 05:40;1.09648;1.09665;1.09621;1.09639;411;0
2025.04.10 05:50;1.09638;1.09728;1.09637;1.09719;494;0
2025.04.10 06:00;1.09720;1.09823;1.09703;1.09813;484;0
2025.04.10 06:10;1.09812;1.09892;1.09803;1.09867;655;0
2025.04.10 06:20;1.09866;1.09877;1.09800;1.09818;654;0
2025.04.10 06:30;1.09818;1.09867;1.09792;1.09794;524;0
2025.04.10 06:40;1.09794;1.09854;1.09774;1.09838;598;0
2025.04.10 06:50;1.09837;1.09851;1.09809;1.09816;562;0
2025.04.10 07:00;1.09814;1.09841;1.09774;1.09831;694;0
2025.04.10 07:10;1.09831;1.09849;1.09778;1.09828;639;0
2025.04.10 07:20;1.09828;1.09849;1.09813;1.09830;515;0
2025.04.10 07:30;1.09831;1.09849;1.09817;1.09829;478;0
2025.04.10 07:40;1.09829;1.09829;1.09783;1.09787;474;0
2025.04.10 07:50;1.09787;1.09851;1.09787;1.09829;440;0
2025.04.10 08:00;1.09829;1.09849;1.09808;1.09830;514;0
2025.04.10 08:10;1.09829;1.09835;1.09778;1.09824;403;0
2025.04.10 08:20;1.09824;1.09912;1.09800;1.09909;536;0
2025.04.10 08:30;1.09910;1.09957;1.09901;1.09926;583;0
2025.04.10 08:40;1.09924;1.09926;1.09794;1.09815;668;0
2025.04.10 08:50;1.09814;1.09868;1.09786;1.09855;760;0
2025.04.10 09:00;1.09854;1.09889;1.09769;1.09784;950;1
2025.04.10 09:10;1.09784;1.09785;1.09696;1.09752;844;0
2025.04.10 09:20;1.09753;1.09824;1.09748;1.09803;770;0
2025.04.10 09:30;1.09803;1.09842;1.09640;1.09669;893;0
2025.04.10 09:40;1.09667;1.09785;1.09638;1.09732;991;1
2025.04.10 09:50;1.09733;1.09839;1.09629;1.09833;1127;0
2025.04.10 10:00;1.09830;1.09888;1.09674;1.09757;1332;1
2025.04.10 10:10;1.09758;1.09968;1.09722;1.09945;1109;1
2025.04.10 10:20;1.09946;1.09959;1.09786;1.09833;1064;0
2025.04.10 10:30;1.09831;1.10102;1.09782;1.10067;1332;0
2025.04.10 10:40;1.10067;1.10176;1.10064;1.10119;1114;0
2025.04.10 10:50;1.10118;1.10308;1.10118;1.10264;1059;0
2025.04.10 11:00;1.10264;1.10299;1.10203;1.10212;1131;0
2025.04.10 11:10;1.10211;1.10274;1.10162;1.10244;966;0
2025.04.10 11:20;1.10247;1.10372;1.10221;1.10336;870;0
2025.04.10 11:30;1.10335;1.10479;1.10248;1.10432;1190;0
2025.04.10 11:40;1.10432;1.10476;1.10265;1.10459;972;0
2025.04.10 11:50;1.10458;1.10479;1.10347;1.10376;962;0
2025.04.10 12:00;1.10375;1.10474;1.10336;1.10407;1007;0
2025.04.10 12:10;1.10408;1.10489;1.10364;1.10481;945;0
2025.04.10 12:20;1.10480;1.10489;1.10398;1.10435;853;0
2025.04.10 12:30;1.10434;1.10466;1.10378;1.10414;752;0
2025.04.10 12:40;1.10415;1.10487;1.10410;1.10448;869;0
2025.04.10 12:50;1.10449;1.10598;1.10438;1.10593;796;0
2025.04.10 13:00;1.10594;1.10697;1.10586;1.10610;988;1
2025.04.10 13:10;1.10611;1.10713;1.10590;1.10646;784;0
2025.04.10 13:20;1.10645;1.10701;1.10553;1.10553;928;0
2025.04.10 13:30;1.10553;1.10793;1.10548;1.10781;1051;0
2025.04.10 13:40;1.10781;1.10810;1.10629;1.10638;903;0
2025.04.10 13:50;1.10635;1.10796;1.10605;1.10796;785;0
2025.04.10 14:00;1.10795;1.10884;1.10775;1.10832;914;0
2025.04.10 14:10;1.10832;1.10880;1.10723;1.10733;864;0
2025.04.10 14:20;1.10734;1.10793;1.10706;1.10746;903;0
2025.04.10 14:30;1.10748;1.10837;1.10730;1.10745;886;0
2025.04.10 14:40;1.10744;1.10776;1.10683;1.10723;913;0
2025.04.10 14:50;1.10723;1.10748;1.10672;1.10703;894;0
2025.04.10 15:00;1.10703;1.10834;1.10680;1.10822;969;0
2025.04.10 15:10;1.10822;1.10990;1.10794;1.10982;963;0
2025.04.10 15:20;1.10981;1.11067;1.10933;1.10993;974;0
2025.04.10 15:30;1.10988;1.11316;1.10987;1.11256;1735;0
2025.04.10 15:40;1.11254;1.11254;1.11050;1.11134;1478;0
2025.04.10 15:50;1.11132;1.11198;1.10962;1.10972;1240;0
2025.04.10 16:00;1.10973;1.11089;1.10908;1.11089;1207;0
2025.04.10 16:10;1.11091;1.11204;1.11016;1.11194;1058;0
2025.04.10 16:20;1.11196;1.11223;1.11161;1.11176;947;0
2025.04.10 16:30;1.11178;1.11200;1.11106;1.11188;1205;0
2025.04.10 16:40;1.11188;1.11295;1.11165;1.11291;1060;0
2025.04.10 16:50;1.11290;1.11344;1.11258;1.11269;1105;0
2025.04.10 17:00;1.11270;1.11381;1.11243;1.11336;1211;0
2025.04.10 17:10;1.11334;1.11392;1.11279;1.11376;1106;0
2025.04.10 17:20;1.11376;1.11436;1.11248;1.11355;1053;0
2025.04.10 17:30;1.11356;1.11488;1.11314;1.11469;1164;0
2025.04.10 17:40;1.11468;1.11486;1.11362;1.11444;1099;0
2025.04.10 17:50;1.11446;1.11862;1.11418;1.11855;1424;0
2025.04.10 18:00;1.11843;1.11843;1.11611;1.11626;1414;0
2025.04.10 18:10;1.11622;1.11700;1.11537;1.11695;1231;0
2025.04.10 18:20;1.11695;1.11889;1.11665;1.11889;1194;0
2025.04.10 18:30;1.11892;1.12076;1.11836;1.12067;1202;0
2025.04.10 18:40;1.12069;1.12289;1.11978;1.12199;1689;0
2025.04.10 18:50;1.12196;1.12207;1.11892;1.11901;1498;0
2025.04.10 19:00;1.11907;1.11953;1.11780;1.11786;1333;1
2025.04.10 19:10;1.11792;1.11986;1.11777;1.11984;1262;0
2025.04.10 19:20;1.11984;1.12100;1.11923;1.11948;1191;0
2025.04.10 19:30;1.11950;1.11972;1.11779;1.11900;1112;0
2025.04.10 19:40;1.11902;1.11972;1.11846;1.11942;1149;0
2025.04.10 19:50;1.11942;1.12037;1.11916;1.11968;1108;0
2025.04.10 20:00;1.11967;1.11967;1.11743;1.11752;1325;0
2025.04.10 20:10;1.11753;1.11907;1.11753;1.11854;1155;0
2025.04.10 20:20;1.11855;1.11903;1.11752;1.11789;1088;0
2025.04.10 20:30;1.11788;1.11997;1.11775;1.11979;953;0
2025.04.10 20:40;1.11978;1.12108;1.11978;1.12039;1014;0
2025.04.10 20:50;1.12038;1.12100;1.11989;1.12100;929;0
2025.04.10 21:00;1.12100;1.12165;1.12013;1.12117;1057;0
2025.04.10 21:10;1.12120;1.12289;1.12120;1.12276;983;0
2025.04.10 21:20;1.12276;1.12394;1.12217;1.12371;900;0
2025.04.10 21:30;1.12372;1.12413;1.12346;1.12409;857;0
2025.04.10 21:40;1.12408;1.12413;1.12239;1.12257;820;0
2025.04.10 21:50;1.12252;1.12311;1.12089;1.12154;988;0
2025.04.10 22:00;1.12154;1.12198;1.11892;1.11914;875;0
2025.04.10 22:10;1.11914;1.11973;1.11723;1.11758;990;0
2025.04.10 22:20;1.11756;1.11760;1.11589;1.11613;946;0
2025.04.10 22:30;1.11613;1.11720;1.11613;1.11670;821;0
2025.04.10 22:40;1.11670;1.11818;1.11621;1.11742;974;0
2025.04.10 22:50;1.11742;1.12083;1.11742;1.12073;925;0
2025.04.10 23:00;1.12072;1.12072;1.11920;1.11990;742;0
2025.04.10 23:10;1.11990;1.12014;1.11929;1.11939;426;0
2025.04.10 23:20;1.11938;1.11951;1.11829;1.11848;369;1
2025.04.10 23:30;1.11850;1.11902;1.11819;1.11820;359;0
2025.04.10 23:40;1.11818;1.11931;1.11810;1.11931;375;5
2025.04.10 23:50;1.11930;1.12033;1.11930;1.12016;504;5
2025.04.11 00:00;1.11929;1.11954;1.11878;1.11908;54;122
2025.04.11 00:10;1.11908;1.11996;1.11886;1.11987;122;24
2025.04.11 00:20;1.11987;1.11987;1.11869;1.11886;120;24
2025.04.11 00:30;1.11888;1.11961;1.11879;1.11944;257;25
2025.04.11 00:40;1.11942;1.11959;1.11930;1.11949;107;25
2025.04.11 00:50;1.11948;1.11964;1.11904;1.11934;153;25
2025.04.11 01:00;1.11972;1.12124;1.11956;1.12122;499;0
2025.04.11 01:10;1.12123;1.12197;1.12116;1.12156;413;0
2025.04.11 01:20;1.12157;1.12224;1.12087;1.12087;552;0
2025.04.11 01:30;1.12084;1.12154;1.12060;1.12150;559;0
2025.04.11 01:40;1.12157;1.12275;1.12148;1.12204;572;0
2025.04.11 01:50;1.12204;1.12352;1.12202;1.12351;620;0
2025.04.11 02:00;1.12351;1.12431;1.12155;1.12162;873;0
2025.04.11 02:10;1.12161;1.12232;1.12132;1.12172;664;0
2025.04.11 02:20;1.12170;1.12291;1.12147;1.12287;702;0
2025.04.11 02:30;1.12287;1.12419;1.12239;1.12372;1002;0
2025.04.11 02:40;1.12372;1.12450;1.12247;1.12375;1010;0
2025.04.11 02:50;1.12375;1.12627;1.12353;1.12578;1011;0
2025.04.11 03:00;1.12575;1.12688;1.12541;1.12629;1261;0
2025.04.11 03:10;1.12630;1.12679;1.12513;1.12597;1099;0
2025.04.11 03:20;1.12598;1.12815;1.12597;1.12757;1275;0
2025.04.11 03:30;1.12756;1.13822;1.12741;1.13473;1755;0
2025.04.11 03:40;1.13470;1.13657;1.13036;1.13071;1656;0
2025.04.11 03:50;1.13072;1.13218;1.12963;1.13102;1545;0
2025.04.11 04:00;1.13103;1.13107;1.12757;1.12820;1459;0
2025.04.11 04:10;1.12814;1.12941;1.12770;1.12859;1402;0
2025.04.11 04:20;1.12852;1.13154;1.12812;1.13120;1327;0
2025.04.11 04:30;1.13119;1.13167;1.12937;1.12966;1323;0
2025.04.11 04:40;1.12972;1.13228;1.12854;1.12902;1440;0
2025.04.11 04:50;1.12902;1.13084;1.12853;1.13058;1239;0
2025.04.11 05:00;1.13058;1.13225;1.13053;1.13187;1233;0
2025.04.11 05:10;1.13185;1.13228;1.13107;1.13212;1081;0
2025.04.11 05:20;1.13211;1.13225;1.13061;1.13097;1060;0
2025.04.11 05:30;1.13096;1.13125;1.12982;1.12995;954;0
2025.04.11 05:40;1.12999;1.13070;1.12953;1.12967;891;0
2025.04.11 05:50;1.12966;1.13076;1.12952;1.13026;1029;0
2025.04.11 06:00;1.13026;1.13153;1.13022;1.13080;838;0
2025.04.11 06:10;1.13080;1.13245;1.13076;1.13245;795;0
2025.04.11 06:20;1.13246;1.13316;1.13217;1.13296;721;0
2025.04.11 06:30;1.13295;1.13444;1.13282;1.13428;852;0
2025.04.11 06:40;1.13426;1.13529;1.13378;1.13448;953;0
2025.04.11 06:50;1.13455;1.13545;1.13377;1.13408;747;0
2025.04.11 07:00;1.13409;1.13412;1.13255;1.13267;731;0
2025.04.11 07:10;1.13267;1.13319;1.13172;1.13188;800;0
2025.04.11 07:20;1.13178;1.13188;1.13101;1.13151;657;0
2025.04.11 07:30;1.13151;1.13213;1.13121;1.13164;610;0
2025.04.11 07:40;1.13162;1.13232;1.13108;1.13225;558;0
2025.04.11 07:50;1.13225;1.13258;1.13197;1.13224;744;0
2025.04.11 08:00;1.13224;1.13235;1.12998;1.13004;929;0
2025.04.11 08:10;1.13004;1.13080;1.12999;1.13014;857;0
2025.04.11 08:20;1.13014;1.13055;1.12997;1.13005;691;0
2025.04.11 08:30;1.13001;1.13010;1.12793;1.12795;722;0
2025.04.11 08:40;1.12795;1.12824;1.12706;1.12775;933;0
2025.04.11 08:50;1.12775;1.12862;1.12763;1.12851;881;0
2025.04.11 09:00;1.12847;1.12901;1.12553;1.12574;1256;0
2025.04.11 09:10;1.12582;1.12699;1.12557;1.12583;1218;0
2025.04.11 09:20;1.12579;1.12707;1.12526;1.12610;1032;0
2025.04.11 09:30;1.12606;1.12691;1.12502;1.12530;1035;0
2025.04.11 09:40;1.12528;1.12749;1.12467;1.12703;1118;0
2025.04.11 09:50;1.12701;1.12879;1.12700;1.12874;1108;0
2025.04.11 10:00;1.12859;1.13406;1.12841;1.13239;1521;1
2025.04.11 10:10;1.13241;1.13380;1.13151;1.13181;1348;0
2025.04.11 10:20;1.13179;1.13542;1.13160;1.13424;1357;0
2025.04.11 10:30;1.13424;1.13633;1.13360;1.13577;1388;0
2025.04.11 10:40;1.13577;1.13577;1.13318;1.13467;1212;0
2025.04.11 10:50;1.13464;1.13685;1.13423;1.13644;1301;0
2025.04.11 11:00;1.13644;1.14174;1.13534;1.13538;1803;0
2025.04.11 11:10;1.13537;1.13851;1.13492;1.13790;1448;0
2025.04.11 11:20;1.13784;1.13915;1.13666;1.13824;1377;0
2025.04.11 11:30;1.13827;1.14243;1.13767;1.14036;1509;0
2025.04.11 11:40;1.14034;1.14486;1.14032;1.14443;1471;0
2025.04.11 11:50;1.14437;1.14733;1.14261;1.14272;1618;0
2025.04.11 12:00;1.14268;1.14269;1.13890;1.13959;1482;0
2025.04.11 12:10;1.13959;1.14216;1.13851;1.14121;1313;0
2025.04.11 12:20;1.14121;1.14185;1.13962;1.13964;1156;0
2025.04.11 12:30;1.13963;1.14100;1.13857;1.14095;1247;0
2025.04.11 12:40;1.14095;1.14162;1.14030;1.14122;1135;0
2025.04.11 12:50;1.14123;1.14168;1.13847;1.13856;1269;0
2025.04.11 13:00;1.13855;1.13855;1.13559;1.13756;1367;0
2025.04.11 13:10;1.13756;1.13834;1.13675;1.13828;1098;0
2025.04.11 13:20;1.13828;1.13842;1.13558;1.13609;1173;0
2025.04.11 13:30;1.13620;1.13683;1.13431;1.13470;1081;0
2025.04.11 13:40;1.13468;1.13485;1.13298;1.13371;1320;0
2025.04.11 13:50;1.13368;1.13460;1.13202;1.13369;1233;0
2025.04.11 14:00;1.13369;1.13601;1.13323;1.13585;1141;1
2025.04.11 14:10;1.13585;1.13601;1.13238;1.13393;1014;1
2025.04.11 14:20;1.13395;1.13716;1.13395;1.13616;1045;1
2025.04.11 14:30;1.13616;1.13657;1.13442;1.13442;961;1
2025.04.11 14:40;1.13443;1.13506;1.13298;1.13412;1007;0
2025.04.11 14:50;1.13411;1.13526;1.13242;1.13289;1214;0
2025.04.11 15:00;1.13283;1.13526;1.13247;1.13449;1235;0
2025.04.11 15:10;1.13458;1.13708;1.13421;1.13600;1175;0
2025.04.11 15:20;1.13600;1.13600;1.13416;1.13442;1146;0
2025.04.11 15:30;1.13446;1.13656;1.13389;1.13527;1525;1
2025.04.11 15:40;1.13532;1.13759;1.13460;1.13753;1282;0
2025.04.11 15:50;1.13750;1.13990;1.13735;1.13955;1390;0
2025.04.11 16:00;1.13955;1.14068;1.13840;1.14051;1323;0
2025.04.11 16:10;1.14052;1.14123;1.13996;1.14099;1296;0
2025.04.11 16:20;1.14101;1.14122;1.13901;1.13982;1246;0
2025.04.11 16:30;1.13990;1.14062;1.13248;1.13441;1545;0
2025.04.11 16:40;1.13441;1.13836;1.13242;1.13345;1860;1
2025.04.11 16:50;1.13345;1.13636;1.13279;1.13588;1725;1
2025.04.11 17:00;1.13595;1.13777;1.13495;1.13710;1810;0
2025.04.11 17:10;1.13710;1.13819;1.13636;1.13750;1568;0
2025.04.11 17:20;1.13750;1.13811;1.13661;1.13726;1586;0
2025.04.11 17:30;1.13725;1.13757;1.13426;1.13549;1450;0
2025.04.11 17:40;1.13550;1.13683;1.13406;1.13420;1382;0
2025.04.11 17:50;1.13423;1.13455;1.13274;1.13399;1619;0
2025.04.11 18:00;1.13400;1.13447;1.13258;1.13276;1552;0
2025.04.11 18:10;1.13280;1.13335;1.13122;1.13253;1332;0
2025.04.11 18:20;1.13251;1.13381;1.13157;1.13305;1164;0
2025.04.11 18:30;1.13304;1.13501;1.13287;1.13316;995;0
2025.04.11 18:40;1.13317;1.13454;1.13272;1.13407;909;0
2025.04.11 18:50;1.13407;1.13500;1.13231;1.13252;1042;0
2025.04.11 19:00;1.13249;1.13270;1.13107;1.13126;1088;0
2025.04.11 19:10;1.13131;1.13236;1.12929;1.12930;963;0
2025.04.11 19:20;1.12928;1.12939;1.12766;1.12900;1178;0
2025.04.11 19:30;1.12899;1.12948;1.12789;1.12900;1015;0
2025.04.11 19:40;1.12899;1.13045;1.12880;1.13010;810;0
2025.04.11 19:50;1.13009;1.13069;1.12973;1.13059;797;1
2025.04.11 20:00;1.13057;1.13162;1.13025;1.13155;797;0
2025.04.11 20:10;1.13156;1.13175;1.13101;1.13108;603;0
2025.04.11 20:20;1.13105;1.13143;1.13058;1.13113;623;0
2025.04.11 20:30;1.13112;1.13262;1.13037;1.13259;855;0
2025.04.11 20:40;1.13261;1.13271;1.13041;1.13054;1141;1
2025.04.11 20:50;1.13058;1.13146;1.12826;1.12854;958;1
2025.04.11 21:00;1.12856;1.13009;1.12845;1.12965;866;0
2025.04.11 21:10;1.12966;1.13049;1.12930;1.13048;732;0
2025.04.11 21:20;1.13046;1.13144;1.13022;1.13107;785;0
2025.04.11 21:30;1.13106;1.13214;1.13036;1.13059;756;0
2025.04.11 21:40;1.13059;1.13125;1.12970;1.13124;724;0
2025.04.11 21:50;1.13124;1.13156;1.13033;1.13125;758;0
2025.04.11 22:00;1.13125;1.13262;1.13091;1.13243;671;0
2025.04.11 22:10;1.13247;1.13316;1.13172;1.13299;561;0
2025.04.11 22:20;1.13300;1.13369;1.13273;1.13346;627;0
2025.04.11 22:30;1.13345;1.13415;1.13285;1.13344;506;0
2025.04.11 22:40;1.13341;1.13385;1.13331;1.13368;432;0
2025.04.11 22:50;1.13367;1.13437;1.13321;1.13417;640;1
2025.04.11 23:00;1.13417;1.13458;1.13371;1.13456;368;0
2025.04.11 23:10;1.13459;1.13492;1.13452;1.13469;240;0
2025.04.11 23:20;1.13464;1.13504;1.13464;1.13490;336;0
2025.04.11 23:30;1.13489;1.13529;1.13423;1.13476;282;0
2025.04.11 23:40;1.13470;1.13528;1.13437;1.13504;363;10
2025.04.11 23:50;1.13504;1.13520;1.13476;1.13503;153;8
2025.04.14 00:00;1.13114;1.13167;1.13114;1.13130;52;122
2025.04.14 00:10;1.13130;1.13176;1.13122;1.13147;148;62
2025.04.14 00:20;1.13149;1.13162;1.13141;1.13162;41;43
2025.04.14 00:30;1.13172;1.13183;1.13171;1.13179;83;25
2025.04.14 00:40;1.13179;1.13191;1.13172;1.13179;104;25
2025.04.14 00:50;1.13179;1.13200;1.13177;1.13189;79;25
2025.04.14 01:00;1.13186;1.13325;1.13172;1.13278;778;0
2025.04.14 01:10;1.13278;1.13438;1.13234;1.13407;623;0
2025.04.14 01:20;1.13406;1.13446;1.13378;1.13439;748;0
2025.04.14 01:30;1.13438;1.13553;1.13407;1.13426;777;0
2025.04.14 01:40;1.13428;1.13497;1.13397;1.13441;831;0
2025.04.14 01:50;1.13442;1.13486;1.13303;1.13345;662;0
2025.04.14 02:00;1.13346;1.13418;1.13295;1.13379;733;0
2025.04.14 02:10;1.13379;1.13442;1.13331;1.13380;607;0
2025.04.14 02:20;1.13378;1.13391;1.13241;1.13290;480;0
2025.04.14 02:30;1.13289;1.13371;1.13289;1.13346;604;0
2025.04.14 02:40;1.13346;1.13490;1.13336;1.13458;650;0
2025.04.14 02:50;1.13459;1.13472;1.13391;1.13422;596;0
2025.04.14 03:00;1.13423;1.13622;1.13409;1.13609;1046;0
2025.04.14 03:10;1.13609;1.13708;1.13598;1.13637;802;0
2025.04.14 03:20;1.13637;1.13655;1.13496;1.13587;827;0
2025.04.14 03:30;1.13583;1.13695;1.13578;1.13659;728;0
2025.04.14 03:40;1.13658;1.13663;1.13556;1.13567;572;0
2025.04.14 03:50;1.13567;1.13702;1.13505;1.13654;939;0
2025.04.14 04:00;1.13655;1.13760;1.13644;1.13729;845;0
2025.04.14 04:10;1.13729;1.13858;1.13729;1.13769;928;0
2025.04.14 04:20;1.13767;1.13962;1.13765;1.13918;785;0
2025.04.14 04:30;1.13916;1.14091;1.13833;1.14085;814;0
2025.04.14 04:40;1.14085;1.14090;1.13874;1.14014;1068;0
2025.04.14 04:50;1.14015;1.14015;1.13814;1.13857;782;0
2025.04.14 05:00;1.13857;1.14003;1.13823;1.13985;772;0
2025.04.14 05:10;1.13984;1.14014;1.13884;1.13902;647;0
2025.04.14 05:20;1.13902;1.13964;1.13812;1.13896;699;0
2025.04.14 05:30;1.13897;1.13900;1.13750;1.13755;560;0
2025.04.14 05:40;1.13753;1.13838;1.13745;1.13832;597;0
2025.04.14 05:50;1.13832;1.13842;1.13708;1.13719;682;0
2025.04.14 06:00;1.13719;1.13837;1.13708;1.13808;706;0
2025.04.14 06:10;1.13802;1.13807;1.13670;1.13702;683;0
2025.04.14 06:20;1.13702;1.13711;1.13636;1.13675;650;0
2025.04.14 06:30;1.13673;1.13702;1.13590;1.13591;633;0
2025.04.14 06:40;1.13592;1.13680;1.13581;1.13679;489;0
2025.04.14 06:50;1.13679;1.13721;1.13646;1.13717;432;0
2025.04.14 07:00;1.13729;1.13733;1.13667;1.13677;403;0
2025.04.14 07:10;1.13678;1.13814;1.13666;1.13810;613;0
2025.04.14 07:20;1.13812;1.13849;1.13739;1.13769;560;0
2025.04.14 07:30;1.13772;1.13813;1.13741;1.13786;369;0
2025.04.14 07:40;1.13784;1.13784;1.13701;1.13703;349;0
2025.04.14 07:50;1.13705;1.13707;1.13656;1.13678;389;0
2025.04.14 08:00;1.13678;1.13732;1.13551;1.13555;568;0
2025.04.14 08:10;1.13554;1.13649;1.13529;1.13648;518;0
2025.04.14 08:20;1.13647;1.13780;1.13647;1.13775;497;0
2025.04.14 08:30;1.13775;1.13826;1.13750;1.13806;585;0
2025.04.14 08:40;1.13790;1.13826;1.13669;1.13768;667;0
2025.04.14 08:50;1.13768;1.13880;1.13768;1.13853;615;0
2025.04.14 09:00;1.13854;1.14020;1.13765;1.13940;1093;0
2025.04.14 09:10;1.13942;1.14029;1.13896;1.13969;991;0
2025.04.14 09:20;1.13969;1.14079;1.13938;1.13992;956;0
2025.04.14 09:30;1.13993;1.14185;1.13917;1.14159;986;0
2025.04.14 09:40;1.14160;1.14191;1.14027;1.14101;923;0
2025.04.14 09:50;1.14102;1.14239;1.14089;1.14166;947;0
2025.04.14 10:00;1.14170;1.14246;1.14131;1.14193;1065;0
2025.04.14 10:10;1.14193;1.14193;1.14031;1.14046;1039;0
2025.04.14 10:20;1.14046;1.14061;1.13949;1.13992;1015;0
2025.04.14 10:30;1.13991;1.14006;1.13883;1.13971;968;0
2025.04.14 10:40;1.13970;1.14048;1.13842;1.13872;922;0
2025.04.14 10:50;1.13872;1.13936;1.13836;1.13898;1028;0
2025.04.14 11:00;1.13898;1.13939;1.13844;1.13923;1030;0
2025.04.14 11:10;1.13923;1.14057;1.13923;1.14057;966;0
2025.04.14 11:20;1.14057;1.14100;1.14008;1.14010;859;0
2025.04.14 11:30;1.14010;1.14027;1.13854;1.13861;960;0
2025.04.14 11:40;1.13858;1.13858;1.13786;1.13818;818;0
2025.04.14 11:50;1.13819;1.13988;1.13819;1.13875;867;0
2025.04.14 12:00;1.13876;1.14044;1.13872;1.14036;807;0
2025.04.14 12:10;1.14040;1.14069;1.14008;1.14048;812;0
2025.04.14 12:20;1.14048;1.14076;1.13931;1.13933;852;0
2025.04.14 12:30;1.13931;1.13989;1.13919;1.13944;798;0
2025.04.14 12:40;1.13947;1.14010;1.13882;1.13961;876;0
2025.04.14 12:50;1.13962;1.13992;1.13866;1.13868;840;0
2025.04.14 13:00;1.13866;1.13882;1.13785;1.13785;770;0
2025.04.14 13:10;1.13785;1.13802;1.13715;1.13733;834;0
2025.04.14 13:20;1.13734;1.13844;1.13730;1.13832;688;0
2025.04.14 13:30;1.13831;1.13921;1.13825;1.13851;651;0
2025.04.14 13:40;1.13851;1.13871;1.13828;1.13864;633;0
2025.04.14 13:50;1.13864;1.13879;1.13831;1.13873;668;0
2025.04.14 14:00;1.13874;1.13877;1.13805;1.13867;584;0
2025.04.14 14:10;1.13866;1.13886;1.13830;1.13880;444;0
2025.04.14 14:20;1.13880;1.13935;1.13879;1.13899;514;0
2025.04.14 14:30;1.13900;1.13986;1.13896;1.13961;448;0
2025.04.14 14:40;1.13959;1.14059;1.13940;1.14033;598;0
2025.04.14 14:50;1.14033;1.14055;1.13725;1.13840;925;2
2025.04.14 15:00;1.13845;1.13884;1.13757;1.13764;946;1
2025.04.14 15:10;1.13764;1.13789;1.13630;1.13698;838;1
2025.04.14 15:20;1.13693;1.13716;1.13535;1.13543;872;0
2025.04.14 15:30;1.13553;1.13722;1.13551;1.13664;825;0
2025.04.14 15:40;1.13665;1.13731;1.13586;1.13624;839;0
2025.04.14 15:50;1.13625;1.13687;1.13345;1.13387;1084;0
2025.04.14 16:00;1.13385;1.13413;1.13030;1.13030;1187;2
2025.04.14 16:10;1.13028;1.13242;1.12959;1.13142;1180;1
2025.04.14 16:20;1.13142;1.13156;1.12981;1.13065;1225;1
2025.04.14 16:30;1.13066;1.13206;1.13051;1.13204;1252;1
2025.04.14 16:40;1.13205;1.13351;1.13174;1.13283;1096;0
2025.04.14 16:50;1.13285;1.13298;1.13213;1.13274;820;0
2025.04.14 17:00;1.13273;1.13337;1.13198;1.13284;904;0
2025.04.14 17:10;1.13285;1.13444;1.13268;1.13395;853;0
2025.04.14 17:20;1.13398;1.13498;1.13376;1.13488;779;0
2025.04.14 17:30;1.13491;1.13666;1.13489;1.13601;890;0
2025.04.14 17:40;1.13602;1.13630;1.13475;1.13555;830;0
2025.04.14 17:50;1.13555;1.13680;1.13551;1.13676;1124;0
2025.04.14 18:00;1.13675;1.13772;1.13624;1.13707;1124;1
2025.04.14 18:10;1.13707;1.13725;1.13594;1.13608;788;0
2025.04.14 18:20;1.13609;1.13740;1.13528;1.13717;784;0
2025.04.14 18:30;1.13717;1.13741;1.13653;1.13676;801;0
2025.04.14 18:40;1.13664;1.13818;1.13640;1.13769;957;0
2025.04.14 18:50;1.13770;1.13776;1.13567;1.13572;1058;0
2025.04.14 19:00;1.13573;1.13674;1.13544;1.13654;797;1
2025.04.14 19:10;1.13654;1.13705;1.13553;1.13568;848;0
2025.04.14 19:20;1.13569;1.13606;1.13436;1.13565;882;0
2025.04.14 19:30;1.13566;1.13670;1.13522;1.13648;645;0
2025.04.14 19:40;1.13647;1.13658;1.13478;1.13505;605;0
2025.04.14 19:50;1.13505;1.13547;1.13301;1.13306;805;0
2025.04.14 20:00;1.13307;1.13455;1.13304;1.13404;891;0
2025.04.14 20:10;1.13405;1.13459;1.13369;1.13416;550;0
2025.04.14 20:20;1.13416;1.13478;1.13396;1.13418;441;0
2025.04.14 20:30;1.13418;1.13468;1.13380;1.13444;570;0
2025.04.14 20:40;1.13444;1.13446;1.13290;1.13298;614;0
2025.04.14 20:50;1.13299;1.13392;1.13284;1.13385;515;0
2025.04.14 21:00;1.13386;1.13520;1.13380;1.13446;608;0
2025.04.14 21:10;1.13448;1.13465;1.13383;1.13459;530;0
2025.04.14 21:20;1.13459;1.13507;1.13412;1.13480;435;0
2025.04.14 21:30;1.13480;1.13493;1.13445;1.13469;542;0
2025.04.14 21:40;1.13469;1.13499;1.13437;1.13461;504;0
2025.04.14 21:50;1.13461;1.13572;1.13429;1.13546;562;0
2025.04.14 22:00;1.13543;1.13565;1.13501;1.13551;442;0
2025.04.14 22:10;1.13549;1.13660;1.13549;1.13655;381;0
2025.04.14 22:20;1.13655;1.13676;1.13597;1.13668;387;0
2025.04.14 22:30;1.13668;1.13687;1.13616;1.13665;382;0
2025.04.14 22:40;1.13665;1.13697;1.13622;1.13674;278;0
2025.04.14 22:50;1.13675;1.13679;1.13513;1.13547;518;0
2025.04.14 23:00;1.13548;1.13564;1.13461;1.13537;444;0
2025.04.14 23:10;1.13536;1.13586;1.13525;1.13537;220;0
2025.04.14 23:20;1.13537;1.13539;1.13466;1.13497;295;0
2025.04.14 23:30;1.13497;1.13500;1.13432;1.13484;300;0
2025.04.14 23:40;1.13484;1.13539;1.13480;1.13533;280;0
2025.04.14 23:50;1.13532;1.13546;1.13467;1.13491;245;5
2025.04.15 00:00;1.13491;1.13491;1.13418;1.13418;30;29
2025.04.15 00:10;1.13418;1.13474;1.13415;1.13438;96;64
2025.04.15 00:20;1.13437;1.13480;1.13428;1.13443;158;74
2025.04.15 00:30;1.13443;1.13558;1.13443;1.13556;231;25
2025.04.15 00:40;1.13555;1.13558;1.13523;1.13525;70;25
2025.04.15 00:50;1.13525;1.13539;1.13522;1.13535;77;25
2025.04.15 01:00;1.13542;1.13614;1.13481;1.13500;384;0
2025.04.15 01:10;1.13501;1.13502;1.13452;1.13488;247;0
2025.04.15 01:20;1.13488;1.13527;1.13471;1.13527;302;0
2025.04.15 01:30;1.13526;1.13580;1.13526;1.13554;260;0
2025.04.15 01:40;1.13553;1.13564;1.13502;1.13506;287;0
2025.04.15 01:50;1.13506;1.13542;1.13505;1.13538;260;0
2025.04.15 02:00;1.13537;1.13539;1.13432;1.13443;317;0
2025.04.15 02:10;1.13443;1.13448;1.13403;1.13429;365;0
2025.04.15 02:20;1.13429;1.13449;1.13405;1.13430;277;0
2025.04.15 02:30;1.13429;1.13467;1.13387;1.13390;368;0
2025.04.15 02:40;1.13382;1.13415;1.13345;1.13360;396;0
2025.04.15 02:50;1.13354;1.13395;1.13336;1.13363;327;0
2025.04.15 03:00;1.13363;1.13390;1.13286;1.13328;731;0
2025.04.15 03:10;1.13326;1.13335;1.13290;1.13311;531;0
2025.04.15 03:20;1.13312;1.13325;1.13241;1.13261;540;0
2025.04.15 03:30;1.13261;1.13265;1.13170;1.13180;551;0
2025.04.15 03:40;1.13181;1.13251;1.13178;1.13238;522;0
2025.04.15 03:50;1.13237;1.13294;1.13213;1.13286;731;0
2025.04.15 04:00;1.13285;1.13318;1.13283;1.13290;636;0
2025.04.15 04:10;1.13290;1.13343;1.13282;1.13341;638;0
2025.04.15 04:20;1.13341;1.13350;1.13290;1.13291;499;0
2025.04.15 04:30;1.13291;1.13291;1.13160;1.13163;603;0
2025.04.15 04:40;1.13164;1.13225;1.13158;1.13221;482;0
2025.04.15 04:50;1.13222;1.13255;1.13219;1.13245;387;0
2025.04.15 05:00;1.13245;1.13315;1.13244;1.13292;449;0
2025.04.15 05:10;1.13292;1.13386;1.13292;1.13367;491;0
2025.04.15 05:20;1.13366;1.13399;1.13359;1.13397;385;0
2025.04.15 05:30;1.13398;1.13428;1.13384;1.13421;405;0
2025.04.15 05:40;1.13421;1.13497;1.13418;1.13473;550;0
2025.04.15 05:50;1.13471;1.13522;1.13462;1.13496;404;0
2025.04.15 06:00;1.13496;1.13532;1.13464;1.13504;400;0
2025.04.15 06:10;1.13504;1.13507;1.13467;1.13477;400;0
2025.04.15 06:20;1.13473;1.13498;1.13434;1.13494;442;0
2025.04.15 06:30;1.13497;1.13529;1.13490;1.13504;349;0
2025.04.15 06:40;1.13503;1.13527;1.13499;1.13520;293;0
2025.04.15 06:50;1.13520;1.13520;1.13470;1.13473;279;0
2025.04.15 07:00;1.13473;1.13479;1.13450;1.13469;288;0
2025.04.15 07:10;1.13469;1.13491;1.13447;1.13462;307;0
2025.04.15 07:20;1.13462;1.13569;1.13461;1.13537;470;0
2025.04.15 07:30;1.13539;1.13579;1.13510;1.13539;517;0
2025.04.15 07:40;1.13540;1.13617;1.13540;1.13606;546;0
2025.04.15 07:50;1.13606;1.13632;1.13550;1.13569;492;0
2025.04.15 08:00;1.13569;1.13591;1.13535;1.13560;446;0
2025.04.15 08:10;1.13561;1.13649;1.13554;1.13644;477;0
2025.04.15 08:20;1.13644;1.13680;1.13570;1.13571;519;0
2025.04.15 08:30;1.13571;1.13588;1.13547;1.13561;469;0
2025.04.15 08:40;1.13566;1.13573;1.13536;1.13552;510;0
2025.04.15 08:50;1.13551;1.13575;1.13488;1.13505;536;0
2025.04.15 09:00;1.13507;1.13632;1.13442;1.13613;716;0
2025.04.15 09:10;1.13612;1.13644;1.13479;1.13495;607;0
2025.04.15 09:20;1.13492;1.13510;1.13401;1.13435;678;0
2025.04.15 09:30;1.13435;1.13510;1.13421;1.13421;709;0
2025.04.15 09:40;1.13421;1.13426;1.13277;1.13387;763;0
2025.04.15 09:50;1.13386;1.13444;1.13289;1.13322;923;0
2025.04.15 10:00;1.13321;1.13345;1.13206;1.13342;1083;0
2025.04.15 10:10;1.13343;1.13475;1.13335;1.13469;779;0
2025.04.15 10:20;1.13468;1.13482;1.13315;1.13333;702;0
2025.04.15 10:30;1.13334;1.13399;1.13281;1.13389;717;0
2025.04.15 10:40;1.13388;1.13496;1.13380;1.13465;658;0
2025.04.15 10:50;1.13465;1.13599;1.13458;1.13574;694;0
2025.04.15 11:00;1.13573;1.13790;1.13563;1.13650;1040;0
2025.04.15 11:10;1.13649;1.13719;1.13549;1.13652;798;0
2025.04.15 11:20;1.13651;1.13658;1.13517;1.13551;773;0
2025.04.15 11:30;1.13551;1.13611;1.13531;1.13566;780;0
2025.04.15 11:40;1.13566;1.13569;1.13456;1.13491;706;0
2025.04.15 11:50;1.13491;1.13512;1.13438;1.13469;594;0
2025.04.15 12:00;1.13468;1.13560;1.13435;1.13471;713;0
2025.04.15 12:10;1.13471;1.13474;1.13330;1.13434;706;0
2025.04.15 12:20;1.13434;1.13488;1.13364;1.13485;575;0
2025.04.15 12:30;1.13484;1.13519;1.13426;1.13491;582;0
2025.04.15 12:40;1.13492;1.13512;1.13349;1.13385;626;0
2025.04.15 12:50;1.13384;1.13463;1.13380;1.13388;595;0
2025.04.15 13:00;1.13387;1.13431;1.13344;1.13423;520;0
2025.04.15 13:10;1.13424;1.13450;1.13397;1.13428;465;0
2025.04.15 13:20;1.13428;1.13453;1.13337;1.13453;521;0
2025.04.15 13:30;1.13454;1.13493;1.13323;1.13324;590;0
2025.04.15 13:40;1.13330;1.13426;1.13330;1.13401;516;0
2025.04.15 13:50;1.13399;1.13448;1.13380;1.13445;490;0
2025.04.15 14:00;1.13441;1.13443;1.13334;1.13353;552;1
2025.04.15 14:10;1.13351;1.13377;1.13296;1.13355;513;0
2025.04.15 14:20;1.13354;1.13354;1.13216;1.13227;711;1
2025.04.15 14:30;1.13224;1.13248;1.13161;1.13168;657;1
2025.04.15 14:40;1.13167;1.13229;1.13140;1.13193;625;0
2025.04.15 14:50;1.13193;1.13269;1.13160;1.13266;749;0
2025.04.15 15:00;1.13268;1.13318;1.13241;1.13244;719;0
2025.04.15 15:10;1.13240;1.13415;1.13233;1.13384;700;1
2025.04.15 15:20;1.13385;1.13396;1.13291;1.13348;814;0
2025.04.15 15:30;1.13347;1.13377;1.13228;1.13241;972;1
2025.04.15 15:40;1.13241;1.13366;1.13212;1.13346;844;1
2025.04.15 15:50;1.13347;1.13369;1.13087;1.13129;1222;1
2025.04.15 16:00;1.13127;1.13284;1.13095;1.13218;1008;0
2025.04.15 16:10;1.13220;1.13220;1.13090;1.13100;739;0
2025.04.15 16:20;1.13099;1.13187;1.13053;1.13109;728;0
2025.04.15 16:30;1.13112;1.13236;1.13075;1.13175;949;0
2025.04.15 16:40;1.13171;1.13286;1.13105;1.13255;906;0
2025.04.15 16:50;1.13254;1.13260;1.13105;1.13177;882;0
2025.04.15 17:00;1.13176;1.13199;1.12987;1.12994;1010;0
2025.04.15 17:10;1.12993;1.13000;1.12854;1.12882;1197;1
2025.04.15 17:20;1.12882;1.13138;1.12874;1.13105;1313;1
2025.04.15 17:30;1.13113;1.13253;1.13089;1.13176;1017;0
2025.04.15 17:40;1.13175;1.13258;1.13094;1.13244;1066;0
2025.04.15 17:50;1.13245;1.13296;1.13205;1.13290;1055;0
2025.04.15 18:00;1.13289;1.13290;1.13136;1.13154;893;0
2025.04.15 18:10;1.13150;1.13191;1.13097;1.13127;747;0
2025.04.15 18:20;1.13125;1.13164;1.13065;1.13090;650;0
2025.04.15 18:30;1.13093;1.13096;1.13007;1.13014;687;0
2025.04.15 18:40;1.13013;1.13050;1.12909;1.12967;786;0
2025.04.15 18:50;1.12969;1.12974;1.12822;1.12887;847;1
2025.04.15 19:00;1.12887;1.12921;1.12803;1.12833;719;0
2025.04.15 19:10;1.12833;1.12850;1.12753;1.12762;660;0
2025.04.15 19:20;1.12763;1.12802;1.12730;1.12778;584;0
2025.04.15 19:30;1.12779;1.12794;1.12678;1.12682;607;0
2025.04.15 19:40;1.12682;1.12727;1.12641;1.12707;610;0
2025.04.15 19:50;1.12706;1.12794;1.12704;1.12744;533;0
2025.04.15 20:00;1.12744;1.12744;1.12670;1.12730;569;0
2025.04.15 20:10;1.12731;1.12817;1.12704;1.12775;573;0
2025.04.15 20:20;1.12775;1.12818;1.12750;1.12805;491;0
2025.04.15 20:30;1.12804;1.12829;1.12758;1.12796;521;0
2025.04.15 20:40;1.12796;1.12810;1.12749;1.12768;342;0
2025.04.15 20:50;1.12768;1.12803;1.12710;1.12723;512;0
2025.04.15 21:00;1.12727;1.12727;1.12682;1.12701;544;0
2025.04.15 21:10;1.12700;1.12722;1.12681;1.12709;433;0
2025.04.15 21:20;1.12708;1.12765;1.12693;1.12751;453;0
2025.04.15 21:30;1.12751;1.12758;1.12663;1.12689;461;0
2025.04.15 21:40;1.12688;1.12725;1.12681;1.12696;403;0
2025.04.15 21:50;1.12695;1.12748;1.12695;1.12734;398;0
2025.04.15 22:00;1.12733;1.12805;1.12715;1.12788;377;0
2025.04.15 22:10;1.12789;1.12840;1.12787;1.12840;242;0
2025.04.15 22:20;1.12840;1.12874;1.12832;1.12854;326;0
2025.04.15 22:30;1.12854;1.12854;1.12798;1.12834;303;0
2025.04.15 22:40;1.12836;1.12876;1.12833;1.12838;262;0
2025.04.15 22:50;1.12838;1.12859;1.12805;1.12822;287;0
2025.04.15 23:00;1.12824;1.12862;1.12815;1.12824;331;0
2025.04.15 23:10;1.12823;1.12836;1.12807;1.12828;185;0
2025.04.15 23:20;1.12827;1.12881;1.12800;1.12875;227;0
2025.04.15 23:30;1.12875;1.12898;1.12854;1.12862;185;0
2025.04.15 23:40;1.12857;1.12858;1.12813;1.12818;169;5
2025.04.15 23:50;1.12819;1.12839;1.12796;1.12809;156;5
2025.04.16 00:00;1.12789;1.12801;1.12756;1.12798;70;41
2025.04.16 00:10;1.12799;1.12834;1.12795;1.12831;77;33
2025.04.16 00:20;1.12831;1.12850;1.12813;1.12813;116;24
2025.04.16 00:30;1.12813;1.12832;1.12810;1.12823;91;25
2025.04.16 00:40;1.12821;1.12835;1.12792;1.12835;122;25
2025.04.16 00:50;1.12831;1.12831;1.12791;1.12815;121;25
2025.04.16 01:00;1.12815;1.12942;1.12805;1.12934;327;0
2025.04.16 01:10;1.12934;1.12993;1.12933;1.12936;228;0
2025.04.16 01:20;1.12933;1.12963;1.12885;1.12933;323;0
2025.04.16 01:30;1.12933;1.12955;1.12915;1.12954;325;0
2025.04.16 01:40;1.12954;1.12965;1.12941;1.12955;324;0
2025.04.16 01:50;1.12955;1.12973;1.12931;1.12955;350;0
2025.04.16 02:00;1.12956;1.12958;1.12834;1.12863;477;0
2025.04.16 02:10;1.12863;1.12916;1.12853;1.12872;380;0
2025.04.16 02:20;1.12871;1.12936;1.12870;1.12910;274;0
2025.04.16 02:30;1.12904;1.12959;1.12900;1.12947;318;0
2025.04.16 02:40;1.12945;1.12987;1.12935;1.12978;372;0
2025.04.16 02:50;1.12979;1.12980;1.12915;1.12936;324;0
2025.04.16 03:00;1.12937;1.13023;1.12928;1.13023;708;0
2025.04.16 03:10;1.13022;1.13191;1.13004;1.13148;777;0
2025.04.16 03:20;1.13149;1.13172;1.13081;1.13122;617;0
2025.04.16 03:30;1.13122;1.13215;1.13122;1.13146;718;0
2025.04.16 03:40;1.13145;1.13158;1.13099;1.13123;573;0
2025.04.16 03:50;1.13124;1.13183;1.13109;1.13169;710;0
2025.04.16 04:00;1.13175;1.13238;1.13163;1.13214;578;0
2025.04.16 04:10;1.13214;1.13245;1.13200;1.13241;555;0
2025.04.16 04:20;1.13241;1.13280;1.13220;1.13223;475;0
2025.04.16 04:30;1.13224;1.13303;1.13191;1.13297;714;0
2025.04.16 04:40;1.13299;1.13308;1.13240;1.13243;631;0
2025.04.16 04:50;1.13243;1.13280;1.13215;1.13236;439;0
2025.04.16 05:00;1.13238;1.13308;1.13224;1.13252;608;0
2025.04.16 05:10;1.13252;1.13280;1.13178;1.13271;524;0
2025.04.16 05:20;1.13277;1.13305;1.13251;1.13277;542;0
2025.04.16 05:30;1.13276;1.13319;1.13269;1.13306;389;0
2025.04.16 05:40;1.13304;1.13316;1.13214;1.13248;433;0
2025.04.16 05:50;1.13245;1.13279;1.13245;1.13277;325;0
2025.04.16 06:00;1.13286;1.13311;1.13280;1.13301;373;0
2025.04.16 06:10;1.13302;1.13320;1.13285;1.13293;383;0
2025.04.16 06:20;1.13293;1.13359;1.13245;1.13347;514;0
2025.04.16 06:30;1.13347;1.13375;1.13327;1.13360;443;0
2025.04.16 06:40;1.13357;1.13406;1.13354;1.13394;406;0
2025.04.16 06:50;1.13392;1.13434;1.13392;1.13433;344;0
2025.04.16 07:00;1.13432;1.13449;1.13383;1.13390;580;0
2025.04.16 07:10;1.13389;1.13392;1.13341;1.13347;374;0
2025.04.16 07:20;1.13347;1.13383;1.13330;1.13361;351;0
2025.04.16 07:30;1.13360;1.13419;1.13329;1.13415;362;0
2025.04.16 07:40;1.13415;1.13475;1.13415;1.13464;419;0
2025.04.16 07:50;1.13463;1.13478;1.13436;1.13462;447;0
2025.04.16 08:00;1.13463;1.13487;1.13411;1.13484;627;0
2025.04.16 08:10;1.13485;1.13499;1.13447;1.13473;527;0
2025.04.16 08:20;1.13474;1.13486;1.13440;1.13483;620;0
2025.04.16 08:30;1.13483;1.13547;1.13448;1.13545;555;0
2025.04.16 08:40;1.13546;1.13565;1.13507;1.13512;528;0
2025.04.16 08:50;1.13512;1.13855;1.13512;1.13808;804;0
2025.04.16 09:00;1.13806;1.13808;1.13643;1.13660;940;0
2025.04.16 09:10;1.13658;1.13765;1.13632;1.13737;669;0
2025.04.16 09:20;1.13737;1.13751;1.13686;1.13749;574;0
2025.04.16 09:30;1.13749;1.13828;1.13691;1.13711;767;0
2025.04.16 09:40;1.13711;1.13729;1.13652;1.13685;585;0
2025.04.16 09:50;1.13675;1.13698;1.13606;1.13607;572;0
2025.04.16 10:00;1.13610;1.13761;1.13591;1.13734;788;0
2025.04.16 10:10;1.13732;1.13811;1.13655;1.13811;720;0
2025.04.16 10:20;1.13812;1.13915;1.13762;1.13901;794;0
2025.04.16 10:30;1.13906;1.13922;1.13793;1.13795;788;0
2025.04.16 10:40;1.13794;1.13857;1.13794;1.13823;669;0
2025.04.16 10:50;1.13823;1.13868;1.13792;1.13868;582;0
2025.04.16 11:00;1.13870;1.13880;1.13789;1.13800;776;0
2025.04.16 11:10;1.13791;1.13800;1.13704;1.13725;676;0
2025.04.16 11:20;1.13727;1.13772;1.13545;1.13681;954;0
2025.04.16 11:30;1.13698;1.13703;1.13496;1.13497;1420;0
2025.04.16 11:40;1.13497;1.13572;1.13384;1.13537;1251;0
2025.04.16 11:50;1.13539;1.13727;1.13509;1.13693;905;0
2025.04.16 12:00;1.13693;1.13777;1.13669;1.13672;791;0
2025.04.16 12:10;1.13669;1.13686;1.13591;1.13669;850;0
2025.04.16 12:20;1.13671;1.13750;1.13644;1.13671;772;0
2025.04.16 12:30;1.13672;1.13779;1.13621;1.13650;845;0
2025.04.16 12:40;1.13649;1.13654;1.13560;1.13583;830;0
2025.04.16 12:50;1.13581;1.13696;1.13565;1.13601;897;0
2025.04.16 13:00;1.13601;1.13618;1.13523;1.13605;728;0
2025.04.16 13:10;1.13606;1.13690;1.13562;1.13562;765;0
2025.04.16 13:20;1.13560;1.13696;1.13526;1.13644;737;0
2025.04.16 13:30;1.13645;1.13743;1.13632;1.13695;766;0
2025.04.16 13:40;1.13695;1.13709;1.13609;1.13645;744;0
2025.04.16 13:50;1.13645;1.13687;1.13581;1.13581;629;0
2025.04.16 14:00;1.13575;1.13681;1.13551;1.13616;704;1
2025.04.16 14:10;1.13615;1.13685;1.13574;1.13655;637;1
2025.04.16 14:20;1.13656;1.13739;1.13619;1.13695;611;0
2025.04.16 14:30;1.13694;1.13716;1.13613;1.13632;657;0
2025.04.16 14:40;1.13632;1.13646;1.13550;1.13558;664;0
2025.04.16 14:50;1.13558;1.13642;1.13550;1.13632;772;0
2025.04.16 15:00;1.13632;1.13655;1.13542;1.13552;729;0
2025.04.16 15:10;1.13552;1.13586;1.13499;1.13535;743;0
2025.04.16 15:20;1.13538;1.13641;1.13502;1.13536;687;0
2025.04.16 15:30;1.13538;1.13655;1.13415;1.13500;1191;0
2025.04.16 15:40;1.13502;1.13574;1.13440;1.13547;986;0
2025.04.16 15:50;1.13552;1.13577;1.13408;1.13516;1114;0
2025.04.16 16:00;1.13519;1.13624;1.13497;1.13601;984;0
2025.04.16 16:10;1.13599;1.13709;1.13584;1.13695;746;0
2025.04.16 16:20;1.13690;1.13739;1.13617;1.13685;841;0
2025.04.16 16:30;1.13681;1.13696;1.13588;1.13593;1111;0
2025.04.16 16:40;1.13592;1.13692;1.13584;1.13596;892;0
2025.04.16 16:50;1.13597;1.13692;1.13583;1.13669;1065;0
2025.04.16 17:00;1.13674;1.13827;1.13587;1.13660;1146;1
2025.04.16 17:10;1.13659;1.13727;1.13611;1.13634;997;0
2025.04.16 17:20;1.13636;1.13656;1.13540;1.13636;866;0
2025.04.16 17:30;1.13637;1.13666;1.13591;1.13663;792;0
2025.04.16 17:40;1.13667;1.13801;1.13614;1.13793;827;0
2025.04.16 17:50;1.13792;1.13842;1.13738;1.13839;1048;0
2025.04.16 18:00;1.13839;1.13866;1.13770;1.13773;964;0
2025.04.16 18:10;1.13779;1.13829;1.13698;1.13704;762;0
2025.04.16 18:20;1.13701;1.13724;1.13572;1.13604;853;0
2025.04.16 18:30;1.13610;1.13675;1.13603;1.13615;611;0
2025.04.16 18:40;1.13615;1.13782;1.13615;1.13778;624;0
2025.04.16 18:50;1.13781;1.13845;1.13778;1.13815;704;0
2025.04.16 19:00;1.13818;1.13861;1.13767;1.13832;714;1
2025.04.16 19:10;1.13831;1.13871;1.13735;1.13738;614;1
2025.04.16 19:20;1.13738;1.13757;1.13701;1.13721;564;0
2025.04.16 19:30;1.13724;1.13783;1.13716;1.13781;540;0
2025.04.16 19:40;1.13781;1.13803;1.13732;1.13766;523;0
2025.04.16 19:50;1.13767;1.13778;1.13720;1.13748;486;0
2025.04.16 20:00;1.13744;1.13751;1.13679;1.13730;567;0
2025.04.16 20:10;1.13730;1.13756;1.13637;1.13680;439;0
2025.04.16 20:20;1.13681;1.13724;1.13677;1.13711;374;0
2025.04.16 20:30;1.13711;1.13899;1.13591;1.13856;1027;1
2025.04.16 20:40;1.13855;1.13900;1.13773;1.13859;984;1
2025.04.16 20:50;1.13860;1.13870;1.13706;1.13752;873;0
2025.04.16 21:00;1.13754;1.13816;1.13715;1.13753;909;0
2025.04.16 21:10;1.13750;1.13781;1.13651;1.13729;731;0
2025.04.16 21:20;1.13730;1.13766;1.13689;1.13711;556;0
2025.04.16 21:30;1.13712;1.13822;1.13707;1.13821;590;0
2025.04.16 21:40;1.13820;1.13821;1.13746;1.13807;652;0
2025.04.16 21:50;1.13807;1.13885;1.13803;1.13864;598;0
2025.04.16 22:00;1.13859;1.13996;1.13848;1.13959;665;0
2025.04.16 22:10;1.13958;1.14013;1.13923;1.14008;611;0
2025.04.16 22:20;1.14008;1.14129;1.14003;1.14048;712;0
2025.04.16 22:30;1.14040;1.14046;1.13937;1.13966;740;0
2025.04.16 22:40;1.13966;1.13990;1.13912;1.13929;475;0
2025.04.16 22:50;1.13932;1.13932;1.13863;1.13865;505;0
2025.04.16 23:00;1.13866;1.13880;1.13816;1.13827;399;0
2025.04.16 23:10;1.13827;1.13896;1.13827;1.13865;403;0
2025.04.16 23:20;1.13865;1.13902;1.13850;1.13902;275;0
2025.04.16 23:30;1.13900;1.13953;1.13870;1.13953;355;0
2025.04.16 23:40;1.13951;1.13962;1.13914;1.13951;283;5
2025.04.16 23:50;1.13949;1.13992;1.13940;1.13980;235;5
2025.04.17 00:00;1.13975;1.13986;1.13841;1.13973;99;24
2025.04.17 00:10;1.13973;1.13994;1.13963;1.13990;57;24
2025.04.17 00:20;1.13990;1.13993;1.13982;1.13982;18;24
2025.04.17 00:30;1.13991;1.14004;1.13986;1.13997;66;25
2025.04.17 00:40;1.13997;1.14010;1.13969;1.13976;140;25
2025.04.17 00:50;1.13977;1.14004;1.13974;1.13980;205;25
2025.04.17 01:00;1.13978;1.14008;1.13958;1.13998;216;0
2025.04.17 01:10;1.13999;1.14004;1.13958;1.13968;247;0
2025.04.17 01:20;1.13967;1.13994;1.13962;1.13975;234;0
2025.04.17 01:30;1.13975;1.13997;1.13949;1.13970;320;0
2025.04.17 01:40;1.13973;1.13999;1.13971;1.13973;271;0
2025.04.17 01:50;1.13973;1.13998;1.13965;1.13996;222;0
2025.04.17 02:00;1.13995;1.14000;1.13959;1.13980;375;0
2025.04.17 02:10;1.13980;1.13999;1.13976;1.13976;278;0
2025.04.17 02:20;1.13977;1.14032;1.13970;1.13990;233;0
2025.04.17 02:30;1.13989;1.14095;1.13983;1.14044;393;0
2025.04.17 02:40;1.14044;1.14062;1.14018;1.14021;366;0
2025.04.17 02:50;1.14020;1.14038;1.13941;1.13955;343;0
2025.04.17 03:00;1.13957;1.13967;1.13792;1.13840;1208;0
2025.04.17 03:10;1.13839;1.13884;1.13773;1.13819;776;0
2025.04.17 03:20;1.13820;1.13834;1.13769;1.13770;515;0
2025.04.17 03:30;1.13768;1.13802;1.13711;1.13748;658;0
2025.04.17 03:40;1.13746;1.13755;1.13702;1.13731;496;0
2025.04.17 03:50;1.13731;1.13760;1.13651;1.13678;783;0
2025.04.17 04:00;1.13679;1.13679;1.13569;1.13613;775;0
2025.04.17 04:10;1.13613;1.13678;1.13609;1.13677;753;0
2025.04.17 04:20;1.13677;1.13694;1.13596;1.13608;551;0
2025.04.17 04:30;1.13606;1.13630;1.13553;1.13595;800;0
2025.04.17 04:40;1.13595;1.13654;1.13585;1.13625;704;0
2025.04.17 04:50;1.13623;1.13672;1.13613;1.13655;594;0
2025.04.17 05:00;1.13655;1.13725;1.13649;1.13718;523;0
2025.04.17 05:10;1.13718;1.13757;1.13694;1.13745;580;0
2025.04.17 05:20;1.13746;1.13763;1.13704;1.13715;396;0
2025.04.17 05:30;1.13715;1.13747;1.13702;1.13740;359;0
2025.04.17 05:40;1.13740;1.13818;1.13738;1.13787;506;0
2025.04.17 05:50;1.13788;1.13789;1.13763;1.13782;363;0
2025.04.17 06:00;1.13783;1.13809;1.13718;1.13719;433;0
2025.04.17 06:10;1.13719;1.13796;1.13716;1.13794;325;0
2025.04.17 06:20;1.13794;1.13794;1.13741;1.13750;385;0
2025.04.17 06:30;1.13752;1.13760;1.13683;1.13691;395;0
2025.04.17 06:40;1.13693;1.13703;1.13639;1.13658;317;0
2025.04.17 06:50;1.13657;1.13672;1.13640;1.13642;408;0
2025.04.17 07:00;1.13641;1.13674;1.13641;1.13668;368;0
2025.04.17 07:10;1.13668;1.13676;1.13655;1.13669;229;0
2025.04.17 07:20;1.13668;1.13698;1.13665;1.13696;233;0
2025.04.17 07:30;1.13697;1.13698;1.13650;1.13663;295;0
2025.04.17 07:40;1.13664;1.13681;1.13626;1.13680;397;0
2025.04.17 07:50;1.13680;1.13694;1.13600;1.13622;351;0
2025.04.17 08:00;1.13623;1.13696;1.13612;1.13693;352;0
2025.04.17 08:10;1.13693;1.13711;1.13660;1.13660;382;0
2025.04.17 08:20;1.13660;1.13671;1.13609;1.13613;331;0
2025.04.17 08:30;1.13612;1.13612;1.13479;1.13486;477;0
2025.04.17 08:40;1.13487;1.13507;1.13440;1.13474;641;0
2025.04.17 08:50;1.13475;1.13533;1.13460;1.13524;597;0
2025.04.17 09:00;1.13524;1.13564;1.13432;1.13454;784;1
2025.04.17 09:10;1.13470;1.13558;1.13470;1.13509;794;0
2025.04.17 09:20;1.13511;1.13594;1.13487;1.13584;695;0
2025.04.17 09:30;1.13584;1.13660;1.13566;1.13636;498;0
2025.04.17 09:40;1.13635;1.13709;1.13598;1.13696;502;0
2025.04.17 09:50;1.13696;1.13703;1.13586;1.13588;585;0
2025.04.17 10:00;1.13586;1.13709;1.13579;1.13679;772;0
2025.04.17 10:10;1.13680;1.13703;1.13566;1.13604;756;0
2025.04.17 10:20;1.13601;1.13638;1.13529;1.13594;777;0
2025.04.17 10:30;1.13594;1.13713;1.13580;1.13704;661;0
2025.04.17 10:40;1.13701;1.13737;1.13653;1.13659;599;0
2025.04.17 10:50;1.13659;1.13788;1.13658;1.13766;741;0
2025.04.17 11:00;1.13769;1.13816;1.13716;1.13741;640;0
2025.04.17 11:10;1.13741;1.13772;1.13693;1.13734;558;0
2025.04.17 11:20;1.13733;1.13752;1.13683;1.13743;653;0
2025.04.17 11:30;1.13743;1.13863;1.13738;1.13849;596;0
2025.04.17 11:40;1.13848;1.13886;1.13782;1.13836;580;0
2025.04.17 11:50;1.13836;1.13836;1.13765;1.13785;546;0
2025.04.17 12:00;1.13784;1.13809;1.13734;1.13766;532;0
2025.04.17 12:10;1.13767;1.13796;1.13713;1.13784;513;0
2025.04.17 12:20;1.13784;1.13791;1.13706;1.13716;525;0
2025.04.17 12:30;1.13716;1.13777;1.13702;1.13726;482;0
2025.04.17 12:40;1.13726;1.13799;1.13726;1.13736;532;0
2025.04.17 12:50;1.13741;1.13782;1.13720;1.13726;596;0
2025.04.17 13:00;1.13727;1.13769;1.13636;1.13656;655;0
2025.04.17 13:10;1.13656;1.13734;1.13600;1.13692;823;0
2025.04.17 13:20;1.13692;1.13739;1.13648;1.13715;652;0
2025.04.17 13:30;1.13715;1.13726;1.13619;1.13650;634;0
2025.04.17 13:40;1.13650;1.13676;1.13617;1.13631;543;0
2025.04.17 13:50;1.13631;1.13651;1.13574;1.13594;565;0
2025.04.17 14:00;1.13594;1.13683;1.13562;1.13678;583;0
2025.04.17 14:10;1.13672;1.13689;1.13635;1.13671;438;0
2025.04.17 14:20;1.13671;1.13701;1.13637;1.13666;491;0
2025.04.17 14:30;1.13662;1.13696;1.13638;1.13640;439;0
2025.04.17 14:40;1.13640;1.13670;1.13602;1.13646;392;0
2025.04.17 14:50;1.13646;1.13680;1.13557;1.13565;552;1
2025.04.17 15:00;1.13556;1.13666;1.13535;1.13599;742;2
2025.04.17 15:10;1.13599;1.13681;1.13496;1.13508;930;0
2025.04.17 15:20;1.13510;1.13510;1.13353;1.13425;1099;1
2025.04.17 15:30;1.13425;1.13539;1.13390;1.13522;1088;1
2025.04.17 15:40;1.13522;1.13598;1.13494;1.13535;880;0
2025.04.17 15:50;1.13535;1.13581;1.13393;1.13565;1157;0
2025.04.17 16:00;1.13566;1.13778;1.13566;1.13679;1281;1
2025.04.17 16:10;1.13679;1.13680;1.13511;1.13597;1022;0
2025.04.17 16:20;1.13598;1.13687;1.13523;1.13656;884;0
2025.04.17 16:30;1.13661;1.13685;1.13542;1.13652;1067;0
2025.04.17 16:40;1.13652;1.13669;1.13552;1.13608;997;0
2025.04.17 16:50;1.13609;1.13650;1.13546;1.13613;1010;0
2025.04.17 17:00;1.13613;1.13630;1.13572;1.13598;798;0
2025.04.17 17:10;1.13599;1.13781;1.13582;1.13767;747;0
2025.04.17 17:20;1.13768;1.13859;1.13753;1.13777;896;0
2025.04.17 17:30;1.13778;1.13797;1.13675;1.13765;926;0
2025.04.17 17:40;1.13763;1.13772;1.13626;1.13643;898;0
2025.04.17 17:50;1.13643;1.13647;1.13384;1.13493;1337;0
2025.04.17 18:00;1.13493;1.13582;1.13478;1.13551;1061;0
2025.04.17 18:10;1.13551;1.13679;1.13529;1.13638;654;0
2025.04.17 18:20;1.13637;1.13749;1.13635;1.13748;686;0
2025.04.17 18:30;1.13747;1.13766;1.13663;1.13671;622;2
2025.04.17 18:40;1.13671;1.13713;1.13649;1.13653;622;1
2025.04.17 18:50;1.13651;1.13663;1.13591;1.13634;710;0
2025.04.17 19:00;1.13633;1.13709;1.13584;1.13611;902;0
2025.04.17 19:10;1.13611;1.13641;1.13562;1.13599;688;1
2025.04.17 19:20;1.13600;1.13636;1.13502;1.13507;602;1
2025.04.17 19:30;1.13507;1.13562;1.13399;1.13466;712;1
2025.04.17 19:40;1.13466;1.13598;1.13437;1.13543;783;0
2025.04.17 19:50;1.13542;1.13550;1.13455;1.13504;631;0
2025.04.17 20:00;1.13505;1.13517;1.13458;1.13488;513;0
2025.04.17 20:10;1.13489;1.13500;1.13425;1.13451;392;0
2025.04.17 20:20;1.13452;1.13479;1.13410;1.13474;428;0
2025.04.17 20:30;1.13473;1.13496;1.13456;1.13471;389;0
2025.04.17 20:40;1.13467;1.13529;1.13458;1.13519;457;1
2025.04.17 20:50;1.13516;1.13539;1.13493;1.13512;504;0
2025.04.17 21:00;1.13512;1.13554;1.13480;1.13496;422;0
2025.04.17 21:10;1.13495;1.13563;1.13429;1.13561;473;0
2025.04.17 21:20;1.13562;1.13638;1.13536;1.13574;448;0
2025.04.17 21:30;1.13573;1.13642;1.13557;1.13600;382;0
2025.04.17 21:40;1.13599;1.13699;1.13583;1.13698;482;0
2025.04.17 21:50;1.13698;1.13751;1.13680;1.13731;590;0
2025.04.17 22:00;1.13732;1.13737;1.13692;1.13721;412;0
2025.04.17 22:10;1.13722;1.13753;1.13685;1.13743;346;0
2025.04.17 22:20;1.13741;1.13754;1.13712;1.13734;327;0
2025.04.17 22:30;1.13734;1.13761;1.13727;1.13743;268;0
2025.04.17 22:40;1.13743;1.13759;1.13709;1.13710;274;0
2025.04.17 22:50;1.13711;1.13748;1.13708;1.13733;346;0
2025.04.17 23:00;1.13731;1.13734;1.13695;1.13727;266;0
2025.04.17 23:10;1.13727;1.13764;1.13716;1.13743;175;0
2025.04.17 23:20;1.13744;1.13763;1.13683;1.13690;190;0
2025.04.17 23:30;1.13690;1.13697;1.13674;1.13683;181;0
2025.04.17 23:40;1.13679;1.13680;1.13637;1.13672;156;5
2025.04.17 23:50;1.13672;1.13672;1.13613;1.13616;193;5
2025.04.18 00:00;1.13600;1.13616;1.13576;1.13612;28;112
2025.04.18 00:10;1.13611;1.13626;1.13588;1.13591;80;92
2025.04.18 00:20;1.13591;1.13668;1.13588;1.13667;81;32
2025.04.18 00:30;1.13669;1.13689;1.13666;1.13671;152;25
2025.04.18 00:40;1.13669;1.13680;1.13669;1.13671;88;25
2025.04.18 00:50;1.13672;1.13701;1.13668;1.13680;95;25
2025.04.18 01:00;1.13696;1.13696;1.13649;1.13685;181;25
2025.04.18 01:10;1.13687;1.13687;1.13668;1.13680;175;29
2025.04.18 01:20;1.13681;1.13700;1.13650;1.13660;681;3
2025.04.18 01:30;1.13659;1.13690;1.13655;1.13666;434;0
2025.04.18 01:40;1.13667;1.13686;1.13636;1.13651;419;26
2025.04.18 01:50;1.13650;1.13667;1.13638;1.13658;590;60
2025.04.18 02:00;1.13657;1.13714;1.13657;1.13675;112;60
2025.04.18 02:10;1.13675;1.13675;1.13650;1.13664;102;60
2025.04.18 02:20;1.13664;1.13714;1.13658;1.13693;455;3
2025.04.18 02:30;1.13700;1.13706;1.13694;1.13701;169;28
2025.04.18 02:40;1.13701;1.13715;1.13698;1.13715;124;3
2025.04.18 02:50;1.13714;1.13719;1.13698;1.13701;218;3
2025.04.18 03:00;1.13701;1.13737;1.13695;1.13725;290;4
2025.04.18 03:10;1.13725;1.13761;1.13715;1.13761;363;3
2025.04.18 03:20;1.13762;1.13818;1.13754;1.13794;209;0
2025.04.18 03:30;1.13793;1.13798;1.13714;1.13734;268;37
2025.04.18 03:40;1.13733;1.13808;1.13733;1.13800;1145;0
2025.04.18 03:50;1.13798;1.13862;1.13651;1.13749;860;1
2025.04.18 04:00;1.13748;1.13763;1.13707;1.13742;670;2
2025.04.18 04:10;1.13738;1.13748;1.13680;1.13696;448;3
2025.04.18 04:20;1.13696;1.13731;1.13683;1.13725;595;3
2025.04.18 04:30;1.13721;1.13729;1.13679;1.13687;554;1
2025.04.18 04:40;1.13687;1.13729;1.13684;1.13708;796;1
2025.04.18 04:50;1.13708;1.13732;1.13672;1.13714;688;0
2025.04.18 05:00;1.13710;1.13789;1.13706;1.13780;841;0
2025.04.18 05:10;1.13780;1.13786;1.13727;1.13731;335;1
2025.04.18 05:20;1.13730;1.13762;1.13688;1.13729;296;2
2025.04.18 05:30;1.13729;1.13743;1.13704;1.13727;172;0
2025.04.18 05:40;1.13730;1.13752;1.13695;1.13696;423;0
2025.04.18 05:50;1.13695;1.13743;1.13690;1.13726;1104;1
2025.04.18 06:00;1.13726;1.13766;1.13708;1.13726;577;0
2025.04.18 06:10;1.13726;1.13730;1.13699;1.13702;666;0
2025.04.18 06:20;1.13701;1.13733;1.13698;1.13714;697;0
2025.04.18 06:30;1.13714;1.13729;1.13707;1.13715;200;0
2025.04.18 06:40;1.13714;1.13726;1.13687;1.13716;612;2
2025.04.18 06:50;1.13716;1.13739;1.13713;1.13736;421;0
2025.04.18 07:00;1.13736;1.13737;1.13699;1.13710;416;0
2025.04.18 07:10;1.13710;1.13724;1.13694;1.13716;254;0
2025.04.18 07:20;1.13718;1.13732;1.13709;1.13725;184;0
2025.04.18 07:30;1.13723;1.13740;1.13699;1.13737;425;0
2025.04.18 07:40;1.13737;1.13747;1.13716;1.13743;508;0
2025.04.18 07:50;1.13738;1.13741;1.13690;1.13695;990;0
2025.04.18 08:00;1.13693;1.13737;1.13688;1.13728;396;0
2025.04.18 08:10;1.13727;1.13733;1.13673;1.13693;361;0
2025.04.18 08:20;1.13693;1.13724;1.13692;1.13714;718;0
2025.04.18 08:30;1.13715;1.13715;1.13640;1.13680;457;0
2025.04.18 08:40;1.13681;1.13703;1.13657;1.13689;478;0
2025.04.18 08:50;1.13688;1.13729;1.13654;1.13708;464;0
2025.04.18 09:00;1.13710;1.13726;1.13692;1.13726;326;0
2025.04.18 09:10;1.13728;1.13762;1.13693;1.13755;630;0
2025.04.18 09:20;1.13754;1.13761;1.13691;1.13696;784;0
2025.04.18 09:30;1.13690;1.13725;1.13667;1.13678;743;3
2025.04.18 09:40;1.13683;1.13699;1.13655;1.13671;1101;40
2025.04.18 09:50;1.13672;1.13733;1.13621;1.13623;1132;0
2025.04.18 10:00;1.13623;1.13703;1.13552;1.13674;778;0
2025.04.18 10:10;1.13674;1.13756;1.13662;1.13742;673;0
2025.04.18 10:20;1.13742;1.13751;1.13724;1.13728;724;1
2025.04.18 10:30;1.13728;1.13745;1.13710;1.13723;722;1
2025.04.18 10:40;1.13723;1.13747;1.13697;1.13697;512;1
2025.04.18 10:50;1.13699;1.13722;1.13691;1.13694;901;0
2025.04.18 11:00;1.13695;1.13708;1.13666;1.13685;1005;0
2025.04.18 11:10;1.13689;1.13713;1.13674;1.13692;929;0
2025.04.18 11:20;1.13695;1.13713;1.13667;1.13690;1038;0
2025.04.18 11:30;1.13688;1.13709;1.13654;1.13690;974;0
2025.04.18 11:40;1.13689;1.13709;1.13671;1.13682;671;0
2025.04.18 11:50;1.13682;1.13717;1.13679;1.13715;750;1
2025.04.18 12:00;1.13713;1.13728;1.13690;1.13694;727;0
2025.04.18 12:10;1.13695;1.13721;1.13672;1.13712;472;0
2025.04.18 12:20;1.13712;1.13712;1.13679;1.13693;833;0
2025.04.18 12:30;1.13697;1.13709;1.13674;1.13688;582;0
2025.04.18 12:40;1.13689;1.13707;1.13671;1.13684;916;0
2025.04.18 12:50;1.13683;1.13695;1.13670;1.13690;1078;0
2025.04.18 13:00;1.13692;1.13721;1.13677;1.13718;797;0
2025.04.18 13:10;1.13719;1.13726;1.13701;1.13722;881;0
2025.04.18 13:20;1.13718;1.13748;1.13715;1.13737;1114;0
2025.04.18 13:30;1.13735;1.13740;1.13724;1.13734;510;0
2025.04.18 13:40;1.13732;1.13740;1.13725;1.13730;570;0
2025.04.18 13:50;1.13731;1.13745;1.13727;1.13736;824;0
2025.04.18 14:00;1.13738;1.13770;1.13732;1.13761;1224;2
2025.04.18 14:10;1.13762;1.13763;1.13735;1.13738;722;0
2025.04.18 14:20;1.13739;1.13754;1.13733;1.13746;654;0
2025.04.18 14:30;1.13746;1.13801;1.13715;1.13788;1025;1
2025.04.18 14:40;1.13789;1.13820;1.13781;1.13785;852;2
2025.04.18 14:50;1.13786;1.13817;1.13774;1.13810;727;0
2025.04.18 15:00;1.13812;1.13857;1.13807;1.13836;566;0
2025.04.18 15:10;1.13836;1.13837;1.13813;1.13824;633;0
2025.04.18 15:20;1.13824;1.13858;1.13808;1.13857;748;0
2025.04.18 15:30;1.13859;1.13863;1.13844;1.13845;452;0
2025.04.18 15:40;1.13847;1.13849;1.13809;1.13825;531;0
2025.04.18 15:50;1.13825;1.13833;1.13817;1.13824;1013;0
2025.04.18 16:00;1.13826;1.13827;1.13748;1.13761;458;2
2025.04.18 16:10;1.13763;1.13787;1.13752;1.13774;567;29
2025.04.18 16:20;1.13774;1.13820;1.13747;1.13801;566;2
2025.04.18 16:30;1.13800;1.13824;1.13767;1.13806;527;0
2025.04.18 16:40;1.13805;1.13813;1.13778;1.13801;562;0
2025.04.18 16:50;1.13800;1.13801;1.13785;1.13799;517;0
2025.04.18 17:00;1.13799;1.13869;1.13786;1.13869;675;1
2025.04.18 17:10;1.13870;1.13876;1.13852;1.13855;347;0
2025.04.18 17:20;1.13855;1.13882;1.13848;1.13858;439;0
2025.04.18 17:30;1.13858;1.13867;1.13848;1.13867;702;1
2025.04.18 17:40;1.13867;1.13893;1.13863;1.13890;308;0
2025.04.18 17:50;1.13888;1.13977;1.13886;1.13965;821;2
2025.04.18 18:00;1.13967;1.13970;1.13872;1.13875;402;3
2025.04.18 18:10;1.13875;1.13905;1.13872;1.13899;550;0
2025.04.18 18:20;1.13888;1.13909;1.13887;1.13889;415;0
2025.04.18 18:30;1.13888;1.13918;1.13884;1.13916;735;0
2025.04.18 18:40;1.13915;1.13940;1.13903;1.13924;570;0
2025.04.18 18:50;1.13925;1.13928;1.13900;1.13925;546;0
2025.04.18 19:00;1.13923;1.13925;1.13877;1.13885;633;0
2025.04.18 19:10;1.13883;1.13928;1.13876;1.13910;525;0
2025.04.18 19:20;1.13912;1.13942;1.13887;1.13938;685;0
2025.04.18 19:30;1.13939;1.13942;1.13907;1.13931;522;0
2025.04.18 19:40;1.13931;1.13931;1.13894;1.13920;398;0
2025.04.18 19:50;1.13921;1.13951;1.13920;1.13946;412;0
2025.04.18 20:00;1.13946;1.13951;1.13919;1.13922;365;0
2025.04.18 20:10;1.13921;1.13935;1.13900;1.13907;543;0
2025.04.18 20:20;1.13910;1.13939;1.13904;1.13918;728;0
2025.04.18 20:30;1.13919;1.13922;1.13907;1.13909;405;0
2025.04.18 20:40;1.13908;1.13928;1.13906;1.13926;346;0
2025.04.18 20:50;1.13927;1.13930;1.13922;1.13927;450;0
2025.04.18 21:00;1.13922;1.13945;1.13893;1.13930;322;0
2025.04.18 21:10;1.13930;1.13938;1.13919;1.13930;159;4
2025.04.18 21:20;1.13930;1.13951;1.13917;1.13917;233;0
2025.04.18 21:30;1.13917;1.13939;1.13913;1.13938;264;30
2025.04.18 21:40;1.13938;1.13945;1.13922;1.13926;233;0
2025.04.18 21:50;1.13926;1.13940;1.13899;1.13929;229;1
2025.04.18 22:00;1.13928;1.13942;1.13924;1.13934;89;28
2025.04.18 22:10;1.13934;1.13939;1.13931;1.13932;77;38
2025.04.18 22:20;1.13932;1.13948;1.13925;1.13932;137;26
2025.04.18 22:30;1.13935;1.13959;1.13931;1.13932;153;28
2025.04.18 22:40;1.13932;1.13945;1.13914;1.13928;65;35
2025.04.18 22:50;1.13929;1.13930;1.13921;1.13928;114;47
2025.04.18 23:00;1.13927;1.13927;1.13904;1.13909;40;32
2025.04.18 23:10;1.13909;1.13917;1.13900;1.13901;106;27
2025.04.18 23:20;1.13901;1.13912;1.13896;1.13906;70;42
2025.04.18 23:30;1.13906;1.13940;1.13906;1.13924;81;45
2025.04.18 23:40;1.13924;1.13948;1.13879;1.13891;174;29
2025.04.18 23:50;1.13891;1.13891;1.13857;1.13864;67;99
2025.04.21 00:00;1.13921;1.13965;1.13905;1.13949;44;56
2025.04.21 00:10;1.13973;1.14038;1.13937;1.13959;269;29
2025.04.21 00:20;1.13960;1.14095;1.13948;1.14094;230;30
2025.04.21 00:30;1.14094;1.14203;1.14067;1.14203;322;25
2025.04.21 00:40;1.14201;1.14218;1.14035;1.14197;258;25
2025.04.21 00:50;1.14197;1.14231;1.14015;1.14106;390;25
2025.04.21 01:00;1.13949;1.14294;1.13922;1.14265;451;2
2025.04.21 01:10;1.14265;1.14286;1.14156;1.14256;467;2
2025.04.21 01:20;1.14256;1.14386;1.14214;1.14217;612;2
2025.04.21 01:30;1.14223;1.14282;1.14198;1.14248;484;0
2025.04.21 01:40;1.14247;1.14327;1.14184;1.14316;474;0
2025.04.21 01:50;1.14316;1.14370;1.14251;1.14333;456;0
2025.04.21 02:00;1.14340;1.14401;1.14334;1.14385;565;0
2025.04.21 02:10;1.14385;1.14429;1.14358;1.14412;444;0
2025.04.21 02:20;1.14412;1.14426;1.14355;1.14401;455;0
2025.04.21 02:30;1.14402;1.14498;1.14402;1.14484;424;0
2025.04.21 02:40;1.14484;1.14544;1.14447;1.14534;420;0
2025.04.21 02:50;1.14541;1.14584;1.14459;1.14489;501;0
2025.04.21 03:00;1.14489;1.14696;1.14488;1.14690;856;0
2025.04.21 03:10;1.14690;1.14762;1.14665;1.14745;842;0
2025.04.21 03:20;1.14746;1.14760;1.14648;1.14725;773;0
2025.04.21 03:30;1.14724;1.14865;1.14712;1.14722;751;0
2025.04.21 03:40;1.14722;1.14744;1.14572;1.14630;662;0
2025.04.21 03:50;1.14630;1.14688;1.14626;1.14663;618;0
2025.04.21 04:00;1.14664;1.14784;1.14664;1.14730;657;0
2025.04.21 04:10;1.14730;1.14761;1.14711;1.14748;688;0
2025.04.21 04:20;1.14747;1.14785;1.14728;1.14782;561;0
2025.04.21 04:30;1.14783;1.14790;1.14649;1.14691;612;0
2025.04.21 04:40;1.14691;1.14733;1.14655;1.14733;570;0
2025.04.21 04:50;1.14733;1.14781;1.14718;1.14765;517;0
2025.04.21 05:00;1.14765;1.14781;1.14719;1.14744;474;0
2025.04.21 05:10;1.14743;1.14880;1.14743;1.14869;436;0
2025.04.21 05:20;1.14869;1.15313;1.14829;1.15124;822;1
2025.04.21 05:30;1.15143;1.15185;1.15008;1.15161;913;2
2025.04.21 05:40;1.15156;1.15176;1.15037;1.15044;648;1
2025.04.21 05:50;1.15044;1.15105;1.15028;1.15043;586;2
2025.04.21 06:00;1.15043;1.15125;1.15043;1.15121;418;1
2025.04.21 06:10;1.15120;1.15138;1.15067;1.15101;392;0
2025.04.21 06:20;1.15102;1.15154;1.15071;1.15105;398;0
2025.04.21 06:30;1.15106;1.15168;1.15097;1.15132;331;0
2025.04.21 06:40;1.15131;1.15246;1.15122;1.15158;453;1
2025.04.21 06:50;1.15158;1.15181;1.15123;1.15150;302;1
2025.04.21 07:00;1.15149;1.15149;1.14987;1.15070;528;0
2025.04.21 07:10;1.15069;1.15106;1.15019;1.15084;444;0
2025.04.21 07:20;1.15083;1.15115;1.15076;1.15115;375;0
2025.04.21 07:30;1.15115;1.15135;1.15100;1.15130;359;0
2025.04.21 07:40;1.15130;1.15131;1.15069;1.15104;345;0
2025.04.21 07:50;1.15104;1.15172;1.15104;1.15171;278;0
2025.04.21 08:00;1.15171;1.15221;1.15148;1.15217;352;0
2025.04.21 08:10;1.15217;1.15252;1.15215;1.15238;467;0
2025.04.21 08:20;1.15239;1.15252;1.15232;1.15247;287;0
2025.04.21 08:30;1.15247;1.15342;1.15245;1.15302;524;2
2025.04.21 08:40;1.15303;1.15345;1.15299;1.15337;534;0
2025.04.21 08:50;1.15337;1.15340;1.15243;1.15311;636;0
2025.04.21 09:00;1.15311;1.15343;1.15252;1.15297;669;0
2025.04.21 09:10;1.15296;1.15303;1.15128;1.15164;656;0
2025.04.21 09:20;1.15163;1.15183;1.15063;1.15084;588;0
2025.04.21 09:30;1.15084;1.15148;1.15062;1.15137;441;0
2025.04.21 09:40;1.15136;1.15150;1.15048;1.15058;454;0
2025.04.21 09:50;1.15058;1.15173;1.15058;1.15163;580;0
2025.04.21 10:00;1.15154;1.15190;1.15094;1.15162;691;0
2025.04.21 10:10;1.15167;1.15179;1.15118;1.15168;560;0
2025.04.21 10:20;1.15168;1.15291;1.15158;1.15287;661;0
2025.04.21 10:30;1.15289;1.15342;1.15273;1.15328;531;0
2025.04.21 10:40;1.15328;1.15401;1.15317;1.15391;652;0
2025.04.21 10:50;1.15391;1.15675;1.15335;1.15554;856;0
2025.04.21 11:00;1.15554;1.15617;1.15490;1.15509;901;0
2025.04.21 11:10;1.15510;1.15510;1.15375;1.15418;727;0
2025.04.21 11:20;1.15417;1.15480;1.15377;1.15438;643;0
2025.04.21 11:30;1.15438;1.15553;1.15396;1.15528;647;0
2025.04.21 11:40;1.15528;1.15646;1.15520;1.15628;535;0
2025.04.21 11:50;1.15629;1.15639;1.15562;1.15582;568;0
2025.04.21 12:00;1.15582;1.15596;1.15544;1.15593;461;0
2025.04.21 12:10;1.15595;1.15729;1.15582;1.15652;729;0
2025.04.21 12:20;1.15651;1.15731;1.15583;1.15598;671;0
2025.04.21 12:30;1.15597;1.15688;1.15595;1.15659;551;0
2025.04.21 12:40;1.15661;1.15662;1.15509;1.15509;522;0
2025.04.21 12:50;1.15509;1.15527;1.15450;1.15471;521;0
2025.04.21 13:00;1.15471;1.15486;1.15424;1.15430;454;0
2025.04.21 13:10;1.15431;1.15449;1.15395;1.15445;449;0
2025.04.21 13:20;1.15446;1.15446;1.15329;1.15337;427;0
2025.04.21 13:30;1.15338;1.15346;1.15235;1.15255;519;0
2025.04.21 13:40;1.15255;1.15278;1.15216;1.15266;488;0
2025.04.21 13:50;1.15267;1.15321;1.15213;1.15236;506;0
2025.04.21 14:00;1.15239;1.15253;1.15148;1.15165;554;1
2025.04.21 14:10;1.15170;1.15230;1.15130;1.15225;491;0
2025.04.21 14:20;1.15227;1.15312;1.15218;1.15293;523;0
2025.04.21 14:30;1.15301;1.15367;1.15292;1.15362;533;0
2025.04.21 14:40;1.15367;1.15447;1.15344;1.15425;522;0
2025.04.21 14:50;1.15425;1.15474;1.15399;1.15427;580;1
2025.04.21 15:00;1.15427;1.15499;1.15419;1.15433;636;1
2025.04.21 15:10;1.15432;1.15487;1.15369;1.15485;613;0
2025.04.21 15:20;1.15484;1.15490;1.15306;1.15307;708;2
2025.04.21 15:30;1.15309;1.15323;1.15247;1.15260;692;0
2025.04.21 15:40;1.15261;1.15388;1.15214;1.15373;670;0
2025.04.21 15:50;1.15374;1.15428;1.15346;1.15428;639;0
2025.04.21 16:00;1.15425;1.15427;1.15280;1.15318;667;0
2025.04.21 16:10;1.15318;1.15384;1.15224;1.15226;562;0
2025.04.21 16:20;1.15224;1.15238;1.15039;1.15060;716;2
2025.04.21 16:30;1.15062;1.15096;1.15015;1.15068;889;2
2025.04.21 16:40;1.15069;1.15221;1.15041;1.15189;879;1
2025.04.21 16:50;1.15190;1.15247;1.15159;1.15192;771;0
2025.04.21 17:00;1.15191;1.15250;1.15097;1.15157;820;0
2025.04.21 17:10;1.15158;1.15170;1.15055;1.15119;799;0
2025.04.21 17:20;1.15115;1.15128;1.15046;1.15106;824;0
2025.04.21 17:30;1.15108;1.15128;1.14961;1.15001;841;0
2025.04.21 17:40;1.15001;1.15031;1.14895;1.14966;708;0
2025.04.21 17:50;1.14968;1.15010;1.14916;1.14978;746;0
2025.04.21 18:00;1.14977;1.14991;1.14819;1.14856;709;0
2025.04.21 18:10;1.14858;1.14893;1.14817;1.14867;733;0
2025.04.21 18:20;1.14868;1.14992;1.14846;1.14983;646;0
2025.04.21 18:30;1.14984;1.15033;1.14966;1.15014;536;0
2025.04.21 18:40;1.15013;1.15073;1.14976;1.15062;586;0
2025.04.21 18:50;1.15062;1.15079;1.15019;1.15072;525;0
2025.04.21 19:00;1.15072;1.15091;1.15002;1.15047;483;1
2025.04.21 19:10;1.15047;1.15132;1.15007;1.15117;492;0
2025.04.21 19:20;1.15119;1.15133;1.15062;1.15085;420;0
2025.04.21 19:30;1.15085;1.15120;1.15018;1.15043;470;0
2025.04.21 19:40;1.15043;1.15060;1.15010;1.15060;478;0
2025.04.21 19:50;1.15059;1.15118;1.15035;1.15096;533;0
2025.04.21 20:00;1.15096;1.15100;1.14995;1.15031;560;0
2025.04.21 20:10;1.15031;1.15032;1.14934;1.14971;525;0
2025.04.21 20:20;1.14971;1.15001;1.14960;1.14971;423;0
2025.04.21 20:30;1.14975;1.15053;1.14971;1.15039;389;0
2025.04.21 20:40;1.15038;1.15052;1.15001;1.15047;332;0
2025.04.21 20:50;1.15047;1.15147;1.15046;1.15139;412;0
2025.04.21 21:00;1.15138;1.15162;1.15121;1.15144;436;0
2025.04.21 21:10;1.15144;1.15187;1.15134;1.15181;395;0
2025.04.21 21:20;1.15182;1.15193;1.15156;1.15171;322;0
2025.04.21 21:30;1.15172;1.15240;1.15157;1.15237;429;0
2025.04.21 21:40;1.15237;1.15252;1.15187;1.15222;396;0
2025.04.21 21:50;1.15222;1.15231;1.15180;1.15222;359;0
2025.04.21 22:00;1.15218;1.15270;1.15205;1.15267;402;0
2025.04.21 22:10;1.15266;1.15266;1.15186;1.15187;338;0
2025.04.21 22:20;1.15187;1.15188;1.15142;1.15144;384;0
2025.04.21 22:30;1.15145;1.15172;1.15135;1.15148;356;0
2025.04.21 22:40;1.15149;1.15195;1.15127;1.15160;393;0
2025.04.21 22:50;1.15155;1.15186;1.15126;1.15127;323;0
2025.04.21 23:00;1.15127;1.15159;1.15105;1.15107;330;0
2025.04.21 23:10;1.15107;1.15142;1.15094;1.15104;304;0
2025.04.21 23:20;1.15102;1.15112;1.15058;1.15065;277;0
2025.04.21 23:30;1.15065;1.15067;1.15048;1.15060;140;0
2025.04.21 23:40;1.15058;1.15112;1.15054;1.15109;192;5
2025.04.21 23:50;1.15112;1.15133;1.15111;1.15121;222;5
2025.04.22 00:00;1.15113;1.15122;1.15080;1.15098;46;60
2025.04.22 00:10;1.15092;1.15103;1.15078;1.15085;162;76
2025.04.22 00:20;1.15085;1.15097;1.15074;1.15077;39;68
2025.04.22 00:30;1.15083;1.15138;1.15083;1.15128;101;24
2025.04.22 00:40;1.15126;1.15136;1.15122;1.15124;38;25
2025.04.22 00:50;1.15123;1.15133;1.15099;1.15104;51;25
2025.04.22 01:00;1.15102;1.15214;1.15064;1.15179;282;2
2025.04.22 01:10;1.15179;1.15204;1.15179;1.15194;173;3
2025.04.22 01:20;1.15194;1.15240;1.15163;1.15233;204;2
2025.04.22 01:30;1.15233;1.15237;1.15159;1.15179;158;0
2025.04.22 01:40;1.15179;1.15220;1.15178;1.15210;161;0
2025.04.22 01:50;1.15210;1.15253;1.15209;1.15234;244;0
2025.04.22 02:00;1.15239;1.15241;1.15187;1.15208;237;0
2025.04.22 02:10;1.15209;1.15223;1.15174;1.15185;220;0
2025.04.22 02:20;1.15185;1.15215;1.15163;1.15207;195;0
2025.04.22 02:30;1.15207;1.15227;1.15170;1.15170;247;0
2025.04.22 02:40;1.15166;1.15168;1.15080;1.15113;314;0
2025.04.22 02:50;1.15113;1.15149;1.15074;1.15139;413;0
2025.04.22 03:00;1.15141;1.15141;1.15011;1.15027;673;1
2025.04.22 03:10;1.15027;1.15058;1.14969;1.15005;728;0
2025.04.22 03:20;1.15005;1.15027;1.14946;1.14962;511;0
2025.04.22 03:30;1.14962;1.14964;1.14838;1.14857;589;0
2025.04.22 03:40;1.14856;1.14896;1.14823;1.14869;508;0
2025.04.22 03:50;1.14869;1.14907;1.14818;1.14905;657;0
2025.04.22 04:00;1.14905;1.14985;1.14904;1.14930;615;0
2025.04.22 04:10;1.14932;1.14943;1.14875;1.14878;537;0
2025.04.22 04:20;1.14878;1.14927;1.14856;1.14898;601;0
2025.04.22 04:30;1.14898;1.14984;1.14887;1.14981;646;0
2025.04.22 04:40;1.14981;1.14981;1.14894;1.14930;548;0
2025.04.22 04:50;1.14930;1.14975;1.14919;1.14947;447;0
2025.04.22 05:00;1.14947;1.14983;1.14939;1.14971;421;0
2025.04.22 05:10;1.14971;1.15083;1.14961;1.15069;398;1
2025.04.22 05:20;1.15070;1.15117;1.15051;1.15114;414;0
2025.04.22 05:30;1.15114;1.15155;1.15101;1.15117;394;0
2025.04.22 05:40;1.15117;1.15133;1.15063;1.15119;363;0
2025.04.22 05:50;1.15120;1.15205;1.15120;1.15205;488;0
2025.04.22 06:00;1.15205;1.15389;1.15190;1.15356;770;2
2025.04.22 06:10;1.15356;1.15401;1.15332;1.15374;608;2
2025.04.22 06:20;1.15374;1.15402;1.15346;1.15366;597;0
2025.04.22 06:30;1.15372;1.15389;1.15310;1.15377;602;0
2025.04.22 06:40;1.15377;1.15403;1.15367;1.15367;406;0
2025.04.22 06:50;1.15367;1.15375;1.15323;1.15348;414;0
2025.04.22 07:00;1.15347;1.15389;1.15344;1.15348;359;0
2025.04.22 07:10;1.15348;1.15398;1.15342;1.15392;327;0
2025.04.22 07:20;1.15393;1.15401;1.15373;1.15379;335;0
2025.04.22 07:30;1.15378;1.15401;1.15348;1.15367;315;0
2025.04.22 07:40;1.15366;1.15368;1.15271;1.15313;418;0
2025.04.22 07:50;1.15313;1.15346;1.15293;1.15301;349;0
2025.04.22 08:00;1.15301;1.15329;1.15237;1.15241;453;0
2025.04.22 08:10;1.15240;1.15331;1.15181;1.15330;571;0
2025.04.22 08:20;1.15330;1.15473;1.15318;1.15469;599;0
2025.04.22 08:30;1.15469;1.15470;1.15241;1.15282;756;3
2025.04.22 08:40;1.15280;1.15471;1.15276;1.15427;727;1
2025.04.22 08:50;1.15427;1.15458;1.15375;1.15423;825;0
2025.04.22 09:00;1.15423;1.15458;1.15324;1.15384;943;0
2025.04.22 09:10;1.15383;1.15404;1.15274;1.15300;821;0
2025.04.22 09:20;1.15300;1.15329;1.15238;1.15307;849;0
2025.04.22 09:30;1.15306;1.15309;1.15123;1.15141;897;0
2025.04.22 09:40;1.15141;1.15146;1.15062;1.15133;812;0
2025.04.22 09:50;1.15132;1.15147;1.14960;1.15007;937;0
2025.04.22 10:00;1.15020;1.15040;1.14937;1.14942;1121;0
2025.04.22 10:10;1.14937;1.15041;1.14921;1.15025;898;0
2025.04.22 10:20;1.15025;1.15083;1.15023;1.15056;758;0
2025.04.22 10:30;1.15053;1.15091;1.15022;1.15022;809;0
2025.04.22 10:40;1.15021;1.15021;1.14832;1.14936;903;0
2025.04.22 10:50;1.14937;1.15062;1.14927;1.15058;825;0
2025.04.22 11:00;1.15057;1.15095;1.14951;1.14954;906;0
2025.04.22 11:10;1.14955;1.15053;1.14946;1.14984;685;0
2025.04.22 11:20;1.14982;1.15145;1.14968;1.15086;732;0
2025.04.22 11:30;1.15084;1.15151;1.15000;1.15011;807;0
2025.04.22 11:40;1.15013;1.15070;1.14946;1.15068;804;0
2025.04.22 11:50;1.15067;1.15095;1.14950;1.14997;823;0
2025.04.22 12:00;1.14999;1.15035;1.14967;1.15028;721;0
2025.04.22 12:10;1.15024;1.15077;1.14988;1.15003;640;0
2025.04.22 12:20;1.15006;1.15029;1.14957;1.14975;626;0
2025.04.22 12:30;1.14976;1.15030;1.14964;1.15011;594;0
2025.04.22 12:40;1.15011;1.15060;1.14975;1.15011;631;0
2025.04.22 12:50;1.15007;1.15010;1.14878;1.14905;802;0
2025.04.22 13:00;1.14904;1.14961;1.14880;1.14941;719;0
2025.04.22 13:10;1.14941;1.15005;1.14935;1.14957;661;0
2025.04.22 13:20;1.14967;1.14981;1.14926;1.14970;698;0
2025.04.22 13:30;1.14970;1.15006;1.14917;1.14924;686;0
2025.04.22 13:40;1.14924;1.14977;1.14914;1.14935;550;0
2025.04.22 13:50;1.14936;1.14953;1.14883;1.14885;603;0
2025.04.22 14:00;1.14884;1.14938;1.14844;1.14931;703;0
2025.04.22 14:10;1.14927;1.14941;1.14864;1.14872;494;0
2025.04.22 14:20;1.14870;1.14884;1.14840;1.14867;526;0
2025.04.22 14:30;1.14868;1.14919;1.14860;1.14915;482;0
2025.04.22 14:40;1.14915;1.14985;1.14905;1.14982;474;0
2025.04.22 14:50;1.14986;1.15005;1.14851;1.14861;744;0
2025.04.22 15:00;1.14859;1.14902;1.14742;1.14764;919;1
2025.04.22 15:10;1.14763;1.14878;1.14720;1.14756;770;1
2025.04.22 15:20;1.14761;1.14781;1.14617;1.14698;949;1
2025.04.22 15:30;1.14697;1.14761;1.14695;1.14733;737;0
2025.04.22 15:40;1.14727;1.14750;1.14655;1.14657;673;0
2025.04.22 15:50;1.14659;1.14772;1.14657;1.14700;766;0
2025.04.22 16:00;1.14702;1.14720;1.14568;1.14589;903;0
2025.04.22 16:10;1.14589;1.14680;1.14560;1.14644;770;0
2025.04.22 16:20;1.14645;1.14659;1.14622;1.14646;635;0
2025.04.22 16:30;1.14646;1.14659;1.14577;1.14618;885;0
2025.04.22 16:40;1.14621;1.14784;1.14581;1.14750;855;1
2025.04.22 16:50;1.14745;1.14850;1.14742;1.14750;861;0
2025.04.22 17:00;1.14743;1.14753;1.14649;1.14676;825;0
2025.04.22 17:10;1.14667;1.14670;1.14611;1.14656;614;0
2025.04.22 17:20;1.14656;1.14714;1.14638;1.14640;754;0
2025.04.22 17:30;1.14640;1.14846;1.14637;1.14816;832;0
2025.04.22 17:40;1.14814;1.14922;1.14810;1.14870;837;0
2025.04.22 17:50;1.14869;1.14870;1.14744;1.14778;942;0
2025.04.22 18:00;1.14779;1.14856;1.14768;1.14834;844;0
2025.04.22 18:10;1.14835;1.14848;1.14758;1.14798;744;0
2025.04.22 18:20;1.14799;1.14818;1.14770;1.14773;581;0
2025.04.22 18:30;1.14771;1.14812;1.14771;1.14795;510;0
2025.04.22 18:40;1.14796;1.14812;1.14758;1.14759;515;0
2025.04.22 18:50;1.14764;1.14791;1.14638;1.14648;687;0
2025.04.22 19:00;1.14648;1.14688;1.14499;1.14671;1154;1
2025.04.22 19:10;1.14671;1.14678;1.14499;1.14510;755;1
2025.04.22 19:20;1.14511;1.14524;1.14400;1.14514;960;1
2025.04.22 19:30;1.14514;1.14526;1.14429;1.14466;656;1
2025.04.22 19:40;1.14467;1.14496;1.14403;1.14413;514;0
2025.04.22 19:50;1.14413;1.14422;1.14332;1.14339;581;1
2025.04.22 20:00;1.14339;1.14357;1.14308;1.14323;470;1
2025.04.22 20:10;1.14323;1.14440;1.14311;1.14434;725;1
2025.04.22 20:20;1.14430;1.14486;1.14378;1.14448;745;1
2025.04.22 20:30;1.14448;1.14514;1.14344;1.14346;825;1
2025.04.22 20:40;1.14347;1.14425;1.14322;1.14425;508;0
2025.04.22 20:50;1.14422;1.14540;1.14417;1.14503;594;0
2025.04.22 21:00;1.14503;1.14503;1.14368;1.14375;530;0
2025.04.22 21:10;1.14376;1.14429;1.14349;1.14350;351;0
2025.04.22 21:20;1.14351;1.14380;1.14344;1.14350;365;0
2025.04.22 21:30;1.14349;1.14387;1.14318;1.14348;322;0
2025.04.22 21:40;1.14348;1.14349;1.14236;1.14275;388;0
2025.04.22 21:50;1.14275;1.14302;1.14228;1.14272;398;1
2025.04.22 22:00;1.14262;1.14297;1.14251;1.14266;353;0
2025.04.22 22:10;1.14270;1.14270;1.14222;1.14228;305;0
2025.04.22 22:20;1.14228;1.14274;1.14221;1.14274;256;1
2025.04.22 22:30;1.14279;1.14340;1.14261;1.14317;313;0
2025.04.22 22:40;1.14317;1.14319;1.14249;1.14261;315;0
2025.04.22 22:50;1.14260;1.14267;1.14200;1.14208;441;0
2025.04.22 23:00;1.14208;1.14290;1.14199;1.14277;381;0
2025.04.22 23:10;1.14277;1.14303;1.14268;1.14268;251;0
2025.04.22 23:20;1.14268;1.14271;1.14200;1.14201;199;0
2025.04.22 23:30;1.14202;1.14213;1.14198;1.14200;94;0
2025.04.22 23:40;1.14197;1.14203;1.14177;1.14179;168;5
2025.04.22 23:50;1.14179;1.14206;1.14172;1.14201;188;5
2025.04.23 00:00;1.14191;1.14230;1.14159;1.14230;43;50
2025.04.23 00:10;1.14230;1.14252;1.14215;1.14230;125;47
2025.04.23 00:20;1.14228;1.14238;1.14060;1.14065;297;24
2025.04.23 00:30;1.14065;1.14068;1.13691;1.13813;569;24
2025.04.23 00:40;1.13813;1.13817;1.13705;1.13727;345;24
2025.04.23 00:50;1.13723;1.13745;1.13614;1.13621;320;24
2025.04.23 01:00;1.13620;1.13654;1.13339;1.13544;1116;0
2025.04.23 01:10;1.13551;1.13700;1.13393;1.13433;961;0
2025.04.23 01:20;1.13432;1.13447;1.13154;1.13169;873;0
2025.04.23 01:30;1.13169;1.13308;1.13081;1.13138;1035;0
2025.04.23 01:40;1.13138;1.13429;1.13136;1.13398;794;0
2025.04.23 01:50;1.13398;1.13441;1.13331;1.13373;610;0
2025.04.23 02:00;1.13376;1.13496;1.13296;1.13490;693;0
2025.04.23 02:10;1.13490;1.13598;1.13490;1.13544;680;0
2025.04.23 02:20;1.13544;1.13582;1.13470;1.13478;725;0
2025.04.23 02:30;1.13479;1.13580;1.13442;1.13565;606;0
2025.04.23 02:40;1.13568;1.13624;1.13541;1.13599;687;0
2025.04.23 02:50;1.13598;1.13605;1.13431;1.13506;761;0
2025.04.23 03:00;1.13506;1.13693;1.13493;1.13693;1147;0
2025.04.23 03:10;1.13693;1.13750;1.13614;1.13737;876;0
2025.04.23 03:20;1.13740;1.13746;1.13678;1.13720;703;0
2025.04.23 03:30;1.13720;1.13827;1.13720;1.13826;773;0
2025.04.23 03:40;1.13826;1.13868;1.13773;1.13860;570;0
2025.04.23 03:50;1.13860;1.13981;1.13845;1.13974;832;0
2025.04.23 04:00;1.13977;1.14038;1.13858;1.13874;910;0
2025.04.23 04:10;1.13874;1.13940;1.13844;1.13897;799;0
2025.04.23 04:20;1.13897;1.13963;1.13863;1.13912;743;0
2025.04.23 04:30;1.13911;1.13999;1.13908;1.13995;694;0
2025.04.23 04:40;1.13995;1.14132;1.13980;1.14126;797;0
2025.04.23 04:50;1.14127;1.14152;1.14051;1.14072;631;0
2025.04.23 05:00;1.14071;1.14108;1.13975;1.14030;659;0
2025.04.23 05:10;1.14029;1.14030;1.13955;1.13976;634;0
2025.04.23 05:20;1.13975;1.14023;1.13944;1.13975;547;0
2025.04.23 05:30;1.13974;1.14001;1.13901;1.13963;565;0
2025.04.23 05:40;1.13963;1.14036;1.13954;1.14022;568;0
2025.04.23 05:50;1.14022;1.14047;1.14012;1.14047;481;0
2025.04.23 06:00;1.14047;1.14051;1.13992;1.14010;407;0
2025.04.23 06:10;1.14008;1.14010;1.13881;1.13883;461;0
2025.04.23 06:20;1.13883;1.13892;1.13777;1.13839;605;0
2025.04.23 06:30;1.13839;1.13872;1.13731;1.13754;549;0
2025.04.23 06:40;1.13754;1.13841;1.13743;1.13836;415;0
2025.04.23 06:50;1.13836;1.13867;1.13791;1.13792;491;0
2025.04.23 07:00;1.13792;1.13811;1.13737;1.13753;522;0
2025.04.23 07:10;1.13753;1.13807;1.13708;1.13796;357;0
2025.04.23 07:20;1.13796;1.13856;1.13790;1.13828;435;0
2025.04.23 07:30;1.13828;1.13880;1.13810;1.13862;439;0
2025.04.23 07:40;1.13862;1.13911;1.13843;1.13865;371;0
2025.04.23 07:50;1.13864;1.13919;1.13858;1.13901;366;0
2025.04.23 08:00;1.13902;1.13948;1.13863;1.13930;500;0
2025.04.23 08:10;1.13931;1.13955;1.13900;1.13933;418;0
2025.04.23 08:20;1.13933;1.13999;1.13879;1.13905;473;0
2025.04.23 08:30;1.13905;1.13953;1.13825;1.13836;564;0
2025.04.23 08:40;1.13840;1.13853;1.13737;1.13745;644;0
2025.04.23 08:50;1.13744;1.13817;1.13709;1.13765;649;0
2025.04.23 09:00;1.13766;1.13954;1.13747;1.13936;900;0
2025.04.23 09:10;1.13936;1.13964;1.13861;1.13922;942;0
2025.04.23 09:20;1.13922;1.13934;1.13811;1.13840;819;0
2025.04.23 09:30;1.13841;1.13855;1.13755;1.13806;820;0
2025.04.23 09:40;1.13806;1.13890;1.13749;1.13880;838;0
2025.04.23 09:50;1.13872;1.13898;1.13790;1.13849;833;0
2025.04.23 10:00;1.13851;1.13919;1.13783;1.13858;1052;0
2025.04.23 10:10;1.13859;1.13967;1.13830;1.13964;949;0
2025.04.23 10:20;1.13965;1.14052;1.13919;1.14017;880;2
2025.04.23 10:30;1.14012;1.14091;1.13917;1.13919;944;0
2025.04.23 10:40;1.13921;1.13956;1.13819;1.13846;889;0
2025.04.23 10:50;1.13846;1.13929;1.13816;1.13854;734;0
2025.04.23 11:00;1.13859;1.13916;1.13816;1.13849;801;0
2025.04.23 11:10;1.13848;1.13869;1.13799;1.13844;686;0
2025.04.23 11:20;1.13845;1.13961;1.13845;1.13954;708;0
2025.04.23 11:30;1.13922;1.14011;1.13917;1.13990;712;0
2025.04.23 11:40;1.13990;1.14097;1.13989;1.14055;644;0
2025.04.23 11:50;1.14056;1.14154;1.14054;1.14130;677;0
2025.04.23 12:00;1.14130;1.14310;1.14129;1.14268;781;0
2025.04.23 12:10;1.14268;1.14383;1.14242;1.14371;621;0
2025.04.23 12:20;1.14372;1.14393;1.14272;1.14299;679;0
2025.04.23 12:30;1.14303;1.14398;1.14302;1.14340;631;0
2025.04.23 12:40;1.14341;1.14348;1.14256;1.14271;542;0
2025.04.23 12:50;1.14272;1.14287;1.14181;1.14181;682;0
2025.04.23 13:00;1.14181;1.14189;1.14085;1.14094;600;0
2025.04.23 13:10;1.14094;1.14115;1.14038;1.14085;563;0
2025.04.23 13:20;1.14084;1.14090;1.13951;1.13974;598;0
2025.04.23 13:30;1.13973;1.14049;1.13901;1.14040;582;0
2025.04.23 13:40;1.14040;1.14062;1.14003;1.14041;427;0
2025.04.23 13:50;1.14040;1.14059;1.13992;1.14019;555;0
2025.04.23 14:00;1.14019;1.14050;1.13871;1.13873;637;1
2025.04.23 14:10;1.13873;1.14042;1.13862;1.14025;570;1
2025.04.23 14:20;1.14024;1.14040;1.13878;1.13975;554;0
2025.04.23 14:30;1.13976;1.14100;1.13976;1.14073;564;1
2025.04.23 14:40;1.14073;1.14159;1.14059;1.14147;594;1
2025.04.23 14:50;1.14145;1.14152;1.14062;1.14110;580;0
2025.04.23 15:00;1.14109;1.14199;1.14095;1.14148;663;0
2025.04.23 15:10;1.14149;1.14152;1.14030;1.14064;633;0
2025.04.23 15:20;1.14065;1.14079;1.14020;1.14042;643;0
2025.04.23 15:30;1.14043;1.14106;1.14021;1.14075;643;0
2025.04.23 15:40;1.14075;1.14136;1.14067;1.14119;573;0
2025.04.23 15:50;1.14121;1.14136;1.14025;1.14055;680;0
2025.04.23 16:00;1.14053;1.14125;1.14027;1.14081;774;0
2025.04.23 16:10;1.14079;1.14109;1.14031;1.14085;678;0
2025.04.23 16:20;1.14086;1.14106;1.13981;1.13982;625;0
2025.04.23 16:30;1.13982;1.14083;1.13796;1.13814;1253;0
2025.04.23 16:40;1.13812;1.14000;1.13599;1.13608;1631;2
2025.04.23 16:50;1.13608;1.13675;1.13334;1.13336;1606;1
2025.04.23 17:00;1.13331;1.13608;1.13281;1.13486;1505;0
2025.04.23 17:10;1.13487;1.13813;1.13478;1.13678;1471;0
2025.04.23 17:20;1.13678;1.13684;1.13495;1.13581;1258;0
2025.04.23 17:30;1.13586;1.13650;1.13522;1.13573;1251;0
2025.04.23 17:40;1.13573;1.13767;1.13530;1.13751;1222;0
2025.04.23 17:50;1.13752;1.13752;1.13450;1.13535;1519;0
2025.04.23 18:00;1.13535;1.13590;1.13461;1.13583;1333;0
2025.04.23 18:10;1.13574;1.13593;1.13475;1.13517;911;0
2025.04.23 18:20;1.13517;1.13834;1.13440;1.13783;1367;0
2025.04.23 18:30;1.13798;1.13799;1.13650;1.13735;1055;0
2025.04.23 18:40;1.13735;1.13739;1.13631;1.13653;967;0
2025.04.23 18:50;1.13651;1.13658;1.13470;1.13487;902;0
2025.04.23 19:00;1.13487;1.13576;1.13454;1.13564;855;0
2025.04.23 19:10;1.13563;1.13657;1.13446;1.13519;1137;1
2025.04.23 19:20;1.13519;1.13555;1.13483;1.13510;885;0
2025.04.23 19:30;1.13510;1.13549;1.13462;1.13479;758;0
2025.04.23 19:40;1.13477;1.13537;1.13475;1.13497;534;0
2025.04.23 19:50;1.13490;1.13502;1.13367;1.13398;524;1
2025.04.23 20:00;1.13398;1.13439;1.13349;1.13369;611;1
2025.04.23 20:10;1.13372;1.13386;1.13279;1.13317;427;0
2025.04.23 20:20;1.13317;1.13354;1.13262;1.13317;545;0
2025.04.23 20:30;1.13318;1.13407;1.13312;1.13379;504;1
2025.04.23 20:40;1.13377;1.13393;1.13294;1.13336;495;0
2025.04.23 20:50;1.13335;1.13356;1.13249;1.13295;525;0
2025.04.23 21:00;1.13294;1.13296;1.13214;1.13249;518;0
2025.04.23 21:10;1.13250;1.13301;1.13221;1.13263;635;0
2025.04.23 21:20;1.13263;1.13286;1.13182;1.13188;494;0
2025.04.23 21:30;1.13189;1.13227;1.13152;1.13202;439;0
2025.04.23 21:40;1.13204;1.13243;1.13160;1.13232;404;0
2025.04.23 21:50;1.13225;1.13259;1.13198;1.13238;483;0
2025.04.23 22:00;1.13233;1.13259;1.13183;1.13259;410;0
2025.04.23 22:10;1.13259;1.13292;1.13237;1.13272;300;1
2025.04.23 22:20;1.13273;1.13323;1.13266;1.13312;399;0
2025.04.23 22:30;1.13312;1.13316;1.13199;1.13220;419;0
2025.04.23 22:40;1.13213;1.13276;1.13206;1.13234;360;0
2025.04.23 22:50;1.13232;1.13280;1.13225;1.13273;357;0
2025.04.23 23:00;1.13273;1.13283;1.13215;1.13227;297;0
2025.04.23 23:10;1.13228;1.13236;1.13195;1.13196;224;0
2025.04.23 23:20;1.13196;1.13197;1.13104;1.13120;341;1
2025.04.23 23:30;1.13120;1.13154;1.13112;1.13149;249;0
2025.04.23 23:40;1.13149;1.13150;1.13112;1.13114;195;5
2025.04.23 23:50;1.13114;1.13153;1.13114;1.13145;315;5
2025.04.24 00:00;1.13106;1.13172;1.13088;1.13154;69;90
2025.04.24 00:10;1.13150;1.13178;1.13136;1.13154;72;38
2025.04.24 00:20;1.13142;1.13174;1.13142;1.13164;78;38
2025.04.24 00:30;1.13163;1.13193;1.13154;1.13192;89;25
2025.04.24 00:40;1.13193;1.13207;1.13163;1.13193;132;25
2025.04.24 00:50;1.13193;1.13245;1.13176;1.13228;178;25
2025.04.24 01:00;1.13214;1.13472;1.13208;1.13396;608;0
2025.04.24 01:10;1.13391;1.13440;1.13341;1.13440;322;0
2025.04.24 01:20;1.13441;1.13447;1.13382;1.13387;239;0
2025.04.24 01:30;1.13387;1.13424;1.13334;1.13390;373;0
2025.04.24 01:40;1.13390;1.13410;1.13337;1.13348;331;0
2025.04.24 01:50;1.13348;1.13383;1.13321;1.13322;284;0
2025.04.24 02:00;1.13323;1.13372;1.13306;1.13350;303;0
2025.04.24 02:10;1.13350;1.13384;1.13297;1.13329;205;0
2025.04.24 02:20;1.13327;1.13354;1.13273;1.13301;354;0
2025.04.24 02:30;1.13301;1.13335;1.13283;1.13310;305;0
2025.04.24 02:40;1.13310;1.13354;1.13291;1.13342;348;0
2025.04.24 02:50;1.13340;1.13341;1.13262;1.13293;454;0
2025.04.24 03:00;1.13295;1.13298;1.13214;1.13246;617;0
2025.04.24 03:10;1.13246;1.13305;1.13228;1.13303;594;0
2025.04.24 03:20;1.13304;1.13415;1.13297;1.13396;702;0
2025.04.24 03:30;1.13395;1.13401;1.13321;1.13332;561;0
2025.04.24 03:40;1.13332;1.13359;1.13301;1.13347;622;0
2025.04.24 03:50;1.13346;1.13469;1.13341;1.13435;822;0
2025.04.24 04:00;1.13435;1.13491;1.13403;1.13421;555;0
2025.04.24 04:10;1.13423;1.13516;1.13403;1.13483;654;0
2025.04.24 04:20;1.13485;1.13566;1.13484;1.13553;657;0
2025.04.24 04:30;1.13552;1.13565;1.13477;1.13535;651;0
2025.04.24 04:40;1.13535;1.13576;1.13497;1.13560;594;0
2025.04.24 04:50;1.13560;1.13563;1.13495;1.13497;556;0
2025.04.24 05:00;1.13500;1.13541;1.13468;1.13531;487;0
2025.04.24 05:10;1.13531;1.13572;1.13493;1.13498;433;0
2025.04.24 05:20;1.13498;1.13535;1.13462;1.13527;449;0
2025.04.24 05:30;1.13528;1.13540;1.13499;1.13514;488;0
2025.04.24 05:40;1.13513;1.13538;1.13483;1.13506;348;0
2025.04.24 05:50;1.13506;1.13565;1.13496;1.13551;277;0
2025.04.24 06:00;1.13551;1.13559;1.13467;1.13474;361;0
2025.04.24 06:10;1.13474;1.13475;1.13415;1.13427;336;0
2025.04.24 06:20;1.13426;1.13450;1.13423;1.13448;328;0
2025.04.24 06:30;1.13448;1.13455;1.13420;1.13435;335;0
2025.04.24 06:40;1.13435;1.13461;1.13370;1.13373;364;0
2025.04.24 06:50;1.13372;1.13430;1.13364;1.13381;278;0
2025.04.24 07:00;1.13385;1.13413;1.13327;1.13393;338;0
2025.04.24 07:10;1.13394;1.13423;1.13379;1.13397;277;0
2025.04.24 07:20;1.13396;1.13407;1.13369;1.13378;255;0
2025.04.24 07:30;1.13377;1.13398;1.13340;1.13341;219;0
2025.04.24 07:40;1.13338;1.13368;1.13324;1.13364;249;0
2025.04.24 07:50;1.13364;1.13411;1.13347;1.13393;315;0
2025.04.24 08:00;1.13391;1.13410;1.13348;1.13353;348;0
2025.04.24 08:10;1.13354;1.13397;1.13335;1.13397;289;0
2025.04.24 08:20;1.13398;1.13434;1.13378;1.13414;380;0
2025.04.24 08:30;1.13416;1.13456;1.13390;1.13395;449;0
2025.04.24 08:40;1.13395;1.13405;1.13307;1.13404;500;0
2025.04.24 08:50;1.13404;1.13412;1.13336;1.13364;517;0
2025.04.24 09:00;1.13364;1.13483;1.13360;1.13460;605;0
2025.04.24 09:10;1.13459;1.13520;1.13447;1.13519;642;0
2025.04.24 09:20;1.13519;1.13523;1.13475;1.13483;450;0
2025.04.24 09:30;1.13479;1.13544;1.13466;1.13482;579;0
2025.04.24 09:40;1.13481;1.13523;1.13467;1.13504;492;0
2025.04.24 09:50;1.13504;1.13544;1.13497;1.13523;544;0
2025.04.24 10:00;1.13523;1.13621;1.13518;1.13574;904;0
2025.04.24 10:10;1.13573;1.13656;1.13548;1.13644;641;0
2025.04.24 10:20;1.13645;1.13747;1.13643;1.13731;631;0
2025.04.24 10:30;1.13733;1.13776;1.13712;1.13722;581;0
2025.04.24 10:40;1.13723;1.13768;1.13708;1.13767;480;0
2025.04.24 10:50;1.13767;1.13804;1.13733;1.13799;498;0
2025.04.24 11:00;1.13798;1.13930;1.13798;1.13872;706;0
2025.04.24 11:10;1.13872;1.13902;1.13806;1.13818;651;0
2025.04.24 11:20;1.13818;1.13818;1.13751;1.13770;531;0
2025.04.24 11:30;1.13775;1.13850;1.13632;1.13736;767;0
2025.04.24 11:40;1.13734;1.13783;1.13675;1.13762;865;0
2025.04.24 11:50;1.13762;1.13828;1.13755;1.13805;565;0
2025.04.24 12:00;1.13804;1.13899;1.13786;1.13899;520;0
2025.04.24 12:10;1.13899;1.13911;1.13807;1.13843;489;0
2025.04.24 12:20;1.13843;1.13891;1.13828;1.13839;489;0
2025.04.24 12:30;1.13839;1.13845;1.13752;1.13787;450;0
2025.04.24 12:40;1.13783;1.13808;1.13753;1.13788;465;0
2025.04.24 12:50;1.13789;1.13875;1.13771;1.13845;497;0
2025.04.24 13:00;1.13845;1.13946;1.13794;1.13938;505;0
2025.04.24 13:10;1.13937;1.13944;1.13869;1.13887;481;0
2025.04.24 13:20;1.13887;1.13900;1.13868;1.13876;356;0
2025.04.24 13:30;1.13872;1.13914;1.13857;1.13867;348;0
2025.04.24 13:40;1.13866;1.13899;1.13809;1.13888;448;0
2025.04.24 13:50;1.13888;1.13891;1.13761;1.13792;556;0
2025.04.24 14:00;1.13792;1.13843;1.13784;1.13840;439;0
2025.04.24 14:10;1.13836;1.13896;1.13831;1.13891;421;0
2025.04.24 14:20;1.13890;1.13901;1.13851;1.13883;322;0
2025.04.24 14:30;1.13881;1.13881;1.13763;1.13793;465;0
2025.04.24 14:40;1.13789;1.13889;1.13789;1.13845;549;1
2025.04.24 14:50;1.13852;1.13853;1.13684;1.13730;763;1
2025.04.24 15:00;1.13728;1.13772;1.13693;1.13754;659;0
2025.04.24 15:10;1.13757;1.13786;1.13655;1.13670;578;0
2025.04.24 15:20;1.13669;1.13686;1.13614;1.13634;651;0
2025.04.24 15:30;1.13634;1.13701;1.13580;1.13678;873;1
2025.04.24 15:40;1.13678;1.13783;1.13650;1.13746;801;0
2025.04.24 15:50;1.13745;1.13778;1.13700;1.13766;741;0
2025.04.24 16:00;1.13771;1.13840;1.13752;1.13781;746;0
2025.04.24 16:10;1.13781;1.13798;1.13693;1.13723;692;0
2025.04.24 16:20;1.13722;1.13799;1.13722;1.13741;521;0
2025.04.24 16:30;1.13741;1.13799;1.13729;1.13786;725;0
2025.04.24 16:40;1.13786;1.13786;1.13634;1.13647;700;0
2025.04.24 16:50;1.13648;1.13778;1.13637;1.13760;588;0
2025.04.24 17:00;1.13764;1.13800;1.13711;1.13775;736;0
2025.04.24 17:10;1.13771;1.13871;1.13742;1.13766;757;1
2025.04.24 17:20;1.13766;1.13856;1.13760;1.13810;674;0
2025.04.24 17:30;1.13808;1.13847;1.13765;1.13821;724;0
2025.04.24 17:40;1.13822;1.13871;1.13753;1.13755;835;0
2025.04.24 17:50;1.13753;1.13760;1.13630;1.13727;1057;1
2025.04.24 18:00;1.13728;1.13759;1.13637;1.13665;787;0
2025.04.24 18:10;1.13666;1.13727;1.13509;1.13521;828;0
2025.04.24 18:20;1.13521;1.13610;1.13518;1.13581;746;0
2025.04.24 18:30;1.13584;1.13637;1.13529;1.13529;611;0
2025.04.24 18:40;1.13529;1.13597;1.13474;1.13566;628;0
2025.04.24 18:50;1.13567;1.13634;1.13553;1.13609;643;0
2025.04.24 19:00;1.13620;1.13684;1.13578;1.13612;533;1
2025.04.24 19:10;1.13612;1.13671;1.13593;1.13670;525;0
2025.04.24 19:20;1.13669;1.13727;1.13666;1.13692;591;0
2025.04.24 19:30;1.13691;1.13702;1.13614;1.13663;442;0
2025.04.24 19:40;1.13663;1.13760;1.13663;1.13760;551;1
2025.04.24 19:50;1.13756;1.13807;1.13721;1.13801;483;0
2025.04.24 20:00;1.13800;1.13856;1.13760;1.13786;447;0
2025.04.24 20:10;1.13786;1.13786;1.13711;1.13715;387;0
2025.04.24 20:20;1.13717;1.13741;1.13694;1.13735;344;0
2025.04.24 20:30;1.13735;1.13746;1.13673;1.13744;359;1
2025.04.24 20:40;1.13744;1.13760;1.13691;1.13724;333;0
2025.04.24 20:50;1.13719;1.13743;1.13679;1.13691;348;0
2025.04.24 21:00;1.13691;1.13730;1.13653;1.13704;396;0
2025.04.24 21:10;1.13703;1.13724;1.13695;1.13710;329;0
2025.04.24 21:20;1.13710;1.13713;1.13636;1.13649;354;0
2025.04.24 21:30;1.13649;1.13707;1.13644;1.13682;315;0
2025.04.24 21:40;1.13682;1.13773;1.13681;1.13770;303;0
2025.04.24 21:50;1.13769;1.13795;1.13753;1.13781;303;0
2025.04.24 22:00;1.13780;1.13814;1.13775;1.13798;337;0
2025.04.24 22:10;1.13798;1.13874;1.13795;1.13871;373;0
2025.04.24 22:20;1.13872;1.13908;1.13840;1.13898;345;1
2025.04.24 22:30;1.13898;1.13974;1.13896;1.13962;319;0
2025.04.24 22:40;1.13962;1.13974;1.13887;1.13893;357;0
2025.04.24 22:50;1.13890;1.13903;1.13847;1.13848;355;0
2025.04.24 23:00;1.13846;1.13877;1.13819;1.13877;246;0
2025.04.24 23:10;1.13877;1.13910;1.13851;1.13855;206;0
2025.04.24 23:20;1.13855;1.13937;1.13845;1.13929;189;0
2025.04.24 23:30;1.13930;1.13967;1.13927;1.13951;182;0
2025.04.24 23:40;1.13948;1.13977;1.13945;1.13976;164;5
2025.04.24 23:50;1.13973;1.13973;1.13881;1.13884;386;5
2025.04.25 00:00;1.13834;1.13849;1.13796;1.13811;206;60
2025.04.25 00:10;1.13811;1.13890;1.13808;1.13864;511;26
2025.04.25 00:20;1.13865;1.13907;1.13857;1.13893;164;28
2025.04.25 00:30;1.13893;1.13920;1.13884;1.13894;100;24
2025.04.25 00:40;1.13894;1.13899;1.13888;1.13888;53;24
2025.04.25 00:50;1.13888;1.13898;1.13861;1.13865;131;24
2025.04.25 01:00;1.13868;1.13915;1.13845;1.13869;305;0
2025.04.25 01:10;1.13870;1.13889;1.13855;1.13859;256;0
2025.04.25 01:20;1.13861;1.13867;1.13841;1.13866;202;0
2025.04.25 01:30;1.13866;1.13890;1.13850;1.13861;190;0
2025.04.25 01:40;1.13862;1.13900;1.13861;1.13873;170;0
2025.04.25 01:50;1.13872;1.13888;1.13858;1.13865;192;0
2025.04.25 02:00;1.13868;1.13882;1.13847;1.13849;174;0
2025.04.25 02:10;1.13850;1.13861;1.13789;1.13792;201;0
2025.04.25 02:20;1.13792;1.13792;1.13738;1.13747;241;0
2025.04.25 02:30;1.13747;1.13771;1.13725;1.13750;304;0
2025.04.25 02:40;1.13749;1.13751;1.13712;1.13731;327;0
2025.04.25 02:50;1.13731;1.13735;1.13706;1.13727;224;0
2025.04.25 03:00;1.13727;1.13727;1.13621;1.13659;578;0
2025.04.25 03:10;1.13659;1.13676;1.13608;1.13612;476;0
2025.04.25 03:20;1.13611;1.13648;1.13570;1.13585;403;0
2025.04.25 03:30;1.13585;1.13585;1.13501;1.13504;456;0
2025.04.25 03:40;1.13505;1.13559;1.13489;1.13555;477;0
2025.04.25 03:50;1.13555;1.13604;1.13466;1.13472;689;0
2025.04.25 04:00;1.13473;1.13505;1.13434;1.13479;577;0
2025.04.25 04:10;1.13479;1.13551;1.13474;1.13525;492;0
2025.04.25 04:20;1.13524;1.13550;1.13497;1.13526;486;0
2025.04.25 04:30;1.13526;1.13553;1.13499;1.13524;512;0
2025.04.25 04:40;1.13524;1.13534;1.13436;1.13461;562;0
2025.04.25 04:50;1.13462;1.13501;1.13424;1.13436;570;0
2025.04.25 05:00;1.13436;1.13512;1.13424;1.13509;442;0
2025.04.25 05:10;1.13510;1.13517;1.13463;1.13468;311;0
2025.04.25 05:20;1.13469;1.13483;1.13441;1.13481;306;0
2025.04.25 05:30;1.13480;1.13513;1.13414;1.13465;457;0
2025.04.25 05:40;1.13463;1.13468;1.13437;1.13459;342;0
2025.04.25 05:50;1.13459;1.13504;1.13459;1.13481;415;0
2025.04.25 06:00;1.13481;1.13517;1.13481;1.13498;330;0
2025.04.25 06:10;1.13499;1.13517;1.13481;1.13510;337;0
2025.04.25 06:20;1.13510;1.13594;1.13449;1.13463;818;0
2025.04.25 06:30;1.13462;1.13463;1.13289;1.13309;764;0
2025.04.25 06:40;1.13310;1.13337;1.13281;1.13288;640;0
2025.04.25 06:50;1.13289;1.13332;1.13249;1.13258;616;0
2025.04.25 07:00;1.13258;1.13270;1.13157;1.13227;764;0
2025.04.25 07:10;1.13229;1.13291;1.13225;1.13283;545;0
2025.04.25 07:20;1.13284;1.13337;1.13273;1.13319;407;0
2025.04.25 07:30;1.13319;1.13321;1.13275;1.13299;483;0
2025.04.25 07:40;1.13300;1.13332;1.13293;1.13328;405;0
2025.04.25 07:50;1.13326;1.13362;1.13322;1.13350;431;0
2025.04.25 08:00;1.13348;1.13400;1.13342;1.13393;403;0
2025.04.25 08:10;1.13393;1.13417;1.13376;1.13413;375;0
2025.04.25 08:20;1.13414;1.13414;1.13337;1.13359;551;0
2025.04.25 08:30;1.13359;1.13400;1.13339;1.13385;471;0
2025.04.25 08:40;1.13384;1.13385;1.13272;1.13272;649;0
2025.04.25 08:50;1.13271;1.13334;1.13255;1.13311;628;0
2025.04.25 09:00;1.13310;1.13327;1.13219;1.13238;660;1
2025.04.25 09:10;1.13239;1.13351;1.13234;1.13349;640;0
2025.04.25 09:20;1.13349;1.13421;1.13337;1.13408;505;0
2025.04.25 09:30;1.13408;1.13534;1.13404;1.13534;670;0
2025.04.25 09:40;1.13534;1.13575;1.13444;1.13446;519;0
2025.04.25 09:50;1.13446;1.13476;1.13416;1.13416;496;0
2025.04.25 10:00;1.13418;1.13561;1.13418;1.13485;672;0
2025.04.25 10:10;1.13481;1.13680;1.13480;1.13653;982;0
2025.04.25 10:20;1.13653;1.13653;1.13566;1.13592;763;0
2025.04.25 10:30;1.13594;1.13676;1.13560;1.13644;676;0
2025.04.25 10:40;1.13643;1.13677;1.13608;1.13654;600;0
2025.04.25 10:50;1.13653;1.13661;1.13585;1.13599;604;0
2025.04.25 11:00;1.13599;1.13644;1.13557;1.13575;530;0
2025.04.25 11:10;1.13575;1.13577;1.13504;1.13507;605;0
2025.04.25 11:20;1.13508;1.13543;1.13484;1.13506;407;0
2025.04.25 11:30;1.13505;1.13538;1.13469;1.13509;450;0
2025.04.25 11:40;1.13511;1.13535;1.13397;1.13422;475;0
2025.04.25 11:50;1.13422;1.13515;1.13409;1.13505;564;0
2025.04.25 12:00;1.13505;1.13555;1.13474;1.13543;648;0
2025.04.25 12:10;1.13543;1.13592;1.13526;1.13558;482;0
2025.04.25 12:20;1.13558;1.13608;1.13523;1.13542;500;0
2025.04.25 12:30;1.13542;1.13592;1.13515;1.13574;442;0
2025.04.25 12:40;1.13574;1.13577;1.13507;1.13519;467;0
2025.04.25 12:50;1.13520;1.13552;1.13450;1.13463;494;0
2025.04.25 13:00;1.13463;1.13517;1.13463;1.13498;512;0
2025.04.25 13:10;1.13498;1.13515;1.13422;1.13423;591;0
2025.04.25 13:20;1.13423;1.13456;1.13341;1.13432;783;0
2025.04.25 13:30;1.13432;1.13563;1.13429;1.13546;553;0
2025.04.25 13:40;1.13546;1.13597;1.13536;1.13567;459;0
2025.04.25 13:50;1.13568;1.13574;1.13495;1.13559;581;0
2025.04.25 14:00;1.13558;1.13583;1.13514;1.13559;486;1
2025.04.25 14:10;1.13559;1.13598;1.13540;1.13568;407;0
2025.04.25 14:20;1.13568;1.13667;1.13567;1.13649;420;0
2025.04.25 14:30;1.13649;1.13656;1.13608;1.13644;378;0
2025.04.25 14:40;1.13643;1.13649;1.13572;1.13583;365;0
2025.04.25 14:50;1.13582;1.13608;1.13460;1.13496;660;0
2025.04.25 15:00;1.13493;1.13588;1.13493;1.13572;494;0
2025.04.25 15:10;1.13571;1.13595;1.13490;1.13523;494;0
2025.04.25 15:20;1.13524;1.13578;1.13505;1.13533;539;0
2025.04.25 15:30;1.13540;1.13588;1.13512;1.13576;428;0
2025.04.25 15:40;1.13572;1.13599;1.13548;1.13549;365;0
2025.04.25 15:50;1.13548;1.13562;1.13498;1.13525;460;0
2025.04.25 16:00;1.13525;1.13538;1.13445;1.13507;650;0
2025.04.25 16:10;1.13507;1.13514;1.13427;1.13468;612;0
2025.04.25 16:20;1.13471;1.13509;1.13337;1.13402;625;0
2025.04.25 16:30;1.13401;1.13414;1.13329;1.13373;838;1
2025.04.25 16:40;1.13372;1.13453;1.13342;1.13444;748;0
2025.04.25 16:50;1.13445;1.13550;1.13418;1.13533;686;0
2025.04.25 17:00;1.13533;1.13631;1.13524;1.13608;812;0
2025.04.25 17:10;1.13608;1.13716;1.13582;1.13612;750;0
2025.04.25 17:20;1.13612;1.13700;1.13578;1.13694;850;0
2025.04.25 17:30;1.13695;1.13786;1.13647;1.13784;696;0
2025.04.25 17:40;1.13784;1.13807;1.13688;1.13707;715;0
2025.04.25 17:50;1.13704;1.13753;1.13677;1.13684;857;0
2025.04.25 18:00;1.13684;1.13686;1.13600;1.13612;582;0
2025.04.25 18:10;1.13614;1.13648;1.13578;1.13635;570;0
2025.04.25 18:20;1.13641;1.13684;1.13598;1.13684;443;0
2025.04.25 18:30;1.13683;1.13757;1.13683;1.13722;510;0
2025.04.25 18:40;1.13721;1.13803;1.13712;1.13803;411;0
2025.04.25 18:50;1.13804;1.13824;1.13777;1.13804;412;0
2025.04.25 19:00;1.13804;1.13860;1.13778;1.13853;427;0
2025.04.25 19:10;1.13853;1.13887;1.13772;1.13776;396;1
2025.04.25 19:20;1.13776;1.13800;1.13765;1.13793;398;0
2025.04.25 19:30;1.13793;1.13835;1.13789;1.13815;303;0
2025.04.25 19:40;1.13815;1.13815;1.13753;1.13781;385;1
2025.04.25 19:50;1.13781;1.13781;1.13684;1.13686;353;0
2025.04.25 20:00;1.13686;1.13734;1.13686;1.13724;329;0
2025.04.25 20:10;1.13724;1.13728;1.13681;1.13715;393;0
2025.04.25 20:20;1.13715;1.13715;1.13650;1.13663;440;0
2025.04.25 20:30;1.13662;1.13756;1.13658;1.13753;447;0
2025.04.25 20:40;1.13754;1.13777;1.13723;1.13773;504;1
2025.04.25 20:50;1.13772;1.13827;1.13764;1.13765;485;0
2025.04.25 21:00;1.13765;1.13791;1.13727;1.13747;432;0
2025.04.25 21:10;1.13748;1.13751;1.13691;1.13705;388;0
2025.04.25 21:20;1.13706;1.13751;1.13699;1.13745;388;0
2025.04.25 21:30;1.13746;1.13766;1.13717;1.13765;278;0
2025.04.25 21:40;1.13766;1.13775;1.13752;1.13758;200;0
2025.04.25 21:50;1.13759;1.13808;1.13751;1.13796;273;1
2025.04.25 22:00;1.13795;1.13809;1.13754;1.13763;271;0
2025.04.25 22:10;1.13762;1.13789;1.13755;1.13783;192;0
2025.04.25 22:20;1.13783;1.13793;1.13764;1.13786;136;0
2025.04.25 22:30;1.13787;1.13792;1.13766;1.13778;186;0
2025.04.25 22:40;1.13777;1.13790;1.13710;1.13711;260;0
2025.04.25 22:50;1.13708;1.13722;1.13587;1.13592;582;2
2025.04.25 23:00;1.13593;1.13643;1.13593;1.13626;317;1
2025.04.25 23:10;1.13627;1.13627;1.13580;1.13591;161;0
2025.04.25 23:20;1.13590;1.13600;1.13583;1.13583;115;0
2025.04.25 23:30;1.13584;1.13622;1.13566;1.13622;155;0
2025.04.25 23:40;1.13620;1.13622;1.13575;1.13578;124;5
2025.04.25 23:50;1.13578;1.13600;1.13578;1.13597;97;8
2025.04.28 00:00;1.13599;1.13613;1.13582;1.13596;18;93
2025.04.28 00:10;1.13596;1.13596;1.13595;1.13596;21;99
2025.04.28 00:20;1.13596;1.13608;1.13595;1.13606;15;97
2025.04.28 00:30;1.13604;1.13647;1.13604;1.13612;53;25
2025.04.28 00:40;1.13610;1.13610;1.13577;1.13599;68;25
2025.04.28 00:50;1.13589;1.13618;1.13589;1.13617;23;25
2025.04.28 01:00;1.13618;1.13656;1.13593;1.13600;265;0
2025.04.28 01:10;1.13600;1.13600;1.13499;1.13500;224;0
2025.04.28 01:20;1.13500;1.13522;1.13486;1.13500;197;0
2025.04.28 01:30;1.13500;1.13500;1.13398;1.13462;193;0
2025.04.28 01:40;1.13463;1.13500;1.13462;1.13499;20;0
2025.04.28 01:50;1.13499;1.13499;1.13499;1.13499;6;2
2025.04.28 02:00;1.13499;1.13550;1.13498;1.13543;144;0
2025.04.28 02:10;1.13542;1.13543;1.13491;1.13499;99;0
2025.04.28 02:20;1.13499;1.13499;1.13499;1.13499;10;2
2025.04.28 02:30;1.13499;1.13549;1.13498;1.13546;74;0
2025.04.28 02:40;1.13549;1.13550;1.13464;1.13481;314;0
2025.04.28 02:50;1.13482;1.13492;1.13411;1.13451;426;0
2025.04.28 03:00;1.13453;1.13606;1.13447;1.13600;617;0
2025.04.28 03:10;1.13600;1.13600;1.13549;1.13561;419;0
2025.04.28 03:20;1.13562;1.13617;1.13549;1.13603;419;0
2025.04.28 03:30;1.13602;1.13608;1.13564;1.13589;421;0
2025.04.28 03:40;1.13589;1.13639;1.13589;1.13615;346;0
2025.04.28 03:50;1.13615;1.13645;1.13568;1.13638;559;0
2025.04.28 04:00;1.13637;1.13666;1.13593;1.13631;559;0
2025.04.28 04:10;1.13631;1.13666;1.13628;1.13639;456;0
2025.04.28 04:20;1.13639;1.13642;1.13521;1.13529;405;0
2025.04.28 04:30;1.13529;1.13600;1.13525;1.13573;592;0
2025.04.28 04:40;1.13575;1.13584;1.13530;1.13559;579;0
2025.04.28 04:50;1.13559;1.13575;1.13498;1.13511;462;0
2025.04.28 05:00;1.13512;1.13532;1.13459;1.13481;543;0
2025.04.28 05:10;1.13478;1.13501;1.13430;1.13495;440;0
2025.04.28 05:20;1.13495;1.13512;1.13456;1.13462;376;0
2025.04.28 05:30;1.13461;1.13521;1.13457;1.13520;356;0
2025.04.28 05:40;1.13520;1.13556;1.13503;1.13551;280;0
2025.04.28 05:50;1.13551;1.13572;1.13532;1.13536;263;0
2025.04.28 06:00;1.13536;1.13554;1.13512;1.13548;280;0
2025.04.28 06:10;1.13549;1.13600;1.13539;1.13592;271;0
2025.04.28 06:20;1.13593;1.13593;1.13545;1.13579;353;0
2025.04.28 06:30;1.13574;1.13591;1.13555;1.13579;257;0
2025.04.28 06:40;1.13579;1.13604;1.13550;1.13593;258;0
2025.04.28 06:50;1.13593;1.13600;1.13558;1.13561;312;0
2025.04.28 07:00;1.13561;1.13568;1.13525;1.13567;422;0
2025.04.28 07:10;1.13568;1.13610;1.13567;1.13601;294;0
2025.04.28 07:20;1.13602;1.13625;1.13592;1.13623;260;0
2025.04.28 07:30;1.13619;1.13643;1.13611;1.13634;410;0
2025.04.28 07:40;1.13634;1.13666;1.13607;1.13660;431;0
2025.04.28 07:50;1.13664;1.13728;1.13662;1.13724;362;0
2025.04.28 08:00;1.13724;1.13789;1.13718;1.13756;359;0
2025.04.28 08:10;1.13757;1.13788;1.13750;1.13776;320;0
2025.04.28 08:20;1.13775;1.13800;1.13757;1.13773;305;0
2025.04.28 08:30;1.13773;1.13808;1.13755;1.13768;393;0
2025.04.28 08:40;1.13767;1.13786;1.13746;1.13762;379;0
2025.04.28 08:50;1.13762;1.13762;1.13726;1.13743;437;0
2025.04.28 09:00;1.13742;1.13743;1.13687;1.13687;426;0
2025.04.28 09:10;1.13679;1.13739;1.13672;1.13720;563;0
2025.04.28 09:20;1.13720;1.13728;1.13637;1.13649;543;0
2025.04.28 09:30;1.13651;1.13663;1.13520;1.13525;598;0
2025.04.28 09:40;1.13525;1.13525;1.13439;1.13470;663;0
2025.04.28 09:50;1.13469;1.13471;1.13294;1.13317;760;0
2025.04.28 10:00;1.13315;1.13443;1.13311;1.13438;824;0
2025.04.28 10:10;1.13438;1.13472;1.13381;1.13443;597;0
2025.04.28 10:20;1.13445;1.13506;1.13424;1.13499;518;0
2025.04.28 10:30;1.13500;1.13572;1.13465;1.13563;580;0
2025.04.28 10:40;1.13563;1.13619;1.13516;1.13516;490;0
2025.04.28 10:50;1.13515;1.13547;1.13440;1.13483;517;0
2025.04.28 11:00;1.13483;1.13500;1.13424;1.13492;665;0
2025.04.28 11:10;1.13491;1.13493;1.13405;1.13449;547;0
2025.04.28 11:20;1.13448;1.13472;1.13353;1.13363;523;0
2025.04.28 11:30;1.13364;1.13517;1.13358;1.13493;529;0
2025.04.28 11:40;1.13498;1.13515;1.13464;1.13475;419;0
2025.04.28 11:50;1.13476;1.13481;1.13425;1.13437;451;0
2025.04.28 12:00;1.13435;1.13516;1.13423;1.13492;530;0
2025.04.28 12:10;1.13492;1.13497;1.13429;1.13449;499;0
2025.04.28 12:20;1.13449;1.13556;1.13436;1.13543;519;0
2025.04.28 12:30;1.13543;1.13569;1.13491;1.13524;484;0
2025.04.28 12:40;1.13524;1.13586;1.13487;1.13583;468;0
2025.04.28 12:50;1.13583;1.13583;1.13499;1.13500;532;0
2025.04.28 13:00;1.13500;1.13543;1.13458;1.13523;489;0
2025.04.28 13:10;1.13522;1.13566;1.13503;1.13555;392;0
2025.04.28 13:20;1.13554;1.13586;1.13542;1.13558;384;0
2025.04.28 13:30;1.13558;1.13605;1.13532;1.13580;408;0
2025.04.28 13:40;1.13580;1.13590;1.13531;1.13573;357;0
2025.04.28 13:50;1.13573;1.13590;1.13491;1.13506;444;0
2025.04.28 14:00;1.13505;1.13505;1.13448;1.13481;410;0
2025.04.28 14:10;1.13481;1.13495;1.13453;1.13462;315;0
2025.04.28 14:20;1.13459;1.13468;1.13409;1.13442;390;0
2025.04.28 14:30;1.13442;1.13487;1.13440;1.13458;441;0
2025.04.28 14:40;1.13458;1.13495;1.13417;1.13486;367;0
2025.04.28 14:50;1.13486;1.13562;1.13484;1.13516;511;0
2025.04.28 15:00;1.13521;1.13597;1.13513;1.13576;681;2
2025.04.28 15:10;1.13576;1.13652;1.13558;1.13642;603;0
2025.04.28 15:20;1.13650;1.13728;1.13632;1.13719;562;0
2025.04.28 15:30;1.13719;1.13727;1.13608;1.13644;543;1
2025.04.28 15:40;1.13644;1.13645;1.13540;1.13567;535;0
2025.04.28 15:50;1.13568;1.13578;1.13505;1.13510;576;0
2025.04.28 16:00;1.13515;1.13543;1.13441;1.13480;604;1
2025.04.28 16:10;1.13482;1.13514;1.13397;1.13435;600;1
2025.04.28 16:20;1.13436;1.13546;1.13436;1.13530;554;0
2025.04.28 16:30;1.13530;1.13647;1.13525;1.13630;691;0
2025.04.28 16:40;1.13629;1.13741;1.13628;1.13680;824;0
2025.04.28 16:50;1.13680;1.13684;1.13556;1.13647;830;0
2025.04.28 17:00;1.13648;1.13689;1.13627;1.13646;747;0
2025.04.28 17:10;1.13644;1.13644;1.13573;1.13613;563;0
2025.04.28 17:20;1.13612;1.13739;1.13599;1.13692;681;0
2025.04.28 17:30;1.13692;1.13953;1.13689;1.13953;844;0
2025.04.28 17:40;1.13959;1.14136;1.13922;1.13945;1156;2
2025.04.28 17:50;1.13945;1.13961;1.13773;1.13788;1181;1
2025.04.28 18:00;1.13788;1.13862;1.13769;1.13822;872;0
2025.04.28 18:10;1.13822;1.13839;1.13712;1.13789;681;0
2025.04.28 18:20;1.13797;1.13819;1.13730;1.13817;674;0
2025.04.28 18:30;1.13816;1.13882;1.13795;1.13852;676;0
2025.04.28 18:40;1.13852;1.13925;1.13833;1.13837;588;0
2025.04.28 18:50;1.13837;1.13870;1.13808;1.13862;537;0
2025.04.28 19:00;1.13862;1.13960;1.13858;1.13944;577;1
2025.04.28 19:10;1.13943;1.14061;1.13924;1.13960;676;0
2025.04.28 19:20;1.13961;1.13993;1.13851;1.13935;624;0
2025.04.28 19:30;1.13936;1.13943;1.13876;1.13934;491;0
2025.04.28 19:40;1.13938;1.14025;1.13938;1.13982;472;0
2025.04.28 19:50;1.13987;1.14222;1.13987;1.14113;782;1
2025.04.28 20:00;1.14113;1.14135;1.14061;1.14109;614;0
2025.04.28 20:10;1.14108;1.14141;1.14077;1.14107;524;0
2025.04.28 20:20;1.14107;1.14172;1.14093;1.14150;548;0
2025.04.28 20:30;1.14143;1.14191;1.14081;1.14083;519;0
2025.04.28 20:40;1.14083;1.14111;1.14068;1.14074;363;0
2025.04.28 20:50;1.14074;1.14076;1.14004;1.14009;373;0
2025.04.28 21:00;1.14010;1.14099;1.14003;1.14085;374;0
2025.04.28 21:10;1.14083;1.14107;1.14035;1.14052;296;1
2025.04.28 21:20;1.14051;1.14099;1.14048;1.14097;290;0
2025.04.28 21:30;1.14101;1.14140;1.14069;1.14112;383;1
2025.04.28 21:40;1.14113;1.14127;1.14047;1.14088;436;1
2025.04.28 21:50;1.14089;1.14140;1.14080;1.14135;412;0
2025.04.28 22:00;1.14135;1.14222;1.14133;1.14203;388;0
2025.04.28 22:10;1.14204;1.14214;1.14172;1.14209;283;0
2025.04.28 22:20;1.14209;1.14217;1.14170;1.14178;273;0
2025.04.28 22:30;1.14177;1.14229;1.14149;1.14211;310;0
2025.04.28 22:40;1.14210;1.14226;1.14197;1.14220;287;0
2025.04.28 22:50;1.14219;1.14247;1.14210;1.14219;306;0
2025.04.28 23:00;1.14221;1.14241;1.14201;1.14215;263;1
2025.04.28 23:10;1.14215;1.14245;1.14195;1.14198;207;0
2025.04.28 23:20;1.14197;1.14248;1.14197;1.14238;190;0
2025.04.28 23:30;1.14238;1.14242;1.14196;1.14209;152;0
2025.04.28 23:40;1.14206;1.14219;1.14194;1.14202;163;5
2025.04.28 23:50;1.14199;1.14235;1.14184;1.14199;224;5
2025.04.29 00:00;1.14163;1.14214;1.14102;1.14209;32;26
2025.04.29 00:10;1.14205;1.14208;1.14180;1.14182;27;34
2025.04.29 00:20;1.14182;1.14204;1.14180;1.14204;45;40
2025.04.29 00:30;1.14201;1.14212;1.14199;1.14205;47;25
2025.04.29 00:40;1.14204;1.14211;1.14199;1.14199;27;24
2025.04.29 00:50;1.14199;1.14209;1.14197;1.14201;46;24
2025.04.29 01:00;1.14209;1.14221;1.14185;1.14199;210;0
2025.04.29 01:10;1.14200;1.14203;1.14129;1.14132;190;0
2025.04.29 01:20;1.14132;1.14164;1.14123;1.14133;242;0
2025.04.29 01:30;1.14133;1.14165;1.14121;1.14161;194;0
2025.04.29 01:40;1.14161;1.14161;1.14125;1.14127;137;0
2025.04.29 01:50;1.14131;1.14147;1.14121;1.14128;144;0
2025.04.29 02:00;1.14130;1.14220;1.14078;1.14109;448;0
2025.04.29 02:10;1.14110;1.14110;1.14030;1.14032;323;0
2025.04.29 02:20;1.14032;1.14071;1.14007;1.14064;250;0
2025.04.29 02:30;1.14063;1.14074;1.14046;1.14062;182;0
2025.04.29 02:40;1.14062;1.14100;1.14057;1.14074;245;0
2025.04.29 02:50;1.14074;1.14097;1.14073;1.14080;301;0
2025.04.29 03:00;1.14080;1.14102;1.14051;1.14097;371;0
2025.04.29 03:10;1.14097;1.14163;1.14097;1.14141;439;0
2025.04.29 03:20;1.14140;1.14142;1.14049;1.14058;434;0
2025.04.29 03:30;1.14058;1.14100;1.14055;1.14089;343;0
2025.04.29 03:40;1.14089;1.14094;1.14021;1.14024;439;0
2025.04.29 03:50;1.14024;1.14049;1.13992;1.13998;463;0
2025.04.29 04:00;1.13999;1.14048;1.13987;1.14009;410;0
2025.04.29 04:10;1.14009;1.14087;1.14009;1.14058;376;0
2025.04.29 04:20;1.14058;1.14068;1.14024;1.14028;407;0
2025.04.29 04:30;1.14029;1.14030;1.13983;1.13998;445;0
2025.04.29 04:40;1.13998;1.14002;1.13915;1.13917;505;0
2025.04.29 04:50;1.13917;1.13927;1.13875;1.13926;428;0
2025.04.29 05:00;1.13927;1.14033;1.13923;1.14025;404;0
2025.04.29 05:10;1.14025;1.14200;1.14025;1.14142;772;0
2025.04.29 05:20;1.14142;1.14143;1.14060;1.14090;482;0
2025.04.29 05:30;1.14090;1.14143;1.14006;1.14037;488;0
2025.04.29 05:40;1.14036;1.14061;1.14016;1.14048;449;0
2025.04.29 05:50;1.14048;1.14058;1.13980;1.13981;508;0
2025.04.29 06:00;1.13981;1.14002;1.13951;1.13977;392;0
2025.04.29 06:10;1.13976;1.13978;1.13910;1.13955;438;0
2025.04.29 06:20;1.13954;1.13998;1.13912;1.13920;647;0
2025.04.29 06:30;1.13922;1.13942;1.13909;1.13920;336;0
2025.04.29 06:40;1.13921;1.13954;1.13864;1.13875;367;0
2025.04.29 06:50;1.13876;1.13908;1.13868;1.13908;331;0
2025.04.29 07:00;1.13907;1.13921;1.13873;1.13909;301;0
2025.04.29 07:10;1.13909;1.13938;1.13895;1.13935;238;0
2025.04.29 07:20;1.13936;1.13936;1.13891;1.13894;298;0
2025.04.29 07:30;1.13895;1.13913;1.13831;1.13872;374;0
2025.04.29 07:40;1.13872;1.13882;1.13754;1.13774;508;0
2025.04.29 07:50;1.13773;1.13792;1.13739;1.13784;478;0
2025.04.29 08:00;1.13783;1.13811;1.13771;1.13789;460;0
2025.04.29 08:10;1.13789;1.13820;1.13760;1.13818;474;0
2025.04.29 08:20;1.13820;1.13856;1.13811;1.13825;403;0
2025.04.29 08:30;1.13827;1.13872;1.13823;1.13872;370;0
2025.04.29 08:40;1.13871;1.13882;1.13852;1.13871;336;0
2025.04.29 08:50;1.13871;1.13881;1.13842;1.13872;417;0
2025.04.29 09:00;1.13871;1.13899;1.13834;1.13897;501;0
2025.04.29 09:10;1.13898;1.13978;1.13893;1.13947;542;0
2025.04.29 09:20;1.13947;1.13968;1.13908;1.13935;543;0
2025.04.29 09:30;1.13936;1.13995;1.13929;1.13962;553;0
2025.04.29 09:40;1.13962;1.13972;1.13893;1.13931;563;0
2025.04.29 09:50;1.13931;1.13932;1.13841;1.13899;641;0
2025.04.29 10:00;1.13946;1.13998;1.13874;1.13987;851;0
2025.04.29 10:10;1.13985;1.14016;1.13935;1.13991;661;0
2025.04.29 10:20;1.13992;1.13998;1.13886;1.13966;642;0
2025.04.29 10:30;1.13966;1.14028;1.13934;1.14006;639;0
2025.04.29 10:40;1.14006;1.14122;1.13987;1.14087;688;0
2025.04.29 10:50;1.14085;1.14108;1.13992;1.14035;701;0
2025.04.29 11:00;1.14055;1.14082;1.13963;1.13973;721;0
2025.04.29 11:10;1.13973;1.13977;1.13820;1.13949;861;0
2025.04.29 11:20;1.13949;1.13985;1.13932;1.13959;513;0
2025.04.29 11:30;1.13959;1.13972;1.13901;1.13949;604;0
2025.04.29 11:40;1.13949;1.13961;1.13849;1.13884;494;0
2025.04.29 11:50;1.13885;1.13907;1.13815;1.13855;652;0
2025.04.29 12:00;1.13855;1.13935;1.13854;1.13914;604;0
2025.04.29 12:10;1.13915;1.13936;1.13882;1.13929;558;0
2025.04.29 12:20;1.13929;1.13975;1.13892;1.13965;502;0
2025.04.29 12:30;1.13965;1.13967;1.13868;1.13896;536;0
2025.04.29 12:40;1.13895;1.13896;1.13826;1.13826;476;0
2025.04.29 12:50;1.13827;1.13857;1.13805;1.13806;591;0
2025.04.29 13:00;1.13804;1.13855;1.13794;1.13844;531;0
2025.04.29 13:10;1.13843;1.13847;1.13757;1.13776;518;0
2025.04.29 13:20;1.13778;1.13825;1.13761;1.13810;518;0
2025.04.29 13:30;1.13810;1.13837;1.13757;1.13759;472;0
2025.04.29 13:40;1.13759;1.13787;1.13752;1.13783;382;0
2025.04.29 13:50;1.13784;1.13787;1.13730;1.13779;460;0
2025.04.29 14:00;1.13779;1.13847;1.13773;1.13846;476;1
2025.04.29 14:10;1.13847;1.13870;1.13797;1.13840;399;0
2025.04.29 14:20;1.13840;1.13860;1.13785;1.13822;418;0
2025.04.29 14:30;1.13822;1.13822;1.13754;1.13778;429;0
2025.04.29 14:40;1.13778;1.13839;1.13765;1.13827;435;0
2025.04.29 14:50;1.13826;1.13836;1.13708;1.13745;512;0
2025.04.29 15:00;1.13754;1.13774;1.13718;1.13728;470;0
2025.04.29 15:10;1.13728;1.13756;1.13703;1.13727;485;0
2025.04.29 15:20;1.13732;1.13886;1.13726;1.13864;580;0
2025.04.29 15:30;1.13863;1.13898;1.13843;1.13890;517;0
2025.04.29 15:40;1.13889;1.14043;1.13888;1.13994;852;0
2025.04.29 15:50;1.13995;1.14146;1.13991;1.14106;975;1
2025.04.29 16:00;1.14107;1.14113;1.13985;1.14004;1032;1
2025.04.29 16:10;1.14004;1.14148;1.13995;1.14129;722;0
2025.04.29 16:20;1.14129;1.14170;1.14067;1.14075;737;0
2025.04.29 16:30;1.14076;1.14147;1.14034;1.14111;744;0
2025.04.29 16:40;1.14112;1.14116;1.13927;1.13927;876;1
2025.04.29 16:50;1.13927;1.13998;1.13901;1.13953;832;1
2025.04.29 17:00;1.13939;1.14175;1.13931;1.13939;1169;1
2025.04.29 17:10;1.13939;1.14031;1.13901;1.13927;939;0
2025.04.29 17:20;1.13928;1.14093;1.13903;1.14060;915;0
2025.04.29 17:30;1.14065;1.14083;1.14014;1.14069;887;0
2025.04.29 17:40;1.14066;1.14085;1.13838;1.13867;850;0
2025.04.29 17:50;1.13867;1.13889;1.13790;1.13832;1083;0
2025.04.29 18:00;1.13832;1.14021;1.13824;1.14016;904;0
2025.04.29 18:10;1.14016;1.14022;1.13928;1.13948;689;0
2025.04.29 18:20;1.13948;1.14034;1.13928;1.13996;640;0
2025.04.29 18:30;1.13993;1.14042;1.13964;1.13971;600;0
2025.04.29 18:40;1.13971;1.14034;1.13965;1.14034;563;0
2025.04.29 18:50;1.14032;1.14045;1.13955;1.13960;624;1
2025.04.29 19:00;1.13957;1.14083;1.13953;1.14030;594;1
2025.04.29 19:10;1.14031;1.14099;1.14028;1.14080;549;1
2025.04.29 19:20;1.14080;1.14190;1.14072;1.14126;523;1
2025.04.29 19:30;1.14126;1.14168;1.14082;1.14164;482;0
2025.04.29 19:40;1.14164;1.14168;1.13993;1.14019;521;1
2025.04.29 19:50;1.14021;1.14033;1.13993;1.14033;473;0
2025.04.29 20:00;1.14031;1.14047;1.13939;1.13962;462;0
2025.04.29 20:10;1.13963;1.13965;1.13915;1.13944;515;0
2025.04.29 20:20;1.13944;1.13996;1.13936;1.13994;423;0
2025.04.29 20:30;1.13994;1.14004;1.13944;1.13954;404;0
2025.04.29 20:40;1.13962;1.14005;1.13949;1.13961;356;0
2025.04.29 20:50;1.13960;1.13983;1.13836;1.13858;415;0
2025.04.29 21:00;1.13852;1.13932;1.13850;1.13867;402;1
2025.04.29 21:10;1.13865;1.13865;1.13761;1.13767;482;1
2025.04.29 21:20;1.13769;1.13794;1.13762;1.13785;376;0
2025.04.29 21:30;1.13785;1.13848;1.13782;1.13821;296;0
2025.04.29 21:40;1.13821;1.13833;1.13770;1.13786;292;0
2025.04.29 21:50;1.13788;1.13825;1.13781;1.13824;344;1
2025.04.29 22:00;1.13823;1.13881;1.13818;1.13848;394;0
2025.04.29 22:10;1.13846;1.13846;1.13790;1.13821;317;0
2025.04.29 22:20;1.13823;1.13884;1.13822;1.13838;224;0
2025.04.29 22:30;1.13838;1.13861;1.13832;1.13845;178;0
2025.04.29 22:40;1.13845;1.13845;1.13764;1.13776;210;0
2025.04.29 22:50;1.13776;1.13833;1.13761;1.13816;288;0
2025.04.29 23:00;1.13817;1.13839;1.13808;1.13838;180;0
2025.04.29 23:10;1.13838;1.13921;1.13836;1.13921;225;0
2025.04.29 23:20;1.13921;1.13922;1.13870;1.13900;118;0
2025.04.29 23:30;1.13900;1.13910;1.13888;1.13895;161;0
2025.04.29 23:40;1.13892;1.13897;1.13860;1.13865;176;5
2025.04.29 23:50;1.13870;1.13884;1.13825;1.13826;262;5
2025.04.30 00:00;1.13803;1.13844;1.13802;1.13823;61;51
2025.04.30 00:10;1.13826;1.13867;1.13820;1.13867;124;73
2025.04.30 00:20;1.13867;1.13875;1.13820;1.13837;130;64
2025.04.30 00:30;1.13830;1.13880;1.13789;1.13789;370;24
2025.04.30 00:40;1.13789;1.13900;1.13789;1.13861;231;24
2025.04.30 00:50;1.13861;1.13873;1.13838;1.13868;141;25
2025.04.30 01:00;1.13869;1.13925;1.13840;1.13910;333;0
2025.04.30 01:10;1.13910;1.13935;1.13883;1.13935;170;0
2025.04.30 01:20;1.13936;1.13959;1.13930;1.13957;149;0
2025.04.30 01:30;1.13953;1.13955;1.13923;1.13935;178;0
2025.04.30 01:40;1.13934;1.13944;1.13876;1.13938;180;0
2025.04.30 01:50;1.13939;1.13949;1.13897;1.13921;210;0
2025.04.30 02:00;1.13925;1.13930;1.13877;1.13878;233;0
2025.04.30 02:10;1.13877;1.13905;1.13876;1.13898;133;0
2025.04.30 02:20;1.13897;1.13928;1.13877;1.13883;183;0
2025.04.30 02:30;1.13883;1.13915;1.13881;1.13914;194;0
2025.04.30 02:40;1.13914;1.13934;1.13870;1.13872;210;0
2025.04.30 02:50;1.13872;1.13905;1.13860;1.13902;243;0
2025.04.30 03:00;1.13904;1.13942;1.13885;1.13897;566;0
2025.04.30 03:10;1.13897;1.13949;1.13896;1.13947;472;0
2025.04.30 03:20;1.13947;1.13952;1.13896;1.13912;330;0
2025.04.30 03:30;1.13911;1.13918;1.13878;1.13884;281;0
2025.04.30 03:40;1.13885;1.13889;1.13845;1.13849;330;0
2025.04.30 03:50;1.13849;1.13849;1.13767;1.13826;612;0
2025.04.30 04:00;1.13827;1.13837;1.13782;1.13789;386;0
2025.04.30 04:10;1.13791;1.13864;1.13791;1.13850;361;0
2025.04.30 04:20;1.13850;1.13859;1.13790;1.13823;302;0
2025.04.30 04:30;1.13827;1.13855;1.13804;1.13837;591;2
2025.04.30 04:40;1.13838;1.13867;1.13721;1.13721;532;0
2025.04.30 04:50;1.13721;1.13741;1.13568;1.13587;700;0
2025.04.30 05:00;1.13586;1.13663;1.13548;1.13656;566;0
2025.04.30 05:10;1.13656;1.13704;1.13648;1.13677;386;0
2025.04.30 05:20;1.13676;1.13692;1.13645;1.13689;376;0
2025.04.30 05:30;1.13690;1.13719;1.13665;1.13676;350;0
2025.04.30 05:40;1.13676;1.13678;1.13633;1.13669;361;0
2025.04.30 05:50;1.13669;1.13725;1.13664;1.13706;401;0
2025.04.30 06:00;1.13707;1.13750;1.13706;1.13732;362;0
2025.04.30 06:10;1.13733;1.13785;1.13730;1.13784;316;0
2025.04.30 06:20;1.13780;1.13785;1.13737;1.13785;266;0
2025.04.30 06:30;1.13785;1.13797;1.13700;1.13709;330;0
2025.04.30 06:40;1.13709;1.13726;1.13675;1.13719;285;0
2025.04.30 06:50;1.13721;1.13721;1.13669;1.13687;347;0
2025.04.30 07:00;1.13688;1.13720;1.13664;1.13670;360;0
2025.04.30 07:10;1.13669;1.13767;1.13662;1.13760;381;0
2025.04.30 07:20;1.13760;1.13766;1.13734;1.13740;284;0
2025.04.30 07:30;1.13739;1.13781;1.13736;1.13754;356;0
2025.04.30 07:40;1.13754;1.13761;1.13710;1.13736;317;0
2025.04.30 07:50;1.13735;1.13746;1.13709;1.13734;280;0
2025.04.30 08:00;1.13735;1.13744;1.13718;1.13743;330;0
2025.04.30 08:10;1.13742;1.13781;1.13740;1.13778;282;0
2025.04.30 08:20;1.13779;1.13779;1.13744;1.13770;274;0
2025.04.30 08:30;1.13770;1.13813;1.13765;1.13785;332;0
2025.04.30 08:40;1.13785;1.13801;1.13777;1.13781;221;0
2025.04.30 08:50;1.13782;1.13844;1.13782;1.13829;391;0
2025.04.30 09:00;1.13829;1.13829;1.13748;1.13749;441;0
2025.04.30 09:10;1.13749;1.13758;1.13657;1.13741;553;0
2025.04.30 09:20;1.13743;1.13898;1.13742;1.13881;565;0
2025.04.30 09:30;1.13887;1.13975;1.13860;1.13975;543;0
2025.04.30 09:40;1.13975;1.13993;1.13909;1.13983;671;0
2025.04.30 09:50;1.13982;1.13988;1.13867;1.13907;512;0
2025.04.30 10:00;1.13901;1.13901;1.13805;1.13866;542;0
2025.04.30 10:10;1.13868;1.13897;1.13860;1.13895;578;0
2025.04.30 10:20;1.13895;1.13902;1.13805;1.13806;636;0
2025.04.30 10:30;1.13803;1.13803;1.13743;1.13767;634;0
2025.04.30 10:40;1.13767;1.13790;1.13735;1.13778;625;0
2025.04.30 10:50;1.13777;1.13857;1.13769;1.13784;536;0
2025.04.30 11:00;1.13785;1.13849;1.13691;1.13848;770;0
2025.04.30 11:10;1.13848;1.13854;1.13740;1.13751;512;0
2025.04.30 11:20;1.13751;1.13771;1.13625;1.13656;625;0
2025.04.30 11:30;1.13658;1.13707;1.13637;1.13667;533;0
2025.04.30 11:40;1.13667;1.13695;1.13630;1.13695;527;0
2025.04.30 11:50;1.13695;1.13754;1.13682;1.13714;619;0
2025.04.30 12:00;1.13718;1.13766;1.13696;1.13724;622;0
2025.04.30 12:10;1.13723;1.13758;1.13709;1.13715;434;0
2025.04.30 12:20;1.13715;1.13747;1.13691;1.13745;397;0
2025.04.30 12:30;1.13746;1.13779;1.13728;1.13741;430;0
2025.04.30 12:40;1.13740;1.13795;1.13660;1.13662;465;0
2025.04.30 12:50;1.13666;1.13687;1.13603;1.13621;521;0
2025.04.30 13:00;1.13621;1.13666;1.13620;1.13655;430;0
2025.04.30 13:10;1.13656;1.13697;1.13654;1.13681;397;0
2025.04.30 13:20;1.13681;1.13682;1.13623;1.13659;400;0
2025.04.30 13:30;1.13663;1.13669;1.13621;1.13632;426;0
2025.04.30 13:40;1.13631;1.13640;1.13612;1.13626;329;0
2025.04.30 13:50;1.13626;1.13666;1.13607;1.13620;424;0
2025.04.30 14:00;1.13620;1.13629;1.13558;1.13625;492;0
2025.04.30 14:10;1.13629;1.13667;1.13595;1.13665;554;0
2025.04.30 14:20;1.13665;1.13723;1.13642;1.13703;453;0
2025.04.30 14:30;1.13703;1.13760;1.13703;1.13759;439;0
2025.04.30 14:40;1.13760;1.13804;1.13752;1.13767;457;0
2025.04.30 14:50;1.13766;1.13781;1.13715;1.13734;598;0
2025.04.30 15:00;1.13735;1.13745;1.13701;1.13726;514;0
2025.04.30 15:10;1.13727;1.13845;1.13727;1.13795;647;0
2025.04.30 15:20;1.13796;1.13852;1.13743;1.13743;795;0
2025.04.30 15:30;1.13743;1.13779;1.13648;1.13685;1430;2
2025.04.30 15:40;1.13686;1.13889;1.13682;1.13767;1215;0
2025.04.30 15:50;1.13768;1.13777;1.13692;1.13742;963;0
2025.04.30 16:00;1.13735;1.13764;1.13619;1.13619;835;0
2025.04.30 16:10;1.13616;1.13719;1.13616;1.13673;756;0
2025.04.30 16:20;1.13673;1.13712;1.13616;1.13646;829;0
2025.04.30 16:30;1.13644;1.13763;1.13635;1.13739;924;0
2025.04.30 16:40;1.13740;1.13775;1.13673;1.13707;812;0
2025.04.30 16:50;1.13710;1.13718;1.13656;1.13685;799;0
2025.04.30 17:00;1.13685;1.13722;1.13498;1.13558;1177;0
2025.04.30 17:10;1.13558;1.13620;1.13546;1.13559;928;0
2025.04.30 17:20;1.13561;1.13668;1.13560;1.13623;737;0
2025.04.30 17:30;1.13621;1.13653;1.13573;1.13596;740;0
2025.04.30 17:40;1.13595;1.13636;1.13513;1.13515;801;0
2025.04.30 17:50;1.13515;1.13793;1.13514;1.13669;1423;0
2025.04.30 18:00;1.13669;1.13751;1.13655;1.13707;1159;0
2025.04.30 18:10;1.13700;1.13724;1.13543;1.13543;903;0
2025.04.30 18:20;1.13543;1.13543;1.13283;1.13315;1274;0
2025.04.30 18:30;1.13317;1.13418;1.13231;1.13368;1135;0
2025.04.30 18:40;1.13368;1.13396;1.13258;1.13317;919;0
2025.04.30 18:50;1.13315;1.13489;1.13315;1.13482;795;0
2025.04.30 19:00;1.13482;1.13572;1.13449;1.13535;752;0
2025.04.30 19:10;1.13535;1.13542;1.13491;1.13525;564;1
2025.04.30 19:20;1.13525;1.13543;1.13480;1.13532;541;1
2025.04.30 19:30;1.13533;1.13554;1.13491;1.13539;467;0
2025.04.30 19:40;1.13537;1.13546;1.13480;1.13530;444;0
2025.04.30 19:50;1.13531;1.13592;1.13518;1.13554;388;1
2025.04.30 20:00;1.13555;1.13626;1.13551;1.13590;365;1
2025.04.30 20:10;1.13597;1.13616;1.13570;1.13575;329;0
2025.04.30 20:20;1.13576;1.13647;1.13569;1.13635;300;0
2025.04.30 20:30;1.13640;1.13647;1.13558;1.13604;363;1
2025.04.30 20:40;1.13607;1.13632;1.13556;1.13559;302;0
2025.04.30 20:50;1.13558;1.13569;1.13451;1.13457;514;0
2025.04.30 21:00;1.13458;1.13576;1.13434;1.13497;618;0
2025.04.30 21:10;1.13496;1.13585;1.13446;1.13482;630;1
2025.04.30 21:20;1.13480;1.13497;1.13432;1.13438;420;0
2025.04.30 21:30;1.13440;1.13492;1.13431;1.13486;454;0
2025.04.30 21:40;1.13487;1.13505;1.13452;1.13502;377;0
2025.04.30 21:50;1.13502;1.13516;1.13483;1.13488;405;0
2025.04.30 22:00;1.13489;1.13533;1.13480;1.13513;355;1
2025.04.30 22:10;1.13514;1.13515;1.13436;1.13449;308;1
2025.04.30 22:20;1.13449;1.13449;1.13376;1.13385;267;1
2025.04.30 22:30;1.13384;1.13399;1.13374;1.13394;290;0
2025.04.30 22:40;1.13392;1.13398;1.13360;1.13389;271;0
2025.04.30 22:50;1.13390;1.13391;1.13281;1.13297;550;2
2025.04.30 23:00;1.13298;1.13310;1.13197;1.13207;697;2
2025.04.30 23:10;1.13206;1.13240;1.13202;1.13203;319;0
2025.04.30 23:20;1.13203;1.13246;1.13172;1.13245;321;0
2025.04.30 23:30;1.13245;1.13273;1.13216;1.13266;267;0
2025.04.30 23:40;1.13264;1.13265;1.13217;1.13228;189;5
2025.04.30 23:50;1.13227;1.13293;1.13219;1.13289;237;5
2025.05.01 00:00;1.13273;1.13284;1.13223;1.13261;46;25
2025.05.01 00:10;1.13261;1.13279;1.13253;1.13269;58;50
2025.05.01 00:20;1.13269;1.13286;1.13268;1.13285;30;50
2025.05.01 00:30;1.13300;1.13303;1.13285;1.13303;51;25
2025.05.01 00:40;1.13302;1.13313;1.13282;1.13284;65;25
2025.05.01 00:50;1.13284;1.13286;1.13272;1.13286;55;25
2025.05.01 01:00;1.13286;1.13306;1.13262;1.13284;445;0
2025.05.01 01:10;1.13283;1.13285;1.13223;1.13226;272;0
2025.05.01 01:20;1.13227;1.13255;1.13225;1.13244;195;0
2025.05.01 01:30;1.13243;1.13285;1.13224;1.13257;231;0
2025.05.01 01:40;1.13258;1.13277;1.13245;1.13251;243;0
2025.05.01 01:50;1.13251;1.13279;1.13249;1.13257;194;0
2025.05.01 02:00;1.13257;1.13258;1.13221;1.13222;174;0
2025.05.01 02:10;1.13221;1.13235;1.13188;1.13210;250;0
2025.05.01 02:20;1.13210;1.13242;1.13200;1.13241;203;0
2025.05.01 02:30;1.13241;1.13261;1.13222;1.13246;233;0
2025.05.01 02:40;1.13249;1.13260;1.13238;1.13250;195;0
2025.05.01 02:50;1.13250;1.13257;1.13211;1.13219;255;0
2025.05.01 03:00;1.13220;1.13272;1.13219;1.13262;531;0
2025.05.01 03:10;1.13262;1.13290;1.13260;1.13281;304;0
2025.05.01 03:20;1.13283;1.13297;1.13268;1.13286;468;0
2025.05.01 03:30;1.13284;1.13291;1.13215;1.13217;325;0
2025.05.01 03:40;1.13216;1.13245;1.13212;1.13234;443;0
2025.05.01 03:50;1.13235;1.13248;1.13206;1.13218;544;0
2025.05.01 04:00;1.13219;1.13221;1.13140;1.13157;465;0
2025.05.01 04:10;1.13156;1.13159;1.13103;1.13105;373;0
2025.05.01 04:20;1.13107;1.13148;1.13100;1.13108;330;0
2025.05.01 04:30;1.13108;1.13154;1.13093;1.13122;328;0
2025.05.01 04:40;1.13123;1.13129;1.13068;1.13076;330;0
2025.05.01 04:50;1.13075;1.13084;1.13030;1.13084;301;0
2025.05.01 05:00;1.13084;1.13115;1.13065;1.13085;319;0
2025.05.01 05:10;1.13086;1.13127;1.13060;1.13127;258;0
2025.05.01 05:20;1.13127;1.13145;1.13112;1.13139;243;0
2025.05.01 05:30;1.13139;1.13148;1.13110;1.13131;329;0
2025.05.01 05:40;1.13131;1.13148;1.13113;1.13142;367;0
2025.05.01 05:50;1.13141;1.13161;1.13123;1.13153;265;0
2025.05.01 06:00;1.13153;1.13186;1.13045;1.13046;678;0
2025.05.01 06:10;1.13046;1.13098;1.13029;1.13095;548;0
2025.05.01 06:20;1.13096;1.13096;1.13049;1.13053;343;0
2025.05.01 06:30;1.13053;1.13054;1.12999;1.13005;481;0
2025.05.01 06:40;1.13004;1.13088;1.12996;1.13076;429;0
2025.05.01 06:50;1.13076;1.13123;1.13073;1.13123;366;0
2025.05.01 07:00;1.13123;1.13145;1.13079;1.13093;439;0
2025.05.01 07:10;1.13092;1.13139;1.13078;1.13086;315;0
2025.05.01 07:20;1.13086;1.13099;1.13074;1.13095;353;0
2025.05.01 07:30;1.13094;1.13096;1.13053;1.13064;328;0
2025.05.01 07:40;1.13064;1.13107;1.13049;1.13091;314;0
2025.05.01 07:50;1.13092;1.13104;1.13024;1.13026;266;0
2025.05.01 08:00;1.13025;1.13066;1.12971;1.13024;449;0
2025.05.01 08:10;1.13024;1.13028;1.12978;1.13001;447;0
2025.05.01 08:20;1.13001;1.13005;1.12879;1.12883;593;0
2025.05.01 08:30;1.12883;1.12952;1.12879;1.12921;512;0
2025.05.01 08:40;1.12924;1.12999;1.12924;1.12975;342;0
2025.05.01 08:50;1.12976;1.13025;1.12944;1.13002;461;0
2025.05.01 09:00;1.13002;1.13067;1.12984;1.13060;410;0
2025.05.01 09:10;1.13057;1.13085;1.13022;1.13062;512;0
2025.05.01 09:20;1.13062;1.13095;1.13025;1.13072;430;0
2025.05.01 09:30;1.13073;1.13082;1.13022;1.13079;544;0
2025.05.01 09:40;1.13080;1.13125;1.13035;1.13054;606;0
2025.05.01 09:50;1.13056;1.13080;1.13002;1.13025;751;0
2025.05.01 10:00;1.13025;1.13039;1.12900;1.12911;856;0
2025.05.01 10:10;1.12912;1.12943;1.12878;1.12881;594;0
2025.05.01 10:20;1.12881;1.12962;1.12878;1.12918;532;0
2025.05.01 10:30;1.12919;1.13035;1.12918;1.13023;622;0
2025.05.01 10:40;1.13023;1.13077;1.13006;1.13076;458;0
2025.05.01 10:50;1.13076;1.13107;1.13032;1.13101;533;0
2025.05.01 11:00;1.13099;1.13244;1.13098;1.13216;558;0
2025.05.01 11:10;1.13216;1.13285;1.13183;1.13283;484;0
2025.05.01 11:20;1.13283;1.13309;1.13261;1.13277;536;0
2025.05.01 11:30;1.13278;1.13311;1.13247;1.13263;453;0
2025.05.01 11:40;1.13263;1.13267;1.13233;1.13241;404;0
2025.05.01 11:50;1.13241;1.13292;1.13197;1.13197;397;0
2025.05.01 12:00;1.13197;1.13249;1.13197;1.13220;423;0
2025.05.01 12:10;1.13220;1.13228;1.13165;1.13227;510;0
2025.05.01 12:20;1.13227;1.13250;1.13213;1.13219;381;0
2025.05.01 12:30;1.13218;1.13232;1.13159;1.13185;444;0
2025.05.01 12:40;1.13184;1.13212;1.13164;1.13210;355;0
2025.05.01 12:50;1.13211;1.13216;1.13135;1.13142;330;0
2025.05.01 13:00;1.13143;1.13247;1.13118;1.13247;352;0
2025.05.01 13:10;1.13247;1.13266;1.13218;1.13252;362;0
2025.05.01 13:20;1.13252;1.13262;1.13173;1.13181;411;0
2025.05.01 13:30;1.13182;1.13280;1.13182;1.13259;412;0
2025.05.01 13:40;1.13260;1.13306;1.13254;1.13295;409;0
2025.05.01 13:50;1.13295;1.13342;1.13292;1.13320;420;0
2025.05.01 14:00;1.13320;1.13344;1.13284;1.13306;485;0
2025.05.01 14:10;1.13307;1.13410;1.13295;1.13372;467;0
2025.05.01 14:20;1.13373;1.13394;1.13359;1.13374;512;0
2025.05.01 14:30;1.13373;1.13383;1.13357;1.13374;363;0
2025.05.01 14:40;1.13380;1.13381;1.13183;1.13194;522;0
2025.05.01 14:50;1.13193;1.13219;1.13162;1.13204;537;0
2025.05.01 15:00;1.13203;1.13254;1.13165;1.13205;521;0
2025.05.01 15:10;1.13203;1.13204;1.13086;1.13087;599;0
2025.05.01 15:20;1.13092;1.13186;1.13084;1.13186;534;0
2025.05.01 15:30;1.13222;1.13389;1.13166;1.13272;1219;0
2025.05.01 15:40;1.13272;1.13279;1.13145;1.13184;843;0
2025.05.01 15:50;1.13183;1.13227;1.13144;1.13153;735;0
2025.05.01 16:00;1.13149;1.13221;1.13115;1.13186;747;0
2025.05.01 16:10;1.13186;1.13277;1.13185;1.13208;774;0
2025.05.01 16:20;1.13207;1.13244;1.13202;1.13242;576;0
2025.05.01 16:30;1.13238;1.13240;1.13181;1.13217;936;0
2025.05.01 16:40;1.13218;1.13228;1.13111;1.13158;683;0
2025.05.01 16:50;1.13160;1.13225;1.13156;1.13186;689;0
2025.05.01 17:00;1.13140;1.13187;1.12914;1.12935;1217;0
2025.05.01 17:10;1.12935;1.12994;1.12860;1.12860;975;0
2025.05.01 17:20;1.12859;1.12941;1.12843;1.12912;977;0
2025.05.01 17:30;1.12911;1.12925;1.12831;1.12884;871;0
2025.05.01 17:40;1.12886;1.12917;1.12796;1.12801;822;0
2025.05.01 17:50;1.12802;1.12823;1.12702;1.12817;952;0
2025.05.01 18:00;1.12816;1.12891;1.12781;1.12841;834;0
2025.05.01 18:10;1.12847;1.12902;1.12755;1.12756;802;0
2025.05.01 18:20;1.12755;1.12827;1.12745;1.12812;646;0
2025.05.01 18:30;1.12812;1.12826;1.12710;1.12725;586;0
2025.05.01 18:40;1.12724;1.12726;1.12659;1.12683;578;0
2025.05.01 18:50;1.12684;1.12802;1.12658;1.12793;638;0
2025.05.01 19:00;1.12791;1.12814;1.12731;1.12780;574;0
2025.05.01 19:10;1.12779;1.12854;1.12768;1.12811;575;1
2025.05.01 19:20;1.12810;1.12823;1.12749;1.12798;488;0
2025.05.01 19:30;1.12797;1.12851;1.12787;1.12838;331;0
2025.05.01 19:40;1.12838;1.12886;1.12815;1.12871;375;0
2025.05.01 19:50;1.12870;1.12922;1.12870;1.12908;430;0
2025.05.01 20:00;1.12908;1.12911;1.12838;1.12877;336;1
2025.05.01 20:10;1.12877;1.12913;1.12867;1.12882;263;0
2025.05.01 20:20;1.12882;1.12890;1.12819;1.12819;302;0
2025.05.01 20:30;1.12820;1.12838;1.12797;1.12801;298;0
2025.05.01 20:40;1.12801;1.12848;1.12799;1.12824;309;1
2025.05.01 20:50;1.12825;1.12838;1.12810;1.12830;285;1
2025.05.01 21:00;1.12830;1.12832;1.12752;1.12825;401;1
2025.05.01 21:10;1.12827;1.12892;1.12827;1.12853;383;1
2025.05.01 21:20;1.12852;1.12852;1.12776;1.12804;467;1
2025.05.01 21:30;1.12803;1.12876;1.12796;1.12876;414;1
2025.05.01 21:40;1.12876;1.12935;1.12854;1.12918;332;0
2025.05.01 21:50;1.12918;1.12919;1.12823;1.12856;459;0
2025.05.01 22:00;1.12859;1.12903;1.12842;1.12843;335;0
2025.05.01 22:10;1.12841;1.12886;1.12810;1.12886;353;1
2025.05.01 22:20;1.12884;1.12898;1.12867;1.12891;274;0
2025.05.01 22:30;1.12891;1.12910;1.12863;1.12880;300;0
2025.05.01 22:40;1.12883;1.12899;1.12851;1.12864;313;0
2025.05.01 22:50;1.12863;1.12921;1.12860;1.12885;336;0
2025.05.01 23:00;1.12887;1.12934;1.12881;1.12902;364;0
2025.05.01 23:10;1.12901;1.12936;1.12883;1.12921;257;0
2025.05.01 23:20;1.12920;1.12921;1.12854;1.12870;201;0
2025.05.01 23:30;1.12869;1.12898;1.12845;1.12889;268;0
2025.05.01 23:40;1.12886;1.12934;1.12885;1.12906;195;5
2025.05.01 23:50;1.12909;1.12930;1.12869;1.12869;144;5
2025.05.02 00:00;1.12849;1.12879;1.12823;1.12862;30;31
2025.05.02 00:10;1.12873;1.12881;1.12859;1.12872;26;29
2025.05.02 00:20;1.12872;1.12882;1.12865;1.12867;50;25
2025.05.02 00:30;1.12869;1.12886;1.12869;1.12883;58;24
2025.05.02 00:40;1.12883;1.12883;1.12868;1.12876;43;24
2025.05.02 00:50;1.12876;1.12882;1.12865;1.12867;64;24
2025.05.02 01:00;1.12877;1.12936;1.12864;1.12918;307;0
2025.05.02 01:10;1.12919;1.12931;1.12904;1.12930;157;0
2025.05.02 01:20;1.12930;1.12960;1.12930;1.12955;172;0
2025.05.02 01:30;1.12956;1.12994;1.12947;1.12965;187;0
2025.05.02 01:40;1.12965;1.12974;1.12956;1.12968;279;0
2025.05.02 01:50;1.12968;1.12970;1.12933;1.12950;232;0
2025.05.02 02:00;1.12953;1.12953;1.12920;1.12937;250;0
2025.05.02 02:10;1.12937;1.12948;1.12926;1.12948;230;0
2025.05.02 02:20;1.12947;1.12974;1.12940;1.12967;181;0
2025.05.02 02:30;1.12971;1.12971;1.12926;1.12929;180;0
2025.05.02 02:40;1.12930;1.12971;1.12913;1.12967;332;0
2025.05.02 02:50;1.12969;1.12969;1.12950;1.12957;344;0
2025.05.02 03:00;1.12958;1.12996;1.12924;1.12924;688;0
2025.05.02 03:10;1.12925;1.12926;1.12854;1.12885;598;0
2025.05.02 03:20;1.12885;1.12895;1.12822;1.12828;724;0
2025.05.02 03:30;1.12826;1.12837;1.12761;1.12763;636;0
2025.05.02 03:40;1.12764;1.12794;1.12741;1.12750;549;0
2025.05.02 03:50;1.12750;1.12829;1.12745;1.12822;614;0
2025.05.02 04:00;1.12825;1.12856;1.12801;1.12817;615;0
2025.05.02 04:10;1.12817;1.12873;1.12796;1.12830;656;0
2025.05.02 04:20;1.12830;1.12849;1.12809;1.12826;522;0
2025.05.02 04:30;1.12824;1.12841;1.12785;1.12832;506;0
2025.05.02 04:40;1.12831;1.12919;1.12827;1.12914;443;0
2025.05.02 04:50;1.12913;1.12957;1.12909;1.12957;507;0
2025.05.02 05:00;1.12958;1.13016;1.12958;1.12998;489;0
2025.05.02 05:10;1.12997;1.12997;1.12948;1.12972;431;0
2025.05.02 05:20;1.12972;1.13034;1.12969;1.12989;450;0
2025.05.02 05:30;1.12989;1.12990;1.12946;1.12956;431;0
2025.05.02 05:40;1.12953;1.12984;1.12928;1.12976;275;0
2025.05.02 05:50;1.12976;1.12979;1.12934;1.12940;246;0
2025.05.02 06:00;1.12940;1.12987;1.12938;1.12949;335;0
2025.05.02 06:10;1.12950;1.13001;1.12940;1.12998;307;0
2025.05.02 06:20;1.12997;1.13090;1.12991;1.13081;288;0
2025.05.02 06:30;1.13082;1.13141;1.13074;1.13119;358;0
2025.05.02 06:40;1.13117;1.13133;1.13081;1.13083;351;0
2025.05.02 06:50;1.13085;1.13156;1.13076;1.13127;379;0
2025.05.02 07:00;1.13128;1.13130;1.13078;1.13079;566;0
2025.05.02 07:10;1.13079;1.13093;1.13047;1.13089;425;0
2025.05.02 07:20;1.13089;1.13140;1.13066;1.13084;436;0
2025.05.02 07:30;1.13084;1.13084;1.13045;1.13046;417;0
2025.05.02 07:40;1.13047;1.13071;1.13014;1.13023;406;0
2025.05.02 07:50;1.13024;1.13044;1.13011;1.13044;327;0
2025.05.02 08:00;1.13044;1.13080;1.13024;1.13080;331;0
2025.05.02 08:10;1.13080;1.13103;1.13055;1.13067;297;0
2025.05.02 08:20;1.13066;1.13116;1.13058;1.13111;329;0
2025.05.02 08:30;1.13111;1.13130;1.13085;1.13093;403;0
2025.05.02 08:40;1.13093;1.13110;1.13034;1.13049;413;0
2025.05.02 08:50;1.13049;1.13139;1.13049;1.13077;418;0
2025.05.02 09:00;1.13077;1.13190;1.13058;1.13188;705;1
2025.05.02 09:10;1.13188;1.13251;1.13140;1.13248;628;0
2025.05.02 09:20;1.13248;1.13292;1.13241;1.13275;648;0
2025.05.02 09:30;1.13269;1.13291;1.13227;1.13238;573;0
2025.05.02 09:40;1.13236;1.13258;1.13176;1.13232;533;0
2025.05.02 09:50;1.13232;1.13292;1.13216;1.13258;507;0
2025.05.02 10:00;1.13257;1.13315;1.13219;1.13291;714;0
2025.05.02 10:10;1.13291;1.13317;1.13246;1.13274;535;0
2025.05.02 10:20;1.13273;1.13273;1.13183;1.13213;582;0
2025.05.02 10:30;1.13213;1.13255;1.13178;1.13244;581;0
2025.05.02 10:40;1.13244;1.13299;1.13239;1.13289;607;0
2025.05.02 10:50;1.13293;1.13378;1.13272;1.13281;576;0
2025.05.02 11:00;1.13282;1.13282;1.13180;1.13201;639;0
2025.05.02 11:10;1.13201;1.13221;1.13160;1.13197;635;0
2025.05.02 11:20;1.13198;1.13268;1.13195;1.13257;534;0
2025.05.02 11:30;1.13259;1.13313;1.13245;1.13298;541;0
2025.05.02 11:40;1.13298;1.13330;1.13286;1.13326;550;0
2025.05.02 11:50;1.13325;1.13348;1.13310;1.13327;536;0
2025.05.02 12:00;1.13326;1.13353;1.13266;1.13309;619;0
2025.05.02 12:10;1.13308;1.13310;1.13259;1.13271;517;0
2025.05.02 12:20;1.13272;1.13310;1.13257;1.13309;533;0
2025.05.02 12:30;1.13311;1.13475;1.13301;1.13459;634;0
2025.05.02 12:40;1.13460;1.13519;1.13441;1.13503;716;0
2025.05.02 12:50;1.13505;1.13551;1.13464;1.13501;736;0
2025.05.02 13:00;1.13503;1.13519;1.13456;1.13456;638;0
2025.05.02 13:10;1.13458;1.13494;1.13424;1.13433;477;0
2025.05.02 13:20;1.13435;1.13461;1.13414;1.13421;424;0
2025.05.02 13:30;1.13422;1.13434;1.13356;1.13375;440;0
2025.05.02 13:40;1.13374;1.13374;1.13275;1.13299;396;0
2025.05.02 13:50;1.13298;1.13364;1.13290;1.13311;405;0
2025.05.02 14:00;1.13311;1.13329;1.13272;1.13293;502;0
2025.05.02 14:10;1.13294;1.13300;1.13241;1.13299;456;0
2025.05.02 14:20;1.13300;1.13409;1.13277;1.13396;446;0
2025.05.02 14:30;1.13396;1.13501;1.13369;1.13500;510;0
2025.05.02 14:40;1.13499;1.13501;1.13385;1.13389;578;0
2025.05.02 14:50;1.13390;1.13470;1.13382;1.13466;685;0
2025.05.02 15:00;1.13466;1.13472;1.13400;1.13427;531;0
2025.05.02 15:10;1.13427;1.13430;1.13345;1.13370;511;0
2025.05.02 15:20;1.13372;1.13389;1.13271;1.13358;786;0
2025.05.02 15:30;1.13358;1.13361;1.13040;1.13347;1703;0
2025.05.02 15:40;1.13347;1.13396;1.13178;1.13237;1411;0
2025.05.02 15:50;1.13236;1.13348;1.13138;1.13191;1224;0
2025.05.02 16:00;1.13189;1.13269;1.13149;1.13226;1181;0
2025.05.02 16:10;1.13226;1.13360;1.13199;1.13334;968;0
2025.05.02 16:20;1.13335;1.13575;1.13335;1.13477;1143;0
2025.05.02 16:30;1.13479;1.13687;1.13449;1.13687;1265;0
2025.05.02 16:40;1.13687;1.13777;1.13608;1.13770;1185;0
2025.05.02 16:50;1.13770;1.13798;1.13653;1.13727;1043;0
2025.05.02 17:00;1.13727;1.13809;1.13654;1.13667;1194;0
2025.05.02 17:10;1.13664;1.13755;1.13590;1.13645;1115;0
2025.05.02 17:20;1.13645;1.13670;1.13577;1.13643;893;0
2025.05.02 17:30;1.13643;1.13750;1.13622;1.13743;1012;0
2025.05.02 17:40;1.13745;1.13745;1.13599;1.13630;853;0
2025.05.02 17:50;1.13635;1.13731;1.13603;1.13686;894;0
2025.05.02 18:00;1.13686;1.13686;1.13550;1.13593;823;0
2025.05.02 18:10;1.13593;1.13632;1.13512;1.13521;686;0
2025.05.02 18:20;1.13521;1.13538;1.13343;1.13372;865;0
2025.05.02 18:30;1.13374;1.13417;1.13341;1.13361;848;0
2025.05.02 18:40;1.13359;1.13399;1.13239;1.13245;711;0
2025.05.02 18:50;1.13243;1.13303;1.13205;1.13290;691;0
2025.05.02 19:00;1.13292;1.13338;1.13193;1.13332;1182;0
2025.05.02 19:10;1.13331;1.13390;1.13294;1.13316;701;0
2025.05.02 19:20;1.13317;1.13352;1.13282;1.13342;676;0
2025.05.02 19:30;1.13342;1.13353;1.13240;1.13265;562;0
2025.05.02 19:40;1.13267;1.13321;1.13197;1.13226;571;0
2025.05.02 19:50;1.13226;1.13248;1.13171;1.13198;711;0
2025.05.02 20:00;1.13199;1.13204;1.13108;1.13119;588;0
2025.05.02 20:10;1.13119;1.13164;1.13038;1.13085;553;0
2025.05.02 20:20;1.13085;1.13163;1.13079;1.13132;500;0
2025.05.02 20:30;1.13132;1.13195;1.13128;1.13144;447;0
2025.05.02 20:40;1.13144;1.13151;1.12985;1.13066;601;0
2025.05.02 20:50;1.13066;1.13095;1.13016;1.13041;557;0
2025.05.02 21:00;1.13041;1.13085;1.13033;1.13079;445;0
2025.05.02 21:10;1.13079;1.13082;1.13001;1.13012;410;0
2025.05.02 21:20;1.13009;1.13066;1.13009;1.13053;419;0
2025.05.02 21:30;1.13053;1.13054;1.13005;1.13005;398;0
2025.05.02 21:40;1.13005;1.13009;1.12939;1.12963;517;0
2025.05.02 21:50;1.12954;1.13012;1.12924;1.12998;576;0
2025.05.02 22:00;1.12999;1.13077;1.12997;1.13073;480;0
2025.05.02 22:10;1.13074;1.13089;1.13061;1.13076;298;0
2025.05.02 22:20;1.13075;1.13082;1.13015;1.13020;382;0
2025.05.02 22:30;1.13020;1.13042;1.13006;1.13041;371;0
2025.05.02 22:40;1.13041;1.13076;1.13040;1.13062;239;0
2025.05.02 22:50;1.13061;1.13074;1.13041;1.13044;291;0
2025.05.02 23:00;1.13042;1.13052;1.13000;1.13029;267;0
2025.05.02 23:10;1.13030;1.13031;1.13005;1.13022;166;0
2025.05.02 23:20;1.13021;1.13023;1.12976;1.12984;184;0
2025.05.02 23:30;1.12984;1.12990;1.12946;1.12946;192;0
2025.05.02 23:40;1.12944;1.12958;1.12931;1.12942;147;5
2025.05.02 23:50;1.12942;1.12987;1.12942;1.12986;76;6
2025.05.05 00:00;1.12982;1.13047;1.12982;1.13047;31;65
2025.05.05 00:10;1.12990;1.13043;1.12988;1.13004;55;83
2025.05.05 00:20;1.13010;1.13018;1.12994;1.12997;19;97
2025.05.05 00:30;1.12997;1.13037;1.12967;1.12969;107;25
2025.05.05 00:40;1.12965;1.13004;1.12961;1.13004;108;25
2025.05.05 00:50;1.13004;1.13049;1.12981;1.13005;150;25
2025.05.05 01:00;1.13006;1.13095;1.12978;1.12990;390;1
2025.05.05 01:10;1.12992;1.13089;1.12992;1.13079;347;1
2025.05.05 01:20;1.13079;1.13097;1.13067;1.13085;261;1
2025.05.05 01:30;1.13080;1.13122;1.13078;1.13122;268;1
2025.05.05 01:40;1.13122;1.13147;1.13100;1.13142;209;0
2025.05.05 01:50;1.13142;1.13144;1.13055;1.13059;248;0
2025.05.05 02:00;1.13062;1.13064;1.13022;1.13033;190;0
2025.05.05 02:10;1.13034;1.13067;1.13030;1.13059;160;0
2025.05.05 02:20;1.13059;1.13122;1.13059;1.13121;159;0
2025.05.05 02:30;1.13121;1.13185;1.13112;1.13184;246;0
2025.05.05 02:40;1.13184;1.13277;1.13179;1.13248;362;0
2025.05.05 02:50;1.13248;1.13257;1.13205;1.13210;399;0
2025.05.05 03:00;1.13210;1.13238;1.13156;1.13184;438;0
2025.05.05 03:10;1.13184;1.13216;1.13170;1.13199;449;0
2025.05.05 03:20;1.13199;1.13204;1.13142;1.13171;423;0
2025.05.05 03:30;1.13171;1.13178;1.13148;1.13153;344;0
2025.05.05 03:40;1.13153;1.13202;1.13145;1.13197;412;0
2025.05.05 03:50;1.13197;1.13232;1.13184;1.13225;417;0
2025.05.05 04:00;1.13227;1.13309;1.13227;1.13294;524;0
2025.05.05 04:10;1.13293;1.13338;1.13244;1.13334;599;0
2025.05.05 04:20;1.13334;1.13400;1.13334;1.13370;626;0
2025.05.05 04:30;1.13370;1.13400;1.13287;1.13321;621;0
2025.05.05 04:40;1.13321;1.13322;1.13259;1.13272;484;0
2025.05.05 04:50;1.13272;1.13362;1.13267;1.13347;449;0
2025.05.05 05:00;1.13348;1.13406;1.13342;1.13366;413;0
2025.05.05 05:10;1.13366;1.13366;1.13315;1.13339;481;0
2025.05.05 05:20;1.13340;1.13419;1.13340;1.13397;365;0
2025.05.05 05:30;1.13399;1.13469;1.13392;1.13399;427;0
2025.05.05 05:40;1.13398;1.13435;1.13387;1.13398;277;0
2025.05.05 05:50;1.13399;1.13465;1.13383;1.13422;308;0
2025.05.05 06:00;1.13422;1.13426;1.13349;1.13353;403;0
2025.05.05 06:10;1.13349;1.13349;1.13314;1.13316;292;0
2025.05.05 06:20;1.13317;1.13361;1.13308;1.13361;230;0
2025.05.05 06:30;1.13361;1.13362;1.13293;1.13297;231;0
2025.05.05 06:40;1.13297;1.13303;1.13281;1.13298;237;0
2025.05.05 06:50;1.13298;1.13323;1.13295;1.13321;318;0
2025.05.05 07:00;1.13321;1.13391;1.13314;1.13371;335;0
2025.05.05 07:10;1.13372;1.13379;1.13342;1.13348;280;0
2025.05.05 07:20;1.13348;1.13370;1.13334;1.13365;159;0
2025.05.05 07:30;1.13370;1.13373;1.13296;1.13297;256;0
2025.05.05 07:40;1.13297;1.13371;1.13285;1.13343;331;0
2025.05.05 07:50;1.13344;1.13390;1.13334;1.13374;334;0
2025.05.05 08:00;1.13374;1.13429;1.13352;1.13429;302;0
2025.05.05 08:10;1.13428;1.13474;1.13409;1.13460;454;0
2025.05.05 08:20;1.13465;1.13465;1.13425;1.13448;350;0
2025.05.05 08:30;1.13448;1.13470;1.13400;1.13460;403;0
2025.05.05 08:40;1.13460;1.13475;1.13302;1.13308;500;0
2025.05.05 08:50;1.13308;1.13407;1.13307;1.13334;473;0
2025.05.05 09:00;1.13332;1.13361;1.13278;1.13354;667;0
2025.05.05 09:10;1.13348;1.13368;1.13282;1.13282;577;0
2025.05.05 09:20;1.13283;1.13312;1.13241;1.13268;585;0
2025.05.05 09:30;1.13269;1.13269;1.13183;1.13264;681;0
2025.05.05 09:40;1.13265;1.13282;1.13225;1.13239;582;0
2025.05.05 09:50;1.13238;1.13310;1.13181;1.13258;616;0
2025.05.05 10:00;1.13256;1.13287;1.13190;1.13252;689;0
2025.05.05 10:10;1.13250;1.13307;1.13229;1.13300;524;0
2025.05.05 10:20;1.13300;1.13310;1.13202;1.13220;482;0
2025.05.05 10:30;1.13219;1.13273;1.13194;1.13240;512;0
2025.05.05 10:40;1.13240;1.13257;1.13178;1.13203;516;0
2025.05.05 10:50;1.13204;1.13219;1.13132;1.13132;600;0
2025.05.05 11:00;1.13130;1.13222;1.13115;1.13214;630;0
2025.05.05 11:10;1.13213;1.13261;1.13212;1.13242;534;0
2025.05.05 11:20;1.13242;1.13274;1.13215;1.13247;519;0
2025.05.05 11:30;1.13246;1.13272;1.13198;1.13252;576;0
2025.05.05 11:40;1.13250;1.13328;1.13223;1.13306;563;0
2025.05.05 11:50;1.13305;1.13326;1.13211;1.13260;715;0
2025.05.05 12:00;1.13265;1.13395;1.13264;1.13359;585;0
2025.05.05 12:10;1.13358;1.13418;1.13340;1.13372;583;0
2025.05.05 12:20;1.13372;1.13406;1.13315;1.13405;533;0
2025.05.05 12:30;1.13406;1.13439;1.13374;1.13411;679;0
2025.05.05 12:40;1.13409;1.13440;1.13377;1.13402;540;0
2025.05.05 12:50;1.13402;1.13414;1.13357;1.13413;535;0
2025.05.05 13:00;1.13413;1.13448;1.13361;1.13371;586;0
2025.05.05 13:10;1.13371;1.13373;1.13330;1.13355;543;0
2025.05.05 13:20;1.13354;1.13416;1.13353;1.13400;484;0
2025.05.05 13:30;1.13399;1.13422;1.13356;1.13375;428;0
2025.05.05 13:40;1.13375;1.13449;1.13375;1.13423;411;0
2025.05.05 13:50;1.13422;1.13455;1.13376;1.13448;418;0
2025.05.05 14:00;1.13448;1.13514;1.13433;1.13510;450;0
2025.05.05 14:10;1.13513;1.13574;1.13508;1.13560;471;0
2025.05.05 14:20;1.13561;1.13567;1.13491;1.13491;483;0
2025.05.05 14:30;1.13490;1.13497;1.13410;1.13419;517;0
2025.05.05 14:40;1.13421;1.13452;1.13406;1.13449;415;0
2025.05.05 14:50;1.13448;1.13487;1.13401;1.13426;447;0
2025.05.05 15:00;1.13424;1.13506;1.13403;1.13427;649;0
2025.05.05 15:10;1.13424;1.13467;1.13421;1.13456;602;0
2025.05.05 15:20;1.13458;1.13616;1.13449;1.13588;757;0
2025.05.05 15:30;1.13586;1.13599;1.13533;1.13541;652;0
2025.05.05 15:40;1.13541;1.13577;1.13488;1.13547;587;0
2025.05.05 15:50;1.13547;1.13634;1.13541;1.13599;653;0
2025.05.05 16:00;1.13599;1.13649;1.13573;1.13600;494;0
2025.05.05 16:10;1.13607;1.13623;1.13567;1.13600;511;0
2025.05.05 16:20;1.13599;1.13610;1.13555;1.13576;505;0
2025.05.05 16:30;1.13576;1.13587;1.13520;1.13568;715;0
2025.05.05 16:40;1.13568;1.13608;1.13526;1.13578;624;0
2025.05.05 16:50;1.13577;1.13609;1.13516;1.13517;719;0
2025.05.05 17:00;1.13511;1.13529;1.13343;1.13499;1197;0
2025.05.05 17:10;1.13499;1.13514;1.13403;1.13416;863;0
2025.05.05 17:20;1.13418;1.13467;1.13394;1.13463;839;0
2025.05.05 17:30;1.13463;1.13467;1.13306;1.13339;812;0
2025.05.05 17:40;1.13342;1.13434;1.13342;1.13411;698;0
2025.05.05 17:50;1.13411;1.13428;1.13349;1.13389;742;0
2025.05.05 18:00;1.13386;1.13413;1.13291;1.13324;741;0
2025.05.05 18:10;1.13329;1.13353;1.13297;1.13332;541;0
2025.05.05 18:20;1.13332;1.13332;1.13283;1.13292;474;0
2025.05.05 18:30;1.13293;1.13316;1.13207;1.13236;546;0
2025.05.05 18:40;1.13239;1.13244;1.13167;1.13193;538;0
2025.05.05 18:50;1.13193;1.13214;1.13125;1.13143;477;0
2025.05.05 19:00;1.13142;1.13142;1.12997;1.12997;662;1
2025.05.05 19:10;1.12998;1.13048;1.12998;1.13041;446;0
2025.05.05 19:20;1.13044;1.13050;1.13000;1.13017;321;0
2025.05.05 19:30;1.13017;1.13089;1.13016;1.13058;406;1
2025.05.05 19:40;1.13058;1.13090;1.13023;1.13029;386;1
2025.05.05 19:50;1.13014;1.13045;1.12991;1.13023;406;1
2025.05.05 20:00;1.13023;1.13085;1.13021;1.13077;361;0
2025.05.05 20:10;1.13078;1.13079;1.13037;1.13079;344;0
2025.05.05 20:20;1.13079;1.13101;1.13067;1.13093;300;0
2025.05.05 20:30;1.13093;1.13111;1.13028;1.13031;282;0
2025.05.05 20:40;1.13030;1.13039;1.13008;1.13020;232;0
2025.05.05 20:50;1.13018;1.13040;1.12975;1.13000;275;0
2025.05.05 21:00;1.12999;1.13040;1.12971;1.13017;351;1
2025.05.05 21:10;1.13017;1.13031;1.13006;1.13018;205;0
2025.05.05 21:20;1.13018;1.13031;1.13011;1.13031;197;0
2025.05.05 21:30;1.13033;1.13048;1.13011;1.13024;283;0
2025.05.05 21:40;1.13024;1.13057;1.13022;1.13047;242;0
2025.05.05 21:50;1.13048;1.13154;1.13047;1.13131;430;1
2025.05.05 22:00;1.13131;1.13192;1.13108;1.13182;335;1
2025.05.05 22:10;1.13182;1.13208;1.13166;1.13177;304;0
2025.05.05 22:20;1.13178;1.13210;1.13157;1.13183;283;0
2025.05.05 22:30;1.13183;1.13205;1.13160;1.13198;205;0
2025.05.05 22:40;1.13197;1.13202;1.13144;1.13173;243;0
2025.05.05 22:50;1.13172;1.13208;1.13147;1.13148;389;1
2025.05.05 23:00;1.13148;1.13202;1.13147;1.13186;243;0
2025.05.05 23:10;1.13183;1.13194;1.13155;1.13160;130;0
2025.05.05 23:20;1.13161;1.13167;1.13121;1.13121;146;0
2025.05.05 23:30;1.13121;1.13144;1.13119;1.13139;113;0
2025.05.05 23:40;1.13137;1.13158;1.13132;1.13156;143;5
2025.05.05 23:50;1.13156;1.13160;1.13132;1.13141;175;5
2025.05.06 00:00;1.13132;1.13147;1.13107;1.13146;34;20
2025.05.06 00:10;1.13147;1.13160;1.13144;1.13159;31;26
2025.05.06 00:20;1.13160;1.13179;1.13160;1.13175;55;30
2025.05.06 00:30;1.13175;1.13185;1.13146;1.13154;63;25
2025.05.06 00:40;1.13154;1.13191;1.13154;1.13176;60;25
2025.05.06 00:50;1.13170;1.13174;1.13153;1.13172;50;25
2025.05.06 01:00;1.13174;1.13191;1.13154;1.13187;208;1
2025.05.06 01:10;1.13187;1.13201;1.13174;1.13182;62;1
2025.05.06 01:20;1.13185;1.13198;1.13174;1.13178;125;1
2025.05.06 01:30;1.13178;1.13186;1.13149;1.13157;111;0
2025.05.06 01:40;1.13157;1.13158;1.13133;1.13141;155;0
2025.05.06 01:50;1.13140;1.13147;1.13136;1.13145;84;0
2025.05.06 02:00;1.13145;1.13150;1.13099;1.13111;120;0
2025.05.06 02:10;1.13110;1.13125;1.13105;1.13123;127;0
2025.05.06 02:20;1.13123;1.13148;1.13123;1.13128;119;0
2025.05.06 02:30;1.13128;1.13158;1.13128;1.13157;107;0
2025.05.06 02:40;1.13156;1.13164;1.13143;1.13146;105;0
2025.05.06 02:50;1.13146;1.13150;1.13118;1.13121;151;0
2025.05.06 03:00;1.13119;1.13122;1.13037;1.13058;307;0
2025.05.06 03:10;1.13054;1.13058;1.12899;1.12904;437;1
2025.05.06 03:20;1.12910;1.12953;1.12808;1.12870;605;0
2025.05.06 03:30;1.12870;1.12935;1.12835;1.12884;463;0
2025.05.06 03:40;1.12887;1.12896;1.12847;1.12858;496;0
2025.05.06 03:50;1.12858;1.12897;1.12842;1.12860;398;0
2025.05.06 04:00;1.12862;1.12895;1.12799;1.12894;576;0
2025.05.06 04:10;1.12894;1.12941;1.12849;1.12856;642;0
2025.05.06 04:20;1.12855;1.12894;1.12808;1.12886;555;0
2025.05.06 04:30;1.12886;1.12889;1.12800;1.12881;644;0
2025.05.06 04:40;1.12881;1.12922;1.12881;1.12886;544;0
2025.05.06 04:50;1.12886;1.12967;1.12884;1.12936;491;0
2025.05.06 05:00;1.12936;1.13070;1.12929;1.13059;556;0
2025.05.06 05:10;1.13058;1.13125;1.13046;1.13122;467;0
2025.05.06 05:20;1.13121;1.13140;1.13070;1.13132;523;0
2025.05.06 05:30;1.13133;1.13136;1.13070;1.13085;427;0
2025.05.06 05:40;1.13084;1.13101;1.13058;1.13071;363;0
2025.05.06 05:50;1.13070;1.13091;1.13049;1.13072;324;0
2025.05.06 06:00;1.13073;1.13104;1.13034;1.13104;397;0
2025.05.06 06:10;1.13107;1.13130;1.13064;1.13104;307;0
2025.05.06 06:20;1.13106;1.13150;1.13099;1.13137;350;0
2025.05.06 06:30;1.13136;1.13174;1.13106;1.13115;320;0
2025.05.06 06:40;1.13116;1.13153;1.13107;1.13153;264;0
2025.05.06 06:50;1.13152;1.13173;1.13113;1.13151;331;0
2025.05.06 07:00;1.13151;1.13178;1.13146;1.13165;208;0
2025.05.06 07:10;1.13166;1.13244;1.13157;1.13223;278;0
2025.05.06 07:20;1.13223;1.13248;1.13199;1.13201;237;0
2025.05.06 07:30;1.13201;1.13226;1.13169;1.13226;190;0
2025.05.06 07:40;1.13226;1.13265;1.13210;1.13227;203;0
2025.05.06 07:50;1.13225;1.13276;1.13216;1.13246;229;0
2025.05.06 08:00;1.13246;1.13255;1.13211;1.13226;248;0
2025.05.06 08:10;1.13227;1.13256;1.13213;1.13222;218;0
2025.05.06 08:20;1.13222;1.13228;1.13167;1.13179;318;0
2025.05.06 08:30;1.13178;1.13203;1.13165;1.13168;264;0
2025.05.06 08:40;1.13167;1.13187;1.13134;1.13178;320;0
2025.05.06 08:50;1.13178;1.13196;1.13148;1.13182;403;0
2025.05.06 09:00;1.13182;1.13207;1.13140;1.13195;497;0
2025.05.06 09:10;1.13195;1.13239;1.13158;1.13199;535;0
2025.05.06 09:20;1.13201;1.13232;1.13165;1.13213;577;0
2025.05.06 09:30;1.13215;1.13310;1.13195;1.13300;476;0
2025.05.06 09:40;1.13299;1.13356;1.13273;1.13295;600;0
2025.05.06 09:50;1.13294;1.13321;1.13237;1.13262;535;0
2025.05.06 10:00;1.13260;1.13356;1.13257;1.13266;759;0
2025.05.06 10:10;1.13266;1.13321;1.13222;1.13268;655;0
2025.05.06 10:20;1.13268;1.13390;1.13253;1.13358;716;0
2025.05.06 10:30;1.13357;1.13464;1.13355;1.13449;823;0
2025.05.06 10:40;1.13450;1.13480;1.13419;1.13468;734;0
2025.05.06 10:50;1.13467;1.13471;1.13370;1.13389;687;0
2025.05.06 11:00;1.13390;1.13431;1.13223;1.13382;956;0
2025.05.06 11:10;1.13384;1.13496;1.13279;1.13483;921;0
2025.05.06 11:20;1.13483;1.13496;1.13397;1.13406;709;0
2025.05.06 11:30;1.13406;1.13432;1.13333;1.13375;658;0
2025.05.06 11:40;1.13373;1.13391;1.13336;1.13363;603;0
2025.05.06 11:50;1.13362;1.13385;1.13250;1.13272;668;0
2025.05.06 12:00;1.13271;1.13298;1.13206;1.13296;695;0
2025.05.06 12:10;1.13295;1.13295;1.13213;1.13255;630;0
2025.05.06 12:20;1.13254;1.13254;1.13164;1.13174;566;0
2025.05.06 12:30;1.13176;1.13253;1.13168;1.13200;592;0
2025.05.06 12:40;1.13193;1.13245;1.13137;1.13154;538;0
2025.05.06 12:50;1.13153;1.13156;1.13054;1.13117;690;0
2025.05.06 13:00;1.13117;1.13197;1.13096;1.13177;575;0
2025.05.06 13:10;1.13178;1.13206;1.13122;1.13150;501;0
2025.05.06 13:20;1.13150;1.13177;1.13123;1.13160;452;0
2025.05.06 13:30;1.13156;1.13208;1.13136;1.13169;530;0
2025.05.06 13:40;1.13169;1.13242;1.13150;1.13188;602;0
2025.05.06 13:50;1.13188;1.13275;1.13162;1.13260;551;0
2025.05.06 14:00;1.13260;1.13282;1.13225;1.13259;447;0
2025.05.06 14:10;1.13260;1.13314;1.13240;1.13289;496;0
2025.05.06 14:20;1.13289;1.13322;1.13260;1.13279;610;0
2025.05.06 14:30;1.13279;1.13349;1.13278;1.13325;512;0
2025.05.06 14:40;1.13330;1.13340;1.13259;1.13276;437;0
2025.05.06 14:50;1.13277;1.13323;1.13248;1.13271;663;0
2025.05.06 15:00;1.13276;1.13281;1.13168;1.13247;675;0
2025.05.06 15:10;1.13248;1.13304;1.13232;1.13288;575;0
2025.05.06 15:20;1.13289;1.13346;1.13284;1.13330;450;0
2025.05.06 15:30;1.13329;1.13418;1.13329;1.13380;569;0
2025.05.06 15:40;1.13381;1.13436;1.13343;1.13386;605;0
2025.05.06 15:50;1.13386;1.13439;1.13366;1.13405;648;0
2025.05.06 16:00;1.13405;1.13405;1.13276;1.13280;658;0
2025.05.06 16:10;1.13280;1.13362;1.13262;1.13338;559;0
2025.05.06 16:20;1.13339;1.13456;1.13331;1.13453;529;0
2025.05.06 16:30;1.13452;1.13475;1.13358;1.13407;762;0
2025.05.06 16:40;1.13409;1.13574;1.13408;1.13569;510;0
2025.05.06 16:50;1.13567;1.13572;1.13477;1.13532;824;0
2025.05.06 17:00;1.13536;1.13562;1.13426;1.13469;895;0
2025.05.06 17:10;1.13467;1.13696;1.13466;1.13473;963;0
2025.05.06 17:20;1.13470;1.13541;1.13434;1.13456;770;0
2025.05.06 17:30;1.13460;1.13625;1.13453;1.13595;690;0
2025.05.06 17:40;1.13595;1.13615;1.13494;1.13523;637;0
2025.05.06 17:50;1.13522;1.13526;1.13411;1.13413;797;0
2025.05.06 18:00;1.13410;1.13446;1.13357;1.13394;675;0
2025.05.06 18:10;1.13394;1.13472;1.13385;1.13430;661;0
2025.05.06 18:20;1.13430;1.13499;1.13424;1.13478;536;0
2025.05.06 18:30;1.13478;1.13496;1.13404;1.13413;540;0
2025.05.06 18:40;1.13414;1.13435;1.13354;1.13382;459;0
2025.05.06 18:50;1.13382;1.13451;1.13368;1.13436;441;0
2025.05.06 19:00;1.13435;1.13447;1.13314;1.13345;476;1
2025.05.06 19:10;1.13345;1.13419;1.13308;1.13409;677;1
2025.05.06 19:20;1.13410;1.13494;1.13394;1.13492;578;0
2025.05.06 19:30;1.13493;1.13546;1.13463;1.13522;504;0
2025.05.06 19:40;1.13522;1.13529;1.13450;1.13472;515;0
2025.05.06 19:50;1.13472;1.13557;1.13471;1.13488;478;0
2025.05.06 20:00;1.13491;1.13638;1.13491;1.13632;557;0
2025.05.06 20:10;1.13631;1.13703;1.13614;1.13691;553;0
2025.05.06 20:20;1.13691;1.13702;1.13657;1.13670;444;0
2025.05.06 20:30;1.13669;1.13681;1.13636;1.13655;394;0
2025.05.06 20:40;1.13655;1.13690;1.13633;1.13647;284;0
2025.05.06 20:50;1.13648;1.13651;1.13605;1.13644;297;0
2025.05.06 21:00;1.13643;1.13643;1.13554;1.13562;478;0
2025.05.06 21:10;1.13558;1.13610;1.13547;1.13578;325;0
2025.05.06 21:20;1.13582;1.13603;1.13572;1.13595;323;0
2025.05.06 21:30;1.13598;1.13678;1.13596;1.13658;323;0
2025.05.06 21:40;1.13658;1.13677;1.13624;1.13634;206;0
2025.05.06 21:50;1.13635;1.13724;1.13630;1.13717;297;0
2025.05.06 22:00;1.13713;1.13728;1.13668;1.13684;290;0
2025.05.06 22:10;1.13685;1.13724;1.13679;1.13721;210;0
2025.05.06 22:20;1.13720;1.13771;1.13715;1.13768;281;0
2025.05.06 22:30;1.13768;1.13770;1.13690;1.13734;292;1
2025.05.06 22:40;1.13734;1.13811;1.13731;1.13777;291;0
2025.05.06 22:50;1.13777;1.13787;1.13714;1.13727;419;1
2025.05.06 23:00;1.13725;1.13783;1.13725;1.13773;203;0
2025.05.06 23:10;1.13778;1.13797;1.13763;1.13786;197;0
2025.05.06 23:20;1.13786;1.13789;1.13735;1.13757;233;0
2025.05.06 23:30;1.13751;1.13751;1.13655;1.13724;283;1
2025.05.06 23:40;1.13722;1.13723;1.13683;1.13715;158;5
2025.05.06 23:50;1.13714;1.13726;1.13655;1.13660;290;5
2025.05.07 00:00;1.13659;1.13674;1.13604;1.13673;27;51
2025.05.07 00:10;1.13672;1.13675;1.13645;1.13667;48;51
2025.05.07 00:20;1.13663;1.13715;1.13643;1.13693;124;35
2025.05.07 00:30;1.13717;1.13723;1.13700;1.13706;85;25
2025.05.07 00:40;1.13706;1.13721;1.13703;1.13721;57;25
2025.05.07 00:50;1.13721;1.13730;1.13707;1.13708;49;24
2025.05.07 01:00;1.13709;1.13732;1.13351;1.13366;631;1
2025.05.07 01:10;1.13366;1.13434;1.13307;1.13337;670;0
2025.05.07 01:20;1.13336;1.13365;1.13259;1.13295;575;0
2025.05.07 01:30;1.13292;1.13487;1.13263;1.13445;646;0
2025.05.07 01:40;1.13444;1.13502;1.13422;1.13484;448;0
2025.05.07 01:50;1.13484;1.13486;1.13396;1.13426;345;0
2025.05.07 02:00;1.13426;1.13427;1.13351;1.13363;452;0
2025.05.07 02:10;1.13363;1.13448;1.13363;1.13365;453;0
2025.05.07 02:20;1.13365;1.13428;1.13333;1.13421;365;0
2025.05.07 02:30;1.13423;1.13456;1.13406;1.13412;315;0
2025.05.07 02:40;1.13412;1.13430;1.13381;1.13421;393;0
2025.05.07 02:50;1.13420;1.13441;1.13392;1.13400;365;0
2025.05.07 03:00;1.13399;1.13516;1.13384;1.13440;752;1
2025.05.07 03:10;1.13441;1.13507;1.13433;1.13444;698;0
2025.05.07 03:20;1.13444;1.13448;1.13252;1.13309;863;0
2025.05.07 03:30;1.13312;1.13393;1.13280;1.13379;654;0
2025.05.07 03:40;1.13380;1.13396;1.13343;1.13343;560;0
2025.05.07 03:50;1.13344;1.13428;1.13322;1.13410;698;0
2025.05.07 04:00;1.13411;1.13427;1.13294;1.13392;779;0
2025.05.07 04:10;1.13391;1.13516;1.13391;1.13445;753;0
2025.05.07 04:20;1.13446;1.13456;1.13312;1.13335;712;0
2025.05.07 04:30;1.13333;1.13390;1.13261;1.13362;801;0
2025.05.07 04:40;1.13361;1.13430;1.13350;1.13393;652;0
2025.05.07 04:50;1.13392;1.13460;1.13355;1.13449;656;0
2025.05.07 05:00;1.13446;1.13447;1.13360;1.13360;621;0
2025.05.07 05:10;1.13360;1.13429;1.13355;1.13422;580;0
2025.05.07 05:20;1.13422;1.13476;1.13410;1.13430;564;0
2025.05.07 05:30;1.13429;1.13495;1.13424;1.13482;527;0
2025.05.07 05:40;1.13482;1.13482;1.13373;1.13406;440;0
2025.05.07 05:50;1.13406;1.13438;1.13383;1.13410;506;0
2025.05.07 06:00;1.13410;1.13446;1.13382;1.13390;345;0
2025.05.07 06:10;1.13393;1.13445;1.13382;1.13427;383;0
2025.05.07 06:20;1.13427;1.13438;1.13370;1.13391;457;0
2025.05.07 06:30;1.13393;1.13427;1.13377;1.13390;351;0
2025.05.07 06:40;1.13389;1.13415;1.13365;1.13403;329;0
2025.05.07 06:50;1.13404;1.13473;1.13398;1.13460;319;0
2025.05.07 07:00;1.13460;1.13502;1.13430;1.13501;375;0
2025.05.07 07:10;1.13500;1.13516;1.13477;1.13501;358;0
2025.05.07 07:20;1.13501;1.13515;1.13479;1.13480;282;0
2025.05.07 07:30;1.13480;1.13498;1.13466;1.13475;295;0
2025.05.07 07:40;1.13475;1.13476;1.13435;1.13448;290;0
2025.05.07 07:50;1.13447;1.13463;1.13429;1.13437;371;0
2025.05.07 08:00;1.13437;1.13504;1.13430;1.13492;415;0
2025.05.07 08:10;1.13492;1.13544;1.13478;1.13536;319;0
2025.05.07 08:20;1.13536;1.13579;1.13531;1.13552;370;0
2025.05.07 08:30;1.13552;1.13560;1.13518;1.13543;429;0
2025.05.07 08:40;1.13544;1.13603;1.13532;1.13603;469;0
2025.05.07 08:50;1.13604;1.13670;1.13592;1.13653;629;0
2025.05.07 09:00;1.13653;1.13701;1.13611;1.13616;511;0
2025.05.07 09:10;1.13614;1.13702;1.13597;1.13652;633;0
2025.05.07 09:20;1.13650;1.13733;1.13638;1.13663;585;0
2025.05.07 09:30;1.13662;1.13687;1.13631;1.13664;492;0
2025.05.07 09:40;1.13663;1.13769;1.13658;1.13680;564;0
2025.05.07 09:50;1.13680;1.13783;1.13680;1.13738;582;0
2025.05.07 10:00;1.13734;1.13734;1.13633;1.13654;756;0
2025.05.07 10:10;1.13653;1.13700;1.13612;1.13653;631;0
2025.05.07 10:20;1.13653;1.13673;1.13593;1.13598;620;0
2025.05.07 10:30;1.13598;1.13633;1.13548;1.13579;621;0
2025.05.07 10:40;1.13579;1.13659;1.13572;1.13592;534;0
2025.05.07 10:50;1.13592;1.13655;1.13588;1.13625;599;0
2025.05.07 11:00;1.13625;1.13643;1.13541;1.13558;729;0
2025.05.07 11:10;1.13561;1.13669;1.13546;1.13644;575;0
2025.05.07 11:20;1.13644;1.13694;1.13613;1.13664;509;0
2025.05.07 11:30;1.13663;1.13724;1.13652;1.13716;585;0
2025.05.07 11:40;1.13713;1.13736;1.13644;1.13663;614;0
2025.05.07 11:50;1.13662;1.13678;1.13580;1.13581;641;0
2025.05.07 12:00;1.13579;1.13615;1.13472;1.13473;590;0
2025.05.07 12:10;1.13472;1.13525;1.13471;1.13505;564;0
2025.05.07 12:20;1.13505;1.13585;1.13476;1.13577;624;0
2025.05.07 12:30;1.13577;1.13601;1.13552;1.13575;531;0
2025.05.07 12:40;1.13576;1.13619;1.13552;1.13579;430;0
2025.05.07 12:50;1.13578;1.13585;1.13532;1.13561;479;0
2025.05.07 13:00;1.13568;1.13670;1.13560;1.13663;541;0
2025.05.07 13:10;1.13664;1.13664;1.13606;1.13613;469;0
2025.05.07 13:20;1.13612;1.13645;1.13564;1.13594;472;0
2025.05.07 13:30;1.13593;1.13614;1.13560;1.13605;383;0
2025.05.07 13:40;1.13606;1.13669;1.13592;1.13651;543;0
2025.05.07 13:50;1.13656;1.13667;1.13625;1.13654;462;0
2025.05.07 14:00;1.13659;1.13709;1.13631;1.13671;399;0
2025.05.07 14:10;1.13670;1.13698;1.13651;1.13663;399;0
2025.05.07 14:20;1.13666;1.13730;1.13666;1.13670;415;0
2025.05.07 14:30;1.13669;1.13669;1.13612;1.13624;421;0
2025.05.07 14:40;1.13625;1.13710;1.13604;1.13624;460;0
2025.05.07 14:50;1.13624;1.13653;1.13564;1.13575;630;0
2025.05.07 15:00;1.13576;1.13622;1.13568;1.13606;559;0
2025.05.07 15:10;1.13605;1.13642;1.13585;1.13638;535;0
2025.05.07 15:20;1.13637;1.13666;1.13601;1.13647;572;0
2025.05.07 15:30;1.13647;1.13655;1.13596;1.13602;548;0
2025.05.07 15:40;1.13601;1.13611;1.13559;1.13607;522;0
2025.05.07 15:50;1.13606;1.13652;1.13589;1.13590;504;0
2025.05.07 16:00;1.13589;1.13629;1.13574;1.13595;568;0
2025.05.07 16:10;1.13595;1.13659;1.13555;1.13658;465;0
2025.05.07 16:20;1.13658;1.13658;1.13593;1.13604;512;0
2025.05.07 16:30;1.13604;1.13614;1.13569;1.13571;596;0
2025.05.07 16:40;1.13571;1.13611;1.13529;1.13606;624;0
2025.05.07 16:50;1.13607;1.13683;1.13607;1.13669;753;0
2025.05.07 17:00;1.13668;1.13675;1.13554;1.13564;671;0
2025.05.07 17:10;1.13563;1.13600;1.13551;1.13569;541;0
2025.05.07 17:20;1.13569;1.13618;1.13545;1.13617;509;0
2025.05.07 17:30;1.13617;1.13649;1.13603;1.13645;439;0
2025.05.07 17:40;1.13646;1.13685;1.13605;1.13649;414;0
2025.05.07 17:50;1.13651;1.13710;1.13631;1.13671;739;0
2025.05.07 18:00;1.13669;1.13696;1.13620;1.13659;733;0
2025.05.07 18:10;1.13664;1.13683;1.13569;1.13582;544;0
2025.05.07 18:20;1.13581;1.13587;1.13430;1.13442;716;0
2025.05.07 18:30;1.13443;1.13508;1.13415;1.13477;567;0
2025.05.07 18:40;1.13477;1.13504;1.13450;1.13487;482;0
2025.05.07 18:50;1.13487;1.13506;1.13461;1.13472;406;0
2025.05.07 19:00;1.13471;1.13471;1.13370;1.13386;564;1
2025.05.07 19:10;1.13387;1.13439;1.13386;1.13422;415;1
2025.05.07 19:20;1.13422;1.13477;1.13404;1.13472;379;0
2025.05.07 19:30;1.13472;1.13512;1.13467;1.13507;316;0
2025.05.07 19:40;1.13508;1.13532;1.13465;1.13514;369;1
2025.05.07 19:50;1.13516;1.13542;1.13489;1.13489;397;0
2025.05.07 20:00;1.13488;1.13494;1.13447;1.13453;287;0
2025.05.07 20:10;1.13453;1.13465;1.13395;1.13396;220;0
2025.05.07 20:20;1.13398;1.13414;1.13381;1.13384;289;1
2025.05.07 20:30;1.13383;1.13456;1.13363;1.13456;255;0
2025.05.07 20:40;1.13453;1.13458;1.13348;1.13369;337;2
2025.05.07 20:50;1.13372;1.13477;1.13369;1.13384;598;2
2025.05.07 21:00;1.13400;1.13648;1.13349;1.13546;1129;2
2025.05.07 21:10;1.13546;1.13619;1.13485;1.13498;1019;1
2025.05.07 21:20;1.13497;1.13551;1.13467;1.13502;676;1
2025.05.07 21:30;1.13502;1.13647;1.13410;1.13570;1116;1
2025.05.07 21:40;1.13568;1.13648;1.13200;1.13336;1394;2
2025.05.07 21:50;1.13336;1.13420;1.13295;1.13337;1155;1
2025.05.07 22:00;1.13338;1.13344;1.13175;1.13255;996;0
2025.05.07 22:10;1.13257;1.13266;1.13067;1.13172;1066;0
2025.05.07 22:20;1.13174;1.13183;1.13075;1.13178;866;0
2025.05.07 22:30;1.13177;1.13211;1.13137;1.13153;700;0
2025.05.07 22:40;1.13153;1.13179;1.13007;1.13141;1091;1
2025.05.07 22:50;1.13143;1.13149;1.13041;1.13069;725;0
2025.05.07 23:00;1.13069;1.13084;1.12961;1.12962;442;0
2025.05.07 23:10;1.12962;1.12983;1.12917;1.12961;377;0
2025.05.07 23:20;1.12956;1.13012;1.12950;1.13009;310;1
2025.05.07 23:30;1.13008;1.13026;1.12980;1.12982;201;1
2025.05.07 23:40;1.12980;1.13009;1.12971;1.12997;258;5
2025.05.07 23:50;1.12996;1.13041;1.12986;1.12986;276;5
2025.05.08 00:00;1.12959;1.13093;1.12949;1.13052;106;41
2025.05.08 00:10;1.13052;1.13095;1.13031;1.13095;162;59
2025.05.08 00:20;1.13097;1.13131;1.13069;1.13127;108;24
2025.05.08 00:30;1.13127;1.13139;1.13125;1.13127;50;24
2025.05.08 00:40;1.13127;1.13127;1.13088;1.13089;93;24
2025.05.08 00:50;1.13090;1.13123;1.13089;1.13116;114;24
2025.05.08 01:00;1.13115;1.13115;1.13030;1.13067;527;0
2025.05.08 01:10;1.13066;1.13094;1.13051;1.13071;207;0
2025.05.08 01:20;1.13071;1.13088;1.13065;1.13065;178;0
2025.05.08 01:30;1.13069;1.13071;1.13048;1.13068;206;0
2025.05.08 01:40;1.13068;1.13087;1.13014;1.13017;287;0
2025.05.08 01:50;1.13016;1.13025;1.12999;1.13011;317;0
2025.05.08 02:00;1.13010;1.13056;1.13010;1.13040;207;0
2025.05.08 02:10;1.13041;1.13086;1.13035;1.13084;192;0
2025.05.08 02:20;1.13084;1.13084;1.13050;1.13055;164;0
2025.05.08 02:30;1.13055;1.13103;1.13054;1.13100;182;0
2025.05.08 02:40;1.13098;1.13098;1.13053;1.13056;213;0
2025.05.08 02:50;1.13055;1.13089;1.13028;1.13030;256;0
2025.05.08 03:00;1.13035;1.13117;1.13021;1.13103;482;0
2025.05.08 03:10;1.13107;1.13140;1.13093;1.13113;432;0
2025.05.08 03:20;1.13116;1.13180;1.13116;1.13157;449;0
2025.05.08 03:30;1.13156;1.13179;1.13125;1.13177;377;0
2025.05.08 03:40;1.13177;1.13195;1.13125;1.13178;369;0
2025.05.08 03:50;1.13179;1.13224;1.13099;1.13101;745;0
2025.05.08 04:00;1.13101;1.13177;1.13082;1.13162;847;0
2025.05.08 04:10;1.13162;1.13223;1.13137;1.13189;591;0
2025.05.08 04:20;1.13190;1.13196;1.13104;1.13135;618;0
2025.05.08 04:30;1.13137;1.13185;1.13116;1.13161;587;0
2025.05.08 04:40;1.13161;1.13208;1.13104;1.13173;577;0
2025.05.08 04:50;1.13176;1.13328;1.13173;1.13317;808;0
2025.05.08 05:00;1.13316;1.13356;1.13265;1.13265;672;0
2025.05.08 05:10;1.13260;1.13328;1.13227;1.13326;565;0
2025.05.08 05:20;1.13325;1.13349;1.13256;1.13300;500;0
2025.05.08 05:30;1.13300;1.13337;1.13283;1.13284;462;0
2025.05.08 05:40;1.13282;1.13304;1.13253;1.13271;321;0
2025.05.08 05:50;1.13269;1.13290;1.13223;1.13228;428;0
2025.05.08 06:00;1.13228;1.13328;1.13227;1.13326;407;0
2025.05.08 06:10;1.13325;1.13363;1.13316;1.13337;426;0
2025.05.08 06:20;1.13336;1.13340;1.13278;1.13299;479;0
2025.05.08 06:30;1.13305;1.13331;1.13248;1.13248;367;0
2025.05.08 06:40;1.13249;1.13300;1.13247;1.13257;372;0
2025.05.08 06:50;1.13256;1.13289;1.13245;1.13277;319;0
2025.05.08 07:00;1.13277;1.13298;1.13248;1.13251;306;0
2025.05.08 07:10;1.13250;1.13275;1.13234;1.13270;294;0
2025.05.08 07:20;1.13270;1.13310;1.13270;1.13282;250;0
2025.05.08 07:30;1.13282;1.13284;1.13231;1.13267;296;0
2025.05.08 07:40;1.13267;1.13283;1.13219;1.13230;310;0
2025.05.08 07:50;1.13226;1.13235;1.13179;1.13179;348;0
2025.05.08 08:00;1.13179;1.13184;1.13088;1.13096;433;0
2025.05.08 08:10;1.13095;1.13096;1.12972;1.12977;618;0
2025.05.08 08:20;1.12980;1.13073;1.12978;1.13072;514;0
2025.05.08 08:30;1.13071;1.13095;1.13058;1.13066;513;0
2025.05.08 08:40;1.13065;1.13077;1.12996;1.13030;449;0
2025.05.08 08:50;1.13032;1.13068;1.12968;1.13039;579;0
2025.05.08 09:00;1.13037;1.13075;1.13016;1.13032;574;0
2025.05.08 09:10;1.13031;1.13044;1.12878;1.12884;768;0
2025.05.08 09:20;1.12883;1.12901;1.12811;1.12858;706;0
2025.05.08 09:30;1.12859;1.12875;1.12797;1.12803;776;0
2025.05.08 09:40;1.12805;1.12853;1.12766;1.12843;793;0
2025.05.08 09:50;1.12844;1.12884;1.12817;1.12822;756;0
2025.05.08 10:00;1.12823;1.12840;1.12702;1.12769;978;0
2025.05.08 10:10;1.12769;1.12851;1.12759;1.12847;739;0
2025.05.08 10:20;1.12849;1.12887;1.12825;1.12868;561;0
2025.05.08 10:30;1.12869;1.12947;1.12842;1.12931;645;0
2025.05.08 10:40;1.12928;1.12963;1.12873;1.12937;668;0
2025.05.08 10:50;1.12937;1.12977;1.12914;1.12972;547;0
2025.05.08 11:00;1.12972;1.13030;1.12934;1.12959;716;0
2025.05.08 11:10;1.12960;1.12974;1.12884;1.12906;724;0
2025.05.08 11:20;1.12905;1.12949;1.12898;1.12903;638;0
2025.05.08 11:30;1.12902;1.12920;1.12835;1.12917;741;0
2025.05.08 11:40;1.12915;1.12933;1.12880;1.12913;599;0
2025.05.08 11:50;1.12914;1.12916;1.12854;1.12879;642;0
2025.05.08 12:00;1.12879;1.12939;1.12864;1.12939;514;0
2025.05.08 12:10;1.12939;1.12980;1.12917;1.12932;588;0
2025.05.08 12:20;1.12931;1.12938;1.12852;1.12896;460;0
2025.05.08 12:30;1.12896;1.12902;1.12835;1.12865;578;0
2025.05.08 12:40;1.12865;1.12958;1.12852;1.12947;537;0
2025.05.08 12:50;1.12948;1.12953;1.12829;1.12847;613;0
2025.05.08 13:00;1.12847;1.12887;1.12810;1.12819;586;0
2025.05.08 13:10;1.12819;1.12835;1.12754;1.12833;588;0
2025.05.08 13:20;1.12834;1.12942;1.12834;1.12932;522;0
2025.05.08 13:30;1.12933;1.12997;1.12895;1.12987;527;0
2025.05.08 13:40;1.12988;1.12990;1.12910;1.12911;487;0
2025.05.08 13:50;1.12911;1.12921;1.12867;1.12873;497;0
2025.05.08 14:00;1.12889;1.12952;1.12857;1.12902;953;2
2025.05.08 14:10;1.12905;1.12995;1.12898;1.12993;590;0
2025.05.08 14:20;1.12993;1.13051;1.12893;1.12901;477;0
2025.05.08 14:30;1.12904;1.12925;1.12865;1.12876;532;0
2025.05.08 14:40;1.12876;1.12917;1.12854;1.12861;478;0
2025.05.08 14:50;1.12860;1.12969;1.12859;1.12961;595;0
2025.05.08 15:00;1.12961;1.12996;1.12944;1.12975;551;0
2025.05.08 15:10;1.12975;1.13101;1.12966;1.13058;624;0
2025.05.08 15:20;1.13055;1.13077;1.13036;1.13060;508;0
2025.05.08 15:30;1.13064;1.13169;1.12930;1.13164;926;0
2025.05.08 15:40;1.13164;1.13201;1.13044;1.13058;840;0
2025.05.08 15:50;1.13058;1.13059;1.12950;1.12998;781;0
2025.05.08 16:00;1.12999;1.13119;1.12997;1.13054;827;0
2025.05.08 16:10;1.13056;1.13086;1.13014;1.13072;644;0
2025.05.08 16:20;1.13070;1.13114;1.13033;1.13065;594;0
2025.05.08 16:30;1.13076;1.13105;1.13032;1.13033;832;0
2025.05.08 16:40;1.13033;1.13080;1.12954;1.13077;847;0
2025.05.08 16:50;1.13076;1.13099;1.13042;1.13061;769;0
2025.05.08 17:00;1.13062;1.13145;1.13002;1.13127;773;0
2025.05.08 17:10;1.13127;1.13164;1.13048;1.13068;698;0
2025.05.08 17:20;1.13068;1.13075;1.12919;1.12938;763;0
2025.05.08 17:30;1.12938;1.12978;1.12920;1.12964;795;0
2025.05.08 17:40;1.12965;1.13020;1.12918;1.12928;735;0
2025.05.08 17:50;1.12927;1.12973;1.12758;1.12782;1414;0
2025.05.08 18:00;1.12785;1.12857;1.12751;1.12840;986;0
2025.05.08 18:10;1.12839;1.12897;1.12836;1.12836;770;0
2025.05.08 18:20;1.12836;1.12839;1.12697;1.12743;1031;1
2025.05.08 18:30;1.12743;1.12807;1.12649;1.12662;973;0
2025.05.08 18:40;1.12661;1.12718;1.12426;1.12431;1081;0
2025.05.08 18:50;1.12432;1.12509;1.12344;1.12485;1289;0
2025.05.08 19:00;1.12482;1.12492;1.12366;1.12405;857;0
2025.05.08 19:10;1.12405;1.12405;1.12246;1.12275;903;0
2025.05.08 19:20;1.12274;1.12329;1.12204;1.12285;748;0
2025.05.08 19:30;1.12280;1.12343;1.12250;1.12256;746;0
2025.05.08 19:40;1.12256;1.12349;1.12250;1.12270;585;0
2025.05.08 19:50;1.12270;1.12309;1.12222;1.12261;619;0
2025.05.08 20:00;1.12254;1.12289;1.12198;1.12203;615;0
2025.05.08 20:10;1.12203;1.12299;1.12189;1.12281;488;0
2025.05.08 20:20;1.12281;1.12293;1.12145;1.12165;561;0
2025.05.08 20:30;1.12163;1.12189;1.12126;1.12161;423;1
2025.05.08 20:40;1.12162;1.12189;1.12126;1.12187;400;1
2025.05.08 20:50;1.12186;1.12282;1.12161;1.12267;447;1
2025.05.08 21:00;1.12267;1.12290;1.12255;1.12280;394;1
2025.05.08 21:10;1.12279;1.12307;1.12266;1.12293;316;0
2025.05.08 21:20;1.12293;1.12300;1.12242;1.12256;394;1
2025.05.08 21:30;1.12255;1.12272;1.12210;1.12211;357;1
2025.05.08 21:40;1.12211;1.12239;1.12196;1.12231;306;0
2025.05.08 21:50;1.12233;1.12271;1.12221;1.12246;390;0
2025.05.08 22:00;1.12246;1.12277;1.12224;1.12231;349;0
2025.05.08 22:10;1.12232;1.12270;1.12197;1.12202;343;0
2025.05.08 22:20;1.12203;1.12205;1.12119;1.12124;572;1
2025.05.08 22:30;1.12124;1.12191;1.12119;1.12164;402;0
2025.05.08 22:40;1.12162;1.12238;1.12136;1.12233;353;0
2025.05.08 22:50;1.12232;1.12283;1.12232;1.12261;450;0
2025.05.08 23:00;1.12262;1.12270;1.12200;1.12200;234;0
2025.05.08 23:10;1.12199;1.12266;1.12199;1.12265;154;0
2025.05.08 23:20;1.12265;1.12296;1.12261;1.12277;252;0
2025.05.08 23:30;1.12277;1.12293;1.12264;1.12271;166;0
2025.05.08 23:40;1.12268;1.12289;1.12263;1.12275;180;5
2025.05.08 23:50;1.12275;1.12296;1.12257;1.12274;321;5
2025.05.09 00:00;1.12236;1.12247;1.12203;1.12247;37;35
2025.05.09 00:10;1.12248;1.12251;1.12239;1.12247;43;28
2025.05.09 00:20;1.12248;1.12254;1.12234;1.12252;36;29
2025.05.09 00:30;1.12257;1.12259;1.12248;1.12258;27;25
2025.05.09 00:40;1.12257;1.12266;1.12257;1.12264;30;25
2025.05.09 00:50;1.12264;1.12277;1.12258;1.12277;36;24
2025.05.09 01:00;1.12276;1.12291;1.12257;1.12289;152;0
2025.05.09 01:10;1.12289;1.12295;1.12276;1.12283;136;0
2025.05.09 01:20;1.12282;1.12293;1.12277;1.12279;136;1
2025.05.09 01:30;1.12279;1.12323;1.12279;1.12300;165;0
2025.05.09 01:40;1.12300;1.12307;1.12281;1.12303;145;0
2025.05.09 01:50;1.12303;1.12329;1.12289;1.12319;150;0
2025.05.09 02:00;1.12322;1.12325;1.12258;1.12267;232;0
2025.05.09 02:10;1.12266;1.12273;1.12249;1.12252;135;0
2025.05.09 02:20;1.12253;1.12258;1.12226;1.12239;244;0
2025.05.09 02:30;1.12239;1.12259;1.12221;1.12254;170;0
2025.05.09 02:40;1.12253;1.12287;1.12252;1.12273;176;0
2025.05.09 02:50;1.12272;1.12283;1.12221;1.12266;281;0
2025.05.09 03:00;1.12267;1.12333;1.12261;1.12274;484;1
2025.05.09 03:10;1.12272;1.12275;1.12179;1.12184;527;1
2025.05.09 03:20;1.12185;1.12187;1.12130;1.12171;469;0
2025.05.09 03:30;1.12171;1.12216;1.12154;1.12191;426;0
2025.05.09 03:40;1.12191;1.12233;1.12167;1.12233;372;0
2025.05.09 03:50;1.12233;1.12271;1.12220;1.12271;474;0
2025.05.09 04:00;1.12269;1.12293;1.12245;1.12290;433;0
2025.05.09 04:10;1.12290;1.12291;1.12219;1.12244;553;0
2025.05.09 04:20;1.12243;1.12249;1.12119;1.12158;566;0
2025.05.09 04:30;1.12158;1.12214;1.12122;1.12141;624;0
2025.05.09 04:40;1.12141;1.12162;1.12108;1.12153;623;0
2025.05.09 04:50;1.12152;1.12167;1.12116;1.12123;498;0
2025.05.09 05:00;1.12123;1.12125;1.12021;1.12022;614;0
2025.05.09 05:10;1.12022;1.12054;1.11965;1.12049;522;0
2025.05.09 05:20;1.12049;1.12084;1.12025;1.12064;401;0
2025.05.09 05:30;1.12064;1.12118;1.12061;1.12099;388;0
2025.05.09 05:40;1.12102;1.12136;1.12099;1.12121;330;0
2025.05.09 05:50;1.12121;1.12193;1.12119;1.12185;490;0
2025.05.09 06:00;1.12185;1.12277;1.12184;1.12266;691;0
2025.05.09 06:10;1.12266;1.12268;1.12195;1.12202;564;0
2025.05.09 06:20;1.12204;1.12249;1.12202;1.12203;525;0
2025.05.09 06:30;1.12202;1.12253;1.12188;1.12216;508;0
2025.05.09 06:40;1.12214;1.12261;1.12212;1.12252;322;0
2025.05.09 06:50;1.12253;1.12261;1.12199;1.12226;374;0
2025.05.09 07:00;1.12228;1.12285;1.12228;1.12268;492;0
2025.05.09 07:10;1.12269;1.12286;1.12242;1.12244;394;0
2025.05.09 07:20;1.12243;1.12274;1.12238;1.12261;246;0
2025.05.09 07:30;1.12259;1.12292;1.12246;1.12284;323;0
2025.05.09 07:40;1.12284;1.12298;1.12251;1.12292;291;0
2025.05.09 07:50;1.12291;1.12299;1.12275;1.12279;289;0
2025.05.09 08:00;1.12279;1.12287;1.12225;1.12272;342;0
2025.05.09 08:10;1.12273;1.12283;1.12246;1.12255;339;0
2025.05.09 08:20;1.12256;1.12256;1.12196;1.12208;323;0
2025.05.09 08:30;1.12207;1.12265;1.12184;1.12253;379;0
2025.05.09 08:40;1.12252;1.12322;1.12250;1.12273;367;0
2025.05.09 08:50;1.12273;1.12364;1.12258;1.12357;480;0
2025.05.09 09:00;1.12357;1.12381;1.12323;1.12352;508;0
2025.05.09 09:10;1.12352;1.12420;1.12346;1.12384;577;0
2025.05.09 09:20;1.12383;1.12393;1.12324;1.12353;510;0
2025.05.09 09:30;1.12354;1.12435;1.12354;1.12432;549;0
2025.05.09 09:40;1.12432;1.12467;1.12411;1.12436;540;0
2025.05.09 09:50;1.12436;1.12475;1.12404;1.12404;536;0
2025.05.09 10:00;1.12404;1.12457;1.12370;1.12415;730;0
2025.05.09 10:10;1.12415;1.12489;1.12413;1.12461;662;0
2025.05.09 10:20;1.12461;1.12477;1.12406;1.12443;577;0
2025.05.09 10:30;1.12444;1.12557;1.12443;1.12523;666;0
2025.05.09 10:40;1.12523;1.12583;1.12518;1.12551;574;0
2025.05.09 10:50;1.12550;1.12553;1.12504;1.12514;453;0
2025.05.09 11:00;1.12515;1.12566;1.12493;1.12496;563;0
2025.05.09 11:10;1.12496;1.12499;1.12470;1.12477;606;0
2025.05.09 11:20;1.12476;1.12487;1.12422;1.12441;484;0
2025.05.09 11:30;1.12442;1.12587;1.12442;1.12561;495;0
2025.05.09 11:40;1.12562;1.12592;1.12517;1.12535;561;0
2025.05.09 11:50;1.12535;1.12566;1.12515;1.12564;502;0
2025.05.09 12:00;1.12564;1.12597;1.12532;1.12544;546;0
2025.05.09 12:10;1.12545;1.12555;1.12512;1.12539;403;0
2025.05.09 12:20;1.12539;1.12558;1.12503;1.12509;418;0
2025.05.09 12:30;1.12509;1.12565;1.12499;1.12510;420;0
2025.05.09 12:40;1.12509;1.12517;1.12482;1.12489;497;0
2025.05.09 12:50;1.12488;1.12491;1.12451;1.12462;510;0
2025.05.09 13:00;1.12462;1.12467;1.12424;1.12457;498;0
2025.05.09 13:10;1.12457;1.12469;1.12431;1.12468;477;0
2025.05.09 13:20;1.12468;1.12503;1.12423;1.12428;554;0
2025.05.09 13:30;1.12427;1.12489;1.12424;1.12475;432;0
2025.05.09 13:40;1.12474;1.12514;1.12466;1.12501;438;0
2025.05.09 13:50;1.12501;1.12509;1.12443;1.12456;438;0
2025.05.09 14:00;1.12455;1.12502;1.12443;1.12502;364;0
2025.05.09 14:10;1.12503;1.12550;1.12485;1.12510;360;0
2025.05.09 14:20;1.12511;1.12605;1.12437;1.12538;736;0
2025.05.09 14:30;1.12540;1.12557;1.12466;1.12532;628;0
2025.05.09 14:40;1.12531;1.12549;1.12440;1.12464;523;0
2025.05.09 14:50;1.12464;1.12545;1.12462;1.12545;441;0
2025.05.09 15:00;1.12546;1.12564;1.12511;1.12523;524;0
2025.05.09 15:10;1.12524;1.12568;1.12502;1.12541;452;0
2025.05.09 15:20;1.12541;1.12552;1.12503;1.12534;519;0
2025.05.09 15:30;1.12531;1.12550;1.12495;1.12505;444;0
2025.05.09 15:40;1.12503;1.12517;1.12470;1.12507;538;0
2025.05.09 15:50;1.12507;1.12559;1.12505;1.12541;518;0
2025.05.09 16:00;1.12541;1.12619;1.12535;1.12609;524;0
2025.05.09 16:10;1.12609;1.12669;1.12608;1.12644;542;0
2025.05.09 16:20;1.12644;1.12647;1.12565;1.12631;504;0
2025.05.09 16:30;1.12627;1.12645;1.12608;1.12644;553;0
2025.05.09 16:40;1.12643;1.12681;1.12579;1.12661;578;0
2025.05.09 16:50;1.12657;1.12657;1.12582;1.12584;594;0
2025.05.09 17:00;1.12584;1.12685;1.12558;1.12680;533;0
2025.05.09 17:10;1.12679;1.12751;1.12664;1.12744;573;0
2025.05.09 17:20;1.12743;1.12929;1.12743;1.12869;772;0
2025.05.09 17:30;1.12869;1.12913;1.12854;1.12865;666;0
2025.05.09 17:40;1.12861;1.12862;1.12747;1.12781;712;0
2025.05.09 17:50;1.12782;1.12785;1.12619;1.12678;966;1
2025.05.09 18:00;1.12678;1.12731;1.12661;1.12666;664;0
2025.05.09 18:10;1.12665;1.12706;1.12602;1.12619;602;0
2025.05.09 18:20;1.12620;1.12663;1.12608;1.12650;634;0
2025.05.09 18:30;1.12651;1.12694;1.12605;1.12685;654;0
2025.05.09 18:40;1.12685;1.12715;1.12660;1.12706;471;0
2025.05.09 18:50;1.12707;1.12716;1.12682;1.12697;426;0
2025.05.09 19:00;1.12697;1.12752;1.12635;1.12652;578;1
2025.05.09 19:10;1.12651;1.12700;1.12641;1.12677;422;0
2025.05.09 19:20;1.12682;1.12682;1.12611;1.12619;360;0
2025.05.09 19:30;1.12619;1.12641;1.12599;1.12630;438;1
2025.05.09 19:40;1.12627;1.12652;1.12611;1.12638;357;0
2025.05.09 19:50;1.12638;1.12660;1.12575;1.12586;302;0
2025.05.09 20:00;1.12585;1.12586;1.12560;1.12560;296;1
2025.05.09 20:10;1.12560;1.12579;1.12528;1.12579;301;0
2025.05.09 20:20;1.12580;1.12601;1.12563;1.12568;317;1
2025.05.09 20:30;1.12569;1.12642;1.12569;1.12637;221;0
2025.05.09 20:40;1.12636;1.12651;1.12606;1.12614;184;0
2025.05.09 20:50;1.12612;1.12645;1.12610;1.12620;209;0
2025.05.09 21:00;1.12619;1.12662;1.12614;1.12630;287;0
2025.05.09 21:10;1.12630;1.12634;1.12601;1.12607;268;0
2025.05.09 21:20;1.12607;1.12617;1.12584;1.12593;251;0
2025.05.09 21:30;1.12593;1.12602;1.12575;1.12578;272;1
2025.05.09 21:40;1.12576;1.12584;1.12545;1.12556;305;1
2025.05.09 21:50;1.12555;1.12596;1.12554;1.12589;288;0
2025.05.09 22:00;1.12586;1.12600;1.12551;1.12551;192;0
2025.05.09 22:10;1.12552;1.12568;1.12535;1.12545;136;0
2025.05.09 22:20;1.12545;1.12545;1.12492;1.12500;157;0
2025.05.09 22:30;1.12500;1.12524;1.12485;1.12521;248;1
2025.05.09 22:40;1.12520;1.12529;1.12501;1.12510;222;0
2025.05.09 22:50;1.12510;1.12575;1.12507;1.12571;303;0
2025.05.09 23:00;1.12561;1.12573;1.12551;1.12562;177;0
2025.05.09 23:10;1.12565;1.12566;1.12525;1.12546;174;0
2025.05.09 23:20;1.12546;1.12546;1.12501;1.12506;139;0
2025.05.09 23:30;1.12506;1.12510;1.12501;1.12503;59;0
2025.05.09 23:40;1.12498;1.12503;1.12468;1.12476;133;5
2025.05.09 23:50;1.12477;1.12491;1.12465;1.12476;125;5
2025.05.12 00:00;1.11884;1.11997;1.11862;1.11984;216;72
2025.05.12 00:10;1.11984;1.12185;1.11977;1.12185;174;30
2025.05.12 00:20;1.12185;1.12210;1.12061;1.12102;170;29
2025.05.12 00:30;1.12118;1.12183;1.12114;1.12171;112;25
2025.05.12 00:40;1.12171;1.12191;1.12125;1.12171;160;25
2025.05.12 00:50;1.12171;1.12185;1.12111;1.12113;187;25
2025.05.12 01:00;1.12125;1.12267;1.12125;1.12199;486;1
2025.05.12 01:10;1.12197;1.12264;1.12185;1.12244;348;1
2025.05.12 01:20;1.12246;1.12270;1.12228;1.12263;436;1
2025.05.12 01:30;1.12260;1.12316;1.12250;1.12261;452;1
2025.05.12 01:40;1.12261;1.12295;1.12236;1.12290;360;0
2025.05.12 01:50;1.12289;1.12291;1.12226;1.12253;284;0
2025.05.12 02:00;1.12253;1.12286;1.12231;1.12286;304;0
2025.05.12 02:10;1.12286;1.12350;1.12285;1.12308;300;0
2025.05.12 02:20;1.12308;1.12325;1.12266;1.12315;412;0
2025.05.12 02:30;1.12315;1.12365;1.12310;1.12357;248;0
2025.05.12 02:40;1.12359;1.12364;1.12255;1.12283;397;0
2025.05.12 02:50;1.12282;1.12331;1.12273;1.12279;280;0
2025.05.12 03:00;1.12284;1.12375;1.12272;1.12374;505;0
2025.05.12 03:10;1.12374;1.12382;1.12294;1.12299;504;0
2025.05.12 03:20;1.12299;1.12346;1.12249;1.12327;554;0
2025.05.12 03:30;1.12325;1.12350;1.12279;1.12337;475;0
2025.05.12 03:40;1.12336;1.12388;1.12332;1.12381;452;0
2025.05.12 03:50;1.12381;1.12393;1.12311;1.12389;743;0
2025.05.12 04:00;1.12388;1.12428;1.12361;1.12378;668;0
2025.05.12 04:10;1.12379;1.12380;1.12282;1.12291;807;0
2025.05.12 04:20;1.12292;1.12299;1.12222;1.12242;642;0
2025.05.12 04:30;1.12240;1.12297;1.12228;1.12260;682;0
2025.05.12 04:40;1.12261;1.12315;1.12260;1.12288;450;0
2025.05.12 04:50;1.12285;1.12300;1.12248;1.12258;461;0
2025.05.12 05:00;1.12259;1.12319;1.12250;1.12276;545;0
2025.05.12 05:10;1.12276;1.12358;1.12271;1.12311;413;0
2025.05.12 05:20;1.12311;1.12379;1.12310;1.12367;440;0
2025.05.12 05:30;1.12369;1.12375;1.12317;1.12325;405;0
2025.05.12 05:40;1.12325;1.12350;1.12309;1.12317;352;0
2025.05.12 05:50;1.12318;1.12318;1.12270;1.12284;299;0
2025.05.12 06:00;1.12283;1.12343;1.12283;1.12332;373;0
2025.05.12 06:10;1.12332;1.12333;1.12250;1.12260;394;0
2025.05.12 06:20;1.12260;1.12307;1.12251;1.12304;365;0
2025.05.12 06:30;1.12305;1.12330;1.12265;1.12270;447;0
2025.05.12 06:40;1.12271;1.12300;1.12260;1.12293;398;0
2025.05.12 06:50;1.12292;1.12335;1.12283;1.12331;496;0
2025.05.12 07:00;1.12325;1.12345;1.12308;1.12311;275;0
2025.05.12 07:10;1.12311;1.12340;1.12291;1.12317;271;0
2025.05.12 07:20;1.12316;1.12316;1.12283;1.12303;309;0
2025.05.12 07:30;1.12304;1.12315;1.12263;1.12274;228;0
2025.05.12 07:40;1.12273;1.12289;1.12264;1.12270;297;0
2025.05.12 07:50;1.12270;1.12296;1.12261;1.12276;271;0
2025.05.12 08:00;1.12278;1.12301;1.12269;1.12280;263;0
2025.05.12 08:10;1.12281;1.12282;1.12198;1.12226;414;1
2025.05.12 08:20;1.12228;1.12248;1.12201;1.12222;440;0
2025.05.12 08:30;1.12223;1.12232;1.12185;1.12206;425;0
2025.05.12 08:40;1.12207;1.12208;1.12136;1.12173;394;0
2025.05.12 08:50;1.12173;1.12242;1.12157;1.12222;491;0
2025.05.12 09:00;1.12221;1.12299;1.12217;1.12284;542;0
2025.05.12 09:10;1.12284;1.12340;1.12275;1.12321;532;0
2025.05.12 09:20;1.12321;1.12325;1.12265;1.12280;539;0
2025.05.12 09:30;1.12280;1.12357;1.12209;1.12211;669;0
2025.05.12 09:40;1.12221;1.12225;1.12161;1.12211;566;0
2025.05.12 09:50;1.12211;1.12230;1.12178;1.12181;568;0
2025.05.12 10:00;1.12181;1.12186;1.11713;1.11829;1818;0
2025.05.12 10:10;1.11829;1.11839;1.11550;1.11555;1429;0
2025.05.12 10:20;1.11548;1.11559;1.11109;1.11150;1557;0
2025.05.12 10:30;1.11156;1.11334;1.11131;1.11224;1474;0
2025.05.12 10:40;1.11224;1.11259;1.10999;1.11098;1409;0
2025.05.12 10:50;1.11098;1.11145;1.10977;1.11049;1271;0
2025.05.12 11:00;1.11048;1.11175;1.11013;1.11018;1218;0
2025.05.12 11:10;1.11015;1.11109;1.10825;1.10970;1320;0
2025.05.12 11:20;1.10970;1.11154;1.10951;1.11141;1229;0
2025.05.12 11:30;1.11140;1.11328;1.11116;1.11327;1041;0
2025.05.12 11:40;1.11327;1.11345;1.11234;1.11319;1061;0
2025.05.12 11:50;1.11319;1.11451;1.11319;1.11376;886;0
2025.05.12 12:00;1.11372;1.11418;1.11316;1.11343;842;0
2025.05.12 12:10;1.11342;1.11351;1.11262;1.11335;838;0
2025.05.12 12:20;1.11336;1.11398;1.11326;1.11397;629;0
2025.05.12 12:30;1.11397;1.11398;1.11268;1.11269;806;0
2025.05.12 12:40;1.11268;1.11286;1.11201;1.11273;719;0
2025.05.12 12:50;1.11273;1.11282;1.11146;1.11186;804;0
2025.05.12 13:00;1.11185;1.11185;1.11041;1.11062;790;0
2025.05.12 13:10;1.11063;1.11109;1.10936;1.10969;885;0
2025.05.12 13:20;1.10968;1.11005;1.10870;1.10905;811;0
2025.05.12 13:30;1.10905;1.10941;1.10815;1.10827;848;0
2025.05.12 13:40;1.10834;1.10839;1.10720;1.10800;916;0
2025.05.12 13:50;1.10799;1.10875;1.10759;1.10795;768;0
2025.05.12 14:00;1.10796;1.10868;1.10771;1.10850;816;0
2025.05.12 14:10;1.10850;1.11023;1.10837;1.10986;764;0
2025.05.12 14:20;1.10994;1.11000;1.10922;1.10983;599;0
2025.05.12 14:30;1.10983;1.11005;1.10897;1.10913;740;0
2025.05.12 14:40;1.10912;1.11046;1.10912;1.11037;714;0
2025.05.12 14:50;1.11053;1.11176;1.11053;1.11115;1160;0
2025.05.12 15:00;1.11111;1.11115;1.11049;1.11059;832;0
2025.05.12 15:10;1.11061;1.11094;1.11029;1.11088;690;0
2025.05.12 15:20;1.11089;1.11106;1.11020;1.11030;594;0
2025.05.12 15:30;1.11030;1.11162;1.11005;1.11123;684;0
2025.05.12 15:40;1.11118;1.11263;1.11116;1.11242;770;0
2025.05.12 15:50;1.11243;1.11243;1.11112;1.11135;779;0
2025.05.12 16:00;1.11135;1.11217;1.11101;1.11195;803;0
2025.05.12 16:10;1.11196;1.11257;1.11153;1.11226;718;0
2025.05.12 16:20;1.11226;1.11304;1.11221;1.11234;693;0
2025.05.12 16:30;1.11235;1.11344;1.11226;1.11279;1030;0
2025.05.12 16:40;1.11280;1.11315;1.11217;1.11218;919;0
2025.05.12 16:50;1.11217;1.11229;1.11152;1.11187;813;0
2025.05.12 17:00;1.11187;1.11308;1.11145;1.11290;958;0
2025.05.12 17:10;1.11291;1.11313;1.11172;1.11217;914;0
2025.05.12 17:20;1.11220;1.11220;1.11073;1.11154;935;0
2025.05.12 17:30;1.11154;1.11342;1.11125;1.11292;1103;0
2025.05.12 17:40;1.11298;1.11319;1.11218;1.11220;838;0
2025.05.12 17:50;1.11220;1.11220;1.11073;1.11117;1157;0
2025.05.12 18:00;1.11116;1.11238;1.11098;1.11230;837;0
2025.05.12 18:10;1.11231;1.11238;1.11149;1.11156;694;0
2025.05.12 18:20;1.11157;1.11235;1.11156;1.11183;766;0
2025.05.12 18:30;1.11181;1.11187;1.11087;1.11107;697;0
2025.05.12 18:40;1.11108;1.11118;1.11042;1.11047;549;0
2025.05.12 18:50;1.11047;1.11086;1.11004;1.11050;648;0
2025.05.12 19:00;1.11051;1.11110;1.11049;1.11083;533;0
2025.05.12 19:10;1.11084;1.11100;1.11004;1.11015;501;0
2025.05.12 19:20;1.11014;1.11030;1.10949;1.10962;536;0
2025.05.12 19:30;1.10957;1.10975;1.10922;1.10959;511;1
2025.05.12 19:40;1.10959;1.11024;1.10919;1.10920;449;0
2025.05.12 19:50;1.10920;1.10946;1.10835;1.10846;545;0
2025.05.12 20:00;1.10847;1.10884;1.10821;1.10832;488;0
2025.05.12 20:10;1.10832;1.10853;1.10820;1.10828;388;0
2025.05.12 20:20;1.10828;1.10847;1.10802;1.10814;375;0
2025.05.12 20:30;1.10814;1.10814;1.10725;1.10736;345;0
2025.05.12 20:40;1.10736;1.10809;1.10728;1.10791;347;0
2025.05.12 20:50;1.10792;1.10813;1.10766;1.10791;325;0
2025.05.12 21:00;1.10790;1.10807;1.10696;1.10719;367;0
2025.05.12 21:10;1.10719;1.10734;1.10680;1.10690;379;0
2025.05.12 21:20;1.10691;1.10727;1.10675;1.10676;442;0
2025.05.12 21:30;1.10676;1.10740;1.10653;1.10740;448;0
2025.05.12 21:40;1.10740;1.10815;1.10728;1.10815;425;0
2025.05.12 21:50;1.10814;1.10914;1.10813;1.10897;577;0
2025.05.12 22:00;1.10895;1.10918;1.10830;1.10845;395;0
2025.05.12 22:10;1.10845;1.10940;1.10824;1.10935;333;0
2025.05.12 22:20;1.10935;1.10951;1.10920;1.10920;288;0
2025.05.12 22:30;1.10920;1.10963;1.10915;1.10958;275;0
2025.05.12 22:40;1.10959;1.10968;1.10870;1.10875;299;1
2025.05.12 22:50;1.10875;1.10934;1.10849;1.10922;388;1
2025.05.12 23:00;1.10919;1.10929;1.10888;1.10901;331;0
2025.05.12 23:10;1.10901;1.10947;1.10901;1.10921;166;0
2025.05.12 23:20;1.10922;1.10930;1.10901;1.10921;168;0
2025.05.12 23:30;1.10920;1.10943;1.10890;1.10890;181;0
2025.05.12 23:40;1.10888;1.10915;1.10887;1.10894;173;5
2025.05.12 23:50;1.10893;1.10898;1.10825;1.10855;205;5
2025.05.13 00:00;1.10863;1.10889;1.10829;1.10874;34;49
2025.05.13 00:10;1.10875;1.10888;1.10860;1.10873;44;49
2025.05.13 00:20;1.10870;1.10873;1.10846;1.10867;81;29
2025.05.13 00:30;1.10874;1.10898;1.10869;1.10887;92;25
2025.05.13 00:40;1.10888;1.10889;1.10879;1.10881;83;25
2025.05.13 00:50;1.10881;1.10913;1.10879;1.10898;114;24
2025.05.13 01:00;1.10896;1.10940;1.10880;1.10916;218;0
2025.05.13 01:10;1.10915;1.10944;1.10899;1.10915;243;0
2025.05.13 01:20;1.10914;1.10924;1.10895;1.10916;185;0
2025.05.13 01:30;1.10917;1.10939;1.10912;1.10926;231;0
2025.05.13 01:40;1.10926;1.10940;1.10896;1.10912;149;0
2025.05.13 01:50;1.10912;1.10934;1.10901;1.10934;125;0
2025.05.13 02:00;1.10939;1.10942;1.10892;1.10914;265;0
2025.05.13 02:10;1.10913;1.10945;1.10909;1.10938;272;0
2025.05.13 02:20;1.10939;1.10947;1.10896;1.10916;259;0
2025.05.13 02:30;1.10916;1.10969;1.10916;1.10960;222;0
2025.05.13 02:40;1.10960;1.11001;1.10938;1.10981;227;0
2025.05.13 02:50;1.10982;1.10991;1.10938;1.10960;368;0
2025.05.13 03:00;1.10960;1.11052;1.10951;1.11049;490;0
2025.05.13 03:10;1.11047;1.11063;1.11018;1.11050;405;0
2025.05.13 03:20;1.11051;1.11064;1.10986;1.11002;379;0
2025.05.13 03:30;1.11001;1.11045;1.10995;1.11024;434;0
2025.05.13 03:40;1.11026;1.11037;1.10984;1.10991;474;0
2025.05.13 03:50;1.10990;1.11069;1.10974;1.11049;500;0
2025.05.13 04:00;1.11049;1.11070;1.11017;1.11030;530;0
2025.05.13 04:10;1.11030;1.11093;1.11008;1.11090;544;0
2025.05.13 04:20;1.11088;1.11090;1.11032;1.11041;477;0
2025.05.13 04:30;1.11039;1.11057;1.10996;1.11050;588;0
2025.05.13 04:40;1.11050;1.11078;1.11028;1.11063;763;0
2025.05.13 04:50;1.11063;1.11086;1.11045;1.11067;546;0
2025.05.13 05:00;1.11066;1.11116;1.11058;1.11084;436;0
2025.05.13 05:10;1.11084;1.11086;1.11027;1.11036;407;0
2025.05.13 05:20;1.11037;1.11038;1.10992;1.11007;348;0
2025.05.13 05:30;1.11007;1.11073;1.11002;1.11046;334;0
2025.05.13 05:40;1.11046;1.11065;1.11033;1.11033;435;0
2025.05.13 05:50;1.11034;1.11035;1.10995;1.11030;417;0
2025.05.13 06:00;1.11028;1.11054;1.10993;1.10993;322;0
2025.05.13 06:10;1.10992;1.11030;1.10992;1.11016;294;0
2025.05.13 06:20;1.11017;1.11061;1.11014;1.11061;310;0
2025.05.13 06:30;1.11064;1.11113;1.11057;1.11097;366;0
2025.05.13 06:40;1.11096;1.11167;1.11063;1.11165;287;0
2025.05.13 06:50;1.11163;1.11170;1.11134;1.11165;315;0
2025.05.13 07:00;1.11165;1.11172;1.11139;1.11139;268;0
2025.05.13 07:10;1.11140;1.11153;1.11115;1.11118;331;0
2025.05.13 07:20;1.11118;1.11134;1.11094;1.11126;334;0
2025.05.13 07:30;1.11127;1.11146;1.11117;1.11122;320;0
2025.05.13 07:40;1.11122;1.11140;1.11103;1.11121;299;0
2025.05.13 07:50;1.11124;1.11166;1.11088;1.11166;295;0
2025.05.13 08:00;1.11169;1.11171;1.11120;1.11121;377;0
2025.05.13 08:10;1.11117;1.11195;1.11106;1.11171;507;0
2025.05.13 08:20;1.11171;1.11178;1.11118;1.11137;265;0
2025.05.13 08:30;1.11136;1.11165;1.11115;1.11131;347;0
2025.05.13 08:40;1.11130;1.11152;1.11087;1.11094;346;0
2025.05.13 08:50;1.11093;1.11166;1.11091;1.11103;437;0
2025.05.13 09:00;1.11110;1.11142;1.11070;1.11077;657;0
2025.05.13 09:10;1.11078;1.11093;1.11046;1.11057;515;0
2025.05.13 09:20;1.11057;1.11122;1.11016;1.11057;684;0
2025.05.13 09:30;1.11058;1.11071;1.11018;1.11043;625;0
2025.05.13 09:40;1.11047;1.11150;1.11046;1.11118;574;0
2025.05.13 09:50;1.11118;1.11187;1.11110;1.11114;651;0
2025.05.13 10:00;1.11115;1.11160;1.11081;1.11139;840;0
2025.05.13 10:10;1.11136;1.11148;1.11027;1.11120;753;0
2025.05.13 10:20;1.11121;1.11228;1.11103;1.11155;650;0
2025.05.13 10:30;1.11156;1.11214;1.11154;1.11168;637;0
2025.05.13 10:40;1.11169;1.11244;1.11168;1.11202;670;0
2025.05.13 10:50;1.11201;1.11201;1.11128;1.11159;611;0
2025.05.13 11:00;1.11159;1.11177;1.11063;1.11066;790;0
2025.05.13 11:10;1.11065;1.11149;1.11054;1.11110;592;0
2025.05.13 11:20;1.11107;1.11112;1.11048;1.11073;555;0
2025.05.13 11:30;1.11072;1.11090;1.11028;1.11045;547;0
2025.05.13 11:40;1.11045;1.11103;1.11030;1.11080;552;0
2025.05.13 11:50;1.11080;1.11158;1.11074;1.11113;525;0
2025.05.13 12:00;1.11119;1.11151;1.11024;1.11053;648;0
2025.05.13 12:10;1.11059;1.11125;1.11055;1.11081;537;0
2025.05.13 12:20;1.11081;1.11113;1.11072;1.11100;455;0
2025.05.13 12:30;1.11102;1.11138;1.11095;1.11129;497;0
2025.05.13 12:40;1.11128;1.11146;1.11066;1.11081;450;0
2025.05.13 12:50;1.11080;1.11114;1.11069;1.11071;471;0
2025.05.13 13:00;1.11071;1.11085;1.10970;1.10999;533;0
2025.05.13 13:10;1.11000;1.11019;1.10981;1.10997;466;0
2025.05.13 13:20;1.10997;1.11096;1.10993;1.11094;376;0
2025.05.13 13:30;1.11093;1.11093;1.11030;1.11043;364;0
2025.05.13 13:40;1.11037;1.11044;1.10982;1.10989;458;0
2025.05.13 13:50;1.10990;1.11058;1.10989;1.11047;460;0
2025.05.13 14:00;1.11047;1.11096;1.11034;1.11050;453;0
2025.05.13 14:10;1.11048;1.11108;1.11043;1.11108;304;0
2025.05.13 14:20;1.11109;1.11115;1.11073;1.11097;346;0
2025.05.13 14:30;1.11099;1.11121;1.11073;1.11095;277;0
2025.05.13 14:40;1.11095;1.11105;1.11069;1.11078;393;0
2025.05.13 14:50;1.11079;1.11101;1.11040;1.11070;509;0
2025.05.13 15:00;1.11072;1.11127;1.11069;1.11124;454;0
2025.05.13 15:10;1.11124;1.11159;1.11088;1.11103;511;0
2025.05.13 15:20;1.11103;1.11149;1.11099;1.11113;616;0
2025.05.13 15:30;1.11125;1.11298;1.11082;1.11175;1236;0
2025.05.13 15:40;1.11173;1.11314;1.11147;1.11300;985;0
2025.05.13 15:50;1.11296;1.11309;1.11182;1.11308;916;0
2025.05.13 16:00;1.11305;1.11450;1.11276;1.11403;906;0
2025.05.13 16:10;1.11403;1.11413;1.11296;1.11347;873;0
2025.05.13 16:20;1.11346;1.11479;1.11340;1.11418;745;0
2025.05.13 16:30;1.11418;1.11488;1.11401;1.11464;949;0
2025.05.13 16:40;1.11471;1.11477;1.11403;1.11445;936;0
2025.05.13 16:50;1.11446;1.11446;1.11315;1.11356;842;0
2025.05.13 17:00;1.11354;1.11396;1.11319;1.11394;743;0
2025.05.13 17:10;1.11395;1.11418;1.11304;1.11345;750;0
2025.05.13 17:20;1.11345;1.11465;1.11312;1.11379;872;0
2025.05.13 17:30;1.11378;1.11432;1.11325;1.11428;857;0
2025.05.13 17:40;1.11427;1.11551;1.11392;1.11530;1084;0
2025.05.13 17:50;1.11534;1.11645;1.11510;1.11614;914;0
2025.05.13 18:00;1.11614;1.11645;1.11569;1.11580;900;0
2025.05.13 18:10;1.11579;1.11680;1.11579;1.11649;745;0
2025.05.13 18:20;1.11648;1.11750;1.11632;1.11715;685;0
2025.05.13 18:30;1.11717;1.11761;1.11698;1.11709;635;0
2025.05.13 18:40;1.11709;1.11756;1.11695;1.11720;626;0
2025.05.13 18:50;1.11721;1.11777;1.11693;1.11747;632;0
2025.05.13 19:00;1.11748;1.11782;1.11725;1.11733;558;1
2025.05.13 19:10;1.11734;1.11747;1.11646;1.11666;404;1
2025.05.13 19:20;1.11666;1.11698;1.11649;1.11677;427;1
2025.05.13 19:30;1.11677;1.11767;1.11677;1.11752;469;1
2025.05.13 19:40;1.11752;1.11828;1.11752;1.11781;447;1
2025.05.13 19:50;1.11782;1.11805;1.11743;1.11759;405;1
2025.05.13 20:00;1.11758;1.11797;1.11738;1.11738;329;0
2025.05.13 20:10;1.11734;1.11750;1.11716;1.11727;306;0
2025.05.13 20:20;1.11728;1.11745;1.11678;1.11685;369;0
2025.05.13 20:30;1.11686;1.11744;1.11677;1.11704;311;0
2025.05.13 20:40;1.11705;1.11749;1.11685;1.11747;253;0
2025.05.13 20:50;1.11747;1.11798;1.11739;1.11772;330;0
2025.05.13 21:00;1.11769;1.11811;1.11763;1.11789;308;0
2025.05.13 21:10;1.11790;1.11828;1.11752;1.11821;301;0
2025.05.13 21:20;1.11821;1.11828;1.11784;1.11788;218;0
2025.05.13 21:30;1.11789;1.11840;1.11789;1.11833;275;0
2025.05.13 21:40;1.11835;1.11851;1.11803;1.11835;332;0
2025.05.13 21:50;1.11834;1.11860;1.11806;1.11850;345;0
2025.05.13 22:00;1.11850;1.11878;1.11827;1.11848;344;1
2025.05.13 22:10;1.11847;1.11866;1.11838;1.11842;213;0
2025.05.13 22:20;1.11841;1.11874;1.11829;1.11869;221;0
2025.05.13 22:30;1.11869;1.11886;1.11859;1.11875;179;0
2025.05.13 22:40;1.11877;1.11900;1.11861;1.11898;178;0
2025.05.13 22:50;1.11898;1.11919;1.11888;1.11896;324;2
2025.05.13 23:00;1.11897;1.11899;1.11873;1.11889;268;0
2025.05.13 23:10;1.11889;1.11899;1.11874;1.11889;191;0
2025.05.13 23:20;1.11890;1.11944;1.11880;1.11932;224;0
2025.05.13 23:30;1.11932;1.11948;1.11911;1.11927;144;0
2025.05.13 23:40;1.11926;1.11931;1.11884;1.11886;164;5
2025.05.13 23:50;1.11885;1.11897;1.11833;1.11846;153;5
2025.05.14 00:00;1.11835;1.11855;1.11801;1.11843;54;24
2025.05.14 00:10;1.11842;1.11861;1.11806;1.11806;48;40
2025.05.14 00:20;1.11806;1.11859;1.11806;1.11844;53;28
2025.05.14 00:30;1.11847;1.11847;1.11825;1.11825;57;25
2025.05.14 00:40;1.11827;1.11866;1.11824;1.11866;106;25
2025.05.14 00:50;1.11865;1.11867;1.11851;1.11856;93;24
2025.05.14 01:00;1.11858;1.11932;1.11855;1.11915;244;0
2025.05.14 01:10;1.11916;1.11917;1.11876;1.11889;165;0
2025.05.14 01:20;1.11893;1.11915;1.11888;1.11896;173;0
2025.05.14 01:30;1.11896;1.11906;1.11892;1.11899;113;0
2025.05.14 01:40;1.11897;1.11924;1.11877;1.11911;96;0
2025.05.14 01:50;1.11910;1.11972;1.11910;1.11972;191;0
2025.05.14 02:00;1.11972;1.11972;1.11875;1.11893;192;0
2025.05.14 02:10;1.11887;1.11898;1.11865;1.11898;153;0
2025.05.14 02:20;1.11898;1.11919;1.11869;1.11900;242;0
2025.05.14 02:30;1.11893;1.11903;1.11875;1.11888;249;0
2025.05.14 02:40;1.11886;1.11911;1.11875;1.11880;281;0
2025.05.14 02:50;1.11879;1.11879;1.11848;1.11858;153;0
2025.05.14 03:00;1.11858;1.11890;1.11822;1.11854;423;0
2025.05.14 03:10;1.11854;1.11887;1.11844;1.11844;353;0
2025.05.14 03:20;1.11844;1.11943;1.11825;1.11936;392;0
2025.05.14 03:30;1.11934;1.11966;1.11912;1.11926;362;0
2025.05.14 03:40;1.11922;1.11922;1.11858;1.11866;337;0
2025.05.14 03:50;1.11866;1.11952;1.11850;1.11920;604;0
2025.05.14 04:00;1.11919;1.11928;1.11852;1.11889;539;0
2025.05.14 04:10;1.11890;1.11961;1.11888;1.11910;683;0
2025.05.14 04:20;1.11909;1.11978;1.11903;1.11972;570;0
2025.05.14 04:30;1.11973;1.11981;1.11866;1.11898;764;0
2025.05.14 04:40;1.11898;1.11918;1.11834;1.11866;597;0
2025.05.14 04:50;1.11866;1.11899;1.11857;1.11882;584;0
2025.05.14 05:00;1.11885;1.11888;1.11836;1.11864;555;0
2025.05.14 05:10;1.11864;1.11906;1.11836;1.11876;442;0
2025.05.14 05:20;1.11876;1.11877;1.11841;1.11863;309;0
2025.05.14 05:30;1.11863;1.11865;1.11827;1.11838;366;0
2025.05.14 05:40;1.11838;1.11898;1.11835;1.11897;388;0
2025.05.14 05:50;1.11897;1.11926;1.11877;1.11889;399;0
2025.05.14 06:00;1.11891;1.11891;1.11848;1.11866;421;0
2025.05.14 06:10;1.11867;1.11898;1.11864;1.11883;358;0
2025.05.14 06:20;1.11883;1.11911;1.11866;1.11866;353;0
2025.05.14 06:30;1.11863;1.11902;1.11842;1.11899;360;0
2025.05.14 06:40;1.11899;1.11908;1.11884;1.11899;376;0
2025.05.14 06:50;1.11899;1.11958;1.11890;1.11952;367;0
2025.05.14 07:00;1.11953;1.12002;1.11906;1.11945;465;0
2025.05.14 07:10;1.11945;1.11946;1.11879;1.11885;276;0
2025.05.14 07:20;1.11885;1.11969;1.11882;1.11951;317;0
2025.05.14 07:30;1.11950;1.12004;1.11934;1.11937;378;0
2025.05.14 07:40;1.11938;1.11947;1.11914;1.11923;396;0
2025.05.14 07:50;1.11924;1.11930;1.11878;1.11885;276;0
2025.05.14 08:00;1.11883;1.11925;1.11874;1.11901;349;0
2025.05.14 08:10;1.11901;1.11918;1.11862;1.11871;274;0
2025.05.14 08:20;1.11877;1.11903;1.11857;1.11864;300;0
2025.05.14 08:30;1.11864;1.11884;1.11846;1.11872;349;0
2025.05.14 08:40;1.11872;1.11910;1.11862;1.11878;409;0
2025.05.14 08:50;1.11878;1.11886;1.11850;1.11864;379;0
2025.05.14 09:00;1.11864;1.11887;1.11801;1.11837;516;0
2025.05.14 09:10;1.11838;1.11934;1.11837;1.11931;570;0
2025.05.14 09:20;1.11934;1.11963;1.11915;1.11950;544;0
2025.05.14 09:30;1.11951;1.11984;1.11900;1.11953;514;0
2025.05.14 09:40;1.11953;1.11971;1.11901;1.11926;568;0
2025.05.14 09:50;1.11928;1.11952;1.11830;1.11878;681;0
2025.05.14 10:00;1.11879;1.11986;1.11873;1.11921;745;0
2025.05.14 10:10;1.11921;1.11921;1.11813;1.11864;661;0
2025.05.14 10:20;1.11863;1.11964;1.11853;1.11922;663;0
2025.05.14 10:30;1.11924;1.12092;1.11907;1.12081;690;0
2025.05.14 10:40;1.12074;1.12093;1.12000;1.12042;740;0
2025.05.14 10:50;1.12043;1.12166;1.12031;1.12149;719;0
2025.05.14 11:00;1.12148;1.12514;1.12126;1.12410;1224;0
2025.05.14 11:10;1.12409;1.12433;1.12257;1.12334;1104;0
2025.05.14 11:20;1.12334;1.12524;1.12332;1.12406;1209;0
2025.05.14 11:30;1.12408;1.12431;1.12341;1.12385;924;0
2025.05.14 11:40;1.12384;1.12435;1.12332;1.12378;741;0
2025.05.14 11:50;1.12378;1.12482;1.12324;1.12386;784;0
2025.05.14 12:00;1.12391;1.12428;1.12309;1.12400;871;0
2025.05.14 12:10;1.12400;1.12548;1.12376;1.12508;913;0
2025.05.14 12:20;1.12508;1.12645;1.12500;1.12545;967;0
2025.05.14 12:30;1.12546;1.12561;1.12491;1.12506;784;0
2025.05.14 12:40;1.12506;1.12657;1.12493;1.12642;813;0
2025.05.14 12:50;1.12642;1.12646;1.12515;1.12520;730;0
2025.05.14 13:00;1.12519;1.12530;1.12483;1.12484;618;0
2025.05.14 13:10;1.12479;1.12479;1.12381;1.12402;565;0
2025.05.14 13:20;1.12399;1.12407;1.12331;1.12362;512;0
2025.05.14 13:30;1.12362;1.12446;1.12324;1.12333;650;0
2025.05.14 13:40;1.12334;1.12356;1.12272;1.12280;493;0
2025.05.14 13:50;1.12277;1.12379;1.12272;1.12311;517;0
2025.05.14 14:00;1.12310;1.12350;1.12246;1.12251;529;0
2025.05.14 14:10;1.12249;1.12299;1.12156;1.12159;520;0
2025.05.14 14:20;1.12159;1.12241;1.12151;1.12206;480;0
2025.05.14 14:30;1.12210;1.12249;1.12208;1.12241;523;0
2025.05.14 14:40;1.12241;1.12274;1.12217;1.12247;559;0
2025.05.14 14:50;1.12246;1.12254;1.12134;1.12174;685;0
2025.05.14 15:00;1.12175;1.12243;1.12121;1.12139;699;0
2025.05.14 15:10;1.12137;1.12166;1.12096;1.12163;700;0
2025.05.14 15:20;1.12167;1.12265;1.12145;1.12247;682;0
2025.05.14 15:30;1.12246;1.12322;1.12188;1.12214;786;0
2025.05.14 15:40;1.12213;1.12355;1.12206;1.12313;693;0
2025.05.14 15:50;1.12313;1.12331;1.12249;1.12252;621;0
2025.05.14 16:00;1.12252;1.12258;1.12142;1.12180;741;0
2025.05.14 16:10;1.12180;1.12197;1.12103;1.12196;711;0
2025.05.14 16:20;1.12197;1.12278;1.12196;1.12213;687;0
2025.05.14 16:30;1.12214;1.12307;1.12207;1.12294;875;0
2025.05.14 16:40;1.12291;1.12345;1.12278;1.12330;816;0
2025.05.14 16:50;1.12329;1.12349;1.12148;1.12199;953;0
2025.05.14 17:00;1.12199;1.12203;1.12082;1.12147;936;0
2025.05.14 17:10;1.12147;1.12200;1.12057;1.12086;739;0
2025.05.14 17:20;1.12089;1.12133;1.12027;1.12131;850;0
2025.05.14 17:30;1.12131;1.12141;1.12038;1.12068;885;0
2025.05.14 17:40;1.12069;1.12217;1.12058;1.12217;743;0
2025.05.14 17:50;1.12217;1.12237;1.12102;1.12123;908;0
2025.05.14 18:00;1.12119;1.12151;1.12047;1.12092;883;0
2025.05.14 18:10;1.12094;1.12095;1.12020;1.12032;854;0
2025.05.14 18:20;1.12032;1.12085;1.12004;1.12084;755;0
2025.05.14 18:30;1.12082;1.12095;1.12009;1.12017;646;0
2025.05.14 18:40;1.12018;1.12053;1.11976;1.11989;611;0
2025.05.14 18:50;1.11991;1.12056;1.11981;1.12054;662;0
2025.05.14 19:00;1.12056;1.12133;1.12043;1.12110;577;1
2025.05.14 19:10;1.12113;1.12113;1.12033;1.12043;466;1
2025.05.14 19:20;1.12044;1.12079;1.11993;1.12017;499;0
2025.05.14 19:30;1.12018;1.12061;1.11990;1.12041;402;0
2025.05.14 19:40;1.12043;1.12046;1.11755;1.11910;1318;1
2025.05.14 19:50;1.11913;1.11961;1.11868;1.11889;713;1
2025.05.14 20:00;1.11890;1.11939;1.11867;1.11867;579;1
2025.05.14 20:10;1.11868;1.11949;1.11845;1.11909;505;1
2025.05.14 20:20;1.11908;1.11971;1.11908;1.11942;478;1
2025.05.14 20:30;1.11942;1.11957;1.11851;1.11862;410;1
2025.05.14 20:40;1.11863;1.11883;1.11813;1.11832;398;1
2025.05.14 20:50;1.11833;1.11898;1.11825;1.11893;335;1
2025.05.14 21:00;1.11893;1.11899;1.11783;1.11784;429;1
2025.05.14 21:10;1.11784;1.11803;1.11721;1.11779;447;1
2025.05.14 21:20;1.11777;1.11808;1.11725;1.11732;410;0
2025.05.14 21:30;1.11733;1.11782;1.11728;1.11763;396;0
2025.05.14 21:40;1.11764;1.11824;1.11764;1.11818;335;0
2025.05.14 21:50;1.11818;1.11828;1.11776;1.11783;328;0
2025.05.14 22:00;1.11781;1.11781;1.11670;1.11726;467;1
2025.05.14 22:10;1.11726;1.11770;1.11726;1.11743;291;0
2025.05.14 22:20;1.11743;1.11765;1.11716;1.11757;402;0
2025.05.14 22:30;1.11757;1.11757;1.11726;1.11733;288;0
2025.05.14 22:40;1.11733;1.11750;1.11708;1.11708;201;0
2025.05.14 22:50;1.11704;1.11704;1.11655;1.11674;333;0
2025.05.14 23:00;1.11673;1.11692;1.11645;1.11667;270;0
2025.05.14 23:10;1.11667;1.11685;1.11665;1.11672;170;0
2025.05.14 23:20;1.11669;1.11686;1.11666;1.11673;133;0
2025.05.14 23:30;1.11673;1.11731;1.11672;1.11717;201;1
2025.05.14 23:40;1.11714;1.11741;1.11712;1.11730;203;5
2025.05.14 23:50;1.11731;1.11749;1.11691;1.11692;200;5
2025.05.15 00:00;1.11674;1.11791;1.11661;1.11763;50;24
2025.05.15 00:10;1.11765;1.11769;1.11740;1.11769;44;24
2025.05.15 00:20;1.11769;1.11769;1.11766;1.11766;11;24
2025.05.15 00:30;1.11764;1.11768;1.11746;1.11748;52;24
2025.05.15 00:40;1.11748;1.11753;1.11725;1.11753;111;24
2025.05.15 00:50;1.11751;1.11767;1.11750;1.11765;70;24
2025.05.15 01:00;1.11774;1.11828;1.11765;1.11804;197;0
2025.05.15 01:10;1.11804;1.11826;1.11797;1.11813;119;0
2025.05.15 01:20;1.11814;1.11835;1.11808;1.11820;103;0
2025.05.15 01:30;1.11821;1.11844;1.11802;1.11839;151;0
2025.05.15 01:40;1.11839;1.11839;1.11816;1.11822;166;0
2025.05.15 01:50;1.11822;1.11826;1.11802;1.11826;120;0
2025.05.15 02:00;1.11830;1.11879;1.11809;1.11849;179;0
2025.05.15 02:10;1.11849;1.11880;1.11848;1.11859;185;0
2025.05.15 02:20;1.11859;1.11870;1.11854;1.11869;158;0
2025.05.15 02:30;1.11869;1.11882;1.11859;1.11876;179;0
2025.05.15 02:40;1.11876;1.11878;1.11839;1.11854;193;0
2025.05.15 02:50;1.11855;1.11873;1.11804;1.11813;305;0
2025.05.15 03:00;1.11812;1.11822;1.11759;1.11795;499;1
2025.05.15 03:10;1.11796;1.11847;1.11778;1.11846;380;0
2025.05.15 03:20;1.11846;1.11902;1.11832;1.11885;323;0
2025.05.15 03:30;1.11885;1.11946;1.11881;1.11904;411;0
2025.05.15 03:40;1.11904;1.11917;1.11859;1.11865;439;0
2025.05.15 03:50;1.11860;1.11933;1.11859;1.11914;575;0
2025.05.15 04:00;1.11916;1.11965;1.11907;1.11927;483;0
2025.05.15 04:10;1.11931;1.11971;1.11927;1.11955;473;0
2025.05.15 04:20;1.11954;1.11998;1.11929;1.11951;424;0
2025.05.15 04:30;1.11950;1.11996;1.11941;1.11990;542;0
2025.05.15 04:40;1.11992;1.11995;1.11966;1.11968;353;0
2025.05.15 04:50;1.11969;1.11989;1.11919;1.11937;458;0
2025.05.15 05:00;1.11936;1.11955;1.11889;1.11952;391;0
2025.05.15 05:10;1.11955;1.11965;1.11928;1.11942;367;0
2025.05.15 05:20;1.11944;1.11944;1.11895;1.11902;326;0
2025.05.15 05:30;1.11908;1.11934;1.11893;1.11925;297;0
2025.05.15 05:40;1.11925;1.11946;1.11900;1.11903;239;0
2025.05.15 05:50;1.11903;1.11961;1.11900;1.11946;341;0
2025.05.15 06:00;1.11946;1.11969;1.11921;1.11956;335;0
2025.05.15 06:10;1.11956;1.11986;1.11955;1.11963;335;0
2025.05.15 06:20;1.11963;1.12006;1.11961;1.12006;313;0
2025.05.15 06:30;1.12007;1.12012;1.11959;1.11974;346;0
2025.05.15 06:40;1.11974;1.12009;1.11961;1.11987;310;0
2025.05.15 06:50;1.11987;1.11993;1.11963;1.11969;235;0
2025.05.15 07:00;1.11969;1.12000;1.11958;1.11964;274;0
2025.05.15 07:10;1.11964;1.11976;1.11922;1.11954;278;0
2025.05.15 07:20;1.11955;1.11988;1.11948;1.11971;248;0
2025.05.15 07:30;1.11970;1.11994;1.11941;1.11966;258;0
2025.05.15 07:40;1.11965;1.11966;1.11922;1.11930;270;0
2025.05.15 07:50;1.11929;1.11954;1.11917;1.11929;252;0
2025.05.15 08:00;1.11928;1.11974;1.11893;1.11971;335;0
2025.05.15 08:10;1.11969;1.11992;1.11921;1.11932;401;0
2025.05.15 08:20;1.11932;1.11974;1.11902;1.11908;373;0
2025.05.15 08:30;1.11907;1.11911;1.11862;1.11874;354;0
2025.05.15 08:40;1.11875;1.11904;1.11854;1.11904;350;0
2025.05.15 08:50;1.11905;1.11947;1.11887;1.11933;392;0
2025.05.15 09:00;1.11933;1.11955;1.11895;1.11945;540;0
2025.05.15 09:10;1.11943;1.11990;1.11920;1.11969;531;0
2025.05.15 09:20;1.11969;1.12096;1.11964;1.12080;683;0
2025.05.15 09:30;1.12080;1.12148;1.12046;1.12136;619;0
2025.05.15 09:40;1.12136;1.12218;1.12108;1.12212;615;0
2025.05.15 09:50;1.12213;1.12275;1.12196;1.12273;718;0
2025.05.15 10:00;1.12272;1.12280;1.12138;1.12216;872;0
2025.05.15 10:10;1.12217;1.12218;1.12139;1.12170;673;0
2025.05.15 10:20;1.12169;1.12184;1.12045;1.12115;659;0
2025.05.15 10:30;1.12115;1.12115;1.12034;1.12068;640;0
2025.05.15 10:40;1.12067;1.12076;1.11915;1.11957;679;0
2025.05.15 10:50;1.11958;1.12006;1.11935;1.11973;580;0
2025.05.15 11:00;1.11973;1.12029;1.11924;1.11998;730;0
2025.05.15 11:10;1.11997;1.12002;1.11939;1.11980;554;0
2025.05.15 11:20;1.11979;1.12000;1.11926;1.11966;479;0
2025.05.15 11:30;1.11964;1.12090;1.11953;1.12084;507;0
2025.05.15 11:40;1.12083;1.12114;1.12047;1.12050;597;0
2025.05.15 11:50;1.12051;1.12113;1.12048;1.12099;548;0
2025.05.15 12:00;1.12100;1.12114;1.12034;1.12105;525;0
2025.05.15 12:10;1.12105;1.12131;1.12078;1.12078;420;0
2025.05.15 12:20;1.12078;1.12106;1.12042;1.12054;432;0
2025.05.15 12:30;1.12053;1.12098;1.12042;1.12048;492;0
2025.05.15 12:40;1.12048;1.12061;1.12007;1.12043;430;0
2025.05.15 12:50;1.12043;1.12065;1.12006;1.12023;431;0
2025.05.15 13:00;1.12026;1.12040;1.11980;1.12036;398;0
2025.05.15 13:10;1.12036;1.12084;1.12004;1.12083;424;0
2025.05.15 13:20;1.12083;1.12095;1.12047;1.12077;415;0
2025.05.15 13:30;1.12078;1.12113;1.12046;1.12076;463;0
2025.05.15 13:40;1.12075;1.12076;1.12027;1.12041;415;0
2025.05.15 13:50;1.12042;1.12042;1.11984;1.12002;557;0
2025.05.15 14:00;1.12004;1.12032;1.11914;1.11933;665;0
2025.05.15 14:10;1.11933;1.11968;1.11914;1.11923;436;0
2025.05.15 14:20;1.11924;1.11965;1.11901;1.11947;351;0
2025.05.15 14:30;1.11947;1.11947;1.11794;1.11857;541;0
2025.05.15 14:40;1.11857;1.11895;1.11837;1.11841;444;0
2025.05.15 14:50;1.11839;1.11885;1.11813;1.11831;556;0
2025.05.15 15:00;1.11832;1.11875;1.11823;1.11854;546;0
2025.05.15 15:10;1.11855;1.11909;1.11846;1.11908;434;0
2025.05.15 15:20;1.11907;1.11957;1.11902;1.11933;591;0
2025.05.15 15:30;1.11928;1.12130;1.11920;1.12128;1155;0
2025.05.15 15:40;1.12136;1.12138;1.11878;1.11887;906;0
2025.05.15 15:50;1.11887;1.12139;1.11849;1.12097;966;0
2025.05.15 16:00;1.12097;1.12217;1.12097;1.12145;1037;0
2025.05.15 16:10;1.12143;1.12239;1.12113;1.12147;903;0
2025.05.15 16:20;1.12151;1.12158;1.12017;1.12038;786;0
2025.05.15 16:30;1.12039;1.12054;1.11962;1.12045;898;0
2025.05.15 16:40;1.12046;1.12067;1.11950;1.11952;880;0
2025.05.15 16:50;1.11954;1.12053;1.11954;1.12008;723;0
2025.05.15 17:00;1.12008;1.12067;1.11970;1.12056;880;0
2025.05.15 17:10;1.12059;1.12108;1.11956;1.11959;830;0
2025.05.15 17:20;1.11960;1.11973;1.11876;1.11910;843;0
2025.05.15 17:30;1.11911;1.11911;1.11791;1.11829;797;0
2025.05.15 17:40;1.11825;1.11881;1.11758;1.11855;735;0
2025.05.15 17:50;1.11854;1.11931;1.11843;1.11865;914;0
2025.05.15 18:00;1.11865;1.11918;1.11829;1.11905;698;0
2025.05.15 18:10;1.11907;1.11969;1.11894;1.11894;568;0
2025.05.15 18:20;1.11894;1.11899;1.11802;1.11809;678;0
2025.05.15 18:30;1.11810;1.11825;1.11765;1.11812;534;0
2025.05.15 18:40;1.11814;1.11840;1.11728;1.11826;584;0
2025.05.15 18:50;1.11825;1.11881;1.11812;1.11878;576;0
2025.05.15 19:00;1.11878;1.11905;1.11833;1.11839;511;1
2025.05.15 19:10;1.11841;1.11843;1.11780;1.11824;421;1
2025.05.15 19:20;1.11825;1.11837;1.11797;1.11809;406;0
2025.05.15 19:30;1.11809;1.11827;1.11772;1.11813;361;0
2025.05.15 19:40;1.11805;1.11810;1.11756;1.11759;353;0
2025.05.15 19:50;1.11760;1.11809;1.11726;1.11809;489;0
2025.05.15 20:00;1.11809;1.11891;1.11779;1.11848;441;1
2025.05.15 20:10;1.11848;1.11857;1.11774;1.11786;328;0
2025.05.15 20:20;1.11786;1.11794;1.11731;1.11758;410;0
2025.05.15 20:30;1.11758;1.11792;1.11727;1.11758;341;0
2025.05.15 20:40;1.11759;1.11759;1.11703;1.11712;345;0
2025.05.15 20:50;1.11713;1.11753;1.11705;1.11712;312;0
2025.05.15 21:00;1.11713;1.11768;1.11710;1.11766;324;0
2025.05.15 21:10;1.11766;1.11788;1.11762;1.11774;266;0
2025.05.15 21:20;1.11774;1.11796;1.11710;1.11714;278;0
2025.05.15 21:30;1.11713;1.11765;1.11708;1.11759;238;0
2025.05.15 21:40;1.11758;1.11791;1.11740;1.11745;306;0
2025.05.15 21:50;1.11744;1.11794;1.11744;1.11770;378;0
2025.05.15 22:00;1.11772;1.11777;1.11725;1.11745;317;0
2025.05.15 22:10;1.11745;1.11777;1.11733;1.11773;201;0
2025.05.15 22:20;1.11773;1.11812;1.11767;1.11809;359;0
2025.05.15 22:30;1.11809;1.11843;1.11800;1.11833;251;0
2025.05.15 22:40;1.11832;1.11864;1.11825;1.11828;265;0
2025.05.15 22:50;1.11823;1.11853;1.11821;1.11836;263;0
2025.05.15 23:00;1.11837;1.11873;1.11833;1.11862;219;0
2025.05.15 23:10;1.11864;1.11876;1.11844;1.11853;116;0
2025.05.15 23:20;1.11852;1.11866;1.11844;1.11859;121;0
2025.05.15 23:30;1.11859;1.11864;1.11826;1.11839;127;0
2025.05.15 23:40;1.11839;1.11857;1.11819;1.11849;185;1
2025.05.15 23:50;1.11848;1.11870;1.11788;1.11796;238;5
2025.05.16 00:00;1.11839;1.11869;1.11833;1.11855;31;33
2025.05.16 00:10;1.11855;1.11866;1.11843;1.11846;28;24
2025.05.16 00:20;1.11846;1.11852;1.11761;1.11812;121;24
2025.05.16 00:30;1.11831;1.11906;1.11830;1.11882;113;25
2025.05.16 00:40;1.11883;1.11898;1.11860;1.11893;93;25
2025.05.16 00:50;1.11893;1.11900;1.11892;1.11897;64;25
2025.05.16 01:00;1.11898;1.11901;1.11855;1.11880;186;1
2025.05.16 01:10;1.11879;1.11893;1.11864;1.11890;153;1
2025.05.16 01:20;1.11890;1.11900;1.11871;1.11872;177;1
2025.05.16 01:30;1.11871;1.11912;1.11871;1.11898;183;1
2025.05.16 01:40;1.11904;1.11916;1.11897;1.11902;136;0
2025.05.16 01:50;1.11901;1.11930;1.11895;1.11922;158;0
2025.05.16 02:00;1.11925;1.11936;1.11913;1.11923;139;0
2025.05.16 02:10;1.11924;1.11940;1.11904;1.11917;107;0
2025.05.16 02:20;1.11916;1.11917;1.11895;1.11915;119;0
2025.05.16 02:30;1.11915;1.11935;1.11905;1.11930;119;0
2025.05.16 02:40;1.11929;1.11938;1.11904;1.11920;214;0
2025.05.16 02:50;1.11919;1.11931;1.11898;1.11920;234;0
2025.05.16 03:00;1.11919;1.12023;1.11905;1.11974;618;1
2025.05.16 03:10;1.11978;1.11984;1.11949;1.11977;387;0
2025.05.16 03:20;1.11978;1.11983;1.11951;1.11964;327;0
2025.05.16 03:30;1.11965;1.12022;1.11961;1.12021;464;0
2025.05.16 03:40;1.12021;1.12049;1.11989;1.12033;548;0
2025.05.16 03:50;1.12033;1.12082;1.12016;1.12048;535;0
2025.05.16 04:00;1.12049;1.12064;1.12018;1.12055;397;0
2025.05.16 04:10;1.12055;1.12065;1.12020;1.12026;415;0
2025.05.16 04:20;1.12027;1.12033;1.11984;1.11990;330;0
2025.05.16 04:30;1.11992;1.12063;1.11983;1.12033;403;0
2025.05.16 04:40;1.12033;1.12087;1.12027;1.12052;373;0
2025.05.16 04:50;1.12051;1.12055;1.12003;1.12034;386;0
2025.05.16 05:00;1.12032;1.12082;1.12027;1.12036;312;0
2025.05.16 05:10;1.12033;1.12086;1.12014;1.12074;288;0
2025.05.16 05:20;1.12067;1.12075;1.12033;1.12055;389;0
2025.05.16 05:30;1.12055;1.12055;1.11995;1.12012;353;0
2025.05.16 05:40;1.12011;1.12059;1.12010;1.12053;425;0
2025.05.16 05:50;1.12054;1.12062;1.12016;1.12022;361;0
2025.05.16 06:00;1.12023;1.12042;1.11997;1.12017;374;0
2025.05.16 06:10;1.12017;1.12030;1.11991;1.12010;318;0
2025.05.16 06:20;1.12012;1.12033;1.11997;1.12026;272;0
2025.05.16 06:30;1.12025;1.12058;1.12015;1.12030;340;0
2025.05.16 06:40;1.12032;1.12043;1.12008;1.12009;328;0
2025.05.16 06:50;1.12010;1.12040;1.12000;1.12005;308;0
2025.05.16 07:00;1.12004;1.12012;1.11971;1.11986;346;0
2025.05.16 07:10;1.11985;1.11988;1.11962;1.11976;284;0
2025.05.16 07:20;1.11977;1.12013;1.11964;1.11990;366;0
2025.05.16 07:30;1.11990;1.12005;1.11976;1.11990;318;0
2025.05.16 07:40;1.11989;1.11996;1.11974;1.11993;266;0
2025.05.16 07:50;1.11991;1.12042;1.11988;1.12034;329;0
2025.05.16 08:00;1.12030;1.12145;1.12010;1.12141;417;0
2025.05.16 08:10;1.12136;1.12141;1.12077;1.12126;329;0
2025.05.16 08:20;1.12131;1.12131;1.12045;1.12071;314;0
2025.05.16 08:30;1.12071;1.12115;1.12055;1.12101;299;0
2025.05.16 08:40;1.12100;1.12165;1.12092;1.12165;336;0
2025.05.16 08:50;1.12166;1.12188;1.12154;1.12157;364;0
2025.05.16 09:00;1.12157;1.12162;1.12074;1.12122;548;0
2025.05.16 09:10;1.12124;1.12167;1.12086;1.12167;571;0
2025.05.16 09:20;1.12168;1.12198;1.12120;1.12180;447;0
2025.05.16 09:30;1.12178;1.12183;1.12130;1.12157;429;0
2025.05.16 09:40;1.12156;1.12164;1.12124;1.12154;355;0
2025.05.16 09:50;1.12155;1.12191;1.12100;1.12124;510;0
2025.05.16 10:00;1.12123;1.12162;1.12082;1.12154;679;0
2025.05.16 10:10;1.12152;1.12175;1.12073;1.12097;611;0
2025.05.16 10:20;1.12098;1.12146;1.12076;1.12141;513;0
2025.05.16 10:30;1.12141;1.12166;1.12103;1.12154;584;0
2025.05.16 10:40;1.12154;1.12163;1.12101;1.12129;493;0
2025.05.16 10:50;1.12128;1.12157;1.12060;1.12090;651;0
2025.05.16 11:00;1.12089;1.12094;1.12042;1.12067;678;0
2025.05.16 11:10;1.12067;1.12082;1.11999;1.12028;596;0
2025.05.16 11:20;1.12030;1.12043;1.11984;1.12024;523;0
2025.05.16 11:30;1.12025;1.12073;1.12007;1.12037;475;0
2025.05.16 11:40;1.12037;1.12073;1.12016;1.12033;536;0
2025.05.16 11:50;1.12033;1.12034;1.11971;1.11991;527;0
2025.05.16 12:00;1.11990;1.12009;1.11972;1.12001;362;0
2025.05.16 12:10;1.12002;1.12038;1.11989;1.12022;371;0
2025.05.16 12:20;1.12021;1.12087;1.12017;1.12077;523;0
2025.05.16 12:30;1.12077;1.12082;1.12015;1.12026;454;0
2025.05.16 12:40;1.12028;1.12036;1.11980;1.11988;558;0
2025.05.16 12:50;1.11987;1.12016;1.11915;1.11944;557;0
2025.05.16 13:00;1.11941;1.11962;1.11889;1.11916;603;0
2025.05.16 13:10;1.11917;1.11953;1.11885;1.11936;420;0
2025.05.16 13:20;1.11937;1.11963;1.11896;1.11930;399;0
2025.05.16 13:30;1.11933;1.11965;1.11881;1.11921;441;0
2025.05.16 13:40;1.11920;1.11969;1.11908;1.11965;452;0
2025.05.16 13:50;1.11966;1.12002;1.11958;1.11998;536;0
2025.05.16 14:00;1.11997;1.12065;1.11993;1.12063;523;0
2025.05.16 14:10;1.12063;1.12082;1.12015;1.12043;390;0
2025.05.16 14:20;1.12041;1.12074;1.12012;1.12018;371;0
2025.05.16 14:30;1.12018;1.12022;1.11974;1.11977;296;0
2025.05.16 14:40;1.11977;1.12011;1.11953;1.11955;438;0
2025.05.16 14:50;1.11955;1.11966;1.11902;1.11944;625;0
2025.05.16 15:00;1.11943;1.11988;1.11929;1.11940;445;0
2025.05.16 15:10;1.11941;1.11980;1.11910;1.11977;397;0
2025.05.16 15:20;1.11978;1.11986;1.11927;1.11964;489;0
2025.05.16 15:30;1.11962;1.11989;1.11918;1.11967;547;0
2025.05.16 15:40;1.11967;1.11976;1.11914;1.11927;480;0
2025.05.16 15:50;1.11927;1.11983;1.11914;1.11971;479;0
2025.05.16 16:00;1.11971;1.11979;1.11925;1.11957;469;0
2025.05.16 16:10;1.11953;1.12007;1.11932;1.11991;444;0
2025.05.16 16:20;1.11989;1.12016;1.11902;1.11902;443;0
2025.05.16 16:30;1.11904;1.11954;1.11881;1.11946;560;0
2025.05.16 16:40;1.11945;1.12008;1.11937;1.12008;583;0
2025.05.16 16:50;1.12007;1.12057;1.11983;1.12000;697;0
2025.05.16 17:00;1.11999;1.12018;1.11828;1.11906;950;0
2025.05.16 17:10;1.11907;1.11922;1.11808;1.11828;733;0
2025.05.16 17:20;1.11828;1.11885;1.11802;1.11816;596;0
2025.05.16 17:30;1.11816;1.11842;1.11600;1.11620;928;0
2025.05.16 17:40;1.11619;1.11646;1.11542;1.11598;922;0
2025.05.16 17:50;1.11601;1.11619;1.11517;1.11549;1050;0
2025.05.16 18:00;1.11547;1.11587;1.11507;1.11508;750;0
2025.05.16 18:10;1.11507;1.11586;1.11491;1.11492;604;0
2025.05.16 18:20;1.11492;1.11498;1.11416;1.11435;499;0
2025.05.16 18:30;1.11433;1.11503;1.11403;1.11492;532;0
2025.05.16 18:40;1.11492;1.11500;1.11435;1.11445;366;0
2025.05.16 18:50;1.11445;1.11459;1.11402;1.11403;423;0
2025.05.16 19:00;1.11404;1.11477;1.11337;1.11372;718;0
2025.05.16 19:10;1.11372;1.11406;1.11321;1.11334;411;1
2025.05.16 19:20;1.11334;1.11419;1.11312;1.11376;374;1
2025.05.16 19:30;1.11375;1.11396;1.11351;1.11372;416;1
2025.05.16 19:40;1.11372;1.11466;1.11362;1.11463;321;1
2025.05.16 19:50;1.11462;1.11467;1.11423;1.11449;339;0
2025.05.16 20:00;1.11450;1.11477;1.11427;1.11457;348;1
2025.05.16 20:10;1.11457;1.11457;1.11413;1.11431;215;0
2025.05.16 20:20;1.11429;1.11441;1.11397;1.11439;237;0
2025.05.16 20:30;1.11440;1.11442;1.11414;1.11436;262;0
2025.05.16 20:40;1.11437;1.11459;1.11395;1.11434;273;1
2025.05.16 20:50;1.11434;1.11451;1.11422;1.11449;272;0
2025.05.16 21:00;1.11450;1.11469;1.11441;1.11446;246;0
2025.05.16 21:10;1.11447;1.11471;1.11432;1.11454;245;0
2025.05.16 21:20;1.11450;1.11477;1.11450;1.11470;202;0
2025.05.16 21:30;1.11471;1.11473;1.11445;1.11460;217;0
2025.05.16 21:40;1.11460;1.11553;1.11452;1.11539;345;1
2025.05.16 21:50;1.11534;1.11537;1.11511;1.11527;273;0
2025.05.16 22:00;1.11527;1.11558;1.11522;1.11546;303;0
2025.05.16 22:10;1.11545;1.11547;1.11515;1.11541;293;0
2025.05.16 22:20;1.11544;1.11585;1.11537;1.11553;314;0
2025.05.16 22:30;1.11553;1.11558;1.11536;1.11540;348;0
2025.05.16 22:40;1.11540;1.11557;1.11494;1.11500;305;0
2025.05.16 22:50;1.11496;1.11538;1.11479;1.11492;457;0
2025.05.16 23:00;1.11491;1.11529;1.11490;1.11526;257;0
2025.05.16 23:10;1.11526;1.11528;1.11508;1.11510;134;0
2025.05.16 23:20;1.11508;1.11512;1.11480;1.11482;175;0
2025.05.16 23:30;1.11482;1.11513;1.11477;1.11479;133;1
2025.05.16 23:40;1.11476;1.11540;1.11445;1.11530;309;5
2025.05.16 23:50;1.11530;1.11613;1.11518;1.11605;281;5
2025.05.19 00:00;1.11729;1.11763;1.11681;1.11763;138;32
2025.05.19 00:10;1.11764;1.11792;1.11718;1.11776;104;47
2025.05.19 00:20;1.11777;1.11806;1.11761;1.11783;108;51
2025.05.19 00:30;1.11801;1.11801;1.11717;1.11717;216;25
2025.05.19 00:40;1.11722;1.11762;1.11719;1.11742;158;25
2025.05.19 00:50;1.11741;1.11760;1.11714;1.11732;159;25
2025.05.19 01:00;1.11732;1.11868;1.11717;1.11867;465;0
2025.05.19 01:10;1.11866;1.11890;1.11844;1.11868;302;0
2025.05.19 01:20;1.11869;1.11900;1.11830;1.11889;334;0
2025.05.19 01:30;1.11889;1.11901;1.11848;1.11857;320;0
2025.05.19 01:40;1.11857;1.11929;1.11855;1.11929;295;0
2025.05.19 01:50;1.11926;1.11943;1.11898;1.11901;239;0
2025.05.19 02:00;1.11903;1.11927;1.11880;1.11912;291;0
2025.05.19 02:10;1.11913;1.11924;1.11903;1.11918;183;0
2025.05.19 02:20;1.11919;1.11943;1.11914;1.11923;211;0
2025.05.19 02:30;1.11922;1.11924;1.11866;1.11873;246;0
2025.05.19 02:40;1.11871;1.11875;1.11821;1.11821;311;0
2025.05.19 02:50;1.11822;1.11889;1.11818;1.11889;360;0
2025.05.19 03:00;1.11892;1.11926;1.11833;1.11846;685;0
2025.05.19 03:10;1.11846;1.11886;1.11824;1.11878;497;0
2025.05.19 03:20;1.11878;1.11900;1.11853;1.11880;461;0
2025.05.19 03:30;1.11879;1.11892;1.11826;1.11841;536;0
2025.05.19 03:40;1.11842;1.11852;1.11802;1.11807;506;0
2025.05.19 03:50;1.11807;1.11986;1.11803;1.11972;782;0
2025.05.19 04:00;1.11972;1.11990;1.11907;1.11919;585;0
2025.05.19 04:10;1.11918;1.11934;1.11864;1.11882;506;0
2025.05.19 04:20;1.11882;1.11886;1.11799;1.11819;589;0
2025.05.19 04:30;1.11819;1.11850;1.11730;1.11759;613;0
2025.05.19 04:40;1.11758;1.11836;1.11757;1.11762;620;0
2025.05.19 04:50;1.11763;1.11792;1.11745;1.11762;507;0
2025.05.19 05:00;1.11762;1.11788;1.11724;1.11781;570;0
2025.05.19 05:10;1.11779;1.11857;1.11776;1.11856;404;0
2025.05.19 05:20;1.11855;1.11884;1.11831;1.11876;478;0
2025.05.19 05:30;1.11877;1.11885;1.11795;1.11805;479;0
2025.05.19 05:40;1.11807;1.11813;1.11765;1.11795;470;0
2025.05.19 05:50;1.11797;1.11835;1.11796;1.11823;479;0
2025.05.19 06:00;1.11824;1.11849;1.11801;1.11831;383;0
2025.05.19 06:10;1.11830;1.11850;1.11809;1.11845;309;0
2025.05.19 06:20;1.11845;1.11852;1.11823;1.11837;413;0
2025.05.19 06:30;1.11834;1.11855;1.11816;1.11826;339;0
2025.05.19 06:40;1.11826;1.11841;1.11803;1.11815;307;0
2025.05.19 06:50;1.11814;1.11833;1.11784;1.11812;354;0
2025.05.19 07:00;1.11810;1.11828;1.11774;1.11781;322;0
2025.05.19 07:10;1.11781;1.11817;1.11772;1.11796;273;0
2025.05.19 07:20;1.11797;1.11858;1.11797;1.11858;206;0
2025.05.19 07:30;1.11858;1.11872;1.11816;1.11816;243;0
2025.05.19 07:40;1.11816;1.11851;1.11809;1.11848;192;0
2025.05.19 07:50;1.11848;1.11866;1.11813;1.11839;288;0
2025.05.19 08:00;1.11839;1.11881;1.11838;1.11872;325;0
2025.05.19 08:10;1.11872;1.11884;1.11831;1.11863;318;0
2025.05.19 08:20;1.11865;1.11867;1.11841;1.11852;329;0
2025.05.19 08:30;1.11859;1.11861;1.11804;1.11824;317;0
2025.05.19 08:40;1.11823;1.11837;1.11762;1.11774;332;0
2025.05.19 08:50;1.11782;1.11862;1.11780;1.11850;385;0
2025.05.19 09:00;1.11848;1.11937;1.11819;1.11903;581;0
2025.05.19 09:10;1.11903;1.11996;1.11899;1.11968;629;0
2025.05.19 09:20;1.11968;1.12034;1.11957;1.12004;595;0
2025.05.19 09:30;1.12006;1.12124;1.11994;1.12099;701;0
2025.05.19 09:40;1.12096;1.12118;1.12024;1.12043;556;0
2025.05.19 09:50;1.12042;1.12110;1.12037;1.12090;583;0
2025.05.19 10:00;1.12092;1.12185;1.12056;1.12174;940;0
2025.05.19 10:10;1.12171;1.12186;1.12119;1.12167;822;0
2025.05.19 10:20;1.12167;1.12292;1.12159;1.12282;753;0
2025.05.19 10:30;1.12282;1.12415;1.12262;1.12382;826;0
2025.05.19 10:40;1.12381;1.12417;1.12335;1.12395;786;0
2025.05.19 10:50;1.12395;1.12450;1.12373;1.12382;743;0
2025.05.19 11:00;1.12381;1.12464;1.12359;1.12452;610;0
2025.05.19 11:10;1.12452;1.12506;1.12425;1.12478;682;0
2025.05.19 11:20;1.12477;1.12498;1.12433;1.12489;688;0
2025.05.19 11:30;1.12488;1.12510;1.12431;1.12431;594;0
2025.05.19 11:40;1.12431;1.12503;1.12403;1.12494;616;0
2025.05.19 11:50;1.12495;1.12592;1.12486;1.12574;843;0
2025.05.19 12:00;1.12574;1.12740;1.12551;1.12669;746;0
2025.05.19 12:10;1.12672;1.12730;1.12648;1.12681;762;0
2025.05.19 12:20;1.12681;1.12693;1.12616;1.12651;691;0
2025.05.19 12:30;1.12653;1.12789;1.12647;1.12783;715;0
2025.05.19 12:40;1.12779;1.12791;1.12702;1.12718;720;0
2025.05.19 12:50;1.12718;1.12807;1.12679;1.12799;698;0
2025.05.19 13:00;1.12798;1.12842;1.12763;1.12773;692;0
2025.05.19 13:10;1.12773;1.12800;1.12725;1.12774;566;0
2025.05.19 13:20;1.12774;1.12787;1.12723;1.12774;602;0
2025.05.19 13:30;1.12774;1.12784;1.12725;1.12735;510;0
2025.05.19 13:40;1.12735;1.12787;1.12687;1.12772;467;0
2025.05.19 13:50;1.12772;1.12883;1.12755;1.12781;682;0
2025.05.19 14:00;1.12780;1.12798;1.12701;1.12748;586;0
2025.05.19 14:10;1.12747;1.12784;1.12729;1.12768;444;0
2025.05.19 14:20;1.12768;1.12775;1.12682;1.12687;553;0
2025.05.19 14:30;1.12685;1.12691;1.12623;1.12654;538;0
2025.05.19 14:40;1.12654;1.12694;1.12639;1.12642;505;0
2025.05.19 14:50;1.12641;1.12733;1.12619;1.12731;715;0
2025.05.19 15:00;1.12731;1.12737;1.12608;1.12618;557;0
2025.05.19 15:10;1.12617;1.12670;1.12612;1.12664;508;0
2025.05.19 15:20;1.12666;1.12699;1.12638;1.12645;535;0
2025.05.19 15:30;1.12638;1.12667;1.12582;1.12666;614;0
2025.05.19 15:40;1.12667;1.12673;1.12580;1.12616;555;0
2025.05.19 15:50;1.12615;1.12660;1.12566;1.12568;699;0
2025.05.19 16:00;1.12570;1.12570;1.12488;1.12539;780;0
2025.05.19 16:10;1.12539;1.12652;1.12519;1.12545;767;0
2025.05.19 16:20;1.12545;1.12617;1.12545;1.12596;718;0
2025.05.19 16:30;1.12595;1.12595;1.12527;1.12571;865;0
2025.05.19 16:40;1.12570;1.12577;1.12500;1.12512;877;0
2025.05.19 16:50;1.12512;1.12522;1.12472;1.12513;662;0
2025.05.19 17:00;1.12515;1.12540;1.12422;1.12430;745;0
2025.05.19 17:10;1.12431;1.12528;1.12422;1.12513;641;0
2025.05.19 17:20;1.12513;1.12537;1.12430;1.12439;687;0
2025.05.19 17:30;1.12440;1.12490;1.12417;1.12485;705;0
2025.05.19 17:40;1.12486;1.12577;1.12484;1.12505;656;0
2025.05.19 17:50;1.12505;1.12578;1.12489;1.12539;767;0
2025.05.19 18:00;1.12541;1.12558;1.12485;1.12496;782;0
2025.05.19 18:10;1.12495;1.12579;1.12493;1.12571;591;0
2025.05.19 18:20;1.12571;1.12599;1.12540;1.12541;532;0
2025.05.19 18:30;1.12542;1.12548;1.12499;1.12527;453;0
2025.05.19 18:40;1.12530;1.12549;1.12503;1.12510;618;0
2025.05.19 18:50;1.12509;1.12523;1.12333;1.12362;725;0
2025.05.19 19:00;1.12362;1.12372;1.12295;1.12372;526;1
2025.05.19 19:10;1.12372;1.12381;1.12325;1.12330;367;1
2025.05.19 19:20;1.12332;1.12382;1.12315;1.12372;347;1
2025.05.19 19:30;1.12373;1.12397;1.12355;1.12380;337;1
2025.05.19 19:40;1.12382;1.12390;1.12335;1.12346;348;1
2025.05.19 19:50;1.12349;1.12363;1.12324;1.12353;372;0
2025.05.19 20:00;1.12353;1.12388;1.12340;1.12357;250;0
2025.05.19 20:10;1.12355;1.12358;1.12253;1.12271;358;0
2025.05.19 20:20;1.12284;1.12291;1.12243;1.12281;393;0
2025.05.19 20:30;1.12280;1.12330;1.12280;1.12283;398;0
2025.05.19 20:40;1.12284;1.12322;1.12271;1.12300;293;0
2025.05.19 20:50;1.12300;1.12326;1.12276;1.12303;273;0
2025.05.19 21:00;1.12304;1.12307;1.12271;1.12280;296;0
2025.05.19 21:10;1.12280;1.12280;1.12247;1.12261;282;0
2025.05.19 21:20;1.12260;1.12287;1.12256;1.12270;241;0
2025.05.19 21:30;1.12270;1.12341;1.12264;1.12334;232;0
2025.05.19 21:40;1.12335;1.12347;1.12274;1.12346;306;1
2025.05.19 21:50;1.12347;1.12369;1.12342;1.12350;240;0
2025.05.19 22:00;1.12350;1.12360;1.12337;1.12357;233;0
2025.05.19 22:10;1.12354;1.12376;1.12353;1.12366;208;0
2025.05.19 22:20;1.12370;1.12385;1.12358;1.12359;155;0
2025.05.19 22:30;1.12359;1.12364;1.12329;1.12347;209;0
2025.05.19 22:40;1.12348;1.12364;1.12346;1.12361;116;0
2025.05.19 22:50;1.12362;1.12418;1.12362;1.12400;247;1
2025.05.19 23:00;1.12399;1.12448;1.12389;1.12443;315;2
2025.05.19 23:10;1.12443;1.12444;1.12419;1.12437;214;0
2025.05.19 23:20;1.12436;1.12445;1.12390;1.12400;219;0
2025.05.19 23:30;1.12400;1.12438;1.12397;1.12431;237;0
2025.05.19 23:40;1.12426;1.12434;1.12423;1.12429;124;5
2025.05.19 23:50;1.12429;1.12435;1.12378;1.12379;177;5
2025.05.20 00:00;1.12333;1.12430;1.12332;1.12430;38;28
2025.05.20 00:10;1.12430;1.12437;1.12408;1.12410;55;27
2025.05.20 00:20;1.12409;1.12415;1.12402;1.12404;32;26
2025.05.20 00:30;1.12403;1.12408;1.12402;1.12407;59;25
2025.05.20 00:40;1.12405;1.12430;1.12404;1.12404;138;24
2025.05.20 00:50;1.12404;1.12421;1.12402;1.12418;61;24
2025.05.20 01:00;1.12428;1.12432;1.12404;1.12426;161;0
2025.05.20 01:10;1.12425;1.12432;1.12398;1.12398;98;1
2025.05.20 01:20;1.12398;1.12413;1.12364;1.12407;118;1
2025.05.20 01:30;1.12407;1.12410;1.12391;1.12394;114;0
2025.05.20 01:40;1.12394;1.12399;1.12365;1.12378;100;0
2025.05.20 01:50;1.12377;1.12380;1.12348;1.12351;188;0
2025.05.20 02:00;1.12351;1.12360;1.12329;1.12334;137;0
2025.05.20 02:10;1.12333;1.12343;1.12318;1.12337;94;0
2025.05.20 02:20;1.12336;1.12361;1.12336;1.12343;110;0
2025.05.20 02:30;1.12343;1.12347;1.12323;1.12323;156;0
2025.05.20 02:40;1.12323;1.12338;1.12315;1.12328;120;0
2025.05.20 02:50;1.12328;1.12334;1.12315;1.12322;107;0
2025.05.20 03:00;1.12323;1.12323;1.12257;1.12276;296;0
2025.05.20 03:10;1.12276;1.12296;1.12259;1.12268;280;1
2025.05.20 03:20;1.12266;1.12270;1.12210;1.12213;425;1
2025.05.20 03:30;1.12213;1.12228;1.12179;1.12197;451;0
2025.05.20 03:40;1.12196;1.12251;1.12192;1.12246;329;0
2025.05.20 03:50;1.12246;1.12282;1.12227;1.12280;422;0
2025.05.20 04:00;1.12282;1.12365;1.12282;1.12359;564;0
2025.05.20 04:10;1.12361;1.12513;1.12354;1.12507;510;0
2025.05.20 04:20;1.12504;1.12504;1.12417;1.12456;514;0
2025.05.20 04:30;1.12458;1.12464;1.12405;1.12419;474;0
2025.05.20 04:40;1.12425;1.12442;1.12374;1.12379;449;0
2025.05.20 04:50;1.12379;1.12393;1.12357;1.12384;420;0
2025.05.20 05:00;1.12388;1.12422;1.12383;1.12404;323;0
2025.05.20 05:10;1.12403;1.12437;1.12393;1.12420;229;0
2025.05.20 05:20;1.12421;1.12461;1.12413;1.12438;298;0
2025.05.20 05:30;1.12436;1.12449;1.12418;1.12424;283;0
2025.05.20 05:40;1.12424;1.12442;1.12395;1.12423;266;0
2025.05.20 05:50;1.12423;1.12424;1.12265;1.12321;465;0
2025.05.20 06:00;1.12321;1.12409;1.12295;1.12405;497;0
2025.05.20 06:10;1.12405;1.12442;1.12398;1.12420;362;0
2025.05.20 06:20;1.12420;1.12439;1.12407;1.12432;270;0
2025.05.20 06:30;1.12433;1.12459;1.12411;1.12443;319;0
2025.05.20 06:40;1.12443;1.12470;1.12434;1.12440;288;0
2025.05.20 06:50;1.12440;1.12475;1.12424;1.12451;304;0
2025.05.20 07:00;1.12448;1.12475;1.12424;1.12427;329;0
2025.05.20 07:10;1.12428;1.12470;1.12423;1.12428;182;0
2025.05.20 07:20;1.12428;1.12467;1.12424;1.12456;247;0
2025.05.20 07:30;1.12457;1.12493;1.12416;1.12482;507;0
2025.05.20 07:40;1.12482;1.12508;1.12461;1.12467;291;0
2025.05.20 07:50;1.12467;1.12467;1.12404;1.12423;441;0
2025.05.20 08:00;1.12418;1.12503;1.12418;1.12452;469;0
2025.05.20 08:10;1.12452;1.12522;1.12442;1.12520;426;0
2025.05.20 08:20;1.12520;1.12571;1.12511;1.12568;474;0
2025.05.20 08:30;1.12568;1.12585;1.12546;1.12547;532;0
2025.05.20 08:40;1.12548;1.12562;1.12501;1.12519;624;0
2025.05.20 08:50;1.12519;1.12560;1.12478;1.12548;557;0
2025.05.20 09:00;1.12548;1.12589;1.12508;1.12584;707;0
2025.05.20 09:10;1.12585;1.12625;1.12559;1.12592;695;0
2025.05.20 09:20;1.12593;1.12598;1.12536;1.12540;516;0
2025.05.20 09:30;1.12528;1.12598;1.12512;1.12582;519;0
2025.05.20 09:40;1.12579;1.12594;1.12538;1.12560;585;0
2025.05.20 09:50;1.12559;1.12610;1.12524;1.12576;612;0
2025.05.20 10:00;1.12572;1.12658;1.12530;1.12643;653;0
2025.05.20 10:10;1.12643;1.12738;1.12634;1.12678;739;0
2025.05.20 10:20;1.12679;1.12726;1.12655;1.12711;692;0
2025.05.20 10:30;1.12711;1.12717;1.12660;1.12701;591;0
2025.05.20 10:40;1.12702;1.12769;1.12701;1.12736;571;0
2025.05.20 10:50;1.12739;1.12777;1.12728;1.12763;541;0
2025.05.20 11:00;1.12759;1.12762;1.12658;1.12666;632;0
2025.05.20 11:10;1.12666;1.12679;1.12602;1.12628;527;0
2025.05.20 11:20;1.12630;1.12644;1.12593;1.12607;515;0
2025.05.20 11:30;1.12607;1.12659;1.12583;1.12619;536;0
2025.05.20 11:40;1.12619;1.12619;1.12476;1.12533;690;0
2025.05.20 11:50;1.12533;1.12599;1.12530;1.12583;494;0
2025.05.20 12:00;1.12584;1.12616;1.12565;1.12599;599;0
2025.05.20 12:10;1.12602;1.12671;1.12599;1.12647;540;0
2025.05.20 12:20;1.12647;1.12648;1.12570;1.12609;546;0
2025.05.20 12:30;1.12609;1.12613;1.12518;1.12540;464;0
2025.05.20 12:40;1.12540;1.12540;1.12498;1.12529;409;0
2025.05.20 12:50;1.12529;1.12574;1.12518;1.12554;452;0
2025.05.20 13:00;1.12554;1.12579;1.12524;1.12524;462;0
2025.05.20 13:10;1.12524;1.12532;1.12464;1.12488;434;0
2025.05.20 13:20;1.12489;1.12489;1.12431;1.12466;377;0
2025.05.20 13:30;1.12467;1.12481;1.12430;1.12439;395;0
2025.05.20 13:40;1.12441;1.12476;1.12437;1.12473;401;0
2025.05.20 13:50;1.12474;1.12486;1.12434;1.12446;453;0
2025.05.20 14:00;1.12447;1.12500;1.12442;1.12476;467;0
2025.05.20 14:10;1.12474;1.12501;1.12474;1.12498;298;0
2025.05.20 14:20;1.12498;1.12518;1.12471;1.12489;419;0
2025.05.20 14:30;1.12488;1.12499;1.12453;1.12482;481;0
2025.05.20 14:40;1.12483;1.12497;1.12457;1.12463;437;0
2025.05.20 14:50;1.12463;1.12470;1.12437;1.12457;517;0
2025.05.20 15:00;1.12458;1.12473;1.12413;1.12413;541;0
2025.05.20 15:10;1.12413;1.12416;1.12294;1.12318;660;0
2025.05.20 15:20;1.12315;1.12326;1.12236;1.12275;630;0
2025.05.20 15:30;1.12279;1.12361;1.12277;1.12343;578;0
2025.05.20 15:40;1.12343;1.12351;1.12269;1.12319;541;0
2025.05.20 15:50;1.12323;1.12366;1.12319;1.12344;534;0
2025.05.20 16:00;1.12340;1.12346;1.12271;1.12337;757;0
2025.05.20 16:10;1.12339;1.12339;1.12253;1.12262;656;0
2025.05.20 16:20;1.12264;1.12339;1.12248;1.12331;609;0
2025.05.20 16:30;1.12331;1.12381;1.12306;1.12329;780;0
2025.05.20 16:40;1.12332;1.12445;1.12331;1.12433;738;0
2025.05.20 16:50;1.12433;1.12497;1.12433;1.12458;840;0
2025.05.20 17:00;1.12459;1.12619;1.12458;1.12615;891;0
2025.05.20 17:10;1.12616;1.12659;1.12561;1.12577;961;0
2025.05.20 17:20;1.12576;1.12683;1.12572;1.12636;757;0
2025.05.20 17:30;1.12635;1.12647;1.12525;1.12549;835;0
2025.05.20 17:40;1.12550;1.12612;1.12546;1.12599;696;0
2025.05.20 17:50;1.12599;1.12691;1.12598;1.12683;921;0
2025.05.20 18:00;1.12685;1.12697;1.12602;1.12632;706;0
2025.05.20 18:10;1.12630;1.12638;1.12564;1.12567;620;0
2025.05.20 18:20;1.12563;1.12610;1.12545;1.12600;465;0
2025.05.20 18:30;1.12600;1.12600;1.12529;1.12548;599;0
2025.05.20 18:40;1.12548;1.12571;1.12533;1.12534;456;0
2025.05.20 18:50;1.12529;1.12550;1.12496;1.12531;536;0
2025.05.20 19:00;1.12531;1.12573;1.12527;1.12537;383;1
2025.05.20 19:10;1.12537;1.12579;1.12486;1.12508;455;1
2025.05.20 19:20;1.12507;1.12527;1.12456;1.12477;362;0
2025.05.20 19:30;1.12477;1.12503;1.12451;1.12466;310;1
2025.05.20 19:40;1.12465;1.12506;1.12465;1.12493;358;0
2025.05.20 19:50;1.12493;1.12579;1.12492;1.12568;372;0
2025.05.20 20:00;1.12568;1.12579;1.12555;1.12563;278;0
2025.05.20 20:10;1.12563;1.12629;1.12548;1.12628;311;0
2025.05.20 20:20;1.12629;1.12672;1.12621;1.12668;394;0
2025.05.20 20:30;1.12665;1.12737;1.12663;1.12736;296;0
2025.05.20 20:40;1.12736;1.12755;1.12713;1.12754;327;0
2025.05.20 20:50;1.12754;1.12775;1.12731;1.12740;347;0
2025.05.20 21:00;1.12740;1.12768;1.12716;1.12768;314;0
2025.05.20 21:10;1.12771;1.12804;1.12738;1.12749;385;1
2025.05.20 21:20;1.12750;1.12800;1.12733;1.12787;439;0
2025.05.20 21:30;1.12787;1.12789;1.12732;1.12758;358;0
2025.05.20 21:40;1.12758;1.12758;1.12719;1.12725;319;0
2025.05.20 21:50;1.12726;1.12749;1.12713;1.12725;323;0
2025.05.20 22:00;1.12725;1.12756;1.12720;1.12753;352;0
2025.05.20 22:10;1.12752;1.12779;1.12742;1.12767;202;0
2025.05.20 22:20;1.12766;1.12801;1.12761;1.12786;256;0
2025.05.20 22:30;1.12787;1.12800;1.12785;1.12790;187;0
2025.05.20 22:40;1.12789;1.12825;1.12788;1.12823;166;0
2025.05.20 22:50;1.12823;1.12823;1.12776;1.12804;292;1
2025.05.20 23:00;1.12809;1.12809;1.12783;1.12806;225;0
2025.05.20 23:10;1.12807;1.12843;1.12801;1.12841;133;0
2025.05.20 23:20;1.12841;1.12851;1.12835;1.12838;112;0
2025.05.20 23:30;1.12837;1.12837;1.12811;1.12811;124;0
2025.05.20 23:40;1.12810;1.12834;1.12808;1.12832;166;5
2025.05.20 23:50;1.12831;1.12855;1.12829;1.12839;173;5
2025.05.21 00:00;1.12806;1.12815;1.12779;1.12785;84;24
2025.05.21 00:10;1.12785;1.12814;1.12776;1.12813;84;24
2025.05.21 00:20;1.12813;1.12819;1.12800;1.12800;64;24
2025.05.21 00:30;1.12800;1.12815;1.12800;1.12814;50;24
2025.05.21 00:40;1.12811;1.12819;1.12798;1.12799;69;24
2025.05.21 00:50;1.12799;1.12837;1.12798;1.12823;199;24
2025.05.21 01:00;1.12827;1.12861;1.12821;1.12843;281;0
2025.05.21 01:10;1.12844;1.12867;1.12843;1.12848;388;0
2025.05.21 01:20;1.12846;1.12846;1.12810;1.12814;329;0
2025.05.21 01:30;1.12813;1.12839;1.12806;1.12839;251;0
2025.05.21 01:40;1.12838;1.12839;1.12802;1.12809;144;0
2025.05.21 01:50;1.12812;1.12822;1.12809;1.12810;180;0
2025.05.21 02:00;1.12808;1.12834;1.12804;1.12814;208;0
2025.05.21 02:10;1.12815;1.12844;1.12814;1.12838;169;0
2025.05.21 02:20;1.12838;1.12886;1.12837;1.12873;200;0
2025.05.21 02:30;1.12873;1.12874;1.12836;1.12851;168;0
2025.05.21 02:40;1.12851;1.12884;1.12846;1.12883;167;0
2025.05.21 02:50;1.12883;1.12900;1.12866;1.12883;206;0
2025.05.21 03:00;1.12889;1.12909;1.12875;1.12895;395;0
2025.05.21 03:10;1.12896;1.12904;1.12879;1.12897;298;0
2025.05.21 03:20;1.12898;1.12984;1.12895;1.12975;461;0
2025.05.21 03:30;1.12975;1.13016;1.12962;1.12972;388;0
2025.05.21 03:40;1.12972;1.12988;1.12919;1.12935;365;0
2025.05.21 03:50;1.12934;1.12959;1.12886;1.12955;622;0
2025.05.21 04:00;1.12955;1.13027;1.12953;1.12974;598;0
2025.05.21 04:10;1.12974;1.12984;1.12895;1.12915;509;0
2025.05.21 04:20;1.12916;1.12929;1.12877;1.12887;443;0
2025.05.21 04:30;1.12886;1.12903;1.12866;1.12890;426;0
2025.05.21 04:40;1.12889;1.12944;1.12889;1.12934;379;0
2025.05.21 04:50;1.12934;1.12995;1.12926;1.12984;409;0
2025.05.21 05:00;1.12984;1.13177;1.12974;1.13158;613;0
2025.05.21 05:10;1.13162;1.13226;1.13131;1.13166;699;0
2025.05.21 05:20;1.13174;1.13204;1.13144;1.13186;512;0
2025.05.21 05:30;1.13195;1.13210;1.13140;1.13193;536;0
2025.05.21 05:40;1.13191;1.13256;1.13176;1.13236;573;0
2025.05.21 05:50;1.13236;1.13259;1.13208;1.13219;466;0
2025.05.21 06:00;1.13218;1.13253;1.13193;1.13203;479;0
2025.05.21 06:10;1.13204;1.13263;1.13199;1.13219;383;0
2025.05.21 06:20;1.13219;1.13244;1.13197;1.13238;401;0
2025.05.21 06:30;1.13243;1.13316;1.13238;1.13313;459;0
2025.05.21 06:40;1.13315;1.13330;1.13282;1.13329;371;0
2025.05.21 06:50;1.13330;1.13397;1.13327;1.13339;528;0
2025.05.21 07:00;1.13338;1.13352;1.13277;1.13282;553;0
2025.05.21 07:10;1.13283;1.13292;1.13255;1.13283;361;0
2025.05.21 07:20;1.13284;1.13296;1.13275;1.13287;298;0
2025.05.21 07:30;1.13288;1.13335;1.13267;1.13332;277;0
2025.05.21 07:40;1.13329;1.13366;1.13317;1.13353;375;0
2025.05.21 07:50;1.13352;1.13353;1.13267;1.13289;356;0
2025.05.21 08:00;1.13290;1.13331;1.13266;1.13310;407;0
2025.05.21 08:10;1.13310;1.13328;1.13270;1.13301;403;0
2025.05.21 08:20;1.13301;1.13381;1.13298;1.13360;392;0
2025.05.21 08:30;1.13360;1.13361;1.13285;1.13295;507;0
2025.05.21 08:40;1.13293;1.13348;1.13293;1.13307;523;0
2025.05.21 08:50;1.13307;1.13352;1.13297;1.13320;526;0
2025.05.21 09:00;1.13319;1.13365;1.13221;1.13270;843;0
2025.05.21 09:10;1.13269;1.13476;1.13268;1.13435;896;0
2025.05.21 09:20;1.13435;1.13497;1.13431;1.13466;689;0
2025.05.21 09:30;1.13467;1.13530;1.13433;1.13463;700;0
2025.05.21 09:40;1.13462;1.13473;1.13334;1.13404;612;0
2025.05.21 09:50;1.13404;1.13424;1.13312;1.13328;732;0
2025.05.21 10:00;1.13328;1.13339;1.13223;1.13265;1009;0
2025.05.21 10:10;1.13269;1.13273;1.13142;1.13211;795;0
2025.05.21 10:20;1.13211;1.13285;1.13204;1.13273;613;0
2025.05.21 10:30;1.13274;1.13291;1.13230;1.13282;619;0
2025.05.21 10:40;1.13287;1.13327;1.13201;1.13229;600;0
2025.05.21 10:50;1.13228;1.13315;1.13208;1.13233;660;0
2025.05.21 11:00;1.13234;1.13340;1.13234;1.13270;571;0
2025.05.21 11:10;1.13270;1.13279;1.13217;1.13251;590;0
2025.05.21 11:20;1.13251;1.13277;1.13227;1.13231;523;0
2025.05.21 11:30;1.13231;1.13240;1.13201;1.13229;511;0
2025.05.21 11:40;1.13231;1.13237;1.13155;1.13164;519;0
2025.05.21 11:50;1.13164;1.13237;1.13122;1.13225;591;0
2025.05.21 12:00;1.13227;1.13294;1.13220;1.13279;531;0
2025.05.21 12:10;1.13280;1.13285;1.13215;1.13239;432;0
2025.05.21 12:20;1.13239;1.13239;1.13147;1.13178;446;0
2025.05.21 12:30;1.13177;1.13233;1.13158;1.13215;465;0
2025.05.21 12:40;1.13215;1.13336;1.13214;1.13287;575;0
2025.05.21 12:50;1.13287;1.13350;1.13265;1.13349;497;0
2025.05.21 13:00;1.13349;1.13397;1.13315;1.13382;543;0
2025.05.21 13:10;1.13382;1.13493;1.13372;1.13488;618;0
2025.05.21 13:20;1.13488;1.13613;1.13454;1.13598;762;0
2025.05.21 13:30;1.13594;1.13620;1.13519;1.13533;820;0
2025.05.21 13:40;1.13534;1.13548;1.13433;1.13441;733;0
2025.05.21 13:50;1.13441;1.13441;1.13382;1.13389;645;0
2025.05.21 14:00;1.13388;1.13435;1.13340;1.13424;545;0
2025.05.21 14:10;1.13424;1.13427;1.13353;1.13420;464;0
2025.05.21 14:20;1.13419;1.13448;1.13347;1.13382;484;0
2025.05.21 14:30;1.13383;1.13392;1.13302;1.13307;444;0
2025.05.21 14:40;1.13307;1.13322;1.13271;1.13272;561;0
2025.05.21 14:50;1.13272;1.13305;1.13189;1.13235;665;0
2025.05.21 15:00;1.13243;1.13270;1.13187;1.13207;777;0
2025.05.21 15:10;1.13207;1.13288;1.13197;1.13270;793;0
2025.05.21 15:20;1.13271;1.13292;1.13230;1.13231;680;0
2025.05.21 15:30;1.13231;1.13263;1.13175;1.13217;704;0
2025.05.21 15:40;1.13218;1.13237;1.13191;1.13232;573;0
2025.05.21 15:50;1.13233;1.13349;1.13220;1.13347;679;0
2025.05.21 16:00;1.13347;1.13390;1.13255;1.13284;724;0
2025.05.21 16:10;1.13283;1.13326;1.13253;1.13258;619;0
2025.05.21 16:20;1.13258;1.13309;1.13242;1.13308;628;0
2025.05.21 16:30;1.13308;1.13354;1.13269;1.13273;867;0
2025.05.21 16:40;1.13274;1.13317;1.13233;1.13268;783;0
2025.05.21 16:50;1.13269;1.13385;1.13248;1.13369;789;0
2025.05.21 17:00;1.13368;1.13503;1.13333;1.13470;1062;0
2025.05.21 17:10;1.13471;1.13543;1.13367;1.13387;898;0
2025.05.21 17:20;1.13388;1.13410;1.13326;1.13362;845;0
2025.05.21 17:30;1.13365;1.13452;1.13343;1.13437;674;0
2025.05.21 17:40;1.13436;1.13473;1.13382;1.13439;676;0
2025.05.21 17:50;1.13437;1.13450;1.13388;1.13409;788;0
2025.05.21 18:00;1.13409;1.13487;1.13384;1.13436;838;0
2025.05.21 18:10;1.13437;1.13483;1.13387;1.13396;658;0
2025.05.21 18:20;1.13396;1.13432;1.13346;1.13392;604;0
2025.05.21 18:30;1.13393;1.13452;1.13361;1.13400;637;0
2025.05.21 18:40;1.13402;1.13407;1.13324;1.13330;498;0
2025.05.21 18:50;1.13331;1.13433;1.13326;1.13426;472;0
2025.05.21 19:00;1.13426;1.13522;1.13401;1.13496;416;1
2025.05.21 19:10;1.13499;1.13512;1.13427;1.13438;439;1
2025.05.21 19:20;1.13439;1.13461;1.13389;1.13412;381;0
2025.05.21 19:30;1.13412;1.13431;1.13396;1.13418;356;0
2025.05.21 19:40;1.13418;1.13434;1.13403;1.13420;235;0
2025.05.21 19:50;1.13420;1.13434;1.13394;1.13404;311;1
2025.05.21 20:00;1.13405;1.13503;1.13392;1.13493;552;2
2025.05.21 20:10;1.13493;1.13527;1.13445;1.13484;524;1
2025.05.21 20:20;1.13481;1.13628;1.13480;1.13562;933;2
2025.05.21 20:30;1.13562;1.13572;1.13406;1.13409;894;1
2025.05.21 20:40;1.13410;1.13479;1.13396;1.13400;567;1
2025.05.21 20:50;1.13402;1.13490;1.13377;1.13484;519;0
2025.05.21 21:00;1.13483;1.13488;1.13418;1.13444;466;0
2025.05.21 21:10;1.13444;1.13469;1.13380;1.13400;395;0
2025.05.21 21:20;1.13400;1.13432;1.13337;1.13392;414;0
2025.05.21 21:30;1.13392;1.13426;1.13383;1.13410;308;0
2025.05.21 21:40;1.13409;1.13418;1.13346;1.13373;332;0
2025.05.21 21:50;1.13372;1.13372;1.13317;1.13333;384;1
2025.05.21 22:00;1.13331;1.13367;1.13319;1.13365;372;0
2025.05.21 22:10;1.13369;1.13392;1.13292;1.13311;468;0
2025.05.21 22:20;1.13326;1.13330;1.13284;1.13293;397;0
2025.05.21 22:30;1.13293;1.13297;1.13265;1.13296;364;0
2025.05.21 22:40;1.13294;1.13302;1.13273;1.13292;368;0
2025.05.21 22:50;1.13292;1.13292;1.13183;1.13189;471;0
2025.05.21 23:00;1.13186;1.13280;1.13155;1.13239;422;0
2025.05.21 23:10;1.13238;1.13252;1.13225;1.13250;161;0
2025.05.21 23:20;1.13252;1.13279;1.13249;1.13276;119;0
2025.05.21 23:30;1.13279;1.13295;1.13277;1.13293;147;0
2025.05.21 23:40;1.13290;1.13315;1.13290;1.13301;110;5
2025.05.21 23:50;1.13303;1.13307;1.13296;1.13302;99;5
2025.05.22 00:00;1.13234;1.13264;1.13232;1.13264;44;57
2025.05.22 00:10;1.13264;1.13274;1.13243;1.13251;72;55
2025.05.22 00:20;1.13252;1.13277;1.13252;1.13259;62;33
2025.05.22 00:30;1.13263;1.13285;1.13262;1.13274;65;25
2025.05.22 00:40;1.13274;1.13285;1.13262;1.13274;46;25
2025.05.22 00:50;1.13274;1.13296;1.13271;1.13274;120;25
2025.05.22 01:00;1.13274;1.13296;1.13197;1.13263;402;0
2025.05.22 01:10;1.13263;1.13263;1.13156;1.13198;405;0
2025.05.22 01:20;1.13194;1.13236;1.13191;1.13223;353;0
2025.05.22 01:30;1.13223;1.13246;1.13202;1.13239;319;0
2025.05.22 01:40;1.13240;1.13244;1.13166;1.13188;269;0
2025.05.22 01:50;1.13188;1.13188;1.13151;1.13151;282;0
2025.05.22 02:00;1.13151;1.13180;1.13110;1.13176;274;0
2025.05.22 02:10;1.13175;1.13222;1.13174;1.13201;317;0
2025.05.22 02:20;1.13200;1.13249;1.13196;1.13243;327;0
2025.05.22 02:30;1.13243;1.13292;1.13234;1.13265;376;0
2025.05.22 02:40;1.13265;1.13309;1.13255;1.13308;326;0
2025.05.22 02:50;1.13308;1.13325;1.13295;1.13321;283;0
2025.05.22 03:00;1.13324;1.13353;1.13315;1.13344;654;0
2025.05.22 03:10;1.13349;1.13435;1.13320;1.13369;742;0
2025.05.22 03:20;1.13367;1.13389;1.13337;1.13348;642;0
2025.05.22 03:30;1.13354;1.13357;1.13283;1.13312;539;0
2025.05.22 03:40;1.13312;1.13332;1.13280;1.13291;564;0
2025.05.22 03:50;1.13290;1.13320;1.13262;1.13273;769;0
2025.05.22 04:00;1.13272;1.13286;1.13173;1.13234;638;0
2025.05.22 04:10;1.13235;1.13317;1.13209;1.13287;556;0
2025.05.22 04:20;1.13287;1.13404;1.13286;1.13376;602;0
2025.05.22 04:30;1.13376;1.13391;1.13296;1.13313;572;0
2025.05.22 04:40;1.13313;1.13322;1.13285;1.13311;525;0
2025.05.22 04:50;1.13314;1.13407;1.13295;1.13379;566;0
2025.05.22 05:00;1.13376;1.13409;1.13295;1.13297;525;0
2025.05.22 05:10;1.13298;1.13432;1.13283;1.13391;599;0
2025.05.22 05:20;1.13391;1.13427;1.13362;1.13388;487;0
2025.05.22 05:30;1.13388;1.13436;1.13378;1.13434;438;0
2025.05.22 05:40;1.13434;1.13450;1.13380;1.13380;410;0
2025.05.22 05:50;1.13379;1.13406;1.13366;1.13389;528;0
2025.05.22 06:00;1.13390;1.13422;1.13354;1.13407;461;0
2025.05.22 06:10;1.13408;1.13416;1.13360;1.13383;392;0
2025.05.22 06:20;1.13383;1.13409;1.13363;1.13369;314;0
2025.05.22 06:30;1.13369;1.13389;1.13337;1.13367;432;0
2025.05.22 06:40;1.13369;1.13369;1.13306;1.13323;351;0
2025.05.22 06:50;1.13323;1.13351;1.13316;1.13331;390;0
2025.05.22 07:00;1.13325;1.13334;1.13295;1.13319;310;0
2025.05.22 07:10;1.13319;1.13331;1.13284;1.13299;282;0
2025.05.22 07:20;1.13299;1.13304;1.13269;1.13303;301;0
2025.05.22 07:30;1.13302;1.13303;1.13246;1.13281;320;0
2025.05.22 07:40;1.13281;1.13335;1.13279;1.13320;353;0
2025.05.22 07:50;1.13320;1.13343;1.13308;1.13330;353;0
2025.05.22 08:00;1.13332;1.13337;1.13292;1.13317;353;0
2025.05.22 08:10;1.13318;1.13320;1.13261;1.13272;311;0
2025.05.22 08:20;1.13271;1.13329;1.13261;1.13300;380;0
2025.05.22 08:30;1.13300;1.13303;1.13249;1.13270;482;0
2025.05.22 08:40;1.13269;1.13340;1.13267;1.13320;410;0
2025.05.22 08:50;1.13321;1.13354;1.13299;1.13335;450;0
2025.05.22 09:00;1.13335;1.13411;1.13317;1.13391;742;0
2025.05.22 09:10;1.13391;1.13421;1.13356;1.13387;589;0
2025.05.22 09:20;1.13387;1.13411;1.13303;1.13344;559;0
2025.05.22 09:30;1.13342;1.13349;1.13232;1.13264;639;0
2025.05.22 09:40;1.13265;1.13288;1.13193;1.13197;532;0
2025.05.22 09:50;1.13198;1.13232;1.13175;1.13224;616;0
2025.05.22 10:00;1.13220;1.13247;1.13174;1.13186;691;0
2025.05.22 10:10;1.13182;1.13214;1.13100;1.13182;796;0
2025.05.22 10:20;1.13185;1.13237;1.13144;1.13215;617;0
2025.05.22 10:30;1.13216;1.13216;1.12950;1.13089;1037;0
2025.05.22 10:40;1.13090;1.13162;1.13078;1.13155;786;0
2025.05.22 10:50;1.13154;1.13223;1.13145;1.13198;635;0
2025.05.22 11:00;1.13197;1.13312;1.13104;1.13297;883;0
2025.05.22 11:10;1.13297;1.13347;1.13259;1.13266;824;0
2025.05.22 11:20;1.13262;1.13279;1.13229;1.13246;615;0
2025.05.22 11:30;1.13247;1.13257;1.13113;1.13146;782;0
2025.05.22 11:40;1.13145;1.13145;1.13067;1.13097;712;0
2025.05.22 11:50;1.13096;1.13107;1.13014;1.13019;719;0
2025.05.22 12:00;1.13019;1.13025;1.12920;1.12962;782;0
2025.05.22 12:10;1.12961;1.13029;1.12949;1.12992;672;0
2025.05.22 12:20;1.12990;1.13008;1.12930;1.12942;722;0
2025.05.22 12:30;1.12942;1.12978;1.12910;1.12975;509;0
2025.05.22 12:40;1.12975;1.13034;1.12961;1.13008;606;0
2025.05.22 12:50;1.13009;1.13012;1.12926;1.12941;522;0
2025.05.22 13:00;1.12941;1.12957;1.12903;1.12931;541;0
2025.05.22 13:10;1.12930;1.12997;1.12919;1.12991;492;0
2025.05.22 13:20;1.12990;1.12990;1.12945;1.12952;400;0
2025.05.22 13:30;1.12951;1.12992;1.12927;1.12952;474;0
2025.05.22 13:40;1.12952;1.12953;1.12910;1.12926;424;0
2025.05.22 13:50;1.12926;1.12975;1.12911;1.12921;459;0
2025.05.22 14:00;1.12922;1.12988;1.12920;1.12967;616;0
2025.05.22 14:10;1.12968;1.13064;1.12963;1.13058;513;0
2025.05.22 14:20;1.13058;1.13090;1.13010;1.13089;451;0
2025.05.22 14:30;1.13089;1.13131;1.13050;1.13066;581;0
2025.05.22 14:40;1.13066;1.13093;1.13051;1.13060;508;0
2025.05.22 14:50;1.13060;1.13118;1.13050;1.13086;699;0
2025.05.22 15:00;1.13089;1.13151;1.13063;1.13093;700;0
2025.05.22 15:10;1.13091;1.13149;1.13090;1.13109;671;0
2025.05.22 15:20;1.13108;1.13124;1.13052;1.13107;493;0
2025.05.22 15:30;1.13107;1.13109;1.12894;1.12946;898;0
2025.05.22 15:40;1.12947;1.12960;1.12893;1.12930;804;0
2025.05.22 15:50;1.12930;1.12955;1.12850;1.12949;745;0
2025.05.22 16:00;1.12950;1.13090;1.12950;1.13050;782;0
2025.05.22 16:10;1.13049;1.13073;1.12982;1.12987;598;0
2025.05.22 16:20;1.12987;1.13020;1.12948;1.12970;617;0
2025.05.22 16:30;1.12970;1.12992;1.12903;1.12985;891;0
2025.05.22 16:40;1.12987;1.13010;1.12849;1.12926;995;0
2025.05.22 16:50;1.12925;1.12949;1.12816;1.12832;1026;0
2025.05.22 17:00;1.12832;1.12980;1.12814;1.12974;967;0
2025.05.22 17:10;1.12973;1.12975;1.12848;1.12854;863;0
2025.05.22 17:20;1.12852;1.12945;1.12847;1.12901;856;0
2025.05.22 17:30;1.12900;1.12938;1.12880;1.12914;791;0
2025.05.22 17:40;1.12914;1.12916;1.12824;1.12843;815;0
2025.05.22 17:50;1.12844;1.12849;1.12749;1.12773;919;0
2025.05.22 18:00;1.12774;1.12822;1.12659;1.12679;927;0
2025.05.22 18:10;1.12680;1.12789;1.12659;1.12768;725;0
2025.05.22 18:20;1.12768;1.12882;1.12767;1.12874;653;0
2025.05.22 18:30;1.12873;1.12884;1.12842;1.12844;526;0
2025.05.22 18:40;1.12844;1.12867;1.12816;1.12836;513;0
2025.05.22 18:50;1.12836;1.12882;1.12784;1.12805;664;0
2025.05.22 19:00;1.12803;1.12857;1.12777;1.12828;431;1
2025.05.22 19:10;1.12828;1.12856;1.12764;1.12793;411;1
2025.05.22 19:20;1.12794;1.12843;1.12794;1.12833;466;0
2025.05.22 19:30;1.12833;1.12877;1.12823;1.12877;375;0
2025.05.22 19:40;1.12878;1.12878;1.12769;1.12801;439;1
2025.05.22 19:50;1.12802;1.12806;1.12684;1.12693;520;0
2025.05.22 20:00;1.12695;1.12709;1.12668;1.12687;530;0
2025.05.22 20:10;1.12687;1.12691;1.12609;1.12624;514;0
2025.05.22 20:20;1.12626;1.12636;1.12557;1.12589;685;1
2025.05.22 20:30;1.12588;1.12622;1.12581;1.12618;432;0
2025.05.22 20:40;1.12618;1.12674;1.12602;1.12672;361;0
2025.05.22 20:50;1.12673;1.12691;1.12668;1.12680;303;0
2025.05.22 21:00;1.12679;1.12726;1.12674;1.12724;304;1
2025.05.22 21:10;1.12725;1.12749;1.12689;1.12695;260;1
2025.05.22 21:20;1.12695;1.12743;1.12689;1.12734;247;0
2025.05.22 21:30;1.12734;1.12746;1.12711;1.12742;214;0
2025.05.22 21:40;1.12742;1.12802;1.12728;1.12791;301;1
2025.05.22 21:50;1.12791;1.12810;1.12777;1.12780;275;0
2025.05.22 22:00;1.12780;1.12849;1.12780;1.12825;245;0
2025.05.22 22:10;1.12826;1.12841;1.12800;1.12830;209;0
2025.05.22 22:20;1.12827;1.12837;1.12792;1.12794;199;0
2025.05.22 22:30;1.12794;1.12821;1.12791;1.12807;251;0
2025.05.22 22:40;1.12808;1.12848;1.12807;1.12823;278;1
2025.05.22 22:50;1.12822;1.12856;1.12779;1.12786;360;1
2025.05.22 23:00;1.12786;1.12831;1.12775;1.12817;256;1
2025.05.22 23:10;1.12817;1.12830;1.12806;1.12808;109;0
2025.05.22 23:20;1.12806;1.12830;1.12789;1.12825;166;0
2025.05.22 23:30;1.12825;1.12835;1.12816;1.12819;105;0
2025.05.22 23:40;1.12815;1.12821;1.12796;1.12810;179;5
2025.05.22 23:50;1.12809;1.12809;1.12785;1.12785;159;5
2025.05.23 00:00;1.12766;1.12799;1.12766;1.12795;20;28
2025.05.23 00:10;1.12795;1.12805;1.12788;1.12801;64;29
2025.05.23 00:20;1.12801;1.12809;1.12772;1.12778;77;30
2025.05.23 00:30;1.12777;1.12812;1.12777;1.12784;49;25
2025.05.23 00:40;1.12784;1.12819;1.12784;1.12788;32;24
2025.05.23 00:50;1.12788;1.12812;1.12788;1.12809;43;24
2025.05.23 01:00;1.12813;1.12859;1.12788;1.12852;318;0
2025.05.23 01:10;1.12852;1.12871;1.12848;1.12851;194;0
2025.05.23 01:20;1.12851;1.12854;1.12832;1.12837;248;0
2025.05.23 01:30;1.12836;1.12845;1.12827;1.12833;224;0
2025.05.23 01:40;1.12835;1.12848;1.12827;1.12838;156;0
2025.05.23 01:50;1.12837;1.12864;1.12836;1.12863;168;0
2025.05.23 02:00;1.12866;1.12892;1.12859;1.12878;203;0
2025.05.23 02:10;1.12878;1.12883;1.12861;1.12875;223;0
2025.05.23 02:20;1.12875;1.12877;1.12836;1.12840;167;0
2025.05.23 02:30;1.12841;1.12845;1.12823;1.12828;164;0
2025.05.23 02:40;1.12828;1.12843;1.12827;1.12836;116;0
2025.05.23 02:50;1.12836;1.12839;1.12811;1.12821;249;0
2025.05.23 03:00;1.12823;1.12834;1.12789;1.12823;411;0
2025.05.23 03:10;1.12824;1.12898;1.12823;1.12896;409;0
2025.05.23 03:20;1.12895;1.12933;1.12884;1.12932;360;0
2025.05.23 03:30;1.12932;1.12958;1.12913;1.12944;435;0
2025.05.23 03:40;1.12936;1.12979;1.12924;1.12963;410;0
2025.05.23 03:50;1.12964;1.12999;1.12940;1.12970;579;0
2025.05.23 04:00;1.12970;1.13030;1.12949;1.13023;567;0
2025.05.23 04:10;1.13022;1.13039;1.12987;1.12988;435;0
2025.05.23 04:20;1.12988;1.13019;1.12980;1.13018;295;0
2025.05.23 04:30;1.13022;1.13096;1.13015;1.13086;512;0
2025.05.23 04:40;1.13087;1.13136;1.13080;1.13126;475;0
2025.05.23 04:50;1.13126;1.13187;1.13121;1.13140;638;0
2025.05.23 05:00;1.13140;1.13145;1.13107;1.13140;373;0
2025.05.23 05:10;1.13139;1.13180;1.13127;1.13141;354;0
2025.05.23 05:20;1.13142;1.13158;1.13108;1.13109;379;0
2025.05.23 05:30;1.13107;1.13159;1.13083;1.13147;354;0
2025.05.23 05:40;1.13146;1.13162;1.13110;1.13135;274;0
2025.05.23 05:50;1.13136;1.13174;1.13132;1.13148;284;0
2025.05.23 06:00;1.13148;1.13170;1.13148;1.13154;297;0
2025.05.23 06:10;1.13154;1.13176;1.13149;1.13160;250;0
2025.05.23 06:20;1.13160;1.13171;1.13126;1.13144;276;0
2025.05.23 06:30;1.13144;1.13164;1.13136;1.13138;284;0
2025.05.23 06:40;1.13137;1.13139;1.13117;1.13123;189;0
2025.05.23 06:50;1.13125;1.13133;1.13111;1.13115;235;0
2025.05.23 07:00;1.13115;1.13139;1.13078;1.13125;310;0
2025.05.23 07:10;1.13125;1.13145;1.13110;1.13124;276;0
2025.05.23 07:20;1.13124;1.13127;1.13103;1.13125;207;0
2025.05.23 07:30;1.13126;1.13208;1.13125;1.13197;338;0
2025.05.23 07:40;1.13197;1.13203;1.13175;1.13182;253;0
2025.05.23 07:50;1.13180;1.13211;1.13165;1.13179;285;0
2025.05.23 08:00;1.13180;1.13202;1.13172;1.13193;208;0
2025.05.23 08:10;1.13193;1.13202;1.13175;1.13201;266;0
2025.05.23 08:20;1.13202;1.13218;1.13196;1.13210;218;0
2025.05.23 08:30;1.13211;1.13213;1.13090;1.13100;488;0
2025.05.23 08:40;1.13101;1.13154;1.13082;1.13152;299;0
2025.05.23 08:50;1.13152;1.13259;1.13145;1.13227;538;0
2025.05.23 09:00;1.13226;1.13269;1.13205;1.13242;603;0
2025.05.23 09:10;1.13242;1.13254;1.13178;1.13179;509;0
2025.05.23 09:20;1.13180;1.13219;1.13118;1.13126;504;0
2025.05.23 09:30;1.13126;1.13158;1.13102;1.13115;542;0
2025.05.23 09:40;1.13115;1.13163;1.13105;1.13143;410;0
2025.05.23 09:50;1.13144;1.13180;1.13107;1.13122;559;0
2025.05.23 10:00;1.13129;1.13203;1.13093;1.13189;659;0
2025.05.23 10:10;1.13190;1.13284;1.13190;1.13271;593;0
2025.05.23 10:20;1.13274;1.13361;1.13273;1.13332;686;0
2025.05.23 10:30;1.13333;1.13338;1.13278;1.13322;590;0
2025.05.23 10:40;1.13323;1.13379;1.13323;1.13378;562;0
2025.05.23 10:50;1.13378;1.13441;1.13351;1.13395;488;0
2025.05.23 11:00;1.13395;1.13419;1.13347;1.13418;536;0
2025.05.23 11:10;1.13417;1.13447;1.13379;1.13389;503;0
2025.05.23 11:20;1.13389;1.13428;1.13354;1.13360;453;0
2025.05.23 11:30;1.13360;1.13417;1.13327;1.13401;415;0
2025.05.23 11:40;1.13401;1.13417;1.13348;1.13360;335;0
2025.05.23 11:50;1.13358;1.13434;1.13354;1.13420;517;0
2025.05.23 12:00;1.13421;1.13487;1.13385;1.13446;562;0
2025.05.23 12:10;1.13446;1.13487;1.13424;1.13445;537;0
2025.05.23 12:20;1.13445;1.13479;1.13440;1.13466;505;0
2025.05.23 12:30;1.13463;1.13493;1.13441;1.13471;469;0
2025.05.23 12:40;1.13471;1.13514;1.13459;1.13510;364;0
2025.05.23 12:50;1.13509;1.13541;1.13475;1.13493;492;0
2025.05.23 13:00;1.13494;1.13532;1.13444;1.13467;617;0
2025.05.23 13:10;1.13469;1.13573;1.13468;1.13561;494;0
2025.05.23 13:20;1.13566;1.13578;1.13457;1.13476;542;0
2025.05.23 13:30;1.13476;1.13507;1.13468;1.13507;377;0
2025.05.23 13:40;1.13507;1.13523;1.13458;1.13481;390;0
2025.05.23 13:50;1.13482;1.13516;1.13463;1.13490;387;0
2025.05.23 14:00;1.13489;1.13534;1.13442;1.13445;460;0
2025.05.23 14:10;1.13445;1.13553;1.13409;1.13552;458;0
2025.05.23 14:20;1.13542;1.13723;1.13517;1.13563;1352;0
2025.05.23 14:30;1.13571;1.13705;1.13563;1.13687;874;0
2025.05.23 14:40;1.13686;1.13757;1.13236;1.13279;1564;0
2025.05.23 14:50;1.13284;1.13336;1.12988;1.13214;1633;0
2025.05.23 15:00;1.13215;1.13289;1.12975;1.13004;1586;0
2025.05.23 15:10;1.13004;1.13273;1.12997;1.13229;1438;0
2025.05.23 15:20;1.13231;1.13258;1.13175;1.13256;1077;0
2025.05.23 15:30;1.13255;1.13390;1.13245;1.13369;1058;0
2025.05.23 15:40;1.13370;1.13500;1.13349;1.13384;1046;0
2025.05.23 15:50;1.13385;1.13420;1.13313;1.13335;977;0
2025.05.23 16:00;1.13335;1.13377;1.13242;1.13243;942;0
2025.05.23 16:10;1.13243;1.13340;1.13191;1.13308;754;0
2025.05.23 16:20;1.13308;1.13336;1.13132;1.13234;916;0
2025.05.23 16:30;1.13235;1.13287;1.13179;1.13282;995;0
2025.05.23 16:40;1.13282;1.13321;1.13223;1.13228;832;0
2025.05.23 16:50;1.13231;1.13247;1.13145;1.13145;859;0
2025.05.23 17:00;1.13147;1.13364;1.13110;1.13355;713;0
2025.05.23 17:10;1.13348;1.13409;1.13322;1.13372;675;0
2025.05.23 17:20;1.13372;1.13413;1.13258;1.13347;777;0
2025.05.23 17:30;1.13347;1.13376;1.13298;1.13322;670;0
2025.05.23 17:40;1.13322;1.13402;1.13298;1.13398;727;0
2025.05.23 17:50;1.13394;1.13463;1.13324;1.13451;885;0
2025.05.23 18:00;1.13451;1.13457;1.13387;1.13414;656;0
2025.05.23 18:10;1.13413;1.13445;1.13344;1.13344;484;0
2025.05.23 18:20;1.13344;1.13369;1.13318;1.13345;588;0
2025.05.23 18:30;1.13345;1.13472;1.13345;1.13467;596;0
2025.05.23 18:40;1.13466;1.13504;1.13454;1.13499;590;0
2025.05.23 18:50;1.13499;1.13594;1.13465;1.13492;799;0
2025.05.23 19:00;1.13491;1.13491;1.13409;1.13427;532;1
2025.05.23 19:10;1.13427;1.13522;1.13422;1.13498;439;0
2025.05.23 19:20;1.13498;1.13529;1.13478;1.13508;384;0
2025.05.23 19:30;1.13511;1.13570;1.13507;1.13554;332;1
2025.05.23 19:40;1.13554;1.13569;1.13538;1.13549;345;1
2025.05.23 19:50;1.13547;1.13597;1.13547;1.13581;462;1
2025.05.23 20:00;1.13581;1.13581;1.13533;1.13536;330;0
2025.05.23 20:10;1.13537;1.13552;1.13518;1.13533;273;0
2025.05.23 20:20;1.13533;1.13571;1.13525;1.13554;247;0
2025.05.23 20:30;1.13554;1.13598;1.13554;1.13597;263;1
2025.05.23 20:40;1.13597;1.13663;1.13594;1.13663;258;0
2025.05.23 20:50;1.13665;1.13673;1.13608;1.13609;278;0
2025.05.23 21:00;1.13608;1.13661;1.13591;1.13654;306;0
2025.05.23 21:10;1.13654;1.13693;1.13650;1.13674;288;0
2025.05.23 21:20;1.13674;1.13688;1.13610;1.13634;484;2
2025.05.23 21:30;1.13635;1.13635;1.13600;1.13603;370;0
2025.05.23 21:40;1.13604;1.13604;1.13554;1.13597;260;0
2025.05.23 21:50;1.13597;1.13612;1.13581;1.13594;232;0
2025.05.23 22:00;1.13597;1.13657;1.13591;1.13645;365;0
2025.05.23 22:10;1.13646;1.13646;1.13624;1.13624;195;0
2025.05.23 22:20;1.13623;1.13635;1.13593;1.13613;222;0
2025.05.23 22:30;1.13613;1.13622;1.13581;1.13588;221;0
2025.05.23 22:40;1.13589;1.13605;1.13554;1.13572;200;0
2025.05.23 22:50;1.13576;1.13638;1.13572;1.13634;259;1
2025.05.23 23:00;1.13630;1.13681;1.13617;1.13672;250;0
2025.05.23 23:10;1.13671;1.13673;1.13591;1.13595;237;0
2025.05.23 23:20;1.13595;1.13675;1.13595;1.13655;233;0
2025.05.23 23:30;1.13656;1.13667;1.13650;1.13658;187;0
2025.05.23 23:40;1.13654;1.13655;1.13627;1.13648;223;8
2025.05.23 23:50;1.13647;1.13654;1.13638;1.13640;132;9
2025.05.26 00:00;1.13609;1.13644;1.13599;1.13635;25;47
2025.05.26 00:10;1.13635;1.13639;1.13620;1.13623;28;45
2025.05.26 00:20;1.13624;1.13644;1.13606;1.13633;63;31
2025.05.26 00:30;1.13629;1.13674;1.13629;1.13672;63;25
2025.05.26 00:40;1.13672;1.13672;1.13646;1.13656;82;25
2025.05.26 00:50;1.13656;1.13681;1.13652;1.13674;64;25
2025.05.26 01:00;1.13684;1.13691;1.13624;1.13690;433;0
2025.05.26 01:10;1.13691;1.13796;1.13691;1.13703;522;0
2025.05.26 01:20;1.13703;1.13767;1.13622;1.13759;567;0
2025.05.26 01:30;1.13759;1.13788;1.13699;1.13711;492;0
2025.05.26 01:40;1.13709;1.13771;1.13708;1.13762;421;0
2025.05.26 01:50;1.13761;1.13783;1.13728;1.13739;349;0
2025.05.26 02:00;1.13742;1.13756;1.13697;1.13744;373;0
2025.05.26 02:10;1.13741;1.13818;1.13741;1.13800;222;0
2025.05.26 02:20;1.13804;1.13816;1.13763;1.13791;273;0
2025.05.26 02:30;1.13791;1.13809;1.13756;1.13774;297;0
2025.05.26 02:40;1.13765;1.13765;1.13724;1.13738;263;0
2025.05.26 02:50;1.13740;1.13750;1.13703;1.13750;313;0
2025.05.26 03:00;1.13748;1.13845;1.13748;1.13770;611;0
2025.05.26 03:10;1.13770;1.13852;1.13747;1.13850;719;0
2025.05.26 03:20;1.13850;1.13928;1.13838;1.13927;508;0
2025.05.26 03:30;1.13927;1.13946;1.13903;1.13914;442;0
2025.05.26 03:40;1.13916;1.13917;1.13877;1.13893;382;0
2025.05.26 03:50;1.13893;1.13977;1.13887;1.13970;647;0
2025.05.26 04:00;1.13969;1.13974;1.13895;1.13899;409;0
2025.05.26 04:10;1.13898;1.13992;1.13880;1.13983;514;0
2025.05.26 04:20;1.13982;1.14006;1.13951;1.13985;436;0
2025.05.26 04:30;1.13986;1.13995;1.13898;1.13985;630;0
2025.05.26 04:40;1.13984;1.14039;1.13960;1.14037;573;0
2025.05.26 04:50;1.14038;1.14159;1.14022;1.14125;787;0
2025.05.26 05:00;1.14125;1.14187;1.14081;1.14168;658;0
2025.05.26 05:10;1.14169;1.14176;1.14087;1.14138;483;0
2025.05.26 05:20;1.14137;1.14162;1.14107;1.14136;477;0
2025.05.26 05:30;1.14135;1.14146;1.14101;1.14107;474;0
2025.05.26 05:40;1.14108;1.14172;1.14099;1.14166;382;0
2025.05.26 05:50;1.14165;1.14165;1.14090;1.14096;400;0
2025.05.26 06:00;1.14096;1.14121;1.14077;1.14097;446;0
2025.05.26 06:10;1.14095;1.14104;1.14056;1.14067;340;0
2025.05.26 06:20;1.14069;1.14089;1.14059;1.14062;332;0
2025.05.26 06:30;1.14065;1.14080;1.14056;1.14066;349;0
2025.05.26 06:40;1.14065;1.14104;1.14050;1.14087;314;0
2025.05.26 06:50;1.14087;1.14124;1.14083;1.14114;312;0
2025.05.26 07:00;1.14112;1.14119;1.14062;1.14071;248;0
2025.05.26 07:10;1.14071;1.14091;1.14060;1.14091;278;0
2025.05.26 07:20;1.14091;1.14092;1.14072;1.14086;306;0
2025.05.26 07:30;1.14086;1.14088;1.14032;1.14049;438;0
2025.05.26 07:40;1.14049;1.14116;1.14033;1.14115;400;0
2025.05.26 07:50;1.14116;1.14132;1.14070;1.14094;387;0
2025.05.26 08:00;1.14094;1.14120;1.14056;1.14071;458;0
2025.05.26 08:10;1.14071;1.14111;1.14059;1.14063;399;0
2025.05.26 08:20;1.14064;1.14087;1.14047;1.14054;298;0
2025.05.26 08:30;1.14053;1.14056;1.14005;1.14020;337;0
2025.05.26 08:40;1.14020;1.14093;1.14011;1.14083;362;0
2025.05.26 08:50;1.14084;1.14186;1.14082;1.14172;556;0
2025.05.26 09:00;1.14172;1.14181;1.14079;1.14119;527;0
2025.05.26 09:10;1.14119;1.14167;1.14104;1.14146;473;0
2025.05.26 09:20;1.14137;1.14184;1.14110;1.14133;663;0
2025.05.26 09:30;1.14133;1.14148;1.14104;1.14142;461;0
2025.05.26 09:40;1.14143;1.14154;1.14112;1.14141;516;0
2025.05.26 09:50;1.14141;1.14143;1.14083;1.14090;558;0
2025.05.26 10:00;1.14089;1.14122;1.13991;1.14010;625;0
2025.05.26 10:10;1.14010;1.14014;1.13941;1.13984;564;0
2025.05.26 10:20;1.13983;1.14009;1.13955;1.13961;475;0
2025.05.26 10:30;1.13961;1.13981;1.13885;1.13959;614;0
2025.05.26 10:40;1.13959;1.13975;1.13924;1.13946;481;0
2025.05.26 10:50;1.13945;1.13954;1.13889;1.13892;587;0
2025.05.26 11:00;1.13894;1.13945;1.13891;1.13921;504;0
2025.05.26 11:10;1.13921;1.13955;1.13895;1.13896;424;0
2025.05.26 11:20;1.13897;1.13897;1.13836;1.13896;388;0
2025.05.26 11:30;1.13896;1.13942;1.13880;1.13893;386;0
2025.05.26 11:40;1.13893;1.13927;1.13863;1.13880;420;0
2025.05.26 11:50;1.13884;1.13888;1.13830;1.13846;503;0
2025.05.26 12:00;1.13847;1.13854;1.13802;1.13803;417;0
2025.05.26 12:10;1.13802;1.13860;1.13802;1.13847;344;0
2025.05.26 12:20;1.13847;1.13848;1.13790;1.13809;363;0
2025.05.26 12:30;1.13808;1.13837;1.13789;1.13823;383;0
2025.05.26 12:40;1.13823;1.13826;1.13762;1.13773;316;0
2025.05.26 12:50;1.13773;1.13809;1.13761;1.13791;345;0
2025.05.26 13:00;1.13792;1.13817;1.13765;1.13799;323;0
2025.05.26 13:10;1.13800;1.13835;1.13790;1.13830;302;0
2025.05.26 13:20;1.13828;1.13847;1.13802;1.13803;268;0
2025.05.26 13:30;1.13804;1.13854;1.13783;1.13845;364;0
2025.05.26 13:40;1.13841;1.13863;1.13806;1.13842;291;0
2025.05.26 13:50;1.13842;1.13860;1.13811;1.13843;295;0
2025.05.26 14:00;1.13843;1.13869;1.13816;1.13821;278;0
2025.05.26 14:10;1.13821;1.13845;1.13800;1.13829;303;0
2025.05.26 14:20;1.13831;1.13831;1.13784;1.13795;238;0
2025.05.26 14:30;1.13795;1.13800;1.13763;1.13787;297;0
2025.05.26 14:40;1.13787;1.13787;1.13742;1.13766;273;0
2025.05.26 14:50;1.13766;1.13800;1.13742;1.13771;346;0
2025.05.26 15:00;1.13770;1.13824;1.13770;1.13811;342;0
2025.05.26 15:10;1.13811;1.13813;1.13727;1.13734;274;0
2025.05.26 15:20;1.13732;1.13751;1.13688;1.13696;393;0
2025.05.26 15:30;1.13696;1.13771;1.13689;1.13757;303;0
2025.05.26 15:40;1.13757;1.13758;1.13706;1.13709;302;0
2025.05.26 15:50;1.13709;1.13768;1.13700;1.13752;335;0
2025.05.26 16:00;1.13750;1.13774;1.13731;1.13748;314;0
2025.05.26 16:10;1.13747;1.13787;1.13735;1.13781;271;0
2025.05.26 16:20;1.13781;1.13803;1.13771;1.13797;234;0
2025.05.26 16:30;1.13797;1.13823;1.13754;1.13823;324;0
2025.05.26 16:40;1.13822;1.13824;1.13760;1.13792;336;0
2025.05.26 16:50;1.13792;1.13835;1.13785;1.13816;342;0
2025.05.26 17:00;1.13818;1.13826;1.13766;1.13777;424;0
2025.05.26 17:10;1.13777;1.13845;1.13772;1.13835;350;0
2025.05.26 17:20;1.13835;1.13848;1.13812;1.13834;356;0
2025.05.26 17:30;1.13837;1.13848;1.13799;1.13820;318;0
2025.05.26 17:40;1.13822;1.13834;1.13803;1.13829;356;0
2025.05.26 17:50;1.13829;1.13845;1.13812;1.13843;421;0
2025.05.26 18:00;1.13844;1.13854;1.13805;1.13806;471;0
2025.05.26 18:10;1.13806;1.13816;1.13780;1.13796;233;0
2025.05.26 18:20;1.13796;1.13811;1.13791;1.13808;196;0
2025.05.26 18:30;1.13810;1.13812;1.13773;1.13794;237;0
2025.05.26 18:40;1.13794;1.13824;1.13785;1.13821;194;0
2025.05.26 18:50;1.13821;1.13824;1.13800;1.13815;240;0
2025.05.26 19:00;1.13813;1.13816;1.13788;1.13793;146;0
2025.05.26 19:10;1.13793;1.13809;1.13760;1.13775;155;0
2025.05.26 19:20;1.13775;1.13815;1.13775;1.13814;185;0
2025.05.26 19:30;1.13814;1.13821;1.13798;1.13805;123;0
2025.05.26 19:40;1.13805;1.13815;1.13799;1.13803;113;0
2025.05.26 19:50;1.13797;1.13833;1.13796;1.13833;121;0
2025.05.26 20:00;1.13833;1.13838;1.13818;1.13826;75;0
2025.05.26 20:10;1.13825;1.13833;1.13807;1.13810;85;0
2025.05.26 20:20;1.13809;1.13815;1.13800;1.13801;87;0
2025.05.26 20:30;1.13800;1.13806;1.13782;1.13805;94;1
2025.05.26 20:40;1.13805;1.13835;1.13804;1.13829;70;0
2025.05.26 20:50;1.13829;1.13833;1.13797;1.13806;67;0
2025.05.26 21:00;1.13800;1.13811;1.13799;1.13802;98;0
2025.05.26 21:10;1.13802;1.13831;1.13802;1.13815;80;0
2025.05.26 21:20;1.13818;1.13829;1.13818;1.13829;68;0
2025.05.26 21:30;1.13829;1.13833;1.13815;1.13816;79;0
2025.05.26 21:40;1.13816;1.13817;1.13806;1.13810;54;0
2025.05.26 21:50;1.13811;1.13820;1.13805;1.13808;70;0
2025.05.26 22:00;1.13807;1.13824;1.13803;1.13824;76;1
2025.05.26 22:10;1.13824;1.13825;1.13816;1.13822;41;0
2025.05.26 22:20;1.13822;1.13833;1.13816;1.13832;43;0
2025.05.26 22:30;1.13832;1.13834;1.13824;1.13830;54;0
2025.05.26 22:40;1.13831;1.13832;1.13824;1.13826;30;0
2025.05.26 22:50;1.13826;1.13854;1.13818;1.13853;69;0
2025.05.26 23:00;1.13853;1.13856;1.13835;1.13853;40;0
2025.05.26 23:10;1.13853;1.13856;1.13845;1.13855;42;0
2025.05.26 23:20;1.13855;1.13856;1.13837;1.13847;40;0
2025.05.26 23:30;1.13847;1.13858;1.13840;1.13856;71;1
2025.05.26 23:40;1.13854;1.13879;1.13846;1.13875;164;5
2025.05.26 23:50;1.13876;1.13881;1.13863;1.13868;132;5
2025.05.27 00:00;1.13796;1.13849;1.13781;1.13783;36;20
2025.05.27 00:10;1.13824;1.13828;1.13768;1.13792;51;20
2025.05.27 00:20;1.13823;1.13855;1.13792;1.13800;87;20
2025.05.27 00:30;1.13802;1.13861;1.13802;1.13861;47;19
2025.05.27 00:40;1.13857;1.13866;1.13840;1.13858;57;20
2025.05.27 00:50;1.13840;1.13862;1.13837;1.13838;77;19
2025.05.27 01:00;1.13852;1.13942;1.13824;1.13913;321;0
2025.05.27 01:10;1.13912;1.13947;1.13904;1.13943;180;0
2025.05.27 01:20;1.13944;1.13945;1.13918;1.13922;166;0
2025.05.27 01:30;1.13922;1.13942;1.13907;1.13910;177;0
2025.05.27 01:40;1.13911;1.13935;1.13909;1.13921;167;0
2025.05.27 01:50;1.13921;1.13922;1.13901;1.13903;161;0
2025.05.27 02:00;1.13904;1.13910;1.13886;1.13897;174;0
2025.05.27 02:10;1.13897;1.13909;1.13886;1.13895;165;0
2025.05.27 02:20;1.13892;1.13892;1.13869;1.13880;158;0
2025.05.27 02:30;1.13880;1.13890;1.13874;1.13881;177;0
2025.05.27 02:40;1.13881;1.13912;1.13873;1.13894;214;0
2025.05.27 02:50;1.13893;1.13894;1.13872;1.13886;228;0
2025.05.27 03:00;1.13889;1.13993;1.13878;1.13993;507;0
2025.05.27 03:10;1.13991;1.14003;1.13975;1.13982;423;0
2025.05.27 03:20;1.13981;1.14030;1.13975;1.14012;356;0
2025.05.27 03:30;1.14013;1.14028;1.13982;1.13998;306;0
2025.05.27 03:40;1.13998;1.14002;1.13967;1.13996;334;0
2025.05.27 03:50;1.13996;1.14029;1.13993;1.14000;452;0
2025.05.27 04:00;1.14001;1.14073;1.13999;1.14053;456;0
2025.05.27 04:10;1.14060;1.14072;1.14036;1.14063;489;0
2025.05.27 04:20;1.14063;1.14071;1.14037;1.14043;329;0
2025.05.27 04:30;1.14044;1.14063;1.14005;1.14005;377;0
2025.05.27 04:40;1.14006;1.14006;1.13919;1.13928;483;0
2025.05.27 04:50;1.13927;1.13962;1.13911;1.13952;321;0
2025.05.27 05:00;1.13953;1.13963;1.13907;1.13959;344;0
2025.05.27 05:10;1.13958;1.14030;1.13957;1.14007;348;0
2025.05.27 05:20;1.14008;1.14020;1.13984;1.13989;267;0
2025.05.27 05:30;1.13988;1.14001;1.13942;1.13993;348;0
2025.05.27 05:40;1.13993;1.14022;1.13961;1.13971;278;0
2025.05.27 05:50;1.13970;1.13976;1.13911;1.13927;452;0
2025.05.27 06:00;1.13927;1.13947;1.13902;1.13943;286;0
2025.05.27 06:10;1.13944;1.14008;1.13937;1.14001;280;0
2025.05.27 06:20;1.14001;1.14003;1.13960;1.13967;276;0
2025.05.27 06:30;1.13967;1.13971;1.13922;1.13930;265;0
2025.05.27 06:40;1.13930;1.13940;1.13912;1.13923;192;0
2025.05.27 06:50;1.13923;1.13949;1.13921;1.13938;250;0
2025.05.27 07:00;1.13937;1.13980;1.13937;1.13957;347;0
2025.05.27 07:10;1.13957;1.13972;1.13948;1.13972;243;0
2025.05.27 07:20;1.13970;1.13971;1.13919;1.13940;238;0
2025.05.27 07:30;1.13940;1.13943;1.13859;1.13872;381;0
2025.05.27 07:40;1.13870;1.13872;1.13800;1.13810;392;0
2025.05.27 07:50;1.13811;1.13820;1.13776;1.13783;575;0
2025.05.27 08:00;1.13788;1.13794;1.13707;1.13730;700;0
2025.05.27 08:10;1.13730;1.13783;1.13689;1.13777;601;0
2025.05.27 08:20;1.13778;1.13786;1.13677;1.13710;550;0
2025.05.27 08:30;1.13710;1.13743;1.13670;1.13735;540;0
2025.05.27 08:40;1.13735;1.13782;1.13730;1.13737;596;0
2025.05.27 08:50;1.13737;1.13788;1.13737;1.13788;485;0
2025.05.27 09:00;1.13786;1.13857;1.13779;1.13845;652;0
2025.05.27 09:10;1.13837;1.13921;1.13837;1.13921;626;0
2025.05.27 09:20;1.13919;1.13929;1.13863;1.13864;668;0
2025.05.27 09:30;1.13864;1.13896;1.13840;1.13863;570;0
2025.05.27 09:40;1.13863;1.13869;1.13762;1.13803;632;0
2025.05.27 09:50;1.13798;1.13798;1.13643;1.13651;728;0
2025.05.27 10:00;1.13649;1.13712;1.13643;1.13664;850;0
2025.05.27 10:10;1.13662;1.13688;1.13630;1.13633;612;0
2025.05.27 10:20;1.13626;1.13627;1.13456;1.13471;831;0
2025.05.27 10:30;1.13471;1.13543;1.13432;1.13527;685;0
2025.05.27 10:40;1.13526;1.13540;1.13411;1.13416;656;0
2025.05.27 10:50;1.13417;1.13448;1.13373;1.13409;787;0
2025.05.27 11:00;1.13408;1.13476;1.13388;1.13475;702;0
2025.05.27 11:10;1.13474;1.13519;1.13453;1.13503;521;0
2025.05.27 11:20;1.13504;1.13504;1.13465;1.13466;618;0
2025.05.27 11:30;1.13463;1.13530;1.13446;1.13518;540;0
2025.05.27 11:40;1.13519;1.13578;1.13511;1.13529;478;0
2025.05.27 11:50;1.13529;1.13530;1.13465;1.13488;475;0
2025.05.27 12:00;1.13487;1.13549;1.13468;1.13547;608;0
2025.05.27 12:10;1.13547;1.13581;1.13503;1.13552;614;0
2025.05.27 12:20;1.13552;1.13552;1.13482;1.13497;550;0
2025.05.27 12:30;1.13495;1.13520;1.13447;1.13508;490;0
2025.05.27 12:40;1.13508;1.13508;1.13460;1.13478;459;0
2025.05.27 12:50;1.13477;1.13547;1.13472;1.13484;422;0
2025.05.27 13:00;1.13484;1.13498;1.13436;1.13477;530;0
2025.05.27 13:10;1.13476;1.13484;1.13413;1.13430;459;0
2025.05.27 13:20;1.13429;1.13518;1.13426;1.13483;540;0
2025.05.27 13:30;1.13483;1.13500;1.13437;1.13487;517;0
2025.05.27 13:40;1.13486;1.13499;1.13435;1.13438;548;0
2025.05.27 13:50;1.13437;1.13453;1.13407;1.13439;541;0
2025.05.27 14:00;1.13438;1.13488;1.13437;1.13454;523;0
2025.05.27 14:10;1.13454;1.13472;1.13412;1.13462;428;0
2025.05.27 14:20;1.13463;1.13517;1.13446;1.13453;503;0
2025.05.27 14:30;1.13454;1.13500;1.13446;1.13482;439;0
2025.05.27 14:40;1.13483;1.13542;1.13463;1.13533;396;0
2025.05.27 14:50;1.13534;1.13537;1.13507;1.13511;387;0
2025.05.27 15:00;1.13515;1.13575;1.13510;1.13553;476;0
2025.05.27 15:10;1.13552;1.13567;1.13519;1.13565;413;0
2025.05.27 15:20;1.13566;1.13647;1.13531;1.13631;596;0
2025.05.27 15:30;1.13631;1.13674;1.13606;1.13658;587;0
2025.05.27 15:40;1.13658;1.13678;1.13612;1.13616;569;0
2025.05.27 15:50;1.13618;1.13668;1.13608;1.13668;465;0
2025.05.27 16:00;1.13668;1.13737;1.13653;1.13733;664;0
2025.05.27 16:10;1.13732;1.13740;1.13635;1.13663;453;0
2025.05.27 16:20;1.13663;1.13716;1.13641;1.13687;577;0
2025.05.27 16:30;1.13682;1.13737;1.13646;1.13728;715;0
2025.05.27 16:40;1.13726;1.13751;1.13571;1.13581;707;0
2025.05.27 16:50;1.13582;1.13605;1.13556;1.13582;662;0
2025.05.27 17:00;1.13590;1.13593;1.13453;1.13574;1073;0
2025.05.27 17:10;1.13573;1.13614;1.13542;1.13570;664;0
2025.05.27 17:20;1.13568;1.13583;1.13486;1.13500;761;0
2025.05.27 17:30;1.13499;1.13503;1.13396;1.13413;818;0
2025.05.27 17:40;1.13412;1.13445;1.13381;1.13403;690;0
2025.05.27 17:50;1.13406;1.13465;1.13388;1.13412;764;0
2025.05.27 18:00;1.13412;1.13413;1.13368;1.13370;619;0
2025.05.27 18:10;1.13369;1.13393;1.13301;1.13302;600;0
2025.05.27 18:20;1.13302;1.13387;1.13263;1.13381;542;0
2025.05.27 18:30;1.13378;1.13379;1.13281;1.13286;624;0
2025.05.27 18:40;1.13287;1.13360;1.13276;1.13320;582;0
2025.05.27 18:50;1.13320;1.13333;1.13233;1.13254;587;0
2025.05.27 19:00;1.13253;1.13271;1.13237;1.13260;389;1
2025.05.27 19:10;1.13261;1.13295;1.13248;1.13271;344;1
2025.05.27 19:20;1.13271;1.13334;1.13252;1.13333;316;0
2025.05.27 19:30;1.13333;1.13354;1.13295;1.13307;248;0
2025.05.27 19:40;1.13307;1.13346;1.13307;1.13342;275;0
2025.05.27 19:50;1.13344;1.13351;1.13289;1.13317;347;0
2025.05.27 20:00;1.13317;1.13352;1.13307;1.13348;364;0
2025.05.27 20:10;1.13348;1.13370;1.13341;1.13356;241;0
2025.05.27 20:20;1.13353;1.13368;1.13310;1.13331;260;0
2025.05.27 20:30;1.13332;1.13347;1.13302;1.13344;269;0
2025.05.27 20:40;1.13344;1.13362;1.13339;1.13352;169;0
2025.05.27 20:50;1.13352;1.13358;1.13326;1.13328;218;0
2025.05.27 21:00;1.13327;1.13333;1.13284;1.13311;287;1
2025.05.27 21:10;1.13312;1.13370;1.13311;1.13343;276;0
2025.05.27 21:20;1.13341;1.13350;1.13332;1.13348;234;0
2025.05.27 21:30;1.13348;1.13366;1.13342;1.13359;170;0
2025.05.27 21:40;1.13358;1.13369;1.13338;1.13352;188;0
2025.05.27 21:50;1.13351;1.13387;1.13347;1.13371;273;0
2025.05.27 22:00;1.13367;1.13384;1.13353;1.13382;238;0
2025.05.27 22:10;1.13382;1.13388;1.13339;1.13341;197;0
2025.05.27 22:20;1.13341;1.13361;1.13341;1.13355;249;0
2025.05.27 22:30;1.13355;1.13381;1.13348;1.13373;217;0
2025.05.27 22:40;1.13374;1.13383;1.13370;1.13373;176;0
2025.05.27 22:50;1.13373;1.13373;1.13300;1.13308;300;1
2025.05.27 23:00;1.13308;1.13314;1.13288;1.13290;290;0
2025.05.27 23:10;1.13290;1.13297;1.13277;1.13277;133;0
2025.05.27 23:20;1.13277;1.13291;1.13266;1.13280;109;0
2025.05.27 23:30;1.13281;1.13326;1.13281;1.13317;221;1
2025.05.27 23:40;1.13315;1.13318;1.13284;1.13296;205;5
2025.05.27 23:50;1.13296;1.13301;1.13267;1.13270;252;5
2025.05.28 00:00;1.13229;1.13237;1.13229;1.13237;12;122
2025.05.28 00:10;1.13238;1.13276;1.13229;1.13248;83;24
2025.05.28 00:20;1.13248;1.13275;1.13228;1.13250;78;24
2025.05.28 00:30;1.13264;1.13305;1.13260;1.13297;148;24
2025.05.28 00:40;1.13299;1.13313;1.13280;1.13287;174;24
2025.05.28 00:50;1.13287;1.13323;1.13277;1.13306;70;25
2025.05.28 01:00;1.13306;1.13362;1.13263;1.13356;213;0
2025.05.28 01:10;1.13357;1.13362;1.13352;1.13357;139;0
2025.05.28 01:20;1.13357;1.13369;1.13351;1.13355;98;0
2025.05.28 01:30;1.13355;1.13367;1.13347;1.13351;143;0
2025.05.28 01:40;1.13350;1.13362;1.13344;1.13362;147;0
2025.05.28 01:50;1.13362;1.13372;1.13358;1.13368;143;0
2025.05.28 02:00;1.13368;1.13371;1.13346;1.13348;271;0
2025.05.28 02:10;1.13348;1.13359;1.13315;1.13330;218;0
2025.05.28 02:20;1.13330;1.13352;1.13327;1.13352;98;0
2025.05.28 02:30;1.13352;1.13377;1.13351;1.13374;142;0
2025.05.28 02:40;1.13374;1.13380;1.13347;1.13368;140;0
2025.05.28 02:50;1.13369;1.13380;1.13359;1.13370;278;0
2025.05.28 03:00;1.13375;1.13402;1.13372;1.13401;396;0
2025.05.28 03:10;1.13401;1.13401;1.13388;1.13395;228;0
2025.05.28 03:20;1.13396;1.13451;1.13396;1.13448;347;0
2025.05.28 03:30;1.13448;1.13451;1.13432;1.13436;252;0
2025.05.28 03:40;1.13436;1.13450;1.13422;1.13422;337;0
2025.05.28 03:50;1.13424;1.13424;1.13339;1.13344;570;0
2025.05.28 04:00;1.13343;1.13367;1.13178;1.13187;594;0
2025.05.28 04:10;1.13187;1.13335;1.13171;1.13331;771;0
2025.05.28 04:20;1.13330;1.13392;1.13321;1.13337;607;0
2025.05.28 04:30;1.13337;1.13357;1.13280;1.13282;611;0
2025.05.28 04:40;1.13283;1.13286;1.13173;1.13176;584;0
2025.05.28 04:50;1.13177;1.13190;1.13152;1.13174;520;0
2025.05.28 05:00;1.13169;1.13194;1.13143;1.13192;601;0
2025.05.28 05:10;1.13192;1.13246;1.13177;1.13187;530;0
2025.05.28 05:20;1.13190;1.13232;1.13164;1.13232;463;0
2025.05.28 05:30;1.13232;1.13254;1.13103;1.13124;444;0
2025.05.28 05:40;1.13125;1.13145;1.13075;1.13085;414;0
2025.05.28 05:50;1.13084;1.13089;1.13007;1.13053;616;0
2025.05.28 06:00;1.13056;1.13076;1.13044;1.13074;376;0
2025.05.28 06:10;1.13074;1.13089;1.13053;1.13056;302;0
2025.05.28 06:20;1.13057;1.13057;1.13004;1.13026;394;0
2025.05.28 06:30;1.13025;1.13066;1.13009;1.13065;615;0
2025.05.28 06:40;1.13067;1.13129;1.13062;1.13124;477;0
2025.05.28 06:50;1.13125;1.13129;1.13060;1.13074;451;0
2025.05.28 07:00;1.13073;1.13105;1.13031;1.13034;440;0
2025.05.28 07:10;1.13034;1.13060;1.13032;1.13038;326;0
2025.05.28 07:20;1.13038;1.13067;1.13026;1.13045;362;0
2025.05.28 07:30;1.13043;1.13079;1.13033;1.13057;352;0
2025.05.28 07:40;1.13057;1.13083;1.13046;1.13061;324;0
2025.05.28 07:50;1.13061;1.13083;1.13049;1.13062;389;0
2025.05.28 08:00;1.13063;1.13066;1.13018;1.13031;346;0
2025.05.28 08:10;1.13029;1.13049;1.12989;1.12994;417;0
2025.05.28 08:20;1.12995;1.13004;1.12956;1.12996;538;0
2025.05.28 08:30;1.12996;1.12999;1.12954;1.12971;418;0
2025.05.28 08:40;1.12970;1.13055;1.12963;1.13055;376;0
2025.05.28 08:50;1.13054;1.13148;1.13051;1.13147;516;0
2025.05.28 09:00;1.13147;1.13150;1.13037;1.13051;649;0
2025.05.28 09:10;1.13051;1.13130;1.13036;1.13113;606;0
2025.05.28 09:20;1.13113;1.13167;1.13104;1.13150;515;0
2025.05.28 09:30;1.13151;1.13170;1.13113;1.13131;463;0
2025.05.28 09:40;1.13132;1.13140;1.13064;1.13074;520;0
2025.05.28 09:50;1.13074;1.13098;1.13040;1.13044;512;0
2025.05.28 10:00;1.13043;1.13175;1.13029;1.13161;729;0
2025.05.28 10:10;1.13161;1.13221;1.13156;1.13203;650;0
2025.05.28 10:20;1.13204;1.13207;1.13164;1.13172;483;0
2025.05.28 10:30;1.13171;1.13236;1.13169;1.13235;478;0
2025.05.28 10:40;1.13236;1.13269;1.13234;1.13250;541;0
2025.05.28 10:50;1.13249;1.13311;1.13246;1.13266;567;0
2025.05.28 11:00;1.13266;1.13343;1.13266;1.13283;599;0
2025.05.28 11:10;1.13282;1.13283;1.13189;1.13200;557;0
2025.05.28 11:20;1.13198;1.13225;1.13182;1.13209;477;0
2025.05.28 11:30;1.13209;1.13249;1.13185;1.13245;439;0
2025.05.28 11:40;1.13245;1.13258;1.13215;1.13247;390;0
2025.05.28 11:50;1.13247;1.13325;1.13246;1.13320;453;0
2025.05.28 12:00;1.13322;1.13360;1.13281;1.13287;547;0
2025.05.28 12:10;1.13288;1.13376;1.13280;1.13363;508;0
2025.05.28 12:20;1.13363;1.13392;1.13343;1.13368;492;0
2025.05.28 12:30;1.13367;1.13387;1.13349;1.13359;420;0
2025.05.28 12:40;1.13359;1.13404;1.13354;1.13362;422;0
2025.05.28 12:50;1.13361;1.13383;1.13323;1.13335;450;0
2025.05.28 13:00;1.13335;1.13347;1.13311;1.13347;370;0
2025.05.28 13:10;1.13347;1.13391;1.13331;1.13348;437;0
2025.05.28 13:20;1.13347;1.13407;1.13324;1.13382;427;0
2025.05.28 13:30;1.13382;1.13388;1.13338;1.13356;452;0
2025.05.28 13:40;1.13356;1.13382;1.13270;1.13278;511;0
2025.05.28 13:50;1.13277;1.13324;1.13240;1.13258;528;0
2025.05.28 14:00;1.13260;1.13278;1.13236;1.13256;515;0
2025.05.28 14:10;1.13257;1.13268;1.13222;1.13230;367;0
2025.05.28 14:20;1.13230;1.13270;1.13215;1.13233;381;0
2025.05.28 14:30;1.13236;1.13286;1.13214;1.13257;451;0
2025.05.28 14:40;1.13259;1.13274;1.13204;1.13215;381;0
2025.05.28 14:50;1.13216;1.13230;1.13165;1.13178;599;0
2025.05.28 15:00;1.13179;1.13245;1.13161;1.13166;554;0
2025.05.28 15:10;1.13167;1.13171;1.13110;1.13169;517;0
2025.05.28 15:20;1.13169;1.13198;1.13106;1.13129;530;0
2025.05.28 15:30;1.13128;1.13177;1.13075;1.13085;623;0
2025.05.28 15:40;1.13084;1.13179;1.13076;1.13178;572;0
2025.05.28 15:50;1.13178;1.13181;1.13083;1.13110;637;0
2025.05.28 16:00;1.13110;1.13137;1.13027;1.13027;731;0
2025.05.28 16:10;1.13024;1.13071;1.12976;1.13048;714;0
2025.05.28 16:20;1.13048;1.13085;1.12980;1.12987;509;0
2025.05.28 16:30;1.12994;1.13072;1.12987;1.13034;818;0
2025.05.28 16:40;1.13034;1.13074;1.12970;1.13046;782;0
2025.05.28 16:50;1.13045;1.13126;1.13044;1.13087;859;0
2025.05.28 17:00;1.13094;1.13182;1.13086;1.13167;887;0
2025.05.28 17:10;1.13168;1.13248;1.13160;1.13166;768;0
2025.05.28 17:20;1.13169;1.13219;1.13140;1.13206;620;0
2025.05.28 17:30;1.13206;1.13237;1.13146;1.13196;701;0
2025.05.28 17:40;1.13197;1.13230;1.13162;1.13165;757;0
2025.05.28 17:50;1.13163;1.13174;1.13008;1.13023;1241;0
2025.05.28 18:00;1.13022;1.13086;1.13002;1.13063;812;0
2025.05.28 18:10;1.13062;1.13069;1.12874;1.12929;766;0
2025.05.28 18:20;1.12930;1.12967;1.12903;1.12956;673;0
2025.05.28 18:30;1.12956;1.12965;1.12869;1.12899;631;0
2025.05.28 18:40;1.12899;1.12926;1.12868;1.12880;482;0
2025.05.28 18:50;1.12880;1.12893;1.12838;1.12847;463;0
2025.05.28 19:00;1.12846;1.12933;1.12841;1.12887;470;0
2025.05.28 19:10;1.12884;1.12968;1.12874;1.12968;346;0
2025.05.28 19:20;1.12965;1.12967;1.12929;1.12953;327;0
2025.05.28 19:30;1.12954;1.12963;1.12910;1.12933;297;0
2025.05.28 19:40;1.12933;1.12956;1.12913;1.12934;277;1
2025.05.28 19:50;1.12932;1.12945;1.12907;1.12941;304;1
2025.05.28 20:00;1.12938;1.12967;1.12925;1.12944;384;1
2025.05.28 20:10;1.12944;1.12974;1.12926;1.12966;261;0
2025.05.28 20:20;1.12966;1.13004;1.12965;1.12971;333;0
2025.05.28 20:30;1.12968;1.13008;1.12914;1.12996;341;1
2025.05.28 20:40;1.12995;1.12997;1.12930;1.12931;334;0
2025.05.28 20:50;1.12932;1.12940;1.12906;1.12915;242;0
2025.05.28 21:00;1.12915;1.12952;1.12884;1.12943;347;0
2025.05.28 21:10;1.12943;1.12980;1.12901;1.12907;296;0
2025.05.28 21:20;1.12909;1.12910;1.12857;1.12859;347;1
2025.05.28 21:30;1.12860;1.12879;1.12844;1.12868;281;0
2025.05.28 21:40;1.12867;1.12896;1.12858;1.12884;256;0
2025.05.28 21:50;1.12884;1.12948;1.12883;1.12936;460;0
2025.05.28 22:00;1.12936;1.12951;1.12911;1.12916;273;0
2025.05.28 22:10;1.12916;1.12957;1.12912;1.12926;275;0
2025.05.28 22:20;1.12925;1.12947;1.12903;1.12907;216;0
2025.05.28 22:30;1.12909;1.12921;1.12886;1.12896;177;0
2025.05.28 22:40;1.12896;1.12914;1.12880;1.12891;180;0
2025.05.28 22:50;1.12891;1.12917;1.12878;1.12895;337;0
2025.05.28 23:00;1.12896;1.12954;1.12893;1.12942;207;0
2025.05.28 23:10;1.12942;1.12942;1.12926;1.12933;159;0
2025.05.28 23:20;1.12936;1.12954;1.12925;1.12950;235;0
2025.05.28 23:30;1.12951;1.12956;1.12915;1.12930;215;1
2025.05.28 23:40;1.12929;1.12930;1.12911;1.12916;242;5
2025.05.28 23:50;1.12915;1.12944;1.12891;1.12894;223;5
2025.05.29 00:00;1.12888;1.12928;1.12878;1.12925;29;37
2025.05.29 00:10;1.12922;1.12952;1.12912;1.12939;63;35
2025.05.29 00:20;1.12939;1.12940;1.12904;1.12931;36;35
2025.05.29 00:30;1.12932;1.12947;1.12927;1.12943;158;24
2025.05.29 00:40;1.12944;1.12956;1.12935;1.12956;37;24
2025.05.29 00:50;1.12956;1.12956;1.12936;1.12950;60;25
2025.05.29 01:00;1.12953;1.12953;1.12926;1.12950;201;0
2025.05.29 01:10;1.12950;1.12969;1.12944;1.12969;142;0
2025.05.29 01:20;1.12969;1.12972;1.12963;1.12964;118;0
2025.05.29 01:30;1.12965;1.12972;1.12956;1.12959;243;0
2025.05.29 01:40;1.12958;1.12958;1.12907;1.12910;252;0
2025.05.29 01:50;1.12910;1.12927;1.12906;1.12918;237;0
2025.05.29 02:00;1.12917;1.12923;1.12838;1.12843;447;0
2025.05.29 02:10;1.12843;1.12857;1.12702;1.12719;832;0
2025.05.29 02:20;1.12719;1.12732;1.12681;1.12700;608;0
2025.05.29 02:30;1.12700;1.12719;1.12198;1.12258;1025;0
2025.05.29 02:40;1.12259;1.12331;1.12107;1.12305;1124;0
2025.05.29 02:50;1.12306;1.12436;1.12280;1.12296;933;0
2025.05.29 03:00;1.12278;1.12485;1.12233;1.12431;1165;0
2025.05.29 03:10;1.12430;1.12438;1.12320;1.12352;1038;0
2025.05.29 03:20;1.12352;1.12506;1.12352;1.12479;830;0
2025.05.29 03:30;1.12479;1.12495;1.12402;1.12466;725;0
2025.05.29 03:40;1.12466;1.12472;1.12333;1.12352;760;0
2025.05.29 03:50;1.12352;1.12434;1.12329;1.12349;927;0
2025.05.29 04:00;1.12348;1.12385;1.12234;1.12322;973;0
2025.05.29 04:10;1.12321;1.12413;1.12270;1.12279;829;0
2025.05.29 04:20;1.12282;1.12434;1.12281;1.12414;680;0
2025.05.29 04:30;1.12413;1.12482;1.12396;1.12479;593;0
2025.05.29 04:40;1.12477;1.12482;1.12446;1.12468;509;0
2025.05.29 04:50;1.12468;1.12532;1.12457;1.12518;605;0
2025.05.29 05:00;1.12519;1.12533;1.12428;1.12432;557;0
2025.05.29 05:10;1.12431;1.12461;1.12417;1.12440;417;0
2025.05.29 05:20;1.12441;1.12481;1.12440;1.12474;472;0
2025.05.29 05:30;1.12481;1.12515;1.12466;1.12486;408;0
2025.05.29 05:40;1.12486;1.12571;1.12481;1.12532;536;0
2025.05.29 05:50;1.12533;1.12534;1.12453;1.12460;591;0
2025.05.29 06:00;1.12460;1.12472;1.12427;1.12452;430;0
2025.05.29 06:10;1.12452;1.12520;1.12435;1.12516;335;0
2025.05.29 06:20;1.12516;1.12548;1.12498;1.12508;445;0
2025.05.29 06:30;1.12508;1.12534;1.12480;1.12495;375;0
2025.05.29 06:40;1.12496;1.12561;1.12493;1.12517;445;0
2025.05.29 06:50;1.12518;1.12534;1.12472;1.12485;384;0
2025.05.29 07:00;1.12480;1.12482;1.12441;1.12458;291;0
2025.05.29 07:10;1.12457;1.12532;1.12453;1.12523;353;0
2025.05.29 07:20;1.12523;1.12544;1.12517;1.12535;249;0
2025.05.29 07:30;1.12538;1.12548;1.12503;1.12508;285;0
2025.05.29 07:40;1.12506;1.12535;1.12496;1.12501;268;0
2025.05.29 07:50;1.12502;1.12503;1.12448;1.12477;371;0
2025.05.29 08:00;1.12478;1.12506;1.12466;1.12490;371;0
2025.05.29 08:10;1.12490;1.12491;1.12439;1.12480;410;0
2025.05.29 08:20;1.12480;1.12501;1.12441;1.12457;357;0
2025.05.29 08:30;1.12458;1.12464;1.12405;1.12427;494;0
2025.05.29 08:40;1.12427;1.12443;1.12339;1.12340;480;0
2025.05.29 08:50;1.12341;1.12440;1.12311;1.12438;639;0
2025.05.29 09:00;1.12439;1.12503;1.12423;1.12489;689;0
2025.05.29 09:10;1.12489;1.12595;1.12476;1.12594;649;0
2025.05.29 09:20;1.12595;1.12723;1.12586;1.12706;838;0
2025.05.29 09:30;1.12705;1.12734;1.12652;1.12671;645;0
2025.05.29 09:40;1.12672;1.12736;1.12650;1.12692;731;0
2025.05.29 09:50;1.12692;1.12737;1.12677;1.12712;731;0
2025.05.29 10:00;1.12712;1.12828;1.12712;1.12729;811;0
2025.05.29 10:10;1.12729;1.12807;1.12728;1.12775;691;0
2025.05.29 10:20;1.12774;1.12802;1.12741;1.12774;556;0
2025.05.29 10:30;1.12775;1.12798;1.12723;1.12758;657;0
2025.05.29 10:40;1.12758;1.12788;1.12730;1.12774;598;0
2025.05.29 10:50;1.12774;1.12798;1.12738;1.12757;619;0
2025.05.29 11:00;1.12756;1.12790;1.12703;1.12737;564;0
2025.05.29 11:10;1.12737;1.12784;1.12681;1.12683;543;0
2025.05.29 11:20;1.12684;1.12685;1.12620;1.12637;568;0
2025.05.29 11:30;1.12638;1.12736;1.12635;1.12727;485;0
2025.05.29 11:40;1.12727;1.12735;1.12656;1.12729;423;0
2025.05.29 11:50;1.12727;1.12744;1.12655;1.12719;482;0
2025.05.29 12:00;1.12719;1.12784;1.12715;1.12736;392;0
2025.05.29 12:10;1.12736;1.12770;1.12725;1.12769;397;0
2025.05.29 12:20;1.12770;1.12790;1.12730;1.12773;427;0
2025.05.29 12:30;1.12774;1.12840;1.12762;1.12810;503;0
2025.05.29 12:40;1.12810;1.12825;1.12773;1.12779;426;0
2025.05.29 12:50;1.12778;1.12789;1.12752;1.12778;503;0
2025.05.29 13:00;1.12779;1.12834;1.12765;1.12827;497;0
2025.05.29 13:10;1.12829;1.12903;1.12799;1.12871;440;0
2025.05.29 13:20;1.12870;1.12915;1.12869;1.12894;516;0
2025.05.29 13:30;1.12892;1.12904;1.12811;1.12838;485;0
2025.05.29 13:40;1.12838;1.12888;1.12823;1.12853;411;0
2025.05.29 13:50;1.12856;1.12893;1.12848;1.12866;426;0
2025.05.29 14:00;1.12861;1.12907;1.12829;1.12851;429;0
2025.05.29 14:10;1.12857;1.12884;1.12793;1.12801;432;0
2025.05.29 14:20;1.12813;1.12868;1.12810;1.12856;484;0
2025.05.29 14:30;1.12856;1.12891;1.12789;1.12794;564;0
2025.05.29 14:40;1.12794;1.12799;1.12731;1.12768;511;0
2025.05.29 14:50;1.12768;1.12769;1.12679;1.12709;613;0
2025.05.29 15:00;1.12713;1.12860;1.12713;1.12809;817;0
2025.05.29 15:10;1.12808;1.12963;1.12791;1.12956;742;0
2025.05.29 15:20;1.12954;1.12991;1.12929;1.12950;586;0
2025.05.29 15:30;1.12951;1.13224;1.12896;1.13171;1215;0
2025.05.29 15:40;1.13177;1.13332;1.13155;1.13326;1084;0
2025.05.29 15:50;1.13328;1.13500;1.13275;1.13492;1293;0
2025.05.29 16:00;1.13493;1.13600;1.13452;1.13475;1341;0
2025.05.29 16:10;1.13477;1.13494;1.13401;1.13455;961;0
2025.05.29 16:20;1.13456;1.13558;1.13445;1.13548;764;0
2025.05.29 16:30;1.13549;1.13561;1.13421;1.13423;827;0
2025.05.29 16:40;1.13422;1.13484;1.13391;1.13459;801;0
2025.05.29 16:50;1.13459;1.13529;1.13457;1.13513;803;0
2025.05.29 17:00;1.13517;1.13595;1.13493;1.13584;844;0
2025.05.29 17:10;1.13585;1.13611;1.13498;1.13592;736;0
2025.05.29 17:20;1.13592;1.13694;1.13489;1.13494;933;0
2025.05.29 17:30;1.13494;1.13561;1.13468;1.13472;842;0
2025.05.29 17:40;1.13472;1.13595;1.13427;1.13537;769;0
2025.05.29 17:50;1.13537;1.13597;1.13495;1.13500;813;0
2025.05.29 18:00;1.13500;1.13597;1.13487;1.13557;739;0
2025.05.29 18:10;1.13557;1.13636;1.13551;1.13597;709;0
2025.05.29 18:20;1.13597;1.13634;1.13572;1.13624;601;0
2025.05.29 18:30;1.13627;1.13695;1.13612;1.13645;651;0
2025.05.29 18:40;1.13647;1.13661;1.13611;1.13638;569;0
2025.05.29 18:50;1.13645;1.13708;1.13617;1.13701;629;0
2025.05.29 19:00;1.13698;1.13741;1.13669;1.13724;711;1
2025.05.29 19:10;1.13723;1.13798;1.13715;1.13745;529;0
2025.05.29 19:20;1.13745;1.13748;1.13674;1.13698;327;0
2025.05.29 19:30;1.13698;1.13762;1.13697;1.13754;332;0
2025.05.29 19:40;1.13754;1.13785;1.13742;1.13747;322;0
2025.05.29 19:50;1.13745;1.13747;1.13705;1.13716;302;0
2025.05.29 20:00;1.13716;1.13720;1.13639;1.13640;468;1
2025.05.29 20:10;1.13641;1.13666;1.13622;1.13623;316;0
2025.05.29 20:20;1.13624;1.13658;1.13617;1.13631;338;0
2025.05.29 20:30;1.13630;1.13757;1.13630;1.13757;331;1
2025.05.29 20:40;1.13757;1.13843;1.13742;1.13772;394;1
2025.05.29 20:50;1.13772;1.13782;1.13749;1.13770;348;0
2025.05.29 21:00;1.13772;1.13845;1.13763;1.13827;400;0
2025.05.29 21:10;1.13828;1.13843;1.13804;1.13826;329;0
2025.05.29 21:20;1.13827;1.13829;1.13764;1.13784;269;0
2025.05.29 21:30;1.13785;1.13819;1.13783;1.13794;232;0
2025.05.29 21:40;1.13794;1.13820;1.13769;1.13775;274;0
2025.05.29 21:50;1.13776;1.13776;1.13744;1.13752;268;0
2025.05.29 22:00;1.13749;1.13767;1.13741;1.13763;285;0
2025.05.29 22:10;1.13763;1.13782;1.13689;1.13695;361;0
2025.05.29 22:20;1.13695;1.13746;1.13679;1.13736;340;0
2025.05.29 22:30;1.13737;1.13739;1.13708;1.13711;214;0
2025.05.29 22:40;1.13711;1.13714;1.13666;1.13673;287;0
2025.05.29 22:50;1.13669;1.13685;1.13663;1.13667;311;0
2025.05.29 23:00;1.13668;1.13673;1.13646;1.13647;231;0
2025.05.29 23:10;1.13648;1.13671;1.13608;1.13670;219;0
2025.05.29 23:20;1.13668;1.13668;1.13644;1.13645;175;0
2025.05.29 23:30;1.13644;1.13658;1.13617;1.13655;142;0
2025.05.29 23:40;1.13652;1.13691;1.13650;1.13684;171;5
2025.05.29 23:50;1.13686;1.13701;1.13637;1.13649;235;5
2025.05.30 00:00;1.13627;1.13712;1.13620;1.13710;49;41
2025.05.30 00:10;1.13710;1.13718;1.13632;1.13661;144;47
2025.05.30 00:20;1.13661;1.13708;1.13632;1.13666;233;42
2025.05.30 00:30;1.13664;1.13690;1.13662;1.13690;142;24
2025.05.30 00:40;1.13690;1.13692;1.13676;1.13682;130;24
2025.05.30 00:50;1.13682;1.13696;1.13673;1.13675;130;24
2025.05.30 01:00;1.13674;1.13697;1.13655;1.13670;423;1
2025.05.30 01:10;1.13670;1.13697;1.13669;1.13693;104;0
2025.05.30 01:20;1.13694;1.13770;1.13689;1.13736;261;0
2025.05.30 01:30;1.13735;1.13739;1.13705;1.13720;172;0
2025.05.30 01:40;1.13720;1.13748;1.13716;1.13744;203;0
2025.05.30 01:50;1.13744;1.13745;1.13694;1.13712;162;0
2025.05.30 02:00;1.13718;1.13742;1.13710;1.13732;206;0
2025.05.30 02:10;1.13732;1.13740;1.13695;1.13732;183;1
2025.05.30 02:20;1.13729;1.13762;1.13729;1.13757;154;0
2025.05.30 02:30;1.13760;1.13790;1.13746;1.13778;236;0
2025.05.30 02:40;1.13778;1.13791;1.13767;1.13785;236;0
2025.05.30 02:50;1.13784;1.13793;1.13763;1.13769;201;0
2025.05.30 03:00;1.13770;1.13809;1.13751;1.13770;441;1
2025.05.30 03:10;1.13771;1.13830;1.13750;1.13810;389;1
2025.05.30 03:20;1.13809;1.13849;1.13792;1.13814;474;1
2025.05.30 03:30;1.13812;1.13817;1.13707;1.13711;406;1
2025.05.30 03:40;1.13714;1.13715;1.13675;1.13681;396;0
2025.05.30 03:50;1.13681;1.13749;1.13645;1.13724;717;0
2025.05.30 04:00;1.13724;1.13868;1.13724;1.13808;734;2
2025.05.30 04:10;1.13807;1.13868;1.13785;1.13863;453;0
2025.05.30 04:20;1.13863;1.13899;1.13764;1.13771;480;0
2025.05.30 04:30;1.13760;1.13771;1.13627;1.13655;623;0
2025.05.30 04:40;1.13656;1.13673;1.13601;1.13601;616;0
2025.05.30 04:50;1.13599;1.13631;1.13524;1.13547;711;0
2025.05.30 05:00;1.13548;1.13591;1.13531;1.13584;559;0
2025.05.30 05:10;1.13582;1.13583;1.13528;1.13534;465;0
2025.05.30 05:20;1.13535;1.13570;1.13520;1.13554;390;0
2025.05.30 05:30;1.13554;1.13555;1.13506;1.13511;300;0
2025.05.30 05:40;1.13509;1.13534;1.13497;1.13500;368;0
2025.05.30 05:50;1.13500;1.13506;1.13484;1.13496;329;0
2025.05.30 06:00;1.13496;1.13549;1.13496;1.13543;435;0
2025.05.30 06:10;1.13544;1.13572;1.13537;1.13557;283;0
2025.05.30 06:20;1.13554;1.13562;1.13533;1.13545;264;0
2025.05.30 06:30;1.13543;1.13567;1.13526;1.13532;259;0
2025.05.30 06:40;1.13524;1.13529;1.13465;1.13466;340;1
2025.05.30 06:50;1.13464;1.13496;1.13459;1.13495;305;0
2025.05.30 07:00;1.13496;1.13537;1.13490;1.13492;389;1
2025.05.30 07:10;1.13490;1.13515;1.13490;1.13500;281;0
2025.05.30 07:20;1.13502;1.13534;1.13498;1.13519;354;0
2025.05.30 07:30;1.13518;1.13519;1.13487;1.13500;304;0
2025.05.30 07:40;1.13503;1.13520;1.13484;1.13497;312;0
2025.05.30 07:50;1.13497;1.13501;1.13458;1.13461;308;0
2025.05.30 08:00;1.13462;1.13465;1.13430;1.13464;357;0
2025.05.30 08:10;1.13465;1.13489;1.13445;1.13446;309;0
2025.05.30 08:20;1.13447;1.13479;1.13438;1.13465;286;0
2025.05.30 08:30;1.13466;1.13494;1.13443;1.13488;309;0
2025.05.30 08:40;1.13488;1.13507;1.13440;1.13490;422;2
2025.05.30 08:50;1.13491;1.13545;1.13489;1.13512;476;1
2025.05.30 09:00;1.13511;1.13515;1.13393;1.13396;668;0
2025.05.30 09:10;1.13396;1.13410;1.13359;1.13396;609;0
2025.05.30 09:20;1.13397;1.13443;1.13391;1.13419;543;0
2025.05.30 09:30;1.13422;1.13476;1.13397;1.13466;508;0
2025.05.30 09:40;1.13470;1.13498;1.13446;1.13478;570;0
2025.05.30 09:50;1.13478;1.13520;1.13457;1.13466;502;0
2025.05.30 10:00;1.13466;1.13480;1.13320;1.13322;883;0
2025.05.30 10:10;1.13324;1.13359;1.13280;1.13297;671;0
2025.05.30 10:20;1.13297;1.13344;1.13279;1.13332;655;0
2025.05.30 10:30;1.13323;1.13367;1.13309;1.13362;659;0
2025.05.30 10:40;1.13362;1.13406;1.13331;1.13405;610;0
2025.05.30 10:50;1.13407;1.13428;1.13333;1.13374;766;0
2025.05.30 11:00;1.13378;1.13448;1.13351;1.13359;748;0
2025.05.30 11:10;1.13359;1.13367;1.13281;1.13362;663;0
2025.05.30 11:20;1.13363;1.13395;1.13330;1.13383;604;0
2025.05.30 11:30;1.13382;1.13440;1.13380;1.13415;573;0
2025.05.30 11:40;1.13415;1.13418;1.13350;1.13379;485;0
2025.05.30 11:50;1.13376;1.13380;1.13234;1.13239;548;0
2025.05.30 12:00;1.13239;1.13317;1.13232;1.13300;600;0
2025.05.30 12:10;1.13299;1.13323;1.13255;1.13277;515;0
2025.05.30 12:20;1.13277;1.13307;1.13245;1.13287;488;0
2025.05.30 12:30;1.13284;1.13285;1.13233;1.13281;505;0
2025.05.30 12:40;1.13284;1.13318;1.13276;1.13308;475;0
2025.05.30 12:50;1.13308;1.13308;1.13239;1.13256;514;0
2025.05.30 13:00;1.13256;1.13302;1.13253;1.13272;454;0
2025.05.30 13:10;1.13270;1.13349;1.13267;1.13330;464;0
2025.05.30 13:20;1.13331;1.13336;1.13259;1.13291;450;0
2025.05.30 13:30;1.13291;1.13339;1.13252;1.13331;447;0
2025.05.30 13:40;1.13334;1.13341;1.13270;1.13270;381;0
2025.05.30 13:50;1.13270;1.13300;1.13248;1.13275;502;0
2025.05.30 14:00;1.13274;1.13337;1.13266;1.13315;542;0
2025.05.30 14:10;1.13316;1.13342;1.13269;1.13324;458;0
2025.05.30 14:20;1.13323;1.13343;1.13297;1.13318;453;0
2025.05.30 14:30;1.13319;1.13355;1.13298;1.13300;403;0
2025.05.30 14:40;1.13300;1.13332;1.13268;1.13268;506;0
2025.05.30 14:50;1.13269;1.13387;1.13233;1.13379;544;0
2025.05.30 15:00;1.13379;1.13466;1.13348;1.13386;702;0
2025.05.30 15:10;1.13388;1.13525;1.13388;1.13422;1239;0
2025.05.30 15:20;1.13424;1.13540;1.13419;1.13489;832;0
2025.05.30 15:30;1.13489;1.13579;1.13399;1.13577;1072;0
2025.05.30 15:40;1.13576;1.13587;1.13422;1.13430;765;0
2025.05.30 15:50;1.13429;1.13490;1.13394;1.13461;728;0
2025.05.30 16:00;1.13464;1.13481;1.13403;1.13453;678;0
2025.05.30 16:10;1.13453;1.13468;1.13340;1.13346;681;0
2025.05.30 16:20;1.13346;1.13377;1.13266;1.13301;765;0
2025.05.30 16:30;1.13301;1.13377;1.13271;1.13345;924;0
2025.05.30 16:40;1.13345;1.13353;1.13127;1.13219;813;0
2025.05.30 16:50;1.13219;1.13269;1.13162;1.13167;801;0
2025.05.30 17:00;1.13174;1.13279;1.13137;1.13279;854;0
2025.05.30 17:10;1.13278;1.13353;1.13253;1.13265;856;0
2025.05.30 17:20;1.13265;1.13373;1.13265;1.13299;746;0
2025.05.30 17:30;1.13299;1.13366;1.13266;1.13302;923;0
2025.05.30 17:40;1.13301;1.13357;1.13244;1.13296;1038;0
2025.05.30 17:50;1.13295;1.13546;1.13285;1.13520;1578;0
2025.05.30 18:00;1.13521;1.13583;1.13458;1.13508;1204;0
2025.05.30 18:10;1.13508;1.13577;1.13464;1.13469;851;0
2025.05.30 18:20;1.13463;1.13530;1.13463;1.13494;717;0
2025.05.30 18:30;1.13494;1.13523;1.13446;1.13493;761;0
2025.05.30 18:40;1.13492;1.13570;1.13488;1.13518;655;0
2025.05.30 18:50;1.13521;1.13540;1.13435;1.13464;569;0
2025.05.30 19:00;1.13464;1.13552;1.13456;1.13498;585;1
2025.05.30 19:10;1.13500;1.13536;1.13473;1.13476;449;1
2025.05.30 19:20;1.13476;1.13499;1.13462;1.13491;574;0
2025.05.30 19:30;1.13491;1.13496;1.13435;1.13475;578;1
2025.05.30 19:40;1.13475;1.13498;1.13451;1.13473;460;0
2025.05.30 19:50;1.13473;1.13505;1.13455;1.13504;403;0
2025.05.30 20:00;1.13509;1.13540;1.13498;1.13540;372;0
2025.05.30 20:10;1.13541;1.13634;1.13536;1.13619;396;1
2025.05.30 20:20;1.13619;1.13655;1.13591;1.13596;345;0
2025.05.30 20:30;1.13596;1.13672;1.13586;1.13661;342;0
2025.05.30 20:40;1.13662;1.13671;1.13618;1.13634;343;0
2025.05.30 20:50;1.13634;1.13645;1.13570;1.13571;300;0
2025.05.30 21:00;1.13571;1.13635;1.13567;1.13634;421;0
2025.05.30 21:10;1.13634;1.13650;1.13597;1.13598;422;0
2025.05.30 21:20;1.13598;1.13620;1.13565;1.13604;431;0
2025.05.30 21:30;1.13605;1.13605;1.13558;1.13564;373;0
2025.05.30 21:40;1.13564;1.13596;1.13559;1.13564;388;0
2025.05.30 21:50;1.13564;1.13603;1.13547;1.13587;353;0
2025.05.30 22:00;1.13586;1.13599;1.13565;1.13591;316;0
2025.05.30 22:10;1.13591;1.13608;1.13580;1.13589;252;0
2025.05.30 22:20;1.13591;1.13607;1.13553;1.13555;291;0
2025.05.30 22:30;1.13555;1.13565;1.13506;1.13520;307;1
2025.05.30 22:40;1.13520;1.13520;1.13494;1.13499;300;0
2025.05.30 22:50;1.13500;1.13565;1.13499;1.13563;420;0
2025.05.30 23:00;1.13564;1.13564;1.13498;1.13513;314;0
2025.05.30 23:10;1.13513;1.13534;1.13499;1.13513;136;0
2025.05.30 23:20;1.13513;1.13518;1.13469;1.13471;150;0
2025.05.30 23:30;1.13471;1.13483;1.13460;1.13461;106;0
2025.05.30 23:40;1.13458;1.13493;1.13448;1.13487;158;5
2025.05.30 23:50;1.13487;1.13489;1.13453;1.13468;114;5
2025.06.02 00:00;1.13436;1.13460;1.13422;1.13452;51;76
2025.06.02 00:10;1.13452;1.13482;1.13450;1.13476;69;36
2025.06.02 00:20;1.13471;1.13472;1.13454;1.13456;58;37
2025.06.02 00:30;1.13466;1.13488;1.13465;1.13488;81;25
2025.06.02 00:40;1.13487;1.13502;1.13486;1.13499;134;25
2025.06.02 00:50;1.13501;1.13540;1.13499;1.13501;111;25
2025.06.02 01:00;1.13501;1.13574;1.13446;1.13561;385;0
2025.06.02 01:10;1.13567;1.13578;1.13541;1.13570;365;0
2025.06.02 01:20;1.13573;1.13578;1.13500;1.13512;384;0
2025.06.02 01:30;1.13511;1.13517;1.13482;1.13489;315;0
2025.06.02 01:40;1.13489;1.13534;1.13481;1.13531;236;0
2025.06.02 01:50;1.13532;1.13568;1.13528;1.13553;291;0
2025.06.02 02:00;1.13555;1.13601;1.13535;1.13599;385;0
2025.06.02 02:10;1.13598;1.13598;1.13556;1.13560;303;0
2025.06.02 02:20;1.13559;1.13587;1.13558;1.13582;233;0
2025.06.02 02:30;1.13587;1.13593;1.13566;1.13576;228;0
2025.06.02 02:40;1.13576;1.13604;1.13562;1.13575;260;0
2025.06.02 02:50;1.13575;1.13576;1.13510;1.13531;286;0
2025.06.02 03:00;1.13531;1.13642;1.13528;1.13638;563;0
2025.06.02 03:10;1.13636;1.13740;1.13635;1.13733;471;0
2025.06.02 03:20;1.13733;1.13741;1.13690;1.13717;471;0
2025.06.02 03:30;1.13716;1.13727;1.13660;1.13665;575;0
2025.06.02 03:40;1.13664;1.13678;1.13645;1.13676;453;0
2025.06.02 03:50;1.13675;1.13747;1.13672;1.13687;675;0
2025.06.02 04:00;1.13688;1.13748;1.13678;1.13733;501;0
2025.06.02 04:10;1.13733;1.13753;1.13708;1.13722;610;0
2025.06.02 04:20;1.13722;1.13805;1.13703;1.13800;545;0
2025.06.02 04:30;1.13802;1.13821;1.13754;1.13808;575;0
2025.06.02 04:40;1.13811;1.13815;1.13749;1.13762;528;0
2025.06.02 04:50;1.13763;1.13764;1.13699;1.13702;519;0
2025.06.02 05:00;1.13702;1.13734;1.13689;1.13715;517;0
2025.06.02 05:10;1.13713;1.13724;1.13682;1.13685;376;0
2025.06.02 05:20;1.13687;1.13698;1.13658;1.13670;471;0
2025.06.02 05:30;1.13670;1.13733;1.13670;1.13713;306;0
2025.06.02 05:40;1.13715;1.13715;1.13685;1.13696;282;0
2025.06.02 05:50;1.13696;1.13698;1.13618;1.13645;343;0
2025.06.02 06:00;1.13643;1.13659;1.13590;1.13590;358;0
2025.06.02 06:10;1.13586;1.13624;1.13574;1.13621;338;0
2025.06.02 06:20;1.13620;1.13637;1.13584;1.13587;263;0
2025.06.02 06:30;1.13584;1.13584;1.13542;1.13558;340;0
2025.06.02 06:40;1.13559;1.13601;1.13557;1.13599;353;0
2025.06.02 06:50;1.13599;1.13621;1.13572;1.13621;423;0
2025.06.02 07:00;1.13622;1.13640;1.13608;1.13617;275;0
2025.06.02 07:10;1.13617;1.13634;1.13600;1.13619;244;0
2025.06.02 07:20;1.13617;1.13651;1.13617;1.13643;240;0
2025.06.02 07:30;1.13643;1.13649;1.13616;1.13618;294;0
2025.06.02 07:40;1.13619;1.13644;1.13613;1.13630;323;0
2025.06.02 07:50;1.13630;1.13670;1.13628;1.13655;318;0
2025.06.02 08:00;1.13656;1.13701;1.13638;1.13697;288;0
2025.06.02 08:10;1.13696;1.13715;1.13672;1.13704;365;0
2025.06.02 08:20;1.13705;1.13723;1.13699;1.13721;282;0
2025.06.02 08:30;1.13721;1.13749;1.13696;1.13741;368;0
2025.06.02 08:40;1.13742;1.13804;1.13742;1.13804;436;0
2025.06.02 08:50;1.13804;1.13806;1.13770;1.13795;459;0
2025.06.02 09:00;1.13795;1.13826;1.13785;1.13825;452;0
2025.06.02 09:10;1.13822;1.13888;1.13808;1.13883;501;0
2025.06.02 09:20;1.13882;1.13918;1.13867;1.13908;424;0
2025.06.02 09:30;1.13908;1.13995;1.13908;1.13981;525;0
2025.06.02 09:40;1.13979;1.14067;1.13969;1.14035;618;0
2025.06.02 09:50;1.14034;1.14042;1.13985;1.14014;602;0
2025.06.02 10:00;1.14015;1.14084;1.13988;1.14049;762;0
2025.06.02 10:10;1.14045;1.14163;1.14028;1.14147;616;0
2025.06.02 10:20;1.14147;1.14200;1.14147;1.14170;668;0
2025.06.02 10:30;1.14171;1.14183;1.14132;1.14150;516;0
2025.06.02 10:40;1.14150;1.14268;1.14135;1.14266;693;0
2025.06.02 10:50;1.14269;1.14368;1.14238;1.14238;902;0
2025.06.02 11:00;1.14238;1.14276;1.14211;1.14230;649;0
2025.06.02 11:10;1.14228;1.14272;1.14191;1.14201;646;0
2025.06.02 11:20;1.14202;1.14225;1.14132;1.14157;565;0
2025.06.02 11:30;1.14162;1.14206;1.14128;1.14200;550;0
2025.06.02 11:40;1.14202;1.14228;1.14170;1.14205;583;0
2025.06.02 11:50;1.14208;1.14224;1.14170;1.14202;643;0
2025.06.02 12:00;1.14202;1.14322;1.14193;1.14319;716;0
2025.06.02 12:10;1.14320;1.14371;1.14299;1.14353;637;0
2025.06.02 12:20;1.14353;1.14368;1.14311;1.14327;623;0
2025.06.02 12:30;1.14325;1.14357;1.14274;1.14298;690;0
2025.06.02 12:40;1.14298;1.14328;1.14288;1.14292;532;0
2025.06.02 12:50;1.14292;1.14317;1.14230;1.14233;599;0
2025.06.02 13:00;1.14236;1.14247;1.14198;1.14217;518;0
2025.06.02 13:10;1.14216;1.14216;1.14174;1.14205;460;0
2025.06.02 13:20;1.14204;1.14281;1.14201;1.14215;445;0
2025.06.02 13:30;1.14212;1.14212;1.14131;1.14146;445;0
2025.06.02 13:40;1.14145;1.14199;1.14134;1.14190;493;0
2025.06.02 13:50;1.14191;1.14224;1.14136;1.14153;623;0
2025.06.02 14:00;1.14152;1.14209;1.14135;1.14207;600;0
2025.06.02 14:10;1.14208;1.14235;1.14174;1.14232;609;0
2025.06.02 14:20;1.14232;1.14263;1.14217;1.14229;403;0
2025.06.02 14:30;1.14229;1.14230;1.14148;1.14164;513;0
2025.06.02 14:40;1.14162;1.14170;1.14105;1.14121;532;0
2025.06.02 14:50;1.14122;1.14168;1.14092;1.14143;522;0
2025.06.02 15:00;1.14143;1.14219;1.14135;1.14189;588;0
2025.06.02 15:10;1.14189;1.14196;1.14111;1.14141;494;0
2025.06.02 15:20;1.14142;1.14219;1.14123;1.14209;437;0
2025.06.02 15:30;1.14210;1.14287;1.14210;1.14283;605;0
2025.06.02 15:40;1.14284;1.14290;1.14187;1.14210;611;0
2025.06.02 15:50;1.14210;1.14241;1.14164;1.14183;700;0
2025.06.02 16:00;1.14185;1.14189;1.14115;1.14146;639;0
2025.06.02 16:10;1.14145;1.14199;1.14127;1.14144;583;0
2025.06.02 16:20;1.14148;1.14183;1.14043;1.14089;631;0
2025.06.02 16:30;1.14093;1.14136;1.14045;1.14088;825;0
2025.06.02 16:40;1.14089;1.14207;1.14083;1.14128;698;0
2025.06.02 16:50;1.14129;1.14230;1.14117;1.14195;797;0
2025.06.02 17:00;1.14247;1.14438;1.14212;1.14400;1256;0
2025.06.02 17:10;1.14400;1.14424;1.14339;1.14397;952;0
2025.06.02 17:20;1.14397;1.14458;1.14387;1.14433;869;0
2025.06.02 17:30;1.14432;1.14499;1.14401;1.14404;904;0
2025.06.02 17:40;1.14409;1.14442;1.14376;1.14386;805;0
2025.06.02 17:50;1.14386;1.14407;1.14342;1.14349;868;0
2025.06.02 18:00;1.14348;1.14375;1.14302;1.14326;750;0
2025.06.02 18:10;1.14326;1.14366;1.14298;1.14364;690;0
2025.06.02 18:20;1.14363;1.14389;1.14326;1.14333;693;0
2025.06.02 18:30;1.14334;1.14337;1.14250;1.14320;702;0
2025.06.02 18:40;1.14320;1.14373;1.14320;1.14335;553;0
2025.06.02 18:50;1.14334;1.14334;1.14241;1.14307;522;0
2025.06.02 19:00;1.14307;1.14320;1.14227;1.14249;537;1
2025.06.02 19:10;1.14248;1.14279;1.14230;1.14268;378;1
2025.06.02 19:20;1.14269;1.14286;1.14201;1.14216;416;1
2025.06.02 19:30;1.14216;1.14233;1.14173;1.14212;389;1
2025.06.02 19:40;1.14207;1.14207;1.14117;1.14177;392;0
2025.06.02 19:50;1.14177;1.14190;1.14143;1.14185;391;0
2025.06.02 20:00;1.14185;1.14256;1.14160;1.14240;386;0
2025.06.02 20:10;1.14240;1.14258;1.14201;1.14233;311;0
2025.06.02 20:20;1.14233;1.14233;1.14171;1.14182;297;0
2025.06.02 20:30;1.14182;1.14231;1.14171;1.14229;350;0
2025.06.02 20:40;1.14229;1.14256;1.14206;1.14223;340;0
2025.06.02 20:50;1.14223;1.14254;1.14214;1.14225;368;1
2025.06.02 21:00;1.14220;1.14241;1.14188;1.14223;424;0
2025.06.02 21:10;1.14225;1.14247;1.14213;1.14247;386;0
2025.06.02 21:20;1.14251;1.14268;1.14225;1.14268;307;0
2025.06.02 21:30;1.14268;1.14306;1.14246;1.14305;335;0
2025.06.02 21:40;1.14305;1.14360;1.14298;1.14356;288;0
2025.06.02 21:50;1.14356;1.14427;1.14345;1.14414;421;0
2025.06.02 22:00;1.14405;1.14421;1.14334;1.14354;395;0
2025.06.02 22:10;1.14354;1.14382;1.14350;1.14375;301;0
2025.06.02 22:20;1.14377;1.14397;1.14345;1.14382;271;0
2025.06.02 22:30;1.14382;1.14432;1.14355;1.14428;224;0
2025.06.02 22:40;1.14428;1.14432;1.14409;1.14420;280;0
2025.06.02 22:50;1.14420;1.14456;1.14414;1.14452;352;0
2025.06.02 23:00;1.14451;1.14451;1.14422;1.14427;184;0
2025.06.02 23:10;1.14424;1.14448;1.14424;1.14442;83;0
2025.06.02 23:20;1.14442;1.14463;1.14442;1.14452;99;0
2025.06.02 23:30;1.14452;1.14452;1.14426;1.14430;137;1
2025.06.02 23:40;1.14428;1.14431;1.14399;1.14408;142;5
2025.06.02 23:50;1.14408;1.14433;1.14403;1.14432;141;5
2025.06.03 00:00;1.14339;1.14375;1.14339;1.14353;31;24
2025.06.03 00:10;1.14353;1.14384;1.14347;1.14364;126;24
2025.06.03 00:20;1.14364;1.14381;1.14364;1.14380;46;33
2025.06.03 00:30;1.14388;1.14410;1.14384;1.14385;117;24
2025.06.03 00:40;1.14379;1.14380;1.14351;1.14371;103;24
2025.06.03 00:50;1.14384;1.14399;1.14379;1.14391;196;24
2025.06.03 01:00;1.14399;1.14413;1.14374;1.14384;201;0
2025.06.03 01:10;1.14383;1.14438;1.14383;1.14437;128;0
2025.06.03 01:20;1.14439;1.14460;1.14437;1.14455;167;0
2025.06.03 01:30;1.14455;1.14458;1.14438;1.14442;130;0
2025.06.03 01:40;1.14441;1.14449;1.14422;1.14449;125;0
2025.06.03 01:50;1.14449;1.14456;1.14421;1.14452;147;0
2025.06.03 02:00;1.14452;1.14486;1.14446;1.14476;186;0
2025.06.03 02:10;1.14475;1.14514;1.14475;1.14510;195;0
2025.06.03 02:20;1.14509;1.14524;1.14487;1.14502;230;0
2025.06.03 02:30;1.14504;1.14534;1.14499;1.14519;205;0
2025.06.03 02:40;1.14519;1.14539;1.14517;1.14533;181;0
2025.06.03 02:50;1.14531;1.14537;1.14512;1.14530;186;0
2025.06.03 03:00;1.14530;1.14546;1.14450;1.14472;425;0
2025.06.03 03:10;1.14472;1.14486;1.14432;1.14453;420;0
2025.06.03 03:20;1.14451;1.14462;1.14422;1.14442;350;0
2025.06.03 03:30;1.14445;1.14471;1.14419;1.14425;365;0
2025.06.03 03:40;1.14426;1.14439;1.14406;1.14408;454;0
2025.06.03 03:50;1.14409;1.14465;1.14388;1.14432;524;0
2025.06.03 04:00;1.14429;1.14432;1.14339;1.14375;556;0
2025.06.03 04:10;1.14377;1.14383;1.14315;1.14331;630;0
2025.06.03 04:20;1.14331;1.14340;1.14305;1.14320;577;0
2025.06.03 04:30;1.14320;1.14350;1.14281;1.14349;679;0
2025.06.03 04:40;1.14350;1.14374;1.14289;1.14290;468;0
2025.06.03 04:50;1.14291;1.14323;1.14266;1.14278;503;0
2025.06.03 05:00;1.14278;1.14280;1.14231;1.14272;427;0
2025.06.03 05:10;1.14273;1.14300;1.14227;1.14280;451;0
2025.06.03 05:20;1.14280;1.14305;1.14252;1.14279;405;0
2025.06.03 05:30;1.14280;1.14293;1.14224;1.14229;442;0
2025.06.03 05:40;1.14231;1.14260;1.14186;1.14249;411;0
2025.06.03 05:50;1.14249;1.14272;1.14241;1.14256;395;0
2025.06.03 06:00;1.14254;1.14276;1.14230;1.14266;487;0
2025.06.03 06:10;1.14266;1.14273;1.14233;1.14238;401;0
2025.06.03 06:20;1.14239;1.14244;1.14187;1.14195;401;0
2025.06.03 06:30;1.14195;1.14200;1.14165;1.14187;469;0
2025.06.03 06:40;1.14182;1.14184;1.14160;1.14164;443;0
2025.06.03 06:50;1.14163;1.14202;1.14163;1.14198;372;0
2025.06.03 07:00;1.14199;1.14213;1.14171;1.14190;402;0
2025.06.03 07:10;1.14190;1.14228;1.14177;1.14226;320;0
2025.06.03 07:20;1.14227;1.14228;1.14188;1.14203;318;0
2025.06.03 07:30;1.14202;1.14217;1.14191;1.14196;319;0
2025.06.03 07:40;1.14197;1.14243;1.14197;1.14242;240;0
2025.06.03 07:50;1.14241;1.14257;1.14226;1.14256;325;0
2025.06.03 08:00;1.14256;1.14277;1.14201;1.14217;346;0
2025.06.03 08:10;1.14218;1.14246;1.14209;1.14228;326;0
2025.06.03 08:20;1.14229;1.14246;1.14149;1.14164;456;0
2025.06.03 08:30;1.14164;1.14184;1.14137;1.14158;388;0
2025.06.03 08:40;1.14157;1.14163;1.14120;1.14160;415;0
2025.06.03 08:50;1.14160;1.14238;1.14153;1.14221;409;0
2025.06.03 09:00;1.14221;1.14248;1.14183;1.14185;498;0
2025.06.03 09:10;1.14184;1.14281;1.14154;1.14278;561;0
2025.06.03 09:20;1.14278;1.14312;1.14267;1.14290;483;0
2025.06.03 09:30;1.14290;1.14301;1.14222;1.14227;483;0
2025.06.03 09:40;1.14227;1.14287;1.14201;1.14280;503;0
2025.06.03 09:50;1.14279;1.14297;1.14245;1.14290;515;0
2025.06.03 10:00;1.14289;1.14293;1.14193;1.14238;673;0
2025.06.03 10:10;1.14238;1.14320;1.14232;1.14292;579;0
2025.06.03 10:20;1.14293;1.14324;1.14242;1.14295;705;0
2025.06.03 10:30;1.14293;1.14300;1.14151;1.14196;648;0
2025.06.03 10:40;1.14195;1.14208;1.14151;1.14155;505;0
2025.06.03 10:50;1.14153;1.14195;1.14142;1.14157;557;0
2025.06.03 11:00;1.14157;1.14186;1.14080;1.14115;678;0
2025.06.03 11:10;1.14114;1.14141;1.14054;1.14083;632;0
2025.06.03 11:20;1.14083;1.14120;1.14079;1.14108;528;0
2025.06.03 11:30;1.14106;1.14174;1.14102;1.14136;568;0
2025.06.03 11:40;1.14139;1.14145;1.14088;1.14142;532;0
2025.06.03 11:50;1.14142;1.14165;1.14111;1.14117;482;0
2025.06.03 12:00;1.14116;1.14116;1.14017;1.14075;634;0
2025.06.03 12:10;1.14075;1.14132;1.14069;1.14077;550;0
2025.06.03 12:20;1.14077;1.14150;1.14077;1.14144;543;0
2025.06.03 12:30;1.14143;1.14178;1.14132;1.14160;527;0
2025.06.03 12:40;1.14158;1.14181;1.14113;1.14114;531;0
2025.06.03 12:50;1.14115;1.14128;1.14085;1.14119;478;0
2025.06.03 13:00;1.14118;1.14125;1.14027;1.14065;476;0
2025.06.03 13:10;1.14065;1.14073;1.14027;1.14028;381;0
2025.06.03 13:20;1.14027;1.14047;1.14012;1.14021;484;0
2025.06.03 13:30;1.14022;1.14087;1.13964;1.14077;519;0
2025.06.03 13:40;1.14076;1.14120;1.14035;1.14044;447;0
2025.06.03 13:50;1.14043;1.14044;1.13965;1.13978;525;0
2025.06.03 14:00;1.13979;1.13992;1.13914;1.13928;500;0
2025.06.03 14:10;1.13928;1.13947;1.13906;1.13925;432;0
2025.06.03 14:20;1.13925;1.13935;1.13865;1.13868;538;0
2025.06.03 14:30;1.13867;1.13936;1.13867;1.13898;513;0
2025.06.03 14:40;1.13898;1.13952;1.13892;1.13945;455;0
2025.06.03 14:50;1.13946;1.13947;1.13878;1.13906;554;0
2025.06.03 15:00;1.13908;1.13942;1.13858;1.13859;514;0
2025.06.03 15:10;1.13858;1.13858;1.13801;1.13829;542;0
2025.06.03 15:20;1.13832;1.13876;1.13812;1.13852;463;0
2025.06.03 15:30;1.13852;1.13864;1.13771;1.13837;571;0
2025.06.03 15:40;1.13838;1.13844;1.13780;1.13804;518;0
2025.06.03 15:50;1.13803;1.13833;1.13780;1.13820;612;0
2025.06.03 16:00;1.13822;1.13867;1.13798;1.13866;540;0
2025.06.03 16:10;1.13867;1.13894;1.13856;1.13864;537;0
2025.06.03 16:20;1.13864;1.13910;1.13807;1.13831;603;0
2025.06.03 16:30;1.13830;1.13950;1.13772;1.13938;901;0
2025.06.03 16:40;1.13939;1.13946;1.13822;1.13846;746;0
2025.06.03 16:50;1.13846;1.13887;1.13812;1.13875;725;0
2025.06.03 17:00;1.13868;1.13888;1.13641;1.13718;1200;0
2025.06.03 17:10;1.13718;1.13874;1.13704;1.13871;828;0
2025.06.03 17:20;1.13869;1.13897;1.13818;1.13863;831;0
2025.06.03 17:30;1.13865;1.13926;1.13864;1.13888;780;0
2025.06.03 17:40;1.13890;1.13924;1.13837;1.13865;698;0
2025.06.03 17:50;1.13865;1.13934;1.13854;1.13919;754;0
2025.06.03 18:00;1.13920;1.13930;1.13837;1.13840;629;0
2025.06.03 18:10;1.13840;1.13859;1.13785;1.13792;629;0
2025.06.03 18:20;1.13794;1.13804;1.13740;1.13786;568;0
2025.06.03 18:30;1.13785;1.13801;1.13740;1.13774;597;0
2025.06.03 18:40;1.13774;1.13834;1.13743;1.13770;530;0
2025.06.03 18:50;1.13770;1.13772;1.13708;1.13721;491;0
2025.06.03 19:00;1.13723;1.13816;1.13723;1.13803;432;1
2025.06.03 19:10;1.13802;1.13834;1.13785;1.13786;350;0
2025.06.03 19:20;1.13785;1.13817;1.13762;1.13770;361;0
2025.06.03 19:30;1.13768;1.13768;1.13684;1.13690;356;0
2025.06.03 19:40;1.13689;1.13730;1.13674;1.13729;279;0
2025.06.03 19:50;1.13728;1.13757;1.13716;1.13733;317;0
2025.06.03 20:00;1.13733;1.13777;1.13730;1.13745;271;0
2025.06.03 20:10;1.13747;1.13805;1.13745;1.13774;314;0
2025.06.03 20:20;1.13775;1.13804;1.13759;1.13779;249;0
2025.06.03 20:30;1.13779;1.13811;1.13771;1.13808;222;0
2025.06.03 20:40;1.13808;1.13817;1.13790;1.13800;188;0
2025.06.03 20:50;1.13796;1.13805;1.13766;1.13780;307;1
2025.06.03 21:00;1.13778;1.13778;1.13742;1.13749;241;0
2025.06.03 21:10;1.13749;1.13764;1.13726;1.13755;227;0
2025.06.03 21:20;1.13755;1.13768;1.13740;1.13764;238;0
2025.06.03 21:30;1.13764;1.13764;1.13718;1.13741;173;0
2025.06.03 21:40;1.13740;1.13744;1.13692;1.13732;252;0
2025.06.03 21:50;1.13732;1.13756;1.13718;1.13749;242;0
2025.06.03 22:00;1.13748;1.13762;1.13742;1.13751;221;0
2025.06.03 22:10;1.13750;1.13761;1.13719;1.13719;136;0
2025.06.03 22:20;1.13717;1.13740;1.13707;1.13724;163;0
2025.06.03 22:30;1.13724;1.13745;1.13717;1.13733;143;0
2025.06.03 22:40;1.13733;1.13733;1.13706;1.13707;264;1
2025.06.03 22:50;1.13707;1.13707;1.13676;1.13688;277;1
2025.06.03 23:00;1.13687;1.13730;1.13683;1.13716;141;0
2025.06.03 23:10;1.13716;1.13722;1.13708;1.13711;81;0
2025.06.03 23:20;1.13710;1.13715;1.13701;1.13701;118;0
2025.06.03 23:30;1.13701;1.13734;1.13701;1.13734;95;0
2025.06.03 23:40;1.13731;1.13741;1.13728;1.13731;97;5
2025.06.03 23:50;1.13727;1.13727;1.13692;1.13704;215;5
2025.06.04 00:00;1.13676;1.13736;1.13676;1.13723;41;33
2025.06.04 00:10;1.13724;1.13754;1.13682;1.13745;139;24
2025.06.04 00:20;1.13746;1.13760;1.13734;1.13746;82;41
2025.06.04 00:30;1.13744;1.13757;1.13716;1.13720;73;25
2025.06.04 00:40;1.13720;1.13738;1.13719;1.13732;140;24
2025.06.04 00:50;1.13732;1.13770;1.13732;1.13768;139;24
2025.06.04 01:00;1.13768;1.13768;1.13704;1.13731;160;0
2025.06.04 01:10;1.13730;1.13738;1.13718;1.13735;130;0
2025.06.04 01:20;1.13736;1.13745;1.13707;1.13719;124;0
2025.06.04 01:30;1.13720;1.13737;1.13714;1.13726;165;0
2025.06.04 01:40;1.13726;1.13753;1.13725;1.13748;161;0
2025.06.04 01:50;1.13748;1.13750;1.13741;1.13742;167;0
2025.06.04 02:00;1.13743;1.13757;1.13741;1.13753;148;0
2025.06.04 02:10;1.13753;1.13774;1.13747;1.13769;120;0
2025.06.04 02:20;1.13769;1.13771;1.13748;1.13759;178;0
2025.06.04 02:30;1.13759;1.13791;1.13759;1.13791;158;0
2025.06.04 02:40;1.13790;1.13860;1.13787;1.13847;213;0
2025.06.04 02:50;1.13846;1.13858;1.13808;1.13841;240;0
2025.06.04 03:00;1.13840;1.13890;1.13818;1.13820;532;0
2025.06.04 03:10;1.13820;1.13846;1.13798;1.13821;501;0
2025.06.04 03:20;1.13821;1.13869;1.13806;1.13839;457;0
2025.06.04 03:30;1.13840;1.13840;1.13783;1.13831;398;0
2025.06.04 03:40;1.13832;1.13847;1.13817;1.13823;393;0
2025.06.04 03:50;1.13824;1.13856;1.13819;1.13826;626;0
2025.06.04 04:00;1.13826;1.13826;1.13712;1.13765;725;0
2025.06.04 04:10;1.13773;1.13828;1.13766;1.13823;565;0
2025.06.04 04:20;1.13820;1.13886;1.13818;1.13860;452;0
2025.06.04 04:30;1.13860;1.13935;1.13835;1.13923;640;0
2025.06.04 04:40;1.13924;1.13929;1.13866;1.13895;502;0
2025.06.04 04:50;1.13895;1.13904;1.13848;1.13856;602;0
2025.06.04 05:00;1.13856;1.13879;1.13832;1.13867;519;0
2025.06.04 05:10;1.13867;1.13879;1.13840;1.13842;329;0
2025.06.04 05:20;1.13842;1.13842;1.13808;1.13811;286;0
2025.06.04 05:30;1.13812;1.13812;1.13761;1.13765;343;0
2025.06.04 05:40;1.13765;1.13767;1.13735;1.13743;395;0
2025.06.04 05:50;1.13745;1.13777;1.13743;1.13760;390;0
2025.06.04 06:00;1.13762;1.13809;1.13759;1.13795;331;0
2025.06.04 06:10;1.13795;1.13805;1.13782;1.13793;234;0
2025.06.04 06:20;1.13794;1.13798;1.13770;1.13771;289;0
2025.06.04 06:30;1.13768;1.13772;1.13686;1.13687;401;0
2025.06.04 06:40;1.13683;1.13691;1.13657;1.13691;391;0
2025.06.04 06:50;1.13692;1.13707;1.13670;1.13677;456;0
2025.06.04 07:00;1.13681;1.13791;1.13654;1.13765;535;0
2025.06.04 07:10;1.13766;1.13790;1.13740;1.13747;373;0
2025.06.04 07:20;1.13747;1.13775;1.13738;1.13764;327;0
2025.06.04 07:30;1.13765;1.13767;1.13720;1.13724;359;0
2025.06.04 07:40;1.13724;1.13728;1.13669;1.13672;390;0
2025.06.04 07:50;1.13673;1.13675;1.13646;1.13667;346;0
2025.06.04 08:00;1.13668;1.13718;1.13667;1.13701;408;0
2025.06.04 08:10;1.13701;1.13712;1.13668;1.13678;303;0
2025.06.04 08:20;1.13675;1.13680;1.13661;1.13673;331;0
2025.06.04 08:30;1.13674;1.13677;1.13568;1.13617;596;0
2025.06.04 08:40;1.13615;1.13684;1.13608;1.13655;387;0
2025.06.04 08:50;1.13656;1.13690;1.13599;1.13624;596;0
2025.06.04 09:00;1.13624;1.13657;1.13573;1.13628;662;0
2025.06.04 09:10;1.13630;1.13702;1.13613;1.13681;627;0
2025.06.04 09:20;1.13682;1.13729;1.13648;1.13729;607;0
2025.06.04 09:30;1.13728;1.13762;1.13701;1.13736;554;0
2025.06.04 09:40;1.13736;1.13762;1.13707;1.13746;452;0
2025.06.04 09:50;1.13746;1.13783;1.13711;1.13779;593;0
2025.06.04 10:00;1.13777;1.13849;1.13756;1.13822;704;0
2025.06.04 10:10;1.13824;1.13872;1.13816;1.13872;508;0
2025.06.04 10:20;1.13872;1.13942;1.13855;1.13942;480;0
2025.06.04 10:30;1.13942;1.13969;1.13928;1.13934;479;0
2025.06.04 10:40;1.13934;1.13943;1.13887;1.13922;613;0
2025.06.04 10:50;1.13933;1.13941;1.13858;1.13868;663;0
2025.06.04 11:00;1.13866;1.13890;1.13829;1.13868;594;0
2025.06.04 11:10;1.13867;1.13913;1.13847;1.13874;514;0
2025.06.04 11:20;1.13875;1.13904;1.13855;1.13901;421;0
2025.06.04 11:30;1.13912;1.13990;1.13910;1.13985;447;0
2025.06.04 11:40;1.13985;1.14040;1.13974;1.14022;547;0
2025.06.04 11:50;1.14025;1.14039;1.13991;1.13994;493;0
2025.06.04 12:00;1.13993;1.13993;1.13933;1.13938;493;0
2025.06.04 12:10;1.13939;1.13953;1.13904;1.13904;509;0
2025.06.04 12:20;1.13905;1.13931;1.13895;1.13898;507;0
2025.06.04 12:30;1.13897;1.13914;1.13839;1.13855;500;0
2025.06.04 12:40;1.13855;1.13855;1.13815;1.13846;391;0
2025.06.04 12:50;1.13847;1.13874;1.13825;1.13829;486;0
2025.06.04 13:00;1.13829;1.13857;1.13814;1.13821;676;0
2025.06.04 13:10;1.13821;1.13834;1.13800;1.13828;468;0
2025.06.04 13:20;1.13829;1.13831;1.13767;1.13784;418;0
2025.06.04 13:30;1.13784;1.13800;1.13760;1.13768;422;0
2025.06.04 13:40;1.13767;1.13792;1.13750;1.13780;401;0
2025.06.04 13:50;1.13784;1.13824;1.13782;1.13824;389;0
2025.06.04 14:00;1.13824;1.13854;1.13821;1.13846;433;0
2025.06.04 14:10;1.13846;1.13874;1.13830;1.13861;383;0
2025.06.04 14:20;1.13860;1.13868;1.13830;1.13831;339;0
2025.06.04 14:30;1.13830;1.13861;1.13816;1.13821;360;0
2025.06.04 14:40;1.13820;1.13847;1.13793;1.13799;323;0
2025.06.04 14:50;1.13799;1.13813;1.13770;1.13793;471;0
2025.06.04 15:00;1.13793;1.13857;1.13793;1.13835;555;0
2025.06.04 15:10;1.13834;1.14038;1.13804;1.14014;926;0
2025.06.04 15:20;1.14014;1.14100;1.13998;1.14009;999;0
2025.06.04 15:30;1.14018;1.14025;1.13952;1.13979;906;0
2025.06.04 15:40;1.13979;1.14099;1.13978;1.14082;793;0
2025.06.04 15:50;1.14083;1.14109;1.14012;1.14093;762;0
2025.06.04 16:00;1.14094;1.14137;1.14028;1.14086;694;0
2025.06.04 16:10;1.14086;1.14093;1.13996;1.14028;585;0
2025.06.04 16:20;1.14028;1.14050;1.13995;1.14015;553;0
2025.06.04 16:30;1.14021;1.14025;1.13927;1.13993;683;0
2025.06.04 16:40;1.13991;1.14012;1.13949;1.13982;636;0
2025.06.04 16:50;1.13982;1.14043;1.13961;1.13979;897;0
2025.06.04 17:00;1.14114;1.14300;1.14067;1.14251;1268;0
2025.06.04 17:10;1.14252;1.14266;1.14168;1.14189;1020;0
2025.06.04 17:20;1.14191;1.14211;1.14135;1.14164;830;0
2025.06.04 17:30;1.14167;1.14278;1.14144;1.14261;758;0
2025.06.04 17:40;1.14261;1.14329;1.14261;1.14306;749;0
2025.06.04 17:50;1.14310;1.14345;1.14295;1.14328;812;0
2025.06.04 18:00;1.14326;1.14338;1.14208;1.14215;642;0
2025.06.04 18:10;1.14214;1.14237;1.14178;1.14221;630;0
2025.06.04 18:20;1.14222;1.14263;1.14209;1.14246;682;0
2025.06.04 18:30;1.14247;1.14273;1.14172;1.14176;710;0
2025.06.04 18:40;1.14176;1.14230;1.14169;1.14210;611;0
2025.06.04 18:50;1.14211;1.14254;1.14199;1.14236;526;0
2025.06.04 19:00;1.14237;1.14265;1.14207;1.14220;540;0
2025.06.04 19:10;1.14220;1.14263;1.14196;1.14220;435;0
2025.06.04 19:20;1.14219;1.14279;1.14219;1.14279;334;0
2025.06.04 19:30;1.14279;1.14318;1.14271;1.14304;320;0
2025.06.04 19:40;1.14304;1.14309;1.14246;1.14280;383;0
2025.06.04 19:50;1.14277;1.14346;1.14276;1.14331;271;0
2025.06.04 20:00;1.14335;1.14336;1.14290;1.14321;344;1
2025.06.04 20:10;1.14321;1.14321;1.14250;1.14270;343;1
2025.06.04 20:20;1.14271;1.14278;1.14235;1.14248;281;0
2025.06.04 20:30;1.14249;1.14320;1.14248;1.14318;271;0
2025.06.04 20:40;1.14318;1.14327;1.14292;1.14304;340;1
2025.06.04 20:50;1.14305;1.14317;1.14242;1.14249;327;0
2025.06.04 21:00;1.14249;1.14278;1.14212;1.14267;407;0
2025.06.04 21:10;1.14265;1.14279;1.14248;1.14260;233;0
2025.06.04 21:20;1.14261;1.14283;1.14246;1.14249;211;0
2025.06.04 21:30;1.14249;1.14252;1.14213;1.14213;214;0
2025.06.04 21:40;1.14213;1.14224;1.14202;1.14214;266;0
2025.06.04 21:50;1.14214;1.14228;1.14202;1.14203;318;0
2025.06.04 22:00;1.14203;1.14216;1.14186;1.14192;214;0
2025.06.04 22:10;1.14191;1.14197;1.14170;1.14177;188;0
2025.06.04 22:20;1.14177;1.14177;1.14130;1.14145;250;1
2025.06.04 22:30;1.14145;1.14168;1.14140;1.14143;179;0
2025.06.04 22:40;1.14137;1.14152;1.14125;1.14136;220;0
2025.06.04 22:50;1.14135;1.14140;1.14121;1.14122;331;0
2025.06.04 23:00;1.14121;1.14145;1.14100;1.14135;207;0
2025.06.04 23:10;1.14130;1.14165;1.14123;1.14153;121;0
2025.06.04 23:20;1.14152;1.14185;1.14148;1.14179;118;0
2025.06.04 23:30;1.14178;1.14215;1.14176;1.14208;136;0
2025.06.04 23:40;1.14206;1.14224;1.14190;1.14221;149;5
2025.06.04 23:50;1.14219;1.14219;1.14148;1.14149;307;5
2025.06.05 00:00;1.14094;1.14155;1.14094;1.14127;20;44
2025.06.05 00:10;1.14127;1.14178;1.14123;1.14172;51;27
2025.06.05 00:20;1.14169;1.14176;1.14134;1.14171;103;30
2025.06.05 00:30;1.14171;1.14188;1.14145;1.14171;73;24
2025.06.05 00:40;1.14171;1.14174;1.14146;1.14150;91;25
2025.06.05 00:50;1.14150;1.14161;1.14147;1.14155;67;25
2025.06.05 01:00;1.14147;1.14196;1.14145;1.14191;256;0
2025.06.05 01:10;1.14191;1.14195;1.14172;1.14188;248;0
2025.06.05 01:20;1.14188;1.14203;1.14182;1.14203;186;0
2025.06.05 01:30;1.14203;1.14207;1.14190;1.14190;152;0
2025.06.05 01:40;1.14192;1.14230;1.14191;1.14227;143;0
2025.06.05 01:50;1.14227;1.14227;1.14198;1.14199;89;0
2025.06.05 02:00;1.14200;1.14209;1.14200;1.14209;126;0
2025.06.05 02:10;1.14207;1.14253;1.14206;1.14249;156;0
2025.06.05 02:20;1.14248;1.14285;1.14248;1.14266;240;0
2025.06.05 02:30;1.14266;1.14269;1.14231;1.14236;214;0
2025.06.05 02:40;1.14237;1.14241;1.14198;1.14206;293;0
2025.06.05 02:50;1.14205;1.14225;1.14185;1.14209;266;0
2025.06.05 03:00;1.14210;1.14226;1.14162;1.14204;556;0
2025.06.05 03:10;1.14204;1.14262;1.14194;1.14204;475;0
2025.06.05 03:20;1.14204;1.14277;1.14204;1.14274;463;0
2025.06.05 03:30;1.14274;1.14281;1.14244;1.14247;472;0
2025.06.05 03:40;1.14247;1.14272;1.14222;1.14268;592;0
2025.06.05 03:50;1.14271;1.14294;1.14249;1.14291;571;0
2025.06.05 04:00;1.14292;1.14350;1.14287;1.14322;601;0
2025.06.05 04:10;1.14323;1.14347;1.14235;1.14250;498;0
2025.06.05 04:20;1.14250;1.14252;1.14203;1.14249;494;0
2025.06.05 04:30;1.14249;1.14259;1.14135;1.14156;638;0
2025.06.05 04:40;1.14154;1.14176;1.14141;1.14164;488;0
2025.06.05 04:50;1.14165;1.14192;1.14145;1.14166;529;0
2025.06.05 05:00;1.14165;1.14176;1.14109;1.14129;388;0
2025.06.05 05:10;1.14129;1.14138;1.14104;1.14119;427;0
2025.06.05 05:20;1.14118;1.14157;1.14109;1.14157;440;0
2025.06.05 05:30;1.14156;1.14196;1.14155;1.14166;395;0
2025.06.05 05:40;1.14165;1.14178;1.14133;1.14149;358;0
2025.06.05 05:50;1.14149;1.14190;1.14149;1.14176;388;0
2025.06.05 06:00;1.14177;1.14182;1.14150;1.14153;407;0
2025.06.05 06:10;1.14154;1.14166;1.14139;1.14155;314;0
2025.06.05 06:20;1.14154;1.14222;1.14153;1.14218;463;0
2025.06.05 06:30;1.14221;1.14227;1.14152;1.14177;514;0
2025.06.05 06:40;1.14176;1.14206;1.14157;1.14158;402;0
2025.06.05 06:50;1.14162;1.14162;1.14089;1.14105;597;0
2025.06.05 07:00;1.14104;1.14138;1.14081;1.14133;423;0
2025.06.05 07:10;1.14133;1.14142;1.14095;1.14124;381;0
2025.06.05 07:20;1.14123;1.14145;1.14110;1.14125;438;0
2025.06.05 07:30;1.14126;1.14129;1.14082;1.14115;437;0
2025.06.05 07:40;1.14115;1.14140;1.14096;1.14098;303;0
2025.06.05 07:50;1.14101;1.14115;1.14078;1.14104;283;0
2025.06.05 08:00;1.14108;1.14126;1.14092;1.14108;420;0
2025.06.05 08:10;1.14108;1.14137;1.14092;1.14096;433;0
2025.06.05 08:20;1.14096;1.14125;1.14093;1.14115;453;0
2025.06.05 08:30;1.14109;1.14126;1.14083;1.14089;459;0
2025.06.05 08:40;1.14088;1.14106;1.14079;1.14103;366;0
2025.06.05 08:50;1.14103;1.14103;1.14045;1.14062;471;0
2025.06.05 09:00;1.14062;1.14140;1.14053;1.14125;461;0
2025.06.05 09:10;1.14125;1.14172;1.14120;1.14161;482;0
2025.06.05 09:20;1.14160;1.14171;1.14115;1.14149;384;0
2025.06.05 09:30;1.14147;1.14164;1.14061;1.14069;522;0
2025.06.05 09:40;1.14069;1.14131;1.14061;1.14127;535;0
2025.06.05 09:50;1.14127;1.14134;1.14086;1.14090;456;0
2025.06.05 10:00;1.14090;1.14147;1.14068;1.14143;587;0
2025.06.05 10:10;1.14141;1.14228;1.14139;1.14222;573;0
2025.06.05 10:20;1.14222;1.14232;1.14199;1.14220;498;0
2025.06.05 10:30;1.14220;1.14251;1.14164;1.14175;456;0
2025.06.05 10:40;1.14175;1.14200;1.14151;1.14167;448;0
2025.06.05 10:50;1.14168;1.14172;1.14084;1.14119;441;0
2025.06.05 11:00;1.14120;1.14195;1.14116;1.14181;541;0
2025.06.05 11:10;1.14182;1.14192;1.14148;1.14170;507;0
2025.06.05 11:20;1.14170;1.14184;1.14122;1.14152;397;0
2025.06.05 11:30;1.14152;1.14159;1.14110;1.14126;374;0
2025.06.05 11:40;1.14126;1.14136;1.14089;1.14094;412;0
2025.06.05 11:50;1.14099;1.14152;1.14092;1.14131;561;0
2025.06.05 12:00;1.14129;1.14191;1.14096;1.14159;596;0
2025.06.05 12:10;1.14158;1.14216;1.14156;1.14200;517;0
2025.06.05 12:20;1.14200;1.14208;1.14175;1.14194;444;0
2025.06.05 12:30;1.14194;1.14200;1.14140;1.14147;439;0
2025.06.05 12:40;1.14150;1.14163;1.14114;1.14149;357;0
2025.06.05 12:50;1.14148;1.14191;1.14122;1.14189;450;0
2025.06.05 13:00;1.14184;1.14251;1.14177;1.14209;482;0
2025.06.05 13:10;1.14207;1.14296;1.14201;1.14291;359;0
2025.06.05 13:20;1.14291;1.14298;1.14252;1.14296;449;0
2025.06.05 13:30;1.14295;1.14328;1.14285;1.14290;459;0
2025.06.05 13:40;1.14291;1.14293;1.14204;1.14211;452;0
2025.06.05 13:50;1.14209;1.14255;1.14209;1.14242;537;0
2025.06.05 14:00;1.14241;1.14283;1.14233;1.14252;397;0
2025.06.05 14:10;1.14251;1.14283;1.14200;1.14203;390;0
2025.06.05 14:20;1.14203;1.14247;1.14203;1.14223;470;0
2025.06.05 14:30;1.14223;1.14231;1.14160;1.14210;580;0
2025.06.05 14:40;1.14210;1.14236;1.14205;1.14225;383;0
2025.06.05 14:50;1.14227;1.14279;1.14196;1.14264;505;0
2025.06.05 15:00;1.14260;1.14302;1.14223;1.14237;545;0
2025.06.05 15:10;1.14235;1.14345;1.14134;1.14269;849;0
2025.06.05 15:20;1.14267;1.14349;1.14176;1.14309;941;0
2025.06.05 15:30;1.14344;1.14490;1.14340;1.14374;1168;0
2025.06.05 15:40;1.14374;1.14460;1.14305;1.14308;960;0
2025.06.05 15:50;1.14308;1.14337;1.14202;1.14297;1385;0
2025.06.05 16:00;1.14296;1.14446;1.14184;1.14445;1251;0
2025.06.05 16:10;1.14446;1.14673;1.14439;1.14665;1265;0
2025.06.05 16:20;1.14668;1.14951;1.14661;1.14910;1334;0
2025.06.05 16:30;1.14922;1.14948;1.14811;1.14923;1376;0
2025.06.05 16:40;1.14923;1.14940;1.14743;1.14756;1125;0
2025.06.05 16:50;1.14757;1.14855;1.14745;1.14805;977;0
2025.06.05 17:00;1.14808;1.14822;1.14654;1.14753;1077;0
2025.06.05 17:10;1.14754;1.14782;1.14724;1.14730;770;0
2025.06.05 17:20;1.14730;1.14738;1.14654;1.14710;866;0
2025.06.05 17:30;1.14714;1.14809;1.14685;1.14717;946;0
2025.06.05 17:40;1.14723;1.14754;1.14567;1.14576;1248;0
2025.06.05 17:50;1.14576;1.14635;1.14544;1.14580;1064;0
2025.06.05 18:00;1.14576;1.14584;1.14431;1.14527;935;0
2025.06.05 18:10;1.14522;1.14590;1.14464;1.14486;814;0
2025.06.05 18:20;1.14487;1.14557;1.14480;1.14489;708;0
2025.06.05 18:30;1.14489;1.14490;1.14422;1.14431;674;0
2025.06.05 18:40;1.14426;1.14483;1.14350;1.14417;757;0
2025.06.05 18:50;1.14418;1.14449;1.14370;1.14392;609;0
2025.06.05 19:00;1.14394;1.14424;1.14314;1.14417;548;1
2025.06.05 19:10;1.14417;1.14440;1.14368;1.14388;596;1
2025.06.05 19:20;1.14392;1.14456;1.14378;1.14419;471;1
2025.06.05 19:30;1.14422;1.14437;1.14366;1.14389;387;1
2025.06.05 19:40;1.14388;1.14428;1.14380;1.14424;401;1
2025.06.05 19:50;1.14426;1.14479;1.14420;1.14479;560;1
2025.06.05 20:00;1.14479;1.14484;1.14431;1.14452;338;0
2025.06.05 20:10;1.14451;1.14458;1.14386;1.14435;310;0
2025.06.05 20:20;1.14433;1.14461;1.14387;1.14397;314;0
2025.06.05 20:30;1.14397;1.14439;1.14375;1.14377;312;1
2025.06.05 20:40;1.14374;1.14377;1.14337;1.14363;202;0
2025.06.05 20:50;1.14363;1.14435;1.14319;1.14429;323;0
2025.06.05 21:00;1.14430;1.14441;1.14394;1.14398;371;0
2025.06.05 21:10;1.14397;1.14404;1.14358;1.14379;296;0
2025.06.05 21:20;1.14375;1.14389;1.14365;1.14384;267;0
2025.06.05 21:30;1.14384;1.14419;1.14379;1.14419;292;0
2025.06.05 21:40;1.14423;1.14425;1.14311;1.14330;312;0
2025.06.05 21:50;1.14331;1.14432;1.14329;1.14422;338;0
2025.06.05 22:00;1.14422;1.14448;1.14398;1.14439;427;0
2025.06.05 22:10;1.14439;1.14445;1.14371;1.14401;539;0
2025.06.05 22:20;1.14400;1.14480;1.14400;1.14428;447;1
2025.06.05 22:30;1.14426;1.14433;1.14336;1.14338;499;1
2025.06.05 22:40;1.14339;1.14387;1.14339;1.14363;440;0
2025.06.05 22:50;1.14364;1.14399;1.14356;1.14380;479;0
2025.06.05 23:00;1.14380;1.14441;1.14353;1.14423;314;0
2025.06.05 23:10;1.14423;1.14453;1.14423;1.14435;200;0
2025.06.05 23:20;1.14436;1.14443;1.14413;1.14426;212;0
2025.06.05 23:30;1.14426;1.14444;1.14426;1.14432;104;0
2025.06.05 23:40;1.14430;1.14446;1.14412;1.14422;148;5
2025.06.05 23:50;1.14420;1.14441;1.14420;1.14440;162;5
2025.06.06 00:00;1.14435;1.14443;1.14382;1.14438;41;24
2025.06.06 00:10;1.14438;1.14444;1.14423;1.14432;50;24
2025.06.06 00:20;1.14432;1.14456;1.14402;1.14433;79;24
2025.06.06 00:30;1.14433;1.14472;1.14431;1.14450;60;24
2025.06.06 00:40;1.14450;1.14474;1.14449;1.14465;100;24
2025.06.06 00:50;1.14465;1.14473;1.14411;1.14424;40;24
2025.06.06 01:00;1.14423;1.14480;1.14405;1.14473;206;0
2025.06.06 01:10;1.14473;1.14489;1.14471;1.14484;157;0
2025.06.06 01:20;1.14482;1.14488;1.14464;1.14465;181;0
2025.06.06 01:30;1.14464;1.14482;1.14461;1.14472;174;0
2025.06.06 01:40;1.14475;1.14494;1.14472;1.14484;123;0
2025.06.06 01:50;1.14484;1.14519;1.14482;1.14517;161;0
2025.06.06 02:00;1.14519;1.14523;1.14468;1.14503;241;0
2025.06.06 02:10;1.14505;1.14507;1.14482;1.14488;156;0
2025.06.06 02:20;1.14489;1.14508;1.14485;1.14490;127;0
2025.06.06 02:30;1.14490;1.14518;1.14490;1.14508;164;0
2025.06.06 02:40;1.14508;1.14513;1.14501;1.14513;160;0
2025.06.06 02:50;1.14514;1.14541;1.14504;1.14534;228;0
2025.06.06 03:00;1.14535;1.14575;1.14513;1.14559;457;0
2025.06.06 03:10;1.14558;1.14565;1.14516;1.14527;309;0
2025.06.06 03:20;1.14527;1.14544;1.14520;1.14527;251;0
2025.06.06 03:30;1.14527;1.14554;1.14510;1.14518;356;0
2025.06.06 03:40;1.14517;1.14529;1.14507;1.14524;373;0
2025.06.06 03:50;1.14525;1.14558;1.14498;1.14502;430;0
2025.06.06 04:00;1.14500;1.14500;1.14466;1.14482;407;0
2025.06.06 04:10;1.14482;1.14508;1.14468;1.14489;419;0
2025.06.06 04:20;1.14489;1.14524;1.14475;1.14516;459;0
2025.06.06 04:30;1.14517;1.14521;1.14446;1.14459;471;0
2025.06.06 04:40;1.14455;1.14477;1.14444;1.14456;385;0
2025.06.06 04:50;1.14457;1.14467;1.14412;1.14424;417;0
2025.06.06 05:00;1.14424;1.14434;1.14381;1.14389;486;0
2025.06.06 05:10;1.14389;1.14391;1.14347;1.14351;408;0
2025.06.06 05:20;1.14350;1.14359;1.14330;1.14351;433;0
2025.06.06 05:30;1.14353;1.14369;1.14345;1.14355;325;0
2025.06.06 05:40;1.14355;1.14388;1.14351;1.14386;348;0
2025.06.06 05:50;1.14386;1.14403;1.14371;1.14377;412;0
2025.06.06 06:00;1.14376;1.14397;1.14362;1.14381;369;0
2025.06.06 06:10;1.14378;1.14406;1.14361;1.14402;353;0
2025.06.06 06:20;1.14402;1.14414;1.14392;1.14407;355;0
2025.06.06 06:30;1.14407;1.14420;1.14396;1.14405;328;0
2025.06.06 06:40;1.14404;1.14434;1.14403;1.14431;243;0
2025.06.06 06:50;1.14431;1.14440;1.14402;1.14402;298;0
2025.06.06 07:00;1.14402;1.14419;1.14388;1.14392;243;0
2025.06.06 07:10;1.14392;1.14408;1.14372;1.14407;277;0
2025.06.06 07:20;1.14407;1.14423;1.14403;1.14406;207;0
2025.06.06 07:30;1.14406;1.14407;1.14378;1.14393;226;0
2025.06.06 07:40;1.14392;1.14396;1.14376;1.14395;223;0
2025.06.06 07:50;1.14398;1.14410;1.14396;1.14399;186;0
2025.06.06 08:00;1.14399;1.14404;1.14365;1.14387;309;0
2025.06.06 08:10;1.14387;1.14391;1.14355;1.14364;279;0
2025.06.06 08:20;1.14364;1.14365;1.14312;1.14317;425;0
2025.06.06 08:30;1.14313;1.14336;1.14308;1.14323;356;0
2025.06.06 08:40;1.14324;1.14333;1.14308;1.14312;288;0
2025.06.06 08:50;1.14314;1.14364;1.14309;1.14357;408;0
2025.06.06 09:00;1.14357;1.14385;1.14348;1.14380;407;0
2025.06.06 09:10;1.14376;1.14376;1.14249;1.14256;395;0
2025.06.06 09:20;1.14260;1.14336;1.14254;1.14311;534;0
2025.06.06 09:30;1.14311;1.14331;1.14285;1.14320;539;0
2025.06.06 09:40;1.14321;1.14400;1.14317;1.14391;401;0
2025.06.06 09:50;1.14391;1.14423;1.14344;1.14353;499;0
2025.06.06 10:00;1.14350;1.14369;1.14256;1.14324;614;0
2025.06.06 10:10;1.14323;1.14340;1.14253;1.14263;506;0
2025.06.06 10:20;1.14266;1.14291;1.14214;1.14228;541;0
2025.06.06 10:30;1.14228;1.14287;1.14217;1.14271;491;0
2025.06.06 10:40;1.14271;1.14293;1.14238;1.14252;492;0
2025.06.06 10:50;1.14252;1.14296;1.14234;1.14270;493;0
2025.06.06 11:00;1.14270;1.14271;1.14216;1.14224;609;0
2025.06.06 11:10;1.14224;1.14256;1.14212;1.14239;452;0
2025.06.06 11:20;1.14239;1.14293;1.14212;1.14250;518;0
2025.06.06 11:30;1.14252;1.14273;1.14231;1.14253;451;0
2025.06.06 11:40;1.14251;1.14267;1.14117;1.14175;570;0
2025.06.06 11:50;1.14174;1.14184;1.14142;1.14146;423;0
2025.06.06 12:00;1.14147;1.14152;1.14110;1.14121;520;0
2025.06.06 12:10;1.14119;1.14144;1.14109;1.14121;430;0
2025.06.06 12:20;1.14121;1.14145;1.14118;1.14144;388;0
2025.06.06 12:30;1.14143;1.14175;1.14142;1.14161;313;0
2025.06.06 12:40;1.14161;1.14213;1.14142;1.14199;521;0
2025.06.06 12:50;1.14195;1.14209;1.14184;1.14194;423;0
2025.06.06 13:00;1.14194;1.14206;1.14177;1.14183;433;0
2025.06.06 13:10;1.14183;1.14207;1.14174;1.14183;367;0
2025.06.06 13:20;1.14175;1.14222;1.14172;1.14201;396;0
2025.06.06 13:30;1.14200;1.14238;1.14192;1.14221;326;0
2025.06.06 13:40;1.14220;1.14244;1.14196;1.14239;346;0
2025.06.06 13:50;1.14239;1.14245;1.14215;1.14228;404;0
2025.06.06 14:00;1.14229;1.14246;1.14192;1.14215;390;0
2025.06.06 14:10;1.14216;1.14237;1.14195;1.14221;376;0
2025.06.06 14:20;1.14219;1.14234;1.14202;1.14207;326;0
2025.06.06 14:30;1.14206;1.14290;1.14205;1.14259;494;0
2025.06.06 14:40;1.14256;1.14271;1.14232;1.14242;419;0
2025.06.06 14:50;1.14243;1.14244;1.14170;1.14178;562;0
2025.06.06 15:00;1.14180;1.14197;1.14108;1.14108;504;0
2025.06.06 15:10;1.14109;1.14121;1.14028;1.14113;586;0
2025.06.06 15:20;1.14114;1.14168;1.14055;1.14061;597;0
2025.06.06 15:30;1.14061;1.14313;1.13836;1.13922;1749;0
2025.06.06 15:40;1.13927;1.14089;1.13898;1.14054;1418;0
2025.06.06 15:50;1.14054;1.14101;1.13959;1.13966;1245;0
2025.06.06 16:00;1.13967;1.14025;1.13859;1.13925;1239;0
2025.06.06 16:10;1.13924;1.13996;1.13857;1.13873;926;0
2025.06.06 16:20;1.13874;1.13876;1.13715;1.13768;978;0
2025.06.06 16:30;1.13768;1.13903;1.13759;1.13859;1070;0
2025.06.06 16:40;1.13860;1.13942;1.13833;1.13885;896;0
2025.06.06 16:50;1.13885;1.14024;1.13884;1.13900;1095;0
2025.06.06 17:00;1.13905;1.14039;1.13897;1.13989;1048;0
2025.06.06 17:10;1.13987;1.14099;1.13977;1.14044;966;0
2025.06.06 17:20;1.14042;1.14163;1.14027;1.14136;880;0
2025.06.06 17:30;1.14137;1.14156;1.14023;1.14029;834;0
2025.06.06 17:40;1.14032;1.14033;1.13846;1.13881;777;0
2025.06.06 17:50;1.13879;1.13923;1.13809;1.13894;866;0
2025.06.06 18:00;1.13895;1.13911;1.13811;1.13815;871;0
2025.06.06 18:10;1.13815;1.13896;1.13815;1.13844;761;0
2025.06.06 18:20;1.13845;1.13940;1.13839;1.13930;734;0
2025.06.06 18:30;1.13930;1.14007;1.13910;1.14002;694;0
2025.06.06 18:40;1.14001;1.14024;1.13953;1.13986;681;0
2025.06.06 18:50;1.13986;1.14008;1.13956;1.13966;512;0
2025.06.06 19:00;1.13965;1.14016;1.13948;1.13967;496;1
2025.06.06 19:10;1.13968;1.13989;1.13946;1.13981;509;0
2025.06.06 19:20;1.13977;1.14000;1.13943;1.13952;372;0
2025.06.06 19:30;1.13953;1.13978;1.13900;1.13927;426;0
2025.06.06 19:40;1.13927;1.13984;1.13926;1.13966;480;0
2025.06.06 19:50;1.13964;1.13965;1.13861;1.13872;519;0
2025.06.06 20:00;1.13872;1.13920;1.13845;1.13905;377;1
2025.06.06 20:10;1.13907;1.13964;1.13906;1.13958;305;0
2025.06.06 20:20;1.13958;1.13979;1.13917;1.13933;266;0
2025.06.06 20:30;1.13935;1.13951;1.13864;1.13876;286;0
2025.06.06 20:40;1.13876;1.13938;1.13857;1.13928;275;0
2025.06.06 20:50;1.13929;1.13962;1.13917;1.13930;287;0
2025.06.06 21:00;1.13931;1.13988;1.13927;1.13984;333;0
2025.06.06 21:10;1.13983;1.13984;1.13941;1.13954;318;0
2025.06.06 21:20;1.13954;1.13989;1.13954;1.13974;276;0
2025.06.06 21:30;1.13977;1.13996;1.13937;1.13985;328;0
2025.06.06 21:40;1.13985;1.13989;1.13948;1.13958;326;0
2025.06.06 21:50;1.13961;1.13979;1.13952;1.13972;278;0
2025.06.06 22:00;1.13972;1.14006;1.13968;1.14004;234;0
2025.06.06 22:10;1.14004;1.14019;1.13992;1.14002;226;0
2025.06.06 22:20;1.14002;1.14017;1.13980;1.13987;267;0
2025.06.06 22:30;1.13987;1.14006;1.13978;1.13998;185;0
2025.06.06 22:40;1.13998;1.14005;1.13972;1.13975;209;0
2025.06.06 22:50;1.13975;1.13981;1.13926;1.13961;291;1
2025.06.06 23:00;1.13963;1.13969;1.13949;1.13956;145;0
2025.06.06 23:10;1.13956;1.13980;1.13954;1.13960;134;0
2025.06.06 23:20;1.13960;1.13978;1.13955;1.13957;128;0
2025.06.06 23:30;1.13956;1.13967;1.13936;1.13936;96;0
2025.06.06 23:40;1.13934;1.13943;1.13926;1.13930;99;5
2025.06.06 23:50;1.13931;1.13934;1.13906;1.13925;86;5
2025.06.09 00:00;1.13900;1.13949;1.13900;1.13945;28;62
2025.06.09 00:10;1.13944;1.13948;1.13930;1.13932;37;43
2025.06.09 00:20;1.13932;1.13940;1.13929;1.13931;16;36
2025.06.09 00:30;1.13943;1.13943;1.13904;1.13937;58;25
2025.06.09 00:40;1.13937;1.13946;1.13933;1.13940;73;25
2025.06.09 00:50;1.13940;1.13943;1.13932;1.13936;34;25
2025.06.09 01:00;1.13939;1.14016;1.13929;1.14011;279;0
2025.06.09 01:10;1.14012;1.14041;1.14009;1.14030;237;0
2025.06.09 01:20;1.14030;1.14047;1.14024;1.14035;202;0
2025.06.09 01:30;1.14035;1.14047;1.14035;1.14043;143;0
2025.06.09 01:40;1.14044;1.14047;1.14030;1.14033;147;0
2025.06.09 01:50;1.14032;1.14070;1.14031;1.14066;97;0
2025.06.09 02:00;1.14068;1.14095;1.14064;1.14068;202;0
2025.06.09 02:10;1.14067;1.14099;1.14067;1.14090;185;0
2025.06.09 02:20;1.14090;1.14114;1.14081;1.14100;189;0
2025.06.09 02:30;1.14101;1.14105;1.14064;1.14066;159;0
2025.06.09 02:40;1.14067;1.14071;1.14037;1.14054;166;0
2025.06.09 02:50;1.14054;1.14087;1.14054;1.14065;155;0
2025.06.09 03:00;1.14065;1.14091;1.14038;1.14040;379;0
2025.06.09 03:10;1.14040;1.14041;1.13974;1.13990;338;0
2025.06.09 03:20;1.13989;1.13994;1.13964;1.13984;352;0
2025.06.09 03:30;1.13984;1.14022;1.13984;1.14000;285;0
2025.06.09 03:40;1.14001;1.14003;1.13967;1.13973;440;0
2025.06.09 03:50;1.13974;1.13980;1.13926;1.13937;473;0
2025.06.09 04:00;1.13938;1.14007;1.13938;1.14001;453;0
2025.06.09 04:10;1.14001;1.14050;1.14000;1.14041;400;0
2025.06.09 04:20;1.14042;1.14103;1.14040;1.14071;306;0
2025.06.09 04:30;1.14072;1.14122;1.14045;1.14057;376;0
2025.06.09 04:40;1.14058;1.14150;1.14058;1.14147;395;0
2025.06.09 04:50;1.14148;1.14172;1.14132;1.14154;427;0
2025.06.09 05:00;1.14151;1.14248;1.14142;1.14246;490;0
2025.06.09 05:10;1.14246;1.14248;1.14198;1.14211;443;0
2025.06.09 05:20;1.14210;1.14253;1.14210;1.14241;374;0
2025.06.09 05:30;1.14241;1.14255;1.14199;1.14209;305;0
2025.06.09 05:40;1.14209;1.14225;1.14187;1.14197;279;0
2025.06.09 05:50;1.14195;1.14210;1.14167;1.14171;361;0
2025.06.09 06:00;1.14171;1.14188;1.14162;1.14182;351;0
2025.06.09 06:10;1.14183;1.14209;1.14176;1.14190;302;0
2025.06.09 06:20;1.14194;1.14197;1.14140;1.14142;312;0
2025.06.09 06:30;1.14140;1.14150;1.14129;1.14136;290;0
2025.06.09 06:40;1.14135;1.14150;1.14120;1.14148;266;0
2025.06.09 06:50;1.14148;1.14168;1.14119;1.14119;283;0
2025.06.09 07:00;1.14120;1.14155;1.14110;1.14137;269;0
2025.06.09 07:10;1.14137;1.14167;1.14116;1.14160;183;0
2025.06.09 07:20;1.14160;1.14170;1.14138;1.14141;232;0
2025.06.09 07:30;1.14141;1.14165;1.14131;1.14164;215;0
2025.06.09 07:40;1.14164;1.14172;1.14142;1.14160;210;0
2025.06.09 07:50;1.14164;1.14191;1.14164;1.14185;271;0
2025.06.09 08:00;1.14185;1.14198;1.14185;1.14191;181;0
2025.06.09 08:10;1.14192;1.14199;1.14179;1.14193;181;0
2025.06.09 08:20;1.14193;1.14193;1.14157;1.14176;206;0
2025.06.09 08:30;1.14176;1.14186;1.14120;1.14143;281;0
2025.06.09 08:40;1.14145;1.14210;1.14141;1.14209;273;0
2025.06.09 08:50;1.14208;1.14244;1.14177;1.14220;381;0
2025.06.09 09:00;1.14223;1.14223;1.14179;1.14195;402;0
2025.06.09 09:10;1.14196;1.14246;1.14194;1.14220;392;0
2025.06.09 09:20;1.14220;1.14245;1.14203;1.14214;356;0
2025.06.09 09:30;1.14214;1.14225;1.14193;1.14215;375;0
2025.06.09 09:40;1.14216;1.14277;1.14209;1.14275;436;0
2025.06.09 09:50;1.14275;1.14297;1.14261;1.14274;473;0
2025.06.09 10:00;1.14272;1.14274;1.14214;1.14226;436;0
2025.06.09 10:10;1.14226;1.14261;1.14200;1.14230;415;0
2025.06.09 10:20;1.14230;1.14284;1.14226;1.14251;357;0
2025.06.09 10:30;1.14251;1.14275;1.14223;1.14269;415;0
2025.06.09 10:40;1.14270;1.14286;1.14225;1.14233;417;0
2025.06.09 10:50;1.14232;1.14236;1.14196;1.14224;465;0
2025.06.09 11:00;1.14225;1.14253;1.14187;1.14240;511;0
2025.06.09 11:10;1.14240;1.14244;1.14205;1.14212;411;0
2025.06.09 11:20;1.14212;1.14281;1.14206;1.14281;460;0
2025.06.09 11:30;1.14281;1.14337;1.14260;1.14318;481;0
2025.06.09 11:40;1.14320;1.14362;1.14315;1.14347;408;0
2025.06.09 11:50;1.14347;1.14356;1.14272;1.14283;469;0
2025.06.09 12:00;1.14283;1.14355;1.14273;1.14346;397;0
2025.06.09 12:10;1.14345;1.14386;1.14335;1.14375;359;0
2025.06.09 12:20;1.14375;1.14391;1.14333;1.14349;376;0
2025.06.09 12:30;1.14348;1.14356;1.14328;1.14344;343;0
2025.06.09 12:40;1.14344;1.14370;1.14313;1.14314;272;0
2025.06.09 12:50;1.14312;1.14332;1.14257;1.14261;383;0
2025.06.09 13:00;1.14260;1.14276;1.14242;1.14264;460;0
2025.06.09 13:10;1.14264;1.14289;1.14250;1.14267;306;0
2025.06.09 13:20;1.14268;1.14270;1.14223;1.14243;276;0
2025.06.09 13:30;1.14243;1.14259;1.14187;1.14211;315;0
2025.06.09 13:40;1.14209;1.14214;1.14173;1.14190;369;0
2025.06.09 13:50;1.14190;1.14209;1.14161;1.14195;345;0
2025.06.09 14:00;1.14194;1.14231;1.14173;1.14225;361;0
2025.06.09 14:10;1.14226;1.14232;1.14180;1.14186;392;0
2025.06.09 14:20;1.14192;1.14206;1.14152;1.14158;476;0
2025.06.09 14:30;1.14156;1.14182;1.14057;1.14130;552;0
2025.06.09 14:40;1.14130;1.14142;1.14085;1.14111;433;0
2025.06.09 14:50;1.14110;1.14186;1.14104;1.14175;518;0
2025.06.09 15:00;1.14176;1.14183;1.14089;1.14099;555;0
2025.06.09 15:10;1.14104;1.14116;1.14069;1.14108;447;0
2025.06.09 15:20;1.14108;1.14108;1.14053;1.14088;452;0
2025.06.09 15:30;1.14088;1.14114;1.14072;1.14085;448;0
2025.06.09 15:40;1.14085;1.14110;1.14012;1.14015;524;0
2025.06.09 15:50;1.14013;1.14027;1.13946;1.14004;546;0
2025.06.09 16:00;1.13999;1.14032;1.13913;1.13943;497;0
2025.06.09 16:10;1.13944;1.13960;1.13915;1.13959;436;0
2025.06.09 16:20;1.13960;1.13971;1.13865;1.13954;590;0
2025.06.09 16:30;1.13953;1.14009;1.13952;1.13960;675;0
2025.06.09 16:40;1.13960;1.14004;1.13955;1.13981;598;0
2025.06.09 16:50;1.13982;1.14045;1.13973;1.14020;643;0
2025.06.09 17:00;1.14018;1.14042;1.14013;1.14041;539;0
2025.06.09 17:10;1.14041;1.14087;1.14022;1.14060;522;0
2025.06.09 17:20;1.14060;1.14072;1.14017;1.14040;519;0
2025.06.09 17:30;1.14041;1.14051;1.13936;1.13994;730;0
2025.06.09 17:40;1.13995;1.14066;1.13972;1.14054;564;0
2025.06.09 17:50;1.14052;1.14090;1.14043;1.14079;594;0
2025.06.09 18:00;1.14080;1.14147;1.14077;1.14135;600;0
2025.06.09 18:10;1.14138;1.14177;1.14124;1.14176;413;0
2025.06.09 18:20;1.14178;1.14191;1.14162;1.14189;361;0
2025.06.09 18:30;1.14189;1.14220;1.14178;1.14210;400;0
2025.06.09 18:40;1.14210;1.14243;1.14199;1.14238;340;0
2025.06.09 18:50;1.14238;1.14255;1.14216;1.14241;304;0
2025.06.09 19:00;1.14242;1.14244;1.14182;1.14195;325;1
2025.06.09 19:10;1.14195;1.14196;1.14153;1.14174;304;0
2025.06.09 19:20;1.14173;1.14225;1.14157;1.14223;195;0
2025.06.09 19:30;1.14223;1.14230;1.14193;1.14221;231;0
2025.06.09 19:40;1.14222;1.14247;1.14212;1.14245;186;0
2025.06.09 19:50;1.14245;1.14256;1.14216;1.14246;211;1
2025.06.09 20:00;1.14245;1.14251;1.14197;1.14212;264;0
2025.06.09 20:10;1.14212;1.14243;1.14195;1.14226;209;0
2025.06.09 20:20;1.14227;1.14254;1.14227;1.14238;160;0
2025.06.09 20:30;1.14238;1.14249;1.14202;1.14227;210;0
2025.06.09 20:40;1.14227;1.14263;1.14227;1.14256;164;0
2025.06.09 20:50;1.14256;1.14260;1.14214;1.14220;228;0
2025.06.09 21:00;1.14219;1.14236;1.14193;1.14235;206;0
2025.06.09 21:10;1.14235;1.14247;1.14227;1.14243;230;0
2025.06.09 21:20;1.14243;1.14292;1.14241;1.14291;287;0
2025.06.09 21:30;1.14291;1.14308;1.14279;1.14282;242;0
2025.06.09 21:40;1.14283;1.14295;1.14272;1.14286;189;0
2025.06.09 21:50;1.14286;1.14310;1.14267;1.14278;238;0
2025.06.09 22:00;1.14273;1.14284;1.14241;1.14283;173;0
2025.06.09 22:10;1.14288;1.14294;1.14279;1.14283;208;0
2025.06.09 22:20;1.14283;1.14284;1.14259;1.14264;213;0
2025.06.09 22:30;1.14264;1.14269;1.14252;1.14262;259;0
2025.06.09 22:40;1.14262;1.14262;1.14232;1.14244;232;0
2025.06.09 22:50;1.14244;1.14245;1.14225;1.14229;221;0
2025.06.09 23:00;1.14228;1.14270;1.14226;1.14253;147;0
2025.06.09 23:10;1.14252;1.14255;1.14228;1.14234;89;0
2025.06.09 23:20;1.14234;1.14244;1.14201;1.14217;134;0
2025.06.09 23:30;1.14217;1.14217;1.14186;1.14207;102;0
2025.06.09 23:40;1.14205;1.14207;1.14191;1.14194;68;5
2025.06.09 23:50;1.14200;1.14200;1.14185;1.14199;131;5
2025.06.10 00:00;1.14146;1.14216;1.14130;1.14178;23;56
2025.06.10 00:10;1.14178;1.14205;1.14149;1.14204;39;29
2025.06.10 00:20;1.14203;1.14204;1.14170;1.14198;33;30
2025.06.10 00:30;1.14198;1.14211;1.14198;1.14210;57;25
2025.06.10 00:40;1.14211;1.14215;1.14200;1.14201;70;24
2025.06.10 00:50;1.14202;1.14214;1.14186;1.14200;97;24
2025.06.10 01:00;1.14201;1.14231;1.14190;1.14230;250;0
2025.06.10 01:10;1.14230;1.14238;1.14229;1.14234;113;0
2025.06.10 01:20;1.14233;1.14236;1.14221;1.14222;143;0
2025.06.10 01:30;1.14219;1.14223;1.14213;1.14214;150;0
2025.06.10 01:40;1.14214;1.14223;1.14203;1.14221;117;0
2025.06.10 01:50;1.14220;1.14229;1.14210;1.14229;127;0
2025.06.10 02:00;1.14230;1.14230;1.14202;1.14212;105;0
2025.06.10 02:10;1.14212;1.14252;1.14211;1.14244;151;0
2025.06.10 02:20;1.14244;1.14253;1.14236;1.14252;145;0
2025.06.10 02:30;1.14252;1.14259;1.14245;1.14259;148;0
2025.06.10 02:40;1.14260;1.14267;1.14241;1.14244;127;0
2025.06.10 02:50;1.14244;1.14284;1.14243;1.14264;248;0
2025.06.10 03:00;1.14264;1.14296;1.14240;1.14285;469;0
2025.06.10 03:10;1.14287;1.14329;1.14282;1.14325;369;0
2025.06.10 03:20;1.14326;1.14357;1.14308;1.14328;388;0
2025.06.10 03:30;1.14328;1.14330;1.14248;1.14252;459;0
2025.06.10 03:40;1.14255;1.14255;1.14218;1.14242;380;0
2025.06.10 03:50;1.14243;1.14271;1.14221;1.14242;556;0
2025.06.10 04:00;1.14242;1.14283;1.14209;1.14270;451;0
2025.06.10 04:10;1.14270;1.14270;1.14191;1.14220;467;0
2025.06.10 04:20;1.14220;1.14241;1.14121;1.14159;560;0
2025.06.10 04:30;1.14160;1.14193;1.14056;1.14076;581;0
2025.06.10 04:40;1.14074;1.14099;1.14022;1.14022;499;0
2025.06.10 04:50;1.14022;1.14025;1.13951;1.13968;642;0
2025.06.10 05:00;1.13967;1.13967;1.13862;1.13897;716;0
2025.06.10 05:10;1.13897;1.13957;1.13891;1.13944;577;0
2025.06.10 05:20;1.13944;1.13963;1.13922;1.13937;438;0
2025.06.10 05:30;1.13937;1.13977;1.13921;1.13976;469;0
2025.06.10 05:40;1.13975;1.13994;1.13933;1.13976;465;0
2025.06.10 05:50;1.13976;1.14007;1.13966;1.13990;414;0
2025.06.10 06:00;1.13990;1.13990;1.13916;1.13973;400;0
2025.06.10 06:10;1.13973;1.14024;1.13965;1.14022;416;0
2025.06.10 06:20;1.14021;1.14051;1.13992;1.14027;422;0
2025.06.10 06:30;1.14027;1.14040;1.13989;1.13994;315;0
2025.06.10 06:40;1.13998;1.14031;1.13987;1.13993;305;0
2025.06.10 06:50;1.13993;1.14035;1.13987;1.14030;254;0
2025.06.10 07:00;1.14032;1.14041;1.14004;1.14005;311;0
2025.06.10 07:10;1.14006;1.14026;1.13995;1.14012;350;0
2025.06.10 07:20;1.14011;1.14020;1.13921;1.13929;366;0
2025.06.10 07:30;1.13929;1.13952;1.13914;1.13941;321;0
2025.06.10 07:40;1.13942;1.13964;1.13920;1.13964;237;0
2025.06.10 07:50;1.13963;1.13996;1.13959;1.13996;264;0
2025.06.10 08:00;1.13993;1.14015;1.13979;1.13996;319;0
2025.06.10 08:10;1.13998;1.14038;1.13990;1.14035;368;0
2025.06.10 08:20;1.14037;1.14084;1.14027;1.14037;680;0
2025.06.10 08:30;1.14037;1.14137;1.14032;1.14078;784;0
2025.06.10 08:40;1.14078;1.14086;1.14003;1.14040;631;0
2025.06.10 08:50;1.14040;1.14077;1.14011;1.14050;570;0
2025.06.10 09:00;1.14049;1.14091;1.13999;1.14084;702;0
2025.06.10 09:10;1.14084;1.14107;1.14065;1.14082;776;0
2025.06.10 09:20;1.14081;1.14148;1.14066;1.14072;629;0
2025.06.10 09:30;1.14071;1.14118;1.14049;1.14055;668;0
2025.06.10 09:40;1.14061;1.14083;1.13961;1.13961;638;0
2025.06.10 09:50;1.13959;1.13972;1.13920;1.13950;583;0
2025.06.10 10:00;1.13944;1.13978;1.13769;1.13774;920;0
2025.06.10 10:10;1.13772;1.13840;1.13729;1.13830;826;0
2025.06.10 10:20;1.13830;1.13931;1.13824;1.13913;583;0
2025.06.10 10:30;1.13913;1.13968;1.13912;1.13965;525;0
2025.06.10 10:40;1.13957;1.13996;1.13931;1.13953;474;0
2025.06.10 10:50;1.13955;1.13967;1.13897;1.13921;465;0
2025.06.10 11:00;1.13921;1.13983;1.13914;1.13980;525;0
2025.06.10 11:10;1.13980;1.14048;1.13979;1.13990;549;0
2025.06.10 11:20;1.13993;1.14010;1.13970;1.14002;534;0
2025.06.10 11:30;1.13999;1.14049;1.13992;1.14027;487;0
2025.06.10 11:40;1.14028;1.14079;1.14014;1.14033;493;0
2025.06.10 11:50;1.14033;1.14112;1.14033;1.14083;491;0
2025.06.10 12:00;1.14082;1.14126;1.14059;1.14106;520;0
2025.06.10 12:10;1.14106;1.14119;1.14080;1.14108;374;0
2025.06.10 12:20;1.14108;1.14118;1.14037;1.14067;445;0
2025.06.10 12:30;1.14068;1.14156;1.14060;1.14151;434;0
2025.06.10 12:40;1.14151;1.14172;1.14130;1.14162;392;0
2025.06.10 12:50;1.14163;1.14184;1.14150;1.14165;477;0
2025.06.10 13:00;1.14169;1.14178;1.14116;1.14117;428;0
2025.06.10 13:10;1.14126;1.14170;1.14116;1.14161;403;0
2025.06.10 13:20;1.14161;1.14234;1.14157;1.14217;353;0
2025.06.10 13:30;1.14217;1.14224;1.14167;1.14217;312;0
2025.06.10 13:40;1.14217;1.14251;1.14194;1.14206;427;0
2025.06.10 13:50;1.14209;1.14241;1.14194;1.14236;446;0
2025.06.10 14:00;1.14235;1.14246;1.14193;1.14233;465;0
2025.06.10 14:10;1.14233;1.14300;1.14221;1.14279;474;0
2025.06.10 14:20;1.14279;1.14322;1.14257;1.14271;362;0
2025.06.10 14:30;1.14271;1.14296;1.14241;1.14271;587;0
2025.06.10 14:40;1.14270;1.14305;1.14261;1.14262;409;0
2025.06.10 14:50;1.14262;1.14342;1.14260;1.14290;605;0
2025.06.10 15:00;1.14295;1.14403;1.14291;1.14291;678;0
2025.06.10 15:10;1.14289;1.14304;1.14248;1.14259;573;0
2025.06.10 15:20;1.14258;1.14276;1.14253;1.14271;393;0
2025.06.10 15:30;1.14272;1.14324;1.14265;1.14292;537;0
2025.06.10 15:40;1.14292;1.14357;1.14279;1.14351;430;0
2025.06.10 15:50;1.14350;1.14383;1.14300;1.14323;467;0
2025.06.10 16:00;1.14322;1.14477;1.14305;1.14427;648;0
2025.06.10 16:10;1.14427;1.14443;1.14386;1.14428;625;0
2025.06.10 16:20;1.14429;1.14459;1.14395;1.14459;632;0
2025.06.10 16:30;1.14457;1.14457;1.14389;1.14390;747;0
2025.06.10 16:40;1.14393;1.14454;1.14384;1.14435;584;0
2025.06.10 16:50;1.14434;1.14445;1.14396;1.14429;671;0
2025.06.10 17:00;1.14428;1.14451;1.14359;1.14371;660;0
2025.06.10 17:10;1.14372;1.14376;1.14274;1.14285;569;0
2025.06.10 17:20;1.14285;1.14347;1.14284;1.14320;520;0
2025.06.10 17:30;1.14322;1.14358;1.14290;1.14324;496;0
2025.06.10 17:40;1.14326;1.14333;1.14210;1.14243;534;0
2025.06.10 17:50;1.14243;1.14262;1.14204;1.14253;633;0
2025.06.10 18:00;1.14256;1.14279;1.14237;1.14263;546;0
2025.06.10 18:10;1.14263;1.14276;1.14185;1.14186;465;0
2025.06.10 18:20;1.14186;1.14202;1.14164;1.14182;455;0
2025.06.10 18:30;1.14183;1.14199;1.14158;1.14175;542;0
2025.06.10 18:40;1.14174;1.14212;1.14170;1.14188;445;0
2025.06.10 18:50;1.14193;1.14226;1.14181;1.14226;461;0
2025.06.10 19:00;1.14227;1.14266;1.14201;1.14201;352;1
2025.06.10 19:10;1.14201;1.14240;1.14175;1.14192;360;1
2025.06.10 19:20;1.14193;1.14206;1.14181;1.14189;331;0
2025.06.10 19:30;1.14188;1.14206;1.14160;1.14204;222;0
2025.06.10 19:40;1.14204;1.14206;1.14191;1.14197;191;0
2025.06.10 19:50;1.14202;1.14244;1.14200;1.14236;282;1
2025.06.10 20:00;1.14240;1.14247;1.14212;1.14217;249;0
2025.06.10 20:10;1.14217;1.14238;1.14178;1.14183;226;0
2025.06.10 20:20;1.14183;1.14206;1.14171;1.14197;241;0
2025.06.10 20:30;1.14196;1.14237;1.14185;1.14223;198;0
2025.06.10 20:40;1.14223;1.14282;1.14216;1.14277;236;0
2025.06.10 20:50;1.14272;1.14287;1.14229;1.14229;162;0
2025.06.10 21:00;1.14229;1.14230;1.14185;1.14225;308;1
2025.06.10 21:10;1.14224;1.14227;1.14189;1.14192;161;0
2025.06.10 21:20;1.14191;1.14221;1.14165;1.14221;183;0
2025.06.10 21:30;1.14221;1.14252;1.14220;1.14237;249;0
2025.06.10 21:40;1.14236;1.14248;1.14207;1.14238;251;0
2025.06.10 21:50;1.14242;1.14244;1.14196;1.14201;307;0
2025.06.10 22:00;1.14201;1.14243;1.14191;1.14240;286;1
2025.06.10 22:10;1.14240;1.14301;1.14237;1.14293;200;0
2025.06.10 22:20;1.14293;1.14322;1.14274;1.14275;215;0
2025.06.10 22:30;1.14275;1.14295;1.14263;1.14277;208;0
2025.06.10 22:40;1.14277;1.14365;1.14277;1.14315;243;0
2025.06.10 22:50;1.14316;1.14322;1.14252;1.14261;309;0
2025.06.10 23:00;1.14259;1.14272;1.14249;1.14272;203;0
2025.06.10 23:10;1.14271;1.14300;1.14248;1.14258;168;0
2025.06.10 23:20;1.14258;1.14272;1.14212;1.14222;145;0
2025.06.10 23:30;1.14221;1.14235;1.14210;1.14213;114;0
2025.06.10 23:40;1.14210;1.14242;1.14189;1.14238;137;5
2025.06.10 23:50;1.14239;1.14256;1.14239;1.14249;146;5
2025.06.11 00:00;1.14176;1.14247;1.14154;1.14209;40;56
2025.06.11 00:10;1.14206;1.14251;1.14191;1.14191;86;62
2025.06.11 00:20;1.14191;1.14244;1.14179;1.14194;66;42
2025.06.11 00:30;1.14194;1.14262;1.14194;1.14227;241;24
2025.06.11 00:40;1.14227;1.14242;1.14224;1.14240;205;24
2025.06.11 00:50;1.14240;1.14262;1.14235;1.14240;314;24
2025.06.11 01:00;1.14255;1.14286;1.14213;1.14286;155;0
2025.06.11 01:10;1.14288;1.14291;1.14276;1.14286;147;0
2025.06.11 01:20;1.14287;1.14293;1.14283;1.14286;110;0
2025.06.11 01:30;1.14286;1.14286;1.14263;1.14271;163;0
2025.06.11 01:40;1.14270;1.14294;1.14262;1.14294;157;0
2025.06.11 01:50;1.14293;1.14296;1.14273;1.14289;191;0
2025.06.11 02:00;1.14290;1.14324;1.14275;1.14317;301;0
2025.06.11 02:10;1.14318;1.14334;1.14220;1.14259;470;0
2025.06.11 02:20;1.14259;1.14315;1.14242;1.14314;310;0
2025.06.11 02:30;1.14314;1.14386;1.14314;1.14356;250;0
2025.06.11 02:40;1.14360;1.14389;1.14349;1.14387;289;0
2025.06.11 02:50;1.14388;1.14396;1.14358;1.14373;292;0
2025.06.11 03:00;1.14376;1.14384;1.14274;1.14291;494;0
2025.06.11 03:10;1.14290;1.14389;1.14289;1.14338;568;0
2025.06.11 03:20;1.14338;1.14358;1.14260;1.14293;418;0
2025.06.11 03:30;1.14293;1.14333;1.14293;1.14295;477;0
2025.06.11 03:40;1.14296;1.14297;1.14229;1.14255;646;0
2025.06.11 03:50;1.14256;1.14273;1.14203;1.14210;672;0
2025.06.11 04:00;1.14208;1.14231;1.14189;1.14225;367;0
2025.06.11 04:10;1.14225;1.14263;1.14195;1.14259;511;0
2025.06.11 04:20;1.14262;1.14268;1.14219;1.14243;451;0
2025.06.11 04:30;1.14244;1.14253;1.14195;1.14207;415;0
2025.06.11 04:40;1.14211;1.14225;1.14134;1.14135;432;0
2025.06.11 04:50;1.14135;1.14155;1.14061;1.14086;457;0
2025.06.11 05:00;1.14086;1.14123;1.14072;1.14122;506;0
2025.06.11 05:10;1.14126;1.14133;1.14108;1.14130;353;0
2025.06.11 05:20;1.14131;1.14147;1.14112;1.14126;323;0
2025.06.11 05:30;1.14130;1.14164;1.14128;1.14153;323;0
2025.06.11 05:40;1.14154;1.14178;1.14140;1.14172;372;0
2025.06.11 05:50;1.14173;1.14177;1.14139;1.14155;278;0
2025.06.11 06:00;1.14155;1.14155;1.14118;1.14146;418;0
2025.06.11 06:10;1.14146;1.14149;1.14113;1.14144;249;0
2025.06.11 06:20;1.14144;1.14145;1.14115;1.14118;312;0
2025.06.11 06:30;1.14117;1.14166;1.14117;1.14162;272;0
2025.06.11 06:40;1.14163;1.14175;1.14149;1.14152;219;0
2025.06.11 06:50;1.14152;1.14167;1.14141;1.14162;252;0
2025.06.11 07:00;1.14162;1.14162;1.14118;1.14144;212;0
2025.06.11 07:10;1.14144;1.14167;1.14137;1.14151;237;0
2025.06.11 07:20;1.14152;1.14180;1.14138;1.14157;290;0
2025.06.11 07:30;1.14157;1.14169;1.14142;1.14161;194;0
2025.06.11 07:40;1.14161;1.14180;1.14159;1.14166;210;0
2025.06.11 07:50;1.14166;1.14180;1.14147;1.14157;318;0
2025.06.11 08:00;1.14158;1.14168;1.14138;1.14163;283;0
2025.06.11 08:10;1.14163;1.14170;1.14134;1.14165;212;0
2025.06.11 08:20;1.14164;1.14179;1.14153;1.14162;270;0
2025.06.11 08:30;1.14163;1.14180;1.14160;1.14171;316;0
2025.06.11 08:40;1.14171;1.14198;1.14159;1.14193;339;0
2025.06.11 08:50;1.14193;1.14231;1.14191;1.14223;428;0
2025.06.11 09:00;1.14222;1.14235;1.14167;1.14209;391;0
2025.06.11 09:10;1.14210;1.14210;1.14135;1.14158;424;0
2025.06.11 09:20;1.14159;1.14184;1.14091;1.14100;464;0
2025.06.11 09:30;1.14099;1.14167;1.14092;1.14157;445;0
2025.06.11 09:40;1.14157;1.14200;1.14149;1.14183;444;0
2025.06.11 09:50;1.14181;1.14190;1.14071;1.14100;517;0
2025.06.11 10:00;1.14101;1.14135;1.14080;1.14091;564;0
2025.06.11 10:10;1.14089;1.14090;1.14053;1.14084;515;0
2025.06.11 10:20;1.14084;1.14140;1.14080;1.14125;497;0
2025.06.11 10:30;1.14125;1.14143;1.14087;1.14120;485;0
2025.06.11 10:40;1.14121;1.14206;1.14118;1.14194;451;0
2025.06.11 10:50;1.14195;1.14239;1.14193;1.14195;494;0
2025.06.11 11:00;1.14194;1.14283;1.14184;1.14269;460;0
2025.06.11 11:10;1.14268;1.14273;1.14216;1.14272;485;0
2025.06.11 11:20;1.14274;1.14286;1.14252;1.14283;380;0
2025.06.11 11:30;1.14283;1.14317;1.14268;1.14306;541;0
2025.06.11 11:40;1.14305;1.14385;1.14305;1.14349;495;0
2025.06.11 11:50;1.14349;1.14368;1.14301;1.14307;406;0
2025.06.11 12:00;1.14307;1.14379;1.14298;1.14356;567;0
2025.06.11 12:10;1.14356;1.14418;1.14356;1.14401;552;0
2025.06.11 12:20;1.14401;1.14432;1.14369;1.14406;426;0
2025.06.11 12:30;1.14406;1.14458;1.14384;1.14423;505;0
2025.06.11 12:40;1.14422;1.14423;1.14353;1.14366;516;0
2025.06.11 12:50;1.14366;1.14367;1.14332;1.14349;497;0
2025.06.11 13:00;1.14353;1.14381;1.14332;1.14362;473;0
2025.06.11 13:10;1.14361;1.14380;1.14345;1.14363;331;0
2025.06.11 13:20;1.14363;1.14426;1.14348;1.14357;415;0
2025.06.11 13:30;1.14358;1.14389;1.14337;1.14378;304;0
2025.06.11 13:40;1.14378;1.14408;1.14351;1.14363;342;0
2025.06.11 13:50;1.14363;1.14405;1.14361;1.14383;299;0
2025.06.11 14:00;1.14383;1.14405;1.14357;1.14357;330;0
2025.06.11 14:10;1.14352;1.14377;1.14336;1.14338;323;0
2025.06.11 14:20;1.14339;1.14342;1.14282;1.14300;433;0
2025.06.11 14:30;1.14300;1.14321;1.14266;1.14298;470;0
2025.06.11 14:40;1.14297;1.14317;1.14271;1.14291;362;0
2025.06.11 14:50;1.14293;1.14348;1.14270;1.14328;510;0
2025.06.11 15:00;1.14328;1.14384;1.14282;1.14334;985;0
2025.06.11 15:10;1.14335;1.14384;1.14313;1.14371;733;0
2025.06.11 15:20;1.14371;1.14377;1.14315;1.14317;555;0
2025.06.11 15:30;1.14306;1.14894;1.14298;1.14755;1547;0
2025.06.11 15:40;1.14754;1.14800;1.14652;1.14668;1143;0
2025.06.11 15:50;1.14668;1.14733;1.14595;1.14604;982;1
2025.06.11 16:00;1.14607;1.14630;1.14529;1.14624;991;2
2025.06.11 16:10;1.14624;1.14735;1.14606;1.14716;854;0
2025.06.11 16:20;1.14714;1.14726;1.14587;1.14591;764;0
2025.06.11 16:30;1.14591;1.14652;1.14571;1.14639;747;0
2025.06.11 16:40;1.14639;1.14649;1.14568;1.14640;742;0
2025.06.11 16:50;1.14642;1.14726;1.14642;1.14703;830;0
2025.06.11 17:00;1.14703;1.14788;1.14680;1.14724;861;0
2025.06.11 17:10;1.14723;1.14795;1.14670;1.14747;659;0
2025.06.11 17:20;1.14747;1.14801;1.14693;1.14711;657;0
2025.06.11 17:30;1.14712;1.14766;1.14697;1.14761;592;0
2025.06.11 17:40;1.14761;1.14867;1.14757;1.14801;650;0
2025.06.11 17:50;1.14801;1.14842;1.14789;1.14818;669;0
2025.06.11 18:00;1.14815;1.14836;1.14756;1.14787;736;0
2025.06.11 18:10;1.14788;1.14839;1.14747;1.14828;643;0
2025.06.11 18:20;1.14827;1.14879;1.14824;1.14874;479;0
2025.06.11 18:30;1.14875;1.14902;1.14856;1.14890;614;0
2025.06.11 18:40;1.14890;1.14903;1.14841;1.14865;479;0
2025.06.11 18:50;1.14865;1.14902;1.14865;1.14894;470;0
2025.06.11 19:00;1.14892;1.14900;1.14852;1.14867;380;1
2025.06.11 19:10;1.14867;1.14870;1.14821;1.14846;450;1
2025.06.11 19:20;1.14846;1.14899;1.14823;1.14893;347;0
2025.06.11 19:30;1.14888;1.14960;1.14868;1.14958;365;0
2025.06.11 19:40;1.14959;1.14959;1.14890;1.14931;371;0
2025.06.11 19:50;1.14932;1.14943;1.14895;1.14896;300;0
2025.06.11 20:00;1.14898;1.14956;1.14883;1.14930;366;0
2025.06.11 20:10;1.14933;1.14946;1.14915;1.14934;250;0
2025.06.11 20:20;1.14934;1.14962;1.14932;1.14953;242;0
2025.06.11 20:30;1.14953;1.14961;1.14901;1.14909;233;1
2025.06.11 20:40;1.14909;1.14958;1.14907;1.14958;229;0
2025.06.11 20:50;1.14958;1.14988;1.14950;1.14974;328;0
2025.06.11 21:00;1.14973;1.14995;1.14973;1.14983;489;1
2025.06.11 21:10;1.14983;1.14984;1.14880;1.14896;501;1
2025.06.11 21:20;1.14896;1.14911;1.14859;1.14865;398;1
2025.06.11 21:30;1.14864;1.14913;1.14840;1.14882;452;1
2025.06.11 21:40;1.14882;1.14901;1.14834;1.14853;428;1
2025.06.11 21:50;1.14853;1.14898;1.14850;1.14862;442;0
2025.06.11 22:00;1.14862;1.14863;1.14822;1.14832;318;0
2025.06.11 22:10;1.14834;1.14854;1.14821;1.14844;345;0
2025.06.11 22:20;1.14843;1.14852;1.14830;1.14837;275;0
2025.06.11 22:30;1.14837;1.14859;1.14829;1.14849;312;1
2025.06.11 22:40;1.14850;1.14868;1.14824;1.14829;205;1
2025.06.11 22:50;1.14829;1.14835;1.14792;1.14826;313;0
2025.06.11 23:00;1.14829;1.14851;1.14802;1.14835;253;0
2025.06.11 23:10;1.14835;1.14849;1.14826;1.14838;144;0
2025.06.11 23:20;1.14838;1.14858;1.14831;1.14850;198;0
2025.06.11 23:30;1.14855;1.14867;1.14837;1.14853;166;0
2025.06.11 23:40;1.14851;1.14870;1.14840;1.14850;208;5
2025.06.11 23:50;1.14850;1.14894;1.14850;1.14884;260;5
2025.06.12 00:00;1.14872;1.14872;1.14813;1.14836;23;15
2025.06.12 00:10;1.14836;1.14848;1.14829;1.14843;73;24
2025.06.12 00:20;1.14846;1.14863;1.14846;1.14863;19;28
2025.06.12 00:30;1.14863;1.14874;1.14860;1.14874;72;24
2025.06.12 00:40;1.14861;1.14875;1.14861;1.14871;58;24
2025.06.12 00:50;1.14873;1.14884;1.14864;1.14876;124;24
2025.06.12 01:00;1.14889;1.14941;1.14874;1.14941;234;0
2025.06.12 01:10;1.14941;1.14943;1.14912;1.14940;173;0
2025.06.12 01:20;1.14941;1.14951;1.14931;1.14938;158;0
2025.06.12 01:30;1.14943;1.14969;1.14932;1.14962;136;0
2025.06.12 01:40;1.14962;1.14972;1.14961;1.14972;147;0
2025.06.12 01:50;1.14972;1.15089;1.14972;1.15058;327;0
2025.06.12 02:00;1.15058;1.15132;1.15044;1.15069;380;0
2025.06.12 02:10;1.15069;1.15113;1.15066;1.15078;231;0
2025.06.12 02:20;1.15078;1.15081;1.15051;1.15055;230;0
2025.06.12 02:30;1.15054;1.15089;1.15045;1.15084;261;0
2025.06.12 02:40;1.15083;1.15104;1.15074;1.15086;335;0
2025.06.12 02:50;1.15086;1.15102;1.15062;1.15102;378;0
2025.06.12 03:00;1.15106;1.15131;1.15042;1.15047;600;0
2025.06.12 03:10;1.15047;1.15066;1.15028;1.15035;449;0
2025.06.12 03:20;1.15034;1.15135;1.15014;1.15123;510;0
2025.06.12 03:30;1.15123;1.15134;1.15054;1.15125;493;0
2025.06.12 03:40;1.15129;1.15248;1.15129;1.15247;513;0
2025.06.12 03:50;1.15260;1.15266;1.15204;1.15212;638;0
2025.06.12 04:00;1.15212;1.15213;1.15146;1.15184;588;0
2025.06.12 04:10;1.15183;1.15275;1.15179;1.15255;471;0
2025.06.12 04:20;1.15256;1.15291;1.15214;1.15266;607;0
2025.06.12 04:30;1.15267;1.15293;1.15229;1.15264;603;0
2025.06.12 04:40;1.15266;1.15266;1.15184;1.15228;615;0
2025.06.12 04:50;1.15226;1.15245;1.15174;1.15186;583;0
2025.06.12 05:00;1.15185;1.15189;1.15094;1.15101;510;0
2025.06.12 05:10;1.15102;1.15133;1.15090;1.15131;461;0
2025.06.12 05:20;1.15129;1.15161;1.15116;1.15151;445;0
2025.06.12 05:30;1.15152;1.15172;1.15135;1.15159;400;0
2025.06.12 05:40;1.15159;1.15161;1.15115;1.15121;366;0
2025.06.12 05:50;1.15121;1.15124;1.15064;1.15114;379;0
2025.06.12 06:00;1.15113;1.15149;1.15104;1.15142;415;0
2025.06.12 06:10;1.15138;1.15177;1.15138;1.15159;285;0
2025.06.12 06:20;1.15159;1.15173;1.15131;1.15170;477;0
2025.06.12 06:30;1.15170;1.15222;1.15159;1.15219;406;0
2025.06.12 06:40;1.15213;1.15213;1.15179;1.15202;408;0
2025.06.12 06:50;1.15203;1.15210;1.15183;1.15198;454;0
2025.06.12 07:00;1.15197;1.15197;1.15138;1.15149;456;0
2025.06.12 07:10;1.15149;1.15159;1.15122;1.15149;437;0
2025.06.12 07:20;1.15150;1.15184;1.15143;1.15172;311;0
2025.06.12 07:30;1.15172;1.15174;1.15140;1.15165;368;0
2025.06.12 07:40;1.15160;1.15187;1.15158;1.15175;316;0
2025.06.12 07:50;1.15179;1.15190;1.15151;1.15153;286;0
2025.06.12 08:00;1.15144;1.15158;1.15107;1.15158;391;0
2025.06.12 08:10;1.15158;1.15166;1.15131;1.15159;297;0
2025.06.12 08:20;1.15160;1.15251;1.15156;1.15250;312;0
2025.06.12 08:30;1.15251;1.15263;1.15232;1.15246;412;0
2025.06.12 08:40;1.15247;1.15290;1.15231;1.15288;493;0
2025.06.12 08:50;1.15288;1.15326;1.15261;1.15277;527;0
2025.06.12 09:00;1.15275;1.15315;1.15228;1.15228;628;0
2025.06.12 09:10;1.15228;1.15249;1.15124;1.15129;586;0
2025.06.12 09:20;1.15129;1.15209;1.15129;1.15197;571;0
2025.06.12 09:30;1.15197;1.15255;1.15175;1.15243;597;0
2025.06.12 09:40;1.15241;1.15241;1.15153;1.15165;480;0
2025.06.12 09:50;1.15166;1.15231;1.15113;1.15222;700;0
2025.06.12 10:00;1.15223;1.15223;1.15140;1.15142;791;0
2025.06.12 10:10;1.15142;1.15158;1.15104;1.15110;569;0
2025.06.12 10:20;1.15110;1.15139;1.15098;1.15136;554;0
2025.06.12 10:30;1.15136;1.15167;1.15089;1.15112;565;0
2025.06.12 10:40;1.15111;1.15151;1.15059;1.15142;664;0
2025.06.12 10:50;1.15143;1.15278;1.15138;1.15263;679;0
2025.06.12 11:00;1.15263;1.15308;1.15232;1.15302;665;0
2025.06.12 11:10;1.15303;1.15398;1.15245;1.15338;638;0
2025.06.12 11:20;1.15338;1.15365;1.15326;1.15354;555;0
2025.06.12 11:30;1.15354;1.15359;1.15311;1.15329;573;0
2025.06.12 11:40;1.15330;1.15415;1.15316;1.15410;623;0
2025.06.12 11:50;1.15411;1.15473;1.15398;1.15442;646;0
2025.06.12 12:00;1.15442;1.15548;1.15403;1.15519;676;0
2025.06.12 12:10;1.15516;1.15622;1.15502;1.15535;658;0
2025.06.12 12:20;1.15534;1.15654;1.15512;1.15577;646;0
2025.06.12 12:30;1.15576;1.15604;1.15555;1.15571;471;0
2025.06.12 12:40;1.15572;1.15635;1.15547;1.15635;511;0
2025.06.12 12:50;1.15634;1.15881;1.15634;1.15719;918;0
2025.06.12 13:00;1.15721;1.15749;1.15668;1.15725;742;0
2025.06.12 13:10;1.15726;1.15868;1.15719;1.15867;821;0
2025.06.12 13:20;1.15867;1.15923;1.15764;1.15903;735;0
2025.06.12 13:30;1.15904;1.15967;1.15851;1.15859;807;0
2025.06.12 13:40;1.15858;1.15923;1.15799;1.15923;807;0
2025.06.12 13:50;1.15923;1.16105;1.15902;1.15928;993;0
2025.06.12 14:00;1.15926;1.16066;1.15922;1.16043;715;0
2025.06.12 14:10;1.16043;1.16043;1.15926;1.15969;622;0
2025.06.12 14:20;1.15968;1.16014;1.15932;1.15933;592;0
2025.06.12 14:30;1.15934;1.16013;1.15889;1.15892;842;0
2025.06.12 14:40;1.15891;1.15898;1.15850;1.15867;652;0
2025.06.12 14:50;1.15867;1.15910;1.15840;1.15896;585;0
2025.06.12 15:00;1.15897;1.15986;1.15882;1.15938;609;0
2025.06.12 15:10;1.15938;1.16063;1.15936;1.16026;594;0
2025.06.12 15:20;1.16024;1.16052;1.15945;1.15950;645;0
2025.06.12 15:30;1.15964;1.16315;1.15961;1.16274;1388;0
2025.06.12 15:40;1.16274;1.16299;1.16130;1.16157;1031;0
2025.06.12 15:50;1.16158;1.16162;1.16093;1.16097;865;0
2025.06.12 16:00;1.16096;1.16172;1.16076;1.16097;856;0
2025.06.12 16:10;1.16094;1.16095;1.15953;1.15978;811;0
2025.06.12 16:20;1.15977;1.15980;1.15868;1.15905;609;0
2025.06.12 16:30;1.15906;1.16009;1.15906;1.15982;822;0
2025.06.12 16:40;1.15983;1.16050;1.15875;1.15881;690;0
2025.06.12 16:50;1.15881;1.15921;1.15795;1.15850;889;0
2025.06.12 17:00;1.15851;1.15903;1.15804;1.15888;854;0
2025.06.12 17:10;1.15887;1.15899;1.15822;1.15845;712;0
2025.06.12 17:20;1.15845;1.15862;1.15789;1.15817;619;0
2025.06.12 17:30;1.15817;1.15857;1.15798;1.15815;650;0
2025.06.12 17:40;1.15816;1.15869;1.15797;1.15846;591;0
2025.06.12 17:50;1.15847;1.15896;1.15812;1.15822;730;0
2025.06.12 18:00;1.15820;1.15850;1.15736;1.15780;794;0
2025.06.12 18:10;1.15780;1.15797;1.15696;1.15733;719;0
2025.06.12 18:20;1.15734;1.15799;1.15715;1.15727;792;0
2025.06.12 18:30;1.15728;1.15808;1.15728;1.15744;663;0
2025.06.12 18:40;1.15742;1.15771;1.15673;1.15761;619;0
2025.06.12 18:50;1.15763;1.15824;1.15740;1.15769;680;0
2025.06.12 19:00;1.15770;1.15773;1.15726;1.15750;598;1
2025.06.12 19:10;1.15754;1.15796;1.15712;1.15783;515;1
2025.06.12 19:20;1.15783;1.15783;1.15738;1.15741;460;1
2025.06.12 19:30;1.15742;1.15768;1.15715;1.15722;507;0
2025.06.12 19:40;1.15722;1.15737;1.15669;1.15683;443;0
2025.06.12 19:50;1.15683;1.15762;1.15677;1.15761;385;0
2025.06.12 20:00;1.15761;1.15777;1.15727;1.15741;442;0
2025.06.12 20:10;1.15741;1.15753;1.15655;1.15666;385;0
2025.06.12 20:20;1.15666;1.15694;1.15637;1.15691;446;0
2025.06.12 20:30;1.15691;1.15722;1.15675;1.15715;267;0
2025.06.12 20:40;1.15715;1.15773;1.15709;1.15767;296;1
2025.06.12 20:50;1.15772;1.15782;1.15750;1.15750;267;0
2025.06.12 21:00;1.15750;1.15750;1.15701;1.15728;316;1
2025.06.12 21:10;1.15727;1.15756;1.15706;1.15751;222;0
2025.06.12 21:20;1.15749;1.15807;1.15749;1.15780;244;0
2025.06.12 21:30;1.15780;1.15793;1.15746;1.15751;260;0
2025.06.12 21:40;1.15752;1.15780;1.15741;1.15767;227;0
2025.06.12 21:50;1.15767;1.15793;1.15761;1.15775;281;0
2025.06.12 22:00;1.15775;1.15789;1.15753;1.15785;272;0
2025.06.12 22:10;1.15785;1.15808;1.15763;1.15781;238;0
2025.06.12 22:20;1.15782;1.15789;1.15759;1.15759;190;0
2025.06.12 22:30;1.15760;1.15786;1.15747;1.15786;200;0
2025.06.12 22:40;1.15786;1.15797;1.15766;1.15771;194;1
2025.06.12 22:50;1.15777;1.15806;1.15760;1.15761;311;0
2025.06.12 23:00;1.15761;1.15795;1.15756;1.15786;182;0
2025.06.12 23:10;1.15785;1.15804;1.15784;1.15789;84;0
2025.06.12 23:20;1.15788;1.15812;1.15787;1.15798;96;0
2025.06.12 23:30;1.15797;1.15849;1.15785;1.15843;150;1
2025.06.12 23:40;1.15841;1.15872;1.15835;1.15848;145;5
2025.06.12 23:50;1.15843;1.15872;1.15831;1.15845;252;5
2025.06.13 00:00;1.15730;1.15850;1.15730;1.15850;64;32
2025.06.13 00:10;1.15849;1.15868;1.15844;1.15866;79;24
2025.06.13 00:20;1.15868;1.15868;1.15855;1.15867;91;24
2025.06.13 00:30;1.15862;1.15875;1.15851;1.15853;205;24
2025.06.13 00:40;1.15853;1.15855;1.15851;1.15853;71;24
2025.06.13 00:50;1.15853;1.15881;1.15851;1.15878;132;24
2025.06.13 01:00;1.15879;1.15909;1.15868;1.15909;198;0
2025.06.13 01:10;1.15909;1.15929;1.15890;1.15890;180;0
2025.06.13 01:20;1.15890;1.15898;1.15882;1.15886;136;0
2025.06.13 01:30;1.15886;1.15896;1.15874;1.15884;222;0
2025.06.13 01:40;1.15884;1.15895;1.15876;1.15880;143;0
2025.06.13 01:50;1.15881;1.15900;1.15881;1.15898;138;0
2025.06.13 02:00;1.15902;1.15914;1.15868;1.15910;229;0
2025.06.13 02:10;1.15911;1.15939;1.15910;1.15926;205;0
2025.06.13 02:20;1.15926;1.15935;1.15913;1.15935;125;0
2025.06.13 02:30;1.15934;1.15955;1.15931;1.15953;158;0
2025.06.13 02:40;1.15952;1.15994;1.15949;1.15985;335;0
2025.06.13 02:50;1.15985;1.16094;1.15971;1.16091;330;0
2025.06.13 03:00;1.16086;1.16141;1.15940;1.15940;1334;0
2025.06.13 03:10;1.15945;1.15950;1.15606;1.15811;1438;0
2025.06.13 03:20;1.15811;1.15828;1.15709;1.15822;1094;0
2025.06.13 03:30;1.15823;1.15849;1.15475;1.15478;1367;0
2025.06.13 03:40;1.15479;1.15596;1.15393;1.15557;1211;0
2025.06.13 03:50;1.15560;1.15624;1.15482;1.15589;1046;0
2025.06.13 04:00;1.15589;1.15605;1.15421;1.15509;1004;0
2025.06.13 04:10;1.15509;1.15510;1.15393;1.15405;1005;0
2025.06.13 04:20;1.15404;1.15500;1.15389;1.15498;820;0
2025.06.13 04:30;1.15498;1.15515;1.15373;1.15424;858;0
2025.06.13 04:40;1.15424;1.15535;1.15405;1.15534;771;0
2025.06.13 04:50;1.15540;1.15546;1.15439;1.15483;883;0
2025.06.13 05:00;1.15483;1.15523;1.15465;1.15515;625;0
2025.06.13 05:10;1.15516;1.15583;1.15452;1.15563;597;0
2025.06.13 05:20;1.15564;1.15565;1.15466;1.15473;668;0
2025.06.13 05:30;1.15473;1.15559;1.15470;1.15486;640;0
2025.06.13 05:40;1.15486;1.15501;1.15407;1.15457;636;0
2025.06.13 05:50;1.15457;1.15517;1.15370;1.15454;630;0
2025.06.13 06:00;1.15454;1.15466;1.15291;1.15353;766;0
2025.06.13 06:10;1.15353;1.15389;1.15275;1.15322;737;0
2025.06.13 06:20;1.15322;1.15372;1.15283;1.15324;589;0
2025.06.13 06:30;1.15325;1.15343;1.15279;1.15312;602;0
2025.06.13 06:40;1.15311;1.15388;1.15299;1.15377;608;0
2025.06.13 06:50;1.15378;1.15431;1.15353;1.15374;521;0
2025.06.13 07:00;1.15374;1.15409;1.15326;1.15339;554;0
2025.06.13 07:10;1.15334;1.15345;1.15266;1.15269;508;0
2025.06.13 07:20;1.15270;1.15274;1.15140;1.15210;576;0
2025.06.13 07:30;1.15209;1.15281;1.15190;1.15232;570;0
2025.06.13 07:40;1.15233;1.15285;1.15225;1.15273;469;0
2025.06.13 07:50;1.15273;1.15280;1.15208;1.15254;491;0
2025.06.13 08:00;1.15254;1.15372;1.15244;1.15360;570;0
2025.06.13 08:10;1.15360;1.15367;1.15278;1.15312;563;0
2025.06.13 08:20;1.15312;1.15315;1.15119;1.15135;692;0
2025.06.13 08:30;1.15135;1.15287;1.15120;1.15274;488;0
2025.06.13 08:40;1.15272;1.15321;1.15240;1.15263;566;0
2025.06.13 08:50;1.15262;1.15331;1.15261;1.15291;544;0
2025.06.13 09:00;1.15292;1.15464;1.15292;1.15409;861;0
2025.06.13 09:10;1.15408;1.15418;1.15301;1.15324;860;0
2025.06.13 09:20;1.15324;1.15396;1.15286;1.15302;748;0
2025.06.13 09:30;1.15305;1.15411;1.15270;1.15346;866;0
2025.06.13 09:40;1.15345;1.15357;1.15239;1.15338;833;0
2025.06.13 09:50;1.15338;1.15444;1.15324;1.15424;879;0
2025.06.13 10:00;1.15427;1.15546;1.15388;1.15526;1004;0
2025.06.13 10:10;1.15527;1.15609;1.15466;1.15486;885;0
2025.06.13 10:20;1.15485;1.15495;1.15400;1.15478;790;0
2025.06.13 10:30;1.15479;1.15576;1.15460;1.15528;739;0
2025.06.13 10:40;1.15526;1.15545;1.15433;1.15465;602;0
2025.06.13 10:50;1.15464;1.15465;1.15353;1.15354;622;0
2025.06.13 11:00;1.15354;1.15388;1.15313;1.15355;635;0
2025.06.13 11:10;1.15354;1.15428;1.15337;1.15359;579;0
2025.06.13 11:20;1.15358;1.15470;1.15355;1.15444;540;0
2025.06.13 11:30;1.15444;1.15471;1.15278;1.15300;525;0
2025.06.13 11:40;1.15301;1.15322;1.15256;1.15318;576;0
2025.06.13 11:50;1.15318;1.15327;1.15262;1.15288;601;0
2025.06.13 12:00;1.15286;1.15358;1.15276;1.15341;752;0
2025.06.13 12:10;1.15343;1.15354;1.15280;1.15323;637;0
2025.06.13 12:20;1.15322;1.15354;1.15262;1.15295;584;0
2025.06.13 12:30;1.15288;1.15289;1.15251;1.15266;587;0
2025.06.13 12:40;1.15265;1.15294;1.15185;1.15215;637;0
2025.06.13 12:50;1.15216;1.15315;1.15198;1.15234;765;0
2025.06.13 13:00;1.15233;1.15297;1.15199;1.15238;618;0
2025.06.13 13:10;1.15238;1.15245;1.15174;1.15184;616;0
2025.06.13 13:20;1.15185;1.15211;1.15122;1.15160;723;0
2025.06.13 13:30;1.15160;1.15189;1.15041;1.15058;697;0
2025.06.13 13:40;1.15059;1.15132;1.14888;1.14913;848;0
2025.06.13 13:50;1.14914;1.15058;1.14906;1.15047;691;0
2025.06.13 14:00;1.15054;1.15071;1.14916;1.14927;615;0
2025.06.13 14:10;1.14927;1.14987;1.14909;1.14940;749;0
2025.06.13 14:20;1.14940;1.15003;1.14927;1.14985;646;0
2025.06.13 14:30;1.14984;1.15055;1.14966;1.15048;713;0
2025.06.13 14:40;1.15048;1.15106;1.15022;1.15022;538;0
2025.06.13 14:50;1.15022;1.15108;1.15007;1.15102;561;0
2025.06.13 15:00;1.15101;1.15141;1.15065;1.15119;537;0
2025.06.13 15:10;1.15119;1.15168;1.15076;1.15112;452;0
2025.06.13 15:20;1.15108;1.15162;1.15086;1.15153;602;0
2025.06.13 15:30;1.15153;1.15227;1.15151;1.15217;546;0
2025.06.13 15:40;1.15223;1.15225;1.15134;1.15165;497;0
2025.06.13 15:50;1.15165;1.15179;1.15129;1.15165;467;0
2025.06.13 16:00;1.15161;1.15189;1.15084;1.15084;572;0
2025.06.13 16:10;1.15083;1.15093;1.15028;1.15092;569;0
2025.06.13 16:20;1.15093;1.15119;1.15039;1.15062;519;0
2025.06.13 16:30;1.15062;1.15183;1.15012;1.15157;826;0
2025.06.13 16:40;1.15156;1.15204;1.15135;1.15181;708;0
2025.06.13 16:50;1.15186;1.15275;1.15173;1.15233;595;0
2025.06.13 17:00;1.15225;1.15300;1.15207;1.15292;755;0
2025.06.13 17:10;1.15295;1.15409;1.15292;1.15345;684;0
2025.06.13 17:20;1.15345;1.15458;1.15332;1.15456;638;0
2025.06.13 17:30;1.15456;1.15464;1.15346;1.15392;599;0
2025.06.13 17:40;1.15391;1.15401;1.15344;1.15379;582;0
2025.06.13 17:50;1.15380;1.15450;1.15355;1.15446;740;0
2025.06.13 18:00;1.15445;1.15447;1.15381;1.15433;646;0
2025.06.13 18:10;1.15433;1.15552;1.15422;1.15544;544;0
2025.06.13 18:20;1.15545;1.15641;1.15539;1.15636;553;0
2025.06.13 18:30;1.15636;1.15695;1.15614;1.15652;569;0
2025.06.13 18:40;1.15653;1.15681;1.15604;1.15608;523;0
2025.06.13 18:50;1.15611;1.15613;1.15534;1.15565;542;0
2025.06.13 19:00;1.15564;1.15604;1.15543;1.15569;464;0
2025.06.13 19:10;1.15570;1.15619;1.15523;1.15618;465;0
2025.06.13 19:20;1.15623;1.15642;1.15598;1.15621;313;0
2025.06.13 19:30;1.15621;1.15659;1.15609;1.15639;396;0
2025.06.13 19:40;1.15639;1.15639;1.15570;1.15573;330;0
2025.06.13 19:50;1.15574;1.15577;1.15528;1.15545;373;0
2025.06.13 20:00;1.15545;1.15555;1.15480;1.15500;357;0
2025.06.13 20:10;1.15500;1.15520;1.15446;1.15461;365;0
2025.06.13 20:20;1.15460;1.15463;1.15416;1.15453;380;0
2025.06.13 20:30;1.15454;1.15459;1.15391;1.15392;337;0
2025.06.13 20:40;1.15392;1.15406;1.15373;1.15389;308;0
2025.06.13 20:50;1.15390;1.15510;1.15390;1.15491;315;0
2025.06.13 21:00;1.15491;1.15508;1.15448;1.15485;462;0
2025.06.13 21:10;1.15485;1.15499;1.15442;1.15470;422;0
2025.06.13 21:20;1.15469;1.15488;1.15414;1.15415;369;0
2025.06.13 21:30;1.15412;1.15467;1.15396;1.15397;471;1
2025.06.13 21:40;1.15397;1.15453;1.15335;1.15449;482;1
2025.06.13 21:50;1.15447;1.15478;1.15408;1.15416;456;0
2025.06.13 22:00;1.15411;1.15413;1.15381;1.15389;459;0
2025.06.13 22:10;1.15389;1.15427;1.15379;1.15404;337;0
2025.06.13 22:20;1.15407;1.15412;1.15366;1.15393;278;0
2025.06.13 22:30;1.15392;1.15440;1.15379;1.15430;245;0
2025.06.13 22:40;1.15430;1.15461;1.15422;1.15455;218;1
2025.06.13 22:50;1.15454;1.15517;1.15438;1.15500;436;0
2025.06.13 23:00;1.15493;1.15493;1.15387;1.15418;288;0
2025.06.13 23:10;1.15418;1.15451;1.15417;1.15444;168;0
2025.06.13 23:20;1.15443;1.15443;1.15411;1.15424;181;0
2025.06.13 23:30;1.15422;1.15426;1.15396;1.15408;103;0
2025.06.13 23:40;1.15404;1.15508;1.15377;1.15491;286;5
2025.06.13 23:50;1.15485;1.15488;1.15455;1.15473;155;5
2025.06.16 00:00;1.15246;1.15321;1.15226;1.15310;55;40
2025.06.16 00:10;1.15310;1.15315;1.15285;1.15301;112;29
2025.06.16 00:20;1.15302;1.15312;1.15283;1.15302;63;37
2025.06.16 00:30;1.15301;1.15328;1.15280;1.15282;125;25
2025.06.16 00:40;1.15281;1.15329;1.15275;1.15314;204;25
2025.06.16 00:50;1.15315;1.15365;1.15312;1.15328;165;25
2025.06.16 01:00;1.15327;1.15327;1.15262;1.15275;700;0
2025.06.16 01:10;1.15274;1.15299;1.15247;1.15284;615;0
2025.06.16 01:20;1.15284;1.15361;1.15284;1.15322;718;0
2025.06.16 01:30;1.15320;1.15400;1.15311;1.15367;810;0
2025.06.16 01:40;1.15367;1.15476;1.15352;1.15474;788;0
2025.06.16 01:50;1.15477;1.15477;1.15400;1.15412;722;0
2025.06.16 02:00;1.15414;1.15419;1.15346;1.15347;640;0
2025.06.16 02:10;1.15348;1.15355;1.15276;1.15309;554;0
2025.06.16 02:20;1.15310;1.15350;1.15302;1.15341;378;0
2025.06.16 02:30;1.15342;1.15380;1.15329;1.15375;257;0
2025.06.16 02:40;1.15375;1.15401;1.15360;1.15380;325;0
2025.06.16 02:50;1.15380;1.15390;1.15354;1.15379;370;0
2025.06.16 03:00;1.15380;1.15407;1.15348;1.15394;571;0
2025.06.16 03:10;1.15394;1.15444;1.15367;1.15374;508;0
2025.06.16 03:20;1.15375;1.15467;1.15356;1.15408;541;0
2025.06.16 03:30;1.15407;1.15436;1.15394;1.15414;511;0
2025.06.16 03:40;1.15414;1.15419;1.15364;1.15365;432;0
2025.06.16 03:50;1.15366;1.15368;1.15308;1.15348;522;0
2025.06.16 04:00;1.15343;1.15407;1.15325;1.15337;588;0
2025.06.16 04:10;1.15339;1.15407;1.15338;1.15388;456;0
2025.06.16 04:20;1.15387;1.15411;1.15360;1.15380;488;0
2025.06.16 04:30;1.15378;1.15444;1.15325;1.15367;599;0
2025.06.16 04:40;1.15368;1.15394;1.15332;1.15360;482;0
2025.06.16 04:50;1.15360;1.15386;1.15320;1.15323;449;0
2025.06.16 05:00;1.15323;1.15337;1.15263;1.15329;580;0
2025.06.16 05:10;1.15324;1.15350;1.15305;1.15343;513;0
2025.06.16 05:20;1.15341;1.15363;1.15310;1.15321;528;0
2025.06.16 05:30;1.15320;1.15334;1.15289;1.15319;407;0
2025.06.16 05:40;1.15320;1.15343;1.15299;1.15333;363;0
2025.06.16 05:50;1.15333;1.15362;1.15288;1.15304;461;0
2025.06.16 06:00;1.15300;1.15350;1.15292;1.15302;421;0
2025.06.16 06:10;1.15302;1.15303;1.15257;1.15261;352;0
2025.06.16 06:20;1.15261;1.15324;1.15239;1.15315;494;0
2025.06.16 06:30;1.15314;1.15333;1.15285;1.15291;309;0
2025.06.16 06:40;1.15290;1.15308;1.15261;1.15264;354;0
2025.06.16 06:50;1.15264;1.15287;1.15251;1.15272;389;0
2025.06.16 07:00;1.15272;1.15315;1.15272;1.15299;452;0
2025.06.16 07:10;1.15300;1.15341;1.15292;1.15319;352;0
2025.06.16 07:20;1.15319;1.15364;1.15316;1.15347;293;0
2025.06.16 07:30;1.15346;1.15371;1.15334;1.15353;253;0
2025.06.16 07:40;1.15354;1.15360;1.15335;1.15341;334;0
2025.06.16 07:50;1.15341;1.15368;1.15321;1.15359;321;0
2025.06.16 08:00;1.15360;1.15453;1.15358;1.15448;463;0
2025.06.16 08:10;1.15446;1.15512;1.15436;1.15475;535;0
2025.06.16 08:20;1.15478;1.15585;1.15474;1.15558;461;0
2025.06.16 08:30;1.15559;1.15625;1.15555;1.15598;475;0
2025.06.16 08:40;1.15598;1.15605;1.15555;1.15586;393;0
2025.06.16 08:50;1.15586;1.15617;1.15566;1.15568;494;0
2025.06.16 09:00;1.15567;1.15602;1.15542;1.15545;542;0
2025.06.16 09:10;1.15544;1.15548;1.15466;1.15471;510;0
2025.06.16 09:20;1.15471;1.15519;1.15405;1.15429;587;0
2025.06.16 09:30;1.15428;1.15544;1.15398;1.15524;633;0
2025.06.16 09:40;1.15523;1.15618;1.15488;1.15617;552;0
2025.06.16 09:50;1.15618;1.15759;1.15614;1.15735;847;0
2025.06.16 10:00;1.15736;1.15744;1.15680;1.15718;679;0
2025.06.16 10:10;1.15716;1.15760;1.15670;1.15759;735;0
2025.06.16 10:20;1.15758;1.15843;1.15746;1.15819;709;0
2025.06.16 10:30;1.15819;1.15863;1.15776;1.15806;660;0
2025.06.16 10:40;1.15807;1.15840;1.15796;1.15834;511;0
2025.06.16 10:50;1.15835;1.15865;1.15766;1.15788;651;0
2025.06.16 11:00;1.15788;1.15799;1.15757;1.15767;527;0
2025.06.16 11:10;1.15766;1.15817;1.15752;1.15807;498;0
2025.06.16 11:20;1.15807;1.15817;1.15763;1.15798;537;0
2025.06.16 11:30;1.15789;1.15847;1.15789;1.15812;455;0
2025.06.16 11:40;1.15812;1.15833;1.15771;1.15791;476;0
2025.06.16 11:50;1.15791;1.15840;1.15773;1.15786;593;0
2025.06.16 12:00;1.15786;1.15818;1.15764;1.15807;491;0
2025.06.16 12:10;1.15805;1.15834;1.15769;1.15808;454;0
2025.06.16 12:20;1.15808;1.15810;1.15760;1.15786;523;0
2025.06.16 12:30;1.15786;1.15798;1.15763;1.15791;538;0
2025.06.16 12:40;1.15791;1.15825;1.15766;1.15794;440;0
2025.06.16 12:50;1.15793;1.15848;1.15784;1.15843;469;0
2025.06.16 13:00;1.15844;1.15859;1.15789;1.15814;465;0
2025.06.16 13:10;1.15814;1.15826;1.15724;1.15748;423;0
2025.06.16 13:20;1.15747;1.15782;1.15727;1.15776;369;0
2025.06.16 13:30;1.15778;1.15804;1.15757;1.15802;389;0
2025.06.16 13:40;1.15802;1.15834;1.15797;1.15826;423;0
2025.06.16 13:50;1.15824;1.15824;1.15734;1.15753;519;0
2025.06.16 14:00;1.15752;1.15784;1.15734;1.15781;449;0
2025.06.16 14:10;1.15775;1.15822;1.15767;1.15808;347;0
2025.06.16 14:20;1.15808;1.15839;1.15780;1.15781;348;0
2025.06.16 14:30;1.15781;1.15790;1.15711;1.15736;454;0
2025.06.16 14:40;1.15734;1.15742;1.15696;1.15712;445;0
2025.06.16 14:50;1.15711;1.15774;1.15706;1.15730;433;0
2025.06.16 15:00;1.15730;1.15776;1.15711;1.15740;549;0
2025.06.16 15:10;1.15742;1.15793;1.15714;1.15773;426;0
2025.06.16 15:20;1.15772;1.15784;1.15708;1.15721;522;0
2025.06.16 15:30;1.15726;1.15802;1.15726;1.15793;662;0
2025.06.16 15:40;1.15793;1.15795;1.15729;1.15768;441;0
2025.06.16 15:50;1.15767;1.15849;1.15750;1.15842;453;0
2025.06.16 16:00;1.15843;1.15997;1.15843;1.15944;803;0
2025.06.16 16:10;1.15944;1.15981;1.15920;1.15966;593;0
2025.06.16 16:20;1.15968;1.16021;1.15950;1.15955;644;0
2025.06.16 16:30;1.15956;1.16020;1.15943;1.16012;699;0
2025.06.16 16:40;1.16011;1.16014;1.15912;1.15940;626;0
2025.06.16 16:50;1.15940;1.16050;1.15847;1.16011;994;0
2025.06.16 17:00;1.16013;1.16147;1.15999;1.16102;840;0
2025.06.16 17:10;1.16102;1.16146;1.16056;1.16133;752;0
2025.06.16 17:20;1.16133;1.16133;1.16050;1.16074;686;0
2025.06.16 17:30;1.16073;1.16122;1.16055;1.16076;799;0
2025.06.16 17:40;1.16073;1.16076;1.15893;1.15921;902;0
2025.06.16 17:50;1.15921;1.15979;1.15913;1.15914;719;0
2025.06.16 18:00;1.15915;1.15949;1.15885;1.15923;660;0
2025.06.16 18:10;1.15923;1.15925;1.15813;1.15827;573;0
2025.06.16 18:20;1.15827;1.15897;1.15827;1.15894;555;0
2025.06.16 18:30;1.15894;1.15915;1.15805;1.15849;579;0
2025.06.16 18:40;1.15847;1.15871;1.15828;1.15841;472;0
2025.06.16 18:50;1.15840;1.15844;1.15790;1.15800;513;0
2025.06.16 19:00;1.15804;1.15861;1.15799;1.15856;381;0
2025.06.16 19:10;1.15856;1.15857;1.15787;1.15841;385;0
2025.06.16 19:20;1.15840;1.15857;1.15825;1.15831;391;0
2025.06.16 19:30;1.15831;1.15847;1.15803;1.15811;309;0
2025.06.16 19:40;1.15811;1.15827;1.15785;1.15813;326;0
2025.06.16 19:50;1.15813;1.15844;1.15798;1.15839;299;0
2025.06.16 20:00;1.15840;1.15850;1.15749;1.15750;339;0
2025.06.16 20:10;1.15745;1.15794;1.15724;1.15788;332;0
2025.06.16 20:20;1.15789;1.15799;1.15761;1.15777;232;0
2025.06.16 20:30;1.15777;1.15800;1.15732;1.15757;289;0
2025.06.16 20:40;1.15759;1.15785;1.15749;1.15774;260;0
2025.06.16 20:50;1.15773;1.15806;1.15765;1.15778;323;0
2025.06.16 21:00;1.15777;1.15784;1.15756;1.15780;328;0
2025.06.16 21:10;1.15781;1.15792;1.15759;1.15773;234;0
2025.06.16 21:20;1.15773;1.15784;1.15737;1.15759;298;0
2025.06.16 21:30;1.15759;1.15796;1.15758;1.15788;372;0
2025.06.16 21:40;1.15788;1.15810;1.15778;1.15798;305;0
2025.06.16 21:50;1.15798;1.15815;1.15767;1.15800;560;0
2025.06.16 22:00;1.15801;1.15802;1.15729;1.15734;357;0
2025.06.16 22:10;1.15735;1.15739;1.15652;1.15664;312;0
2025.06.16 22:20;1.15664;1.15691;1.15654;1.15682;231;0
2025.06.16 22:30;1.15679;1.15698;1.15662;1.15670;243;0
2025.06.16 22:40;1.15670;1.15671;1.15595;1.15595;286;0
2025.06.16 22:50;1.15595;1.15599;1.15551;1.15557;345;0
2025.06.16 23:00;1.15557;1.15631;1.15544;1.15609;288;0
2025.06.16 23:10;1.15609;1.15614;1.15577;1.15592;150;0
2025.06.16 23:20;1.15592;1.15626;1.15576;1.15626;100;0
2025.06.16 23:30;1.15626;1.15629;1.15599;1.15601;92;1
2025.06.16 23:40;1.15599;1.15628;1.15592;1.15613;162;5
2025.06.16 23:50;1.15611;1.15634;1.15587;1.15593;167;5
2025.06.17 00:00;1.15530;1.15652;1.15530;1.15642;131;39
2025.06.17 00:10;1.15642;1.15646;1.15584;1.15637;218;36
2025.06.17 00:20;1.15578;1.15640;1.15578;1.15600;82;24
2025.06.17 00:30;1.15599;1.15613;1.15587;1.15600;101;25
2025.06.17 00:40;1.15599;1.15616;1.15583;1.15605;145;24
2025.06.17 00:50;1.15605;1.15618;1.15597;1.15609;175;24
2025.06.17 01:00;1.15606;1.15616;1.15571;1.15586;520;0
2025.06.17 01:10;1.15586;1.15622;1.15585;1.15617;176;0
2025.06.17 01:20;1.15617;1.15621;1.15591;1.15599;141;0
2025.06.17 01:30;1.15600;1.15607;1.15550;1.15585;477;0
2025.06.17 01:40;1.15585;1.15596;1.15533;1.15543;391;0
2025.06.17 01:50;1.15545;1.15589;1.15540;1.15560;302;0
2025.06.17 02:00;1.15561;1.15594;1.15555;1.15586;356;0
2025.06.17 02:10;1.15585;1.15609;1.15568;1.15604;185;0
2025.06.17 02:20;1.15608;1.15621;1.15568;1.15571;242;0
2025.06.17 02:30;1.15571;1.15577;1.15520;1.15546;310;0
2025.06.17 02:40;1.15546;1.15564;1.15520;1.15543;328;0
2025.06.17 02:50;1.15546;1.15550;1.15491;1.15535;460;0
2025.06.17 03:00;1.15537;1.15542;1.15467;1.15504;589;0
2025.06.17 03:10;1.15503;1.15527;1.15480;1.15488;463;0
2025.06.17 03:20;1.15488;1.15502;1.15454;1.15466;500;0
2025.06.17 03:30;1.15466;1.15484;1.15424;1.15473;536;0
2025.06.17 03:40;1.15473;1.15491;1.15455;1.15479;394;0
2025.06.17 03:50;1.15479;1.15521;1.15459;1.15499;577;0
2025.06.17 04:00;1.15501;1.15535;1.15498;1.15520;434;0
2025.06.17 04:10;1.15520;1.15568;1.15505;1.15543;453;0
2025.06.17 04:20;1.15543;1.15544;1.15502;1.15520;310;0
2025.06.17 04:30;1.15521;1.15560;1.15508;1.15523;426;0
2025.06.17 04:40;1.15523;1.15575;1.15522;1.15574;420;0
2025.06.17 04:50;1.15575;1.15604;1.15538;1.15542;429;0
2025.06.17 05:00;1.15541;1.15544;1.15508;1.15535;480;0
2025.06.17 05:10;1.15535;1.15544;1.15469;1.15476;359;0
2025.06.17 05:20;1.15477;1.15528;1.15469;1.15500;318;0
2025.06.17 05:30;1.15501;1.15513;1.15471;1.15472;316;0
2025.06.17 05:40;1.15472;1.15490;1.15454;1.15490;291;0
2025.06.17 05:50;1.15488;1.15609;1.15478;1.15585;644;0
2025.06.17 06:00;1.15586;1.15591;1.15550;1.15575;540;0
2025.06.17 06:10;1.15574;1.15615;1.15571;1.15579;442;0
2025.06.17 06:20;1.15575;1.15616;1.15568;1.15616;396;0
2025.06.17 06:30;1.15618;1.15640;1.15587;1.15603;538;0
2025.06.17 06:40;1.15603;1.15628;1.15573;1.15579;373;0
2025.06.17 06:50;1.15577;1.15626;1.15573;1.15622;372;0
2025.06.17 07:00;1.15623;1.15646;1.15614;1.15621;260;0
2025.06.17 07:10;1.15621;1.15666;1.15617;1.15663;292;0
2025.06.17 07:20;1.15664;1.15671;1.15634;1.15642;314;0
2025.06.17 07:30;1.15642;1.15672;1.15604;1.15664;355;0
2025.06.17 07:40;1.15664;1.15666;1.15630;1.15637;310;0
2025.06.17 07:50;1.15637;1.15642;1.15593;1.15610;371;0
2025.06.17 08:00;1.15609;1.15648;1.15606;1.15632;444;0
2025.06.17 08:10;1.15632;1.15654;1.15569;1.15615;445;0
2025.06.17 08:20;1.15616;1.15635;1.15607;1.15618;352;0
2025.06.17 08:30;1.15618;1.15619;1.15578;1.15582;353;0
2025.06.17 08:40;1.15575;1.15586;1.15549;1.15551;337;0
2025.06.17 08:50;1.15548;1.15581;1.15525;1.15578;437;0
2025.06.17 09:00;1.15578;1.15583;1.15525;1.15572;396;0
2025.06.17 09:10;1.15572;1.15651;1.15546;1.15606;437;0
2025.06.17 09:20;1.15606;1.15685;1.15602;1.15650;427;0
2025.06.17 09:30;1.15651;1.15698;1.15629;1.15678;509;0
2025.06.17 09:40;1.15678;1.15725;1.15670;1.15688;591;0
2025.06.17 09:50;1.15688;1.15699;1.15603;1.15622;673;0
2025.06.17 10:00;1.15619;1.15635;1.15558;1.15607;740;0
2025.06.17 10:10;1.15608;1.15608;1.15547;1.15573;527;0
2025.06.17 10:20;1.15571;1.15576;1.15519;1.15555;619;0
2025.06.17 10:30;1.15548;1.15557;1.15453;1.15486;503;0
2025.06.17 10:40;1.15486;1.15629;1.15483;1.15628;617;0
2025.06.17 10:50;1.15628;1.15636;1.15576;1.15577;511;0
2025.06.17 11:00;1.15577;1.15592;1.15523;1.15526;533;0
2025.06.17 11:10;1.15526;1.15590;1.15526;1.15571;440;0
2025.06.17 11:20;1.15572;1.15586;1.15548;1.15585;458;0
2025.06.17 11:30;1.15586;1.15597;1.15545;1.15595;433;0
2025.06.17 11:40;1.15593;1.15593;1.15548;1.15554;418;0
2025.06.17 11:50;1.15554;1.15584;1.15500;1.15510;561;0
2025.06.17 12:00;1.15518;1.15598;1.15511;1.15556;651;0
2025.06.17 12:10;1.15556;1.15582;1.15502;1.15524;463;0
2025.06.17 12:20;1.15524;1.15567;1.15518;1.15565;568;0
2025.06.17 12:30;1.15566;1.15579;1.15536;1.15558;434;0
2025.06.17 12:40;1.15558;1.15602;1.15543;1.15586;447;0
2025.06.17 12:50;1.15594;1.15608;1.15547;1.15566;406;0
2025.06.17 13:00;1.15566;1.15596;1.15551;1.15572;415;0
2025.06.17 13:10;1.15572;1.15643;1.15572;1.15634;451;0
2025.06.17 13:20;1.15634;1.15635;1.15577;1.15587;350;0
2025.06.17 13:30;1.15583;1.15658;1.15576;1.15629;379;0
2025.06.17 13:40;1.15630;1.15678;1.15629;1.15658;378;0
2025.06.17 13:50;1.15658;1.15686;1.15650;1.15681;412;0
2025.06.17 14:00;1.15681;1.15723;1.15670;1.15701;409;0
2025.06.17 14:10;1.15702;1.15737;1.15700;1.15726;326;0
2025.06.17 14:20;1.15727;1.15728;1.15681;1.15690;422;0
2025.06.17 14:30;1.15690;1.15699;1.15642;1.15651;499;0
2025.06.17 14:40;1.15651;1.15675;1.15609;1.15613;480;0
2025.06.17 14:50;1.15613;1.15649;1.15574;1.15617;556;0
2025.06.17 15:00;1.15617;1.15688;1.15613;1.15688;526;0
2025.06.17 15:10;1.15689;1.15727;1.15672;1.15703;465;0
2025.06.17 15:20;1.15707;1.15725;1.15664;1.15675;475;0
2025.06.17 15:30;1.15675;1.15800;1.15604;1.15635;1087;0
2025.06.17 15:40;1.15635;1.15638;1.15554;1.15554;729;0
2025.06.17 15:50;1.15554;1.15585;1.15477;1.15503;821;0
2025.06.17 16:00;1.15505;1.15604;1.15505;1.15588;654;0
2025.06.17 16:10;1.15588;1.15696;1.15588;1.15683;570;0
2025.06.17 16:20;1.15684;1.15688;1.15606;1.15610;517;0
2025.06.17 16:30;1.15611;1.15627;1.15582;1.15623;765;0
2025.06.17 16:40;1.15623;1.15647;1.15567;1.15624;757;0
2025.06.17 16:50;1.15624;1.15655;1.15588;1.15589;707;0
2025.06.17 17:00;1.15588;1.15609;1.15521;1.15547;674;0
2025.06.17 17:10;1.15547;1.15553;1.15428;1.15458;680;0
2025.06.17 17:20;1.15459;1.15472;1.15352;1.15375;838;0
2025.06.17 17:30;1.15375;1.15380;1.15107;1.15156;1052;0
2025.06.17 17:40;1.15155;1.15221;1.15110;1.15211;949;0
2025.06.17 17:50;1.15211;1.15276;1.15207;1.15267;815;0
2025.06.17 18:00;1.15267;1.15304;1.15206;1.15286;747;0
2025.06.17 18:10;1.15278;1.15342;1.15265;1.15326;550;0
2025.06.17 18:20;1.15322;1.15322;1.15187;1.15203;597;0
2025.06.17 18:30;1.15202;1.15286;1.15201;1.15268;642;0
2025.06.17 18:40;1.15268;1.15357;1.15254;1.15349;547;0
2025.06.17 18:50;1.15350;1.15350;1.15296;1.15339;501;0
2025.06.17 19:00;1.15339;1.15366;1.15302;1.15337;510;0
2025.06.17 19:10;1.15337;1.15392;1.15327;1.15349;508;0
2025.06.17 19:20;1.15349;1.15349;1.15235;1.15238;606;0
2025.06.17 19:30;1.15238;1.15278;1.15218;1.15244;463;0
2025.06.17 19:40;1.15245;1.15247;1.15058;1.15064;559;0
2025.06.17 19:50;1.15065;1.15095;1.14987;1.15026;793;0
2025.06.17 20:00;1.15028;1.15064;1.15006;1.15031;607;0
2025.06.17 20:10;1.15032;1.15032;1.14901;1.14909;659;0
2025.06.17 20:20;1.14910;1.15023;1.14896;1.15019;626;0
2025.06.17 20:30;1.15019;1.15087;1.14963;1.14963;651;0
2025.06.17 20:40;1.14964;1.14993;1.14782;1.14818;755;0
2025.06.17 20:50;1.14818;1.14889;1.14789;1.14866;809;0
2025.06.17 21:00;1.14866;1.14889;1.14821;1.14870;609;0
2025.06.17 21:10;1.14873;1.14902;1.14836;1.14850;467;0
2025.06.17 21:20;1.14846;1.14870;1.14787;1.14787;521;0
2025.06.17 21:30;1.14787;1.14864;1.14786;1.14811;528;0
2025.06.17 21:40;1.14812;1.14824;1.14752;1.14761;507;0
2025.06.17 21:50;1.14762;1.14814;1.14749;1.14795;608;0
2025.06.17 22:00;1.14794;1.14813;1.14775;1.14801;413;0
2025.06.17 22:10;1.14803;1.14815;1.14776;1.14787;371;0
2025.06.17 22:20;1.14788;1.14849;1.14770;1.14842;368;0
2025.06.17 22:30;1.14842;1.14869;1.14808;1.14869;372;0
2025.06.17 22:40;1.14869;1.14889;1.14839;1.14862;378;0
2025.06.17 22:50;1.14862;1.14886;1.14828;1.14847;463;0
2025.06.17 23:00;1.14848;1.14851;1.14773;1.14793;265;0
2025.06.17 23:10;1.14794;1.14795;1.14749;1.14755;265;0
2025.06.17 23:20;1.14754;1.14849;1.14745;1.14838;310;0
2025.06.17 23:30;1.14837;1.14840;1.14799;1.14812;268;0
2025.06.17 23:40;1.14809;1.14822;1.14767;1.14821;278;5
2025.06.17 23:50;1.14820;1.14855;1.14798;1.14800;312;5
2025.06.18 00:00;1.14792;1.14865;1.14706;1.14812;77;19
2025.06.18 00:10;1.14854;1.14867;1.14811;1.14825;139;24
2025.06.18 00:20;1.14825;1.14835;1.14807;1.14826;103;24
2025.06.18 00:30;1.14824;1.14830;1.14802;1.14802;83;24
2025.06.18 00:40;1.14813;1.14819;1.14798;1.14799;62;24
2025.06.18 00:50;1.14799;1.14816;1.14791;1.14810;130;24
2025.06.18 01:00;1.14811;1.14828;1.14805;1.14817;242;0
2025.06.18 01:10;1.14818;1.14835;1.14813;1.14828;186;0
2025.06.18 01:20;1.14829;1.14837;1.14821;1.14836;129;0
2025.06.18 01:30;1.14836;1.14836;1.14780;1.14786;161;0
2025.06.18 01:40;1.14786;1.14804;1.14772;1.14782;333;0
2025.06.18 01:50;1.14780;1.14783;1.14745;1.14751;240;0
2025.06.18 02:00;1.14755;1.14788;1.14750;1.14782;244;0
2025.06.18 02:10;1.14782;1.14788;1.14759;1.14786;220;0
2025.06.18 02:20;1.14790;1.14799;1.14763;1.14796;214;0
2025.06.18 02:30;1.14796;1.14796;1.14750;1.14774;251;0
2025.06.18 02:40;1.14776;1.14795;1.14754;1.14795;217;0
2025.06.18 02:50;1.14794;1.14827;1.14791;1.14817;298;0
2025.06.18 03:00;1.14816;1.14912;1.14810;1.14864;805;0
2025.06.18 03:10;1.14865;1.14869;1.14805;1.14851;541;0
2025.06.18 03:20;1.14851;1.14887;1.14838;1.14866;563;0
2025.06.18 03:30;1.14867;1.14902;1.14848;1.14891;496;0
2025.06.18 03:40;1.14890;1.14967;1.14889;1.14960;494;0
2025.06.18 03:50;1.14957;1.14969;1.14898;1.14922;672;0
2025.06.18 04:00;1.14921;1.14968;1.14893;1.14912;549;0
2025.06.18 04:10;1.14912;1.14956;1.14908;1.14925;524;0
2025.06.18 04:20;1.14925;1.14996;1.14925;1.14993;426;0
2025.06.18 04:30;1.14993;1.15009;1.14968;1.14985;393;0
2025.06.18 04:40;1.14986;1.14989;1.14925;1.14963;437;0
2025.06.18 04:50;1.14963;1.15002;1.14960;1.14970;536;0
2025.06.18 05:00;1.14968;1.14979;1.14949;1.14961;401;0
2025.06.18 05:10;1.14960;1.14978;1.14949;1.14978;348;0
2025.06.18 05:20;1.14978;1.15013;1.14978;1.14989;354;0
2025.06.18 05:30;1.14989;1.14989;1.14933;1.14948;333;0
2025.06.18 05:40;1.14947;1.14996;1.14945;1.14979;362;0
2025.06.18 05:50;1.14980;1.14983;1.14954;1.14980;391;0
2025.06.18 06:00;1.14980;1.14994;1.14962;1.14976;408;0
2025.06.18 06:10;1.14975;1.15010;1.14972;1.14997;349;0
2025.06.18 06:20;1.14997;1.15038;1.14993;1.15012;316;0
2025.06.18 06:30;1.15012;1.15052;1.15010;1.15042;366;0
2025.06.18 06:40;1.15042;1.15045;1.15004;1.15004;346;0
2025.06.18 06:50;1.15005;1.15022;1.14987;1.15000;312;0
2025.06.18 07:00;1.14999;1.15001;1.14966;1.14991;415;0
2025.06.18 07:10;1.14992;1.15017;1.14966;1.15009;302;0
2025.06.18 07:20;1.15009;1.15027;1.14994;1.15015;301;0
2025.06.18 07:30;1.15015;1.15056;1.15012;1.15030;323;0
2025.06.18 07:40;1.15030;1.15055;1.15026;1.15039;390;0
2025.06.18 07:50;1.15038;1.15078;1.15034;1.15056;307;0
2025.06.18 08:00;1.15058;1.15065;1.15019;1.15024;320;0
2025.06.18 08:10;1.15024;1.15029;1.15005;1.15024;282;0
2025.06.18 08:20;1.15024;1.15038;1.15009;1.15038;297;0
2025.06.18 08:30;1.15038;1.15072;1.15025;1.15055;360;0
2025.06.18 08:40;1.15056;1.15072;1.15023;1.15027;426;0
2025.06.18 08:50;1.15026;1.15053;1.15003;1.15047;412;0
2025.06.18 09:00;1.15044;1.15085;1.15006;1.15060;659;0
2025.06.18 09:10;1.15060;1.15109;1.15032;1.15081;575;0
2025.06.18 09:20;1.15080;1.15154;1.15073;1.15146;589;0
2025.06.18 09:30;1.15145;1.15150;1.15081;1.15089;489;0
2025.06.18 09:40;1.15090;1.15101;1.15069;1.15082;392;0
2025.06.18 09:50;1.15081;1.15128;1.15060;1.15102;684;0
2025.06.18 10:00;1.15103;1.15234;1.15089;1.15211;691;0
2025.06.18 10:10;1.15211;1.15224;1.15165;1.15178;491;0
2025.06.18 10:20;1.15178;1.15215;1.15153;1.15192;555;0
2025.06.18 10:30;1.15192;1.15224;1.15153;1.15153;510;0
2025.06.18 10:40;1.15154;1.15167;1.15127;1.15160;415;0
2025.06.18 10:50;1.15160;1.15173;1.15122;1.15133;400;0
2025.06.18 11:00;1.15129;1.15162;1.15120;1.15126;454;0
2025.06.18 11:10;1.15127;1.15142;1.15054;1.15068;503;0
2025.06.18 11:20;1.15065;1.15072;1.15018;1.15035;366;0
2025.06.18 11:30;1.15036;1.15068;1.15007;1.15017;460;0
2025.06.18 11:40;1.15017;1.15080;1.14983;1.15078;430;0
2025.06.18 11:50;1.15078;1.15078;1.14993;1.15021;433;0
2025.06.18 12:00;1.15021;1.15055;1.15000;1.15020;453;0
2025.06.18 12:10;1.15018;1.15092;1.15006;1.15078;469;0
2025.06.18 12:20;1.15078;1.15107;1.15062;1.15086;434;0
2025.06.18 12:30;1.15084;1.15090;1.15041;1.15067;524;0
2025.06.18 12:40;1.15066;1.15066;1.15011;1.15034;403;0
2025.06.18 12:50;1.15033;1.15054;1.14971;1.15038;548;0
2025.06.18 13:00;1.15038;1.15102;1.15020;1.15091;356;0
2025.06.18 13:10;1.15091;1.15107;1.15054;1.15077;390;0
2025.06.18 13:20;1.15076;1.15099;1.15068;1.15073;434;0
2025.06.18 13:30;1.15071;1.15071;1.15005;1.15028;442;0
2025.06.18 13:40;1.15028;1.15047;1.15016;1.15020;350;0
2025.06.18 13:50;1.15020;1.15020;1.14917;1.14936;533;0
2025.06.18 14:00;1.14934;1.14988;1.14922;1.14981;462;0
2025.06.18 14:10;1.14982;1.15002;1.14968;1.14971;309;0
2025.06.18 14:20;1.14972;1.15003;1.14942;1.14959;377;0
2025.06.18 14:30;1.14962;1.14983;1.14934;1.14971;482;0
2025.06.18 14:40;1.14972;1.15062;1.14970;1.15062;368;0
2025.06.18 14:50;1.15064;1.15087;1.15032;1.15074;527;0
2025.06.18 15:00;1.15076;1.15106;1.15051;1.15078;566;0
2025.06.18 15:10;1.15078;1.15132;1.15078;1.15105;476;0
2025.06.18 15:20;1.15105;1.15165;1.15083;1.15131;569;0
2025.06.18 15:30;1.15129;1.15148;1.15085;1.15101;607;0
2025.06.18 15:40;1.15101;1.15120;1.15010;1.15062;523;0
2025.06.18 15:50;1.15062;1.15096;1.15039;1.15062;517;0
2025.06.18 16:00;1.15061;1.15088;1.15032;1.15085;491;0
2025.06.18 16:10;1.15087;1.15088;1.15025;1.15031;443;0
2025.06.18 16:20;1.15036;1.15036;1.14981;1.15012;476;0
2025.06.18 16:30;1.15012;1.15012;1.14904;1.14935;837;0
2025.06.18 16:40;1.14935;1.14963;1.14892;1.14912;625;0
2025.06.18 16:50;1.14919;1.14958;1.14883;1.14888;783;0
2025.06.18 17:00;1.14887;1.15223;1.14843;1.15093;1230;0
2025.06.18 17:10;1.15090;1.15203;1.15031;1.15060;831;0
2025.06.18 17:20;1.15060;1.15157;1.14978;1.15020;920;0
2025.06.18 17:30;1.15020;1.15067;1.14999;1.15033;753;0
2025.06.18 17:40;1.15033;1.15073;1.14974;1.15047;765;0
2025.06.18 17:50;1.15047;1.15121;1.15007;1.15074;963;0
2025.06.18 18:00;1.15075;1.15151;1.15059;1.15136;582;0
2025.06.18 18:10;1.15136;1.15152;1.15113;1.15133;454;0
2025.06.18 18:20;1.15132;1.15296;1.15116;1.15294;650;0
2025.06.18 18:30;1.15295;1.15301;1.15206;1.15257;621;0
2025.06.18 18:40;1.15257;1.15271;1.15205;1.15232;551;0
2025.06.18 18:50;1.15231;1.15253;1.15188;1.15202;498;0
2025.06.18 19:00;1.15202;1.15250;1.15199;1.15237;510;0
2025.06.18 19:10;1.15238;1.15252;1.15152;1.15152;487;0
2025.06.18 19:20;1.15152;1.15172;1.15112;1.15116;442;0
2025.06.18 19:30;1.15115;1.15138;1.15068;1.15095;418;0
2025.06.18 19:40;1.15094;1.15097;1.15038;1.15049;399;0
2025.06.18 19:50;1.15049;1.15062;1.15015;1.15031;345;0
2025.06.18 20:00;1.15031;1.15088;1.15028;1.15088;359;0
2025.06.18 20:10;1.15087;1.15091;1.15051;1.15059;252;0
2025.06.18 20:20;1.15059;1.15061;1.15010;1.15025;344;0
2025.06.18 20:30;1.15019;1.15021;1.14936;1.14946;315;0
2025.06.18 20:40;1.14946;1.14977;1.14881;1.14968;369;0
2025.06.18 20:50;1.14969;1.15009;1.14952;1.14961;495;0
2025.06.18 21:00;1.14957;1.15294;1.14952;1.15131;1519;0
2025.06.18 21:10;1.15128;1.15184;1.15076;1.15109;1286;0
2025.06.18 21:20;1.15109;1.15160;1.15064;1.15122;1064;0
2025.06.18 21:30;1.15124;1.15171;1.14994;1.15041;1053;0
2025.06.18 21:40;1.15041;1.15133;1.14839;1.14869;1171;0
2025.06.18 21:50;1.14869;1.14873;1.14743;1.14747;1095;0
2025.06.18 22:00;1.14753;1.14757;1.14610;1.14648;1104;0
2025.06.18 22:10;1.14648;1.14877;1.14633;1.14720;1175;0
2025.06.18 22:20;1.14721;1.14735;1.14627;1.14666;888;0
2025.06.18 22:30;1.14667;1.14770;1.14636;1.14713;726;0
2025.06.18 22:40;1.14714;1.14740;1.14641;1.14658;592;0
2025.06.18 22:50;1.14659;1.14760;1.14659;1.14745;627;0
2025.06.18 23:00;1.14734;1.14791;1.14722;1.14748;380;0
2025.06.18 23:10;1.14749;1.14790;1.14748;1.14789;299;0
2025.06.18 23:20;1.14791;1.14822;1.14777;1.14784;264;0
2025.06.18 23:30;1.14782;1.14841;1.14780;1.14841;227;0
2025.06.18 23:40;1.14838;1.14838;1.14797;1.14818;255;5
2025.06.18 23:50;1.14818;1.14834;1.14794;1.14832;313;5
2025.06.19 00:00;1.14752;1.14794;1.14710;1.14794;68;36
2025.06.19 00:10;1.14792;1.14797;1.14773;1.14778;122;30
2025.06.19 00:20;1.14779;1.14796;1.14762;1.14769;49;40
2025.06.19 00:30;1.14769;1.14808;1.14764;1.14780;158;24
2025.06.19 00:40;1.14780;1.14797;1.14770;1.14780;217;24
2025.06.19 00:50;1.14780;1.14823;1.14780;1.14814;128;24
2025.06.19 01:00;1.14814;1.14887;1.14805;1.14882;240;0
2025.06.19 01:10;1.14882;1.14888;1.14867;1.14884;157;0
2025.06.19 01:20;1.14885;1.14889;1.14853;1.14872;164;0
2025.06.19 01:30;1.14871;1.14873;1.14834;1.14843;229;0
2025.06.19 01:40;1.14843;1.14843;1.14797;1.14798;198;0
2025.06.19 01:50;1.14798;1.14803;1.14750;1.14803;342;0
2025.06.19 02:00;1.14805;1.14817;1.14772;1.14797;257;0
2025.06.19 02:10;1.14798;1.14812;1.14776;1.14807;216;0
2025.06.19 02:20;1.14807;1.14807;1.14720;1.14723;338;0
2025.06.19 02:30;1.14723;1.14765;1.14711;1.14760;351;0
2025.06.19 02:40;1.14761;1.14798;1.14757;1.14774;308;0
2025.06.19 02:50;1.14776;1.14786;1.14739;1.14761;273;0
2025.06.19 03:00;1.14760;1.14786;1.14746;1.14767;526;0
2025.06.19 03:10;1.14767;1.14788;1.14741;1.14750;459;0
2025.06.19 03:20;1.14752;1.14794;1.14740;1.14782;393;0
2025.06.19 03:30;1.14785;1.14796;1.14749;1.14795;481;0
2025.06.19 03:40;1.14795;1.14810;1.14762;1.14799;364;0
2025.06.19 03:50;1.14798;1.14839;1.14781;1.14811;511;0
2025.06.19 04:00;1.14812;1.14819;1.14625;1.14675;870;0
2025.06.19 04:10;1.14674;1.14762;1.14655;1.14742;598;0
2025.06.19 04:20;1.14741;1.14741;1.14663;1.14678;540;0
2025.06.19 04:30;1.14678;1.14714;1.14641;1.14655;585;0
2025.06.19 04:40;1.14654;1.14682;1.14627;1.14657;508;0
2025.06.19 04:50;1.14657;1.14668;1.14522;1.14533;518;0
2025.06.19 05:00;1.14532;1.14583;1.14531;1.14553;565;0
2025.06.19 05:10;1.14554;1.14572;1.14527;1.14543;470;0
2025.06.19 05:20;1.14543;1.14562;1.14510;1.14516;523;0
2025.06.19 05:30;1.14517;1.14543;1.14506;1.14543;337;0
2025.06.19 05:40;1.14543;1.14559;1.14525;1.14536;381;0
2025.06.19 05:50;1.14535;1.14554;1.14521;1.14553;350;0
2025.06.19 06:00;1.14554;1.14576;1.14535;1.14566;319;0
2025.06.19 06:10;1.14565;1.14567;1.14546;1.14557;254;0
2025.06.19 06:20;1.14557;1.14616;1.14538;1.14605;382;0
2025.06.19 06:30;1.14605;1.14647;1.14600;1.14613;257;0
2025.06.19 06:40;1.14613;1.14641;1.14612;1.14621;283;0
2025.06.19 06:50;1.14620;1.14682;1.14620;1.14658;382;0
2025.06.19 07:00;1.14658;1.14676;1.14648;1.14665;419;0
2025.06.19 07:10;1.14666;1.14687;1.14654;1.14661;277;0
2025.06.19 07:20;1.14660;1.14679;1.14644;1.14677;267;0
2025.06.19 07:30;1.14676;1.14678;1.14632;1.14639;305;0
2025.06.19 07:40;1.14639;1.14665;1.14633;1.14660;272;0
2025.06.19 07:50;1.14659;1.14694;1.14658;1.14693;365;0
2025.06.19 08:00;1.14694;1.14695;1.14652;1.14662;347;0
2025.06.19 08:10;1.14663;1.14663;1.14624;1.14636;389;0
2025.06.19 08:20;1.14636;1.14665;1.14609;1.14618;403;0
2025.06.19 08:30;1.14618;1.14657;1.14600;1.14637;350;0
2025.06.19 08:40;1.14636;1.14641;1.14542;1.14542;366;0
2025.06.19 08:50;1.14540;1.14597;1.14509;1.14569;679;0
2025.06.19 09:00;1.14567;1.14586;1.14506;1.14530;565;0
2025.06.19 09:10;1.14529;1.14588;1.14522;1.14528;469;0
2025.06.19 09:20;1.14527;1.14559;1.14500;1.14520;514;0
2025.06.19 09:30;1.14519;1.14574;1.14463;1.14504;608;0
2025.06.19 09:40;1.14504;1.14643;1.14496;1.14641;500;0
2025.06.19 09:50;1.14642;1.14677;1.14627;1.14667;550;0
2025.06.19 10:00;1.14667;1.14667;1.14625;1.14646;569;0
2025.06.19 10:10;1.14647;1.14694;1.14646;1.14677;513;0
2025.06.19 10:20;1.14675;1.14769;1.14660;1.14733;597;0
2025.06.19 10:30;1.14736;1.14764;1.14663;1.14716;824;0
2025.06.19 10:40;1.14716;1.14727;1.14666;1.14694;648;0
2025.06.19 10:50;1.14695;1.14695;1.14602;1.14618;726;0
2025.06.19 11:00;1.14616;1.14678;1.14563;1.14636;791;0
2025.06.19 11:10;1.14632;1.14705;1.14625;1.14671;632;0
2025.06.19 11:20;1.14671;1.14730;1.14663;1.14705;655;0
2025.06.19 11:30;1.14705;1.14710;1.14662;1.14690;639;0
2025.06.19 11:40;1.14692;1.14740;1.14672;1.14723;609;0
2025.06.19 11:50;1.14722;1.14793;1.14721;1.14764;534;0
2025.06.19 12:00;1.14765;1.14799;1.14737;1.14740;596;0
2025.06.19 12:10;1.14739;1.14766;1.14710;1.14729;515;0
2025.06.19 12:20;1.14729;1.14759;1.14726;1.14746;448;0
2025.06.19 12:30;1.14747;1.14747;1.14696;1.14732;464;0
2025.06.19 12:40;1.14734;1.14773;1.14707;1.14767;464;0
2025.06.19 12:50;1.14767;1.14770;1.14718;1.14756;517;0
2025.06.19 13:00;1.14756;1.14769;1.14736;1.14766;471;0
2025.06.19 13:10;1.14766;1.14781;1.14728;1.14765;449;0
2025.06.19 13:20;1.14767;1.14793;1.14753;1.14771;504;0
2025.06.19 13:30;1.14771;1.14772;1.14737;1.14742;383;0
2025.06.19 13:40;1.14741;1.14765;1.14717;1.14720;399;0
2025.06.19 13:50;1.14720;1.14747;1.14695;1.14735;498;0
2025.06.19 14:00;1.14735;1.14750;1.14687;1.14695;505;0
2025.06.19 14:10;1.14694;1.14773;1.14676;1.14758;402;0
2025.06.19 14:20;1.14758;1.14849;1.14758;1.14826;503;0
2025.06.19 14:30;1.14827;1.14873;1.14803;1.14813;460;0
2025.06.19 14:40;1.14813;1.14819;1.14777;1.14791;301;0
2025.06.19 14:50;1.14791;1.14828;1.14771;1.14808;453;0
2025.06.19 15:00;1.14810;1.14860;1.14778;1.14778;470;0
2025.06.19 15:10;1.14778;1.14778;1.14712;1.14729;448;0
2025.06.19 15:20;1.14729;1.14744;1.14706;1.14725;404;0
2025.06.19 15:30;1.14724;1.14757;1.14697;1.14736;396;0
2025.06.19 15:40;1.14737;1.14785;1.14709;1.14783;464;0
2025.06.19 15:50;1.14780;1.14832;1.14766;1.14774;468;0
2025.06.19 16:00;1.14775;1.14819;1.14740;1.14784;527;0
2025.06.19 16:10;1.14784;1.14837;1.14780;1.14815;352;0
2025.06.19 16:20;1.14815;1.14846;1.14765;1.14796;406;0
2025.06.19 16:30;1.14799;1.14828;1.14716;1.14745;538;0
2025.06.19 16:40;1.14745;1.14793;1.14714;1.14793;547;0
2025.06.19 16:50;1.14793;1.14824;1.14716;1.14728;522;0
2025.06.19 17:00;1.14728;1.14807;1.14722;1.14794;537;0
2025.06.19 17:10;1.14793;1.14799;1.14771;1.14784;343;0
2025.06.19 17:20;1.14784;1.14789;1.14661;1.14664;589;0
2025.06.19 17:30;1.14664;1.14692;1.14651;1.14692;602;0
2025.06.19 17:40;1.14692;1.14713;1.14623;1.14636;486;0
2025.06.19 17:50;1.14632;1.14691;1.14617;1.14684;646;0
2025.06.19 18:00;1.14684;1.14724;1.14674;1.14688;486;0
2025.06.19 18:10;1.14688;1.14708;1.14656;1.14689;426;0
2025.06.19 18:20;1.14690;1.14697;1.14621;1.14624;236;0
2025.06.19 18:30;1.14624;1.14666;1.14622;1.14650;280;0
2025.06.19 18:40;1.14650;1.14683;1.14618;1.14651;315;0
2025.06.19 18:50;1.14650;1.14669;1.14586;1.14601;363;0
2025.06.19 19:00;1.14595;1.14600;1.14546;1.14574;368;0
2025.06.19 19:10;1.14574;1.14607;1.14570;1.14581;333;0
2025.06.19 19:20;1.14580;1.14617;1.14564;1.14590;234;0
2025.06.19 19:30;1.14590;1.14590;1.14557;1.14574;202;0
2025.06.19 19:40;1.14573;1.14605;1.14572;1.14595;147;0
2025.06.19 19:50;1.14585;1.14586;1.14548;1.14567;271;0
2025.06.19 20:00;1.14566;1.14624;1.14556;1.14616;276;0
2025.06.19 20:10;1.14615;1.14648;1.14614;1.14622;220;0
2025.06.19 20:20;1.14622;1.14629;1.14604;1.14621;170;0
2025.06.19 20:30;1.14628;1.14702;1.14623;1.14662;309;0
2025.06.19 20:40;1.14662;1.14780;1.14662;1.14759;327;0
2025.06.19 20:50;1.14760;1.14832;1.14757;1.14791;265;0
2025.06.19 21:00;1.14791;1.14849;1.14773;1.14841;263;0
2025.06.19 21:10;1.14843;1.14854;1.14807;1.14824;212;0
2025.06.19 21:20;1.14822;1.14856;1.14809;1.14856;136;0
2025.06.19 21:30;1.14856;1.14873;1.14835;1.14838;174;0
2025.06.19 21:40;1.14842;1.14862;1.14839;1.14853;109;0
2025.06.19 21:50;1.14853;1.14859;1.14834;1.14851;152;0
2025.06.19 22:00;1.14851;1.14878;1.14843;1.14875;174;0
2025.06.19 22:10;1.14875;1.14933;1.14874;1.14933;208;0
2025.06.19 22:20;1.14932;1.14988;1.14922;1.14975;196;0
2025.06.19 22:30;1.14975;1.14990;1.14953;1.14986;236;0
2025.06.19 22:40;1.14987;1.15002;1.14949;1.14962;270;0
2025.06.19 22:50;1.14963;1.14990;1.14963;1.14978;188;0
2025.06.19 23:00;1.14972;1.14972;1.14950;1.14955;153;0
2025.06.19 23:10;1.14956;1.14956;1.14921;1.14924;165;0
2025.06.19 23:20;1.14932;1.14971;1.14927;1.14967;105;0
2025.06.19 23:30;1.14968;1.14994;1.14964;1.14968;133;0
2025.06.19 23:40;1.14964;1.14992;1.14958;1.14991;90;5
2025.06.19 23:50;1.14992;1.14993;1.14965;1.14966;142;5
2025.06.20 00:00;1.14880;1.14927;1.14848;1.14919;28;47
2025.06.20 00:10;1.14919;1.14929;1.14907;1.14926;43;45
2025.06.20 00:20;1.14928;1.14937;1.14913;1.14913;60;37
2025.06.20 00:30;1.14913;1.14954;1.14912;1.14953;41;25
2025.06.20 00:40;1.14953;1.14972;1.14952;1.14957;77;24
2025.06.20 00:50;1.14959;1.14966;1.14926;1.14933;227;24
2025.06.20 01:00;1.14943;1.15004;1.14912;1.14993;354;0
2025.06.20 01:10;1.14994;1.14996;1.14939;1.14963;215;0
2025.06.20 01:20;1.14963;1.14972;1.14952;1.14952;216;0
2025.06.20 01:30;1.14951;1.14960;1.14918;1.14947;321;0
2025.06.20 01:40;1.14948;1.14978;1.14944;1.14974;300;0
2025.06.20 01:50;1.14974;1.15005;1.14963;1.14977;236;0
2025.06.20 02:00;1.14985;1.15016;1.14968;1.15014;298;0
2025.06.20 02:10;1.15014;1.15061;1.15003;1.15053;251;0
2025.06.20 02:20;1.15053;1.15126;1.15047;1.15092;198;0
2025.06.20 02:30;1.15095;1.15121;1.15076;1.15084;218;0
2025.06.20 02:40;1.15082;1.15125;1.15064;1.15086;372;0
2025.06.20 02:50;1.15087;1.15123;1.15085;1.15120;336;0
2025.06.20 03:00;1.15117;1.15184;1.15105;1.15122;559;0
2025.06.20 03:10;1.15125;1.15166;1.15112;1.15142;488;0
2025.06.20 03:20;1.15143;1.15159;1.15112;1.15129;392;0
2025.06.20 03:30;1.15130;1.15141;1.15109;1.15126;411;0
2025.06.20 03:40;1.15127;1.15242;1.15126;1.15232;432;0
2025.06.20 03:50;1.15233;1.15239;1.15196;1.15228;447;0
2025.06.20 04:00;1.15228;1.15232;1.15161;1.15175;415;0
2025.06.20 04:10;1.15175;1.15208;1.15143;1.15200;481;0
2025.06.20 04:20;1.15201;1.15228;1.15177;1.15220;399;0
2025.06.20 04:30;1.15220;1.15224;1.15160;1.15174;326;0
2025.06.20 04:40;1.15173;1.15200;1.15135;1.15193;550;0
2025.06.20 04:50;1.15192;1.15194;1.15130;1.15133;551;0
2025.06.20 05:00;1.15134;1.15191;1.15118;1.15156;468;0
2025.06.20 05:10;1.15156;1.15170;1.15110;1.15147;475;0
2025.06.20 05:20;1.15148;1.15167;1.15134;1.15147;359;0
2025.06.20 05:30;1.15153;1.15218;1.15144;1.15218;487;0
2025.06.20 05:40;1.15218;1.15219;1.15155;1.15176;487;0
2025.06.20 05:50;1.15177;1.15204;1.15169;1.15180;399;0
2025.06.20 06:00;1.15179;1.15219;1.15152;1.15217;549;0
2025.06.20 06:10;1.15217;1.15261;1.15214;1.15224;433;0
2025.06.20 06:20;1.15224;1.15242;1.15203;1.15226;421;0
2025.06.20 06:30;1.15225;1.15249;1.15205;1.15225;418;0
2025.06.20 06:40;1.15227;1.15304;1.15225;1.15294;404;0
2025.06.20 06:50;1.15294;1.15304;1.15278;1.15295;401;0
2025.06.20 07:00;1.15294;1.15310;1.15272;1.15302;369;0
2025.06.20 07:10;1.15300;1.15323;1.15296;1.15302;323;0
2025.06.20 07:20;1.15301;1.15303;1.15271;1.15278;281;0
2025.06.20 07:30;1.15279;1.15282;1.15251;1.15257;349;0
2025.06.20 07:40;1.15257;1.15287;1.15255;1.15266;248;0
2025.06.20 07:50;1.15266;1.15283;1.15244;1.15271;369;0
2025.06.20 08:00;1.15270;1.15282;1.15254;1.15273;281;0
2025.06.20 08:10;1.15273;1.15284;1.15227;1.15237;299;0
2025.06.20 08:20;1.15237;1.15249;1.15203;1.15218;357;0
2025.06.20 08:30;1.15217;1.15221;1.15188;1.15214;420;0
2025.06.20 08:40;1.15213;1.15273;1.15193;1.15256;409;0
2025.06.20 08:50;1.15258;1.15289;1.15252;1.15272;482;0
2025.06.20 09:00;1.15272;1.15297;1.15221;1.15242;646;0
2025.06.20 09:10;1.15242;1.15288;1.15210;1.15219;579;0
2025.06.20 09:20;1.15220;1.15222;1.15179;1.15200;572;0
2025.06.20 09:30;1.15199;1.15204;1.15141;1.15161;607;0
2025.06.20 09:40;1.15161;1.15204;1.15144;1.15171;526;0
2025.06.20 09:50;1.15172;1.15189;1.15139;1.15164;648;0
2025.06.20 10:00;1.15165;1.15165;1.15107;1.15159;610;0
2025.06.20 10:10;1.15158;1.15175;1.15131;1.15132;461;0
2025.06.20 10:20;1.15133;1.15194;1.15126;1.15170;451;0
2025.06.20 10:30;1.15166;1.15175;1.15101;1.15111;469;0
2025.06.20 10:40;1.15113;1.15156;1.15100;1.15142;412;0
2025.06.20 10:50;1.15139;1.15180;1.15139;1.15165;429;0
2025.06.20 11:00;1.15166;1.15184;1.15134;1.15157;539;0
2025.06.20 11:10;1.15158;1.15165;1.15117;1.15126;491;0
2025.06.20 11:20;1.15126;1.15168;1.15115;1.15145;537;0
2025.06.20 11:30;1.15144;1.15187;1.15126;1.15180;492;0
2025.06.20 11:40;1.15178;1.15208;1.15159;1.15199;477;0
2025.06.20 11:50;1.15198;1.15266;1.15177;1.15225;509;0
2025.06.20 12:00;1.15225;1.15285;1.15196;1.15273;531;0
2025.06.20 12:10;1.15277;1.15280;1.15228;1.15239;434;0
2025.06.20 12:20;1.15240;1.15276;1.15234;1.15239;380;0
2025.06.20 12:30;1.15239;1.15250;1.15208;1.15239;431;0
2025.06.20 12:40;1.15239;1.15275;1.15234;1.15243;419;0
2025.06.20 12:50;1.15242;1.15271;1.15231;1.15269;476;0
2025.06.20 13:00;1.15269;1.15292;1.15247;1.15292;370;0
2025.06.20 13:10;1.15292;1.15350;1.15292;1.15310;399;0
2025.06.20 13:20;1.15309;1.15310;1.15260;1.15260;360;0
2025.06.20 13:30;1.15259;1.15282;1.15223;1.15258;369;0
2025.06.20 13:40;1.15256;1.15289;1.15249;1.15271;267;0
2025.06.20 13:50;1.15271;1.15274;1.15227;1.15242;312;0
2025.06.20 14:00;1.15240;1.15240;1.15183;1.15206;343;0
2025.06.20 14:10;1.15206;1.15219;1.15159;1.15162;394;0
2025.06.20 14:20;1.15160;1.15166;1.15139;1.15159;294;0
2025.06.20 14:30;1.15160;1.15172;1.15117;1.15161;345;0
2025.06.20 14:40;1.15161;1.15260;1.15127;1.15241;576;0
2025.06.20 14:50;1.15242;1.15256;1.15193;1.15212;598;0
2025.06.20 15:00;1.15211;1.15217;1.15132;1.15147;537;0
2025.06.20 15:10;1.15148;1.15188;1.15148;1.15178;367;0
2025.06.20 15:20;1.15179;1.15195;1.15129;1.15157;399;0
2025.06.20 15:30;1.15159;1.15267;1.15115;1.15250;1024;0
2025.06.20 15:40;1.15250;1.15269;1.15058;1.15074;829;0
2025.06.20 15:50;1.15079;1.15130;1.15063;1.15129;700;0
2025.06.20 16:00;1.15130;1.15171;1.15090;1.15140;566;0
2025.06.20 16:10;1.15140;1.15163;1.15129;1.15160;438;0
2025.06.20 16:20;1.15158;1.15195;1.15136;1.15185;467;0
2025.06.20 16:30;1.15183;1.15198;1.15117;1.15146;649;0
2025.06.20 16:40;1.15146;1.15150;1.15091;1.15139;682;0
2025.06.20 16:50;1.15139;1.15214;1.15126;1.15186;611;0
2025.06.20 17:00;1.15183;1.15191;1.15119;1.15174;637;0
2025.06.20 17:10;1.15175;1.15186;1.15068;1.15069;490;0
2025.06.20 17:20;1.15068;1.15100;1.15031;1.15082;546;0
2025.06.20 17:30;1.15081;1.15082;1.15011;1.15012;483;0
2025.06.20 17:40;1.15012;1.15025;1.14950;1.14980;733;0
2025.06.20 17:50;1.14980;1.15183;1.14980;1.15135;1135;0
2025.06.20 18:00;1.15134;1.15213;1.15110;1.15213;960;0
2025.06.20 18:10;1.15214;1.15274;1.15198;1.15226;656;0
2025.06.20 18:20;1.15226;1.15288;1.15214;1.15227;525;0
2025.06.20 18:30;1.15226;1.15264;1.15183;1.15257;656;0
2025.06.20 18:40;1.15256;1.15263;1.15185;1.15187;484;0
2025.06.20 18:50;1.15187;1.15212;1.15165;1.15196;522;0
2025.06.20 19:00;1.15198;1.15285;1.15193;1.15264;480;0
2025.06.20 19:10;1.15265;1.15294;1.15241;1.15294;493;0
2025.06.20 19:20;1.15294;1.15323;1.15262;1.15300;484;0
2025.06.20 19:30;1.15293;1.15348;1.15293;1.15316;476;0
2025.06.20 19:40;1.15313;1.15359;1.15306;1.15350;383;0
2025.06.20 19:50;1.15349;1.15373;1.15323;1.15360;376;0
2025.06.20 20:00;1.15361;1.15386;1.15349;1.15384;374;0
2025.06.20 20:10;1.15383;1.15440;1.15359;1.15430;397;0
2025.06.20 20:20;1.15430;1.15433;1.15390;1.15399;305;0
2025.06.20 20:30;1.15402;1.15417;1.15367;1.15373;414;0
2025.06.20 20:40;1.15374;1.15374;1.15338;1.15363;338;0
2025.06.20 20:50;1.15362;1.15381;1.15317;1.15323;333;0
2025.06.20 21:00;1.15322;1.15351;1.15308;1.15332;310;0
2025.06.20 21:10;1.15333;1.15359;1.15314;1.15356;231;0
2025.06.20 21:20;1.15356;1.15372;1.15324;1.15352;270;0
2025.06.20 21:30;1.15351;1.15356;1.15309;1.15319;303;0
2025.06.20 21:40;1.15320;1.15320;1.15281;1.15293;251;0
2025.06.20 21:50;1.15293;1.15312;1.15272;1.15285;318;0
2025.06.20 22:00;1.15285;1.15314;1.15275;1.15297;309;0
2025.06.20 22:10;1.15297;1.15318;1.15286;1.15304;259;0
2025.06.20 22:20;1.15304;1.15310;1.15280;1.15283;175;0
2025.06.20 22:30;1.15283;1.15283;1.15244;1.15258;241;0
2025.06.20 22:40;1.15258;1.15266;1.15216;1.15219;261;0
2025.06.20 22:50;1.15218;1.15224;1.15154;1.15156;473;0
2025.06.20 23:00;1.15154;1.15210;1.15140;1.15210;340;0
2025.06.20 23:10;1.15210;1.15226;1.15167;1.15171;247;0
2025.06.20 23:20;1.15171;1.15206;1.15155;1.15179;255;0
2025.06.20 23:30;1.15180;1.15199;1.15175;1.15195;156;0
2025.06.20 23:40;1.15194;1.15194;1.15149;1.15154;193;0
2025.06.20 23:50;1.15154;1.15220;1.15152;1.15215;133;5
2025.06.23 00:00;1.14561;1.14663;1.14506;1.14663;247;36
2025.06.23 00:10;1.14661;1.14732;1.14629;1.14718;209;34
2025.06.23 00:20;1.14726;1.14737;1.14633;1.14717;104;33
2025.06.23 00:30;1.14693;1.14725;1.14684;1.14684;110;25
2025.06.23 00:40;1.14682;1.14721;1.14668;1.14717;169;25
2025.06.23 00:50;1.14717;1.14739;1.14702;1.14723;177;25
2025.06.23 01:00;1.14724;1.14946;1.14711;1.14905;840;0
2025.06.23 01:10;1.14906;1.14924;1.14809;1.14906;689;0
2025.06.23 01:20;1.14904;1.14950;1.14851;1.14889;524;0
2025.06.23 01:30;1.14889;1.14916;1.14824;1.14854;477;0
2025.06.23 01:40;1.14854;1.14930;1.14852;1.14876;383;0
2025.06.23 01:50;1.14876;1.14902;1.14860;1.14882;349;0
2025.06.23 02:00;1.14884;1.14912;1.14863;1.14882;330;0
2025.06.23 02:10;1.14883;1.14988;1.14882;1.14978;559;0
2025.06.23 02:20;1.14977;1.14990;1.14953;1.14988;323;0
2025.06.23 02:30;1.14986;1.15068;1.14983;1.15067;332;0
2025.06.23 02:40;1.15065;1.15071;1.14976;1.15010;319;0
2025.06.23 02:50;1.15008;1.15030;1.14986;1.14997;355;0
2025.06.23 03:00;1.15002;1.15059;1.14928;1.14934;746;0
2025.06.23 03:10;1.14934;1.14952;1.14857;1.14860;584;0
2025.06.23 03:20;1.14858;1.14900;1.14812;1.14879;622;0
2025.06.23 03:30;1.14878;1.14881;1.14807;1.14870;463;0
2025.06.23 03:40;1.14875;1.14907;1.14835;1.14851;505;0
2025.06.23 03:50;1.14849;1.14892;1.14827;1.14892;708;0
2025.06.23 04:00;1.14894;1.14914;1.14826;1.14837;676;0
2025.06.23 04:10;1.14837;1.14850;1.14786;1.14805;562;0
2025.06.23 04:20;1.14803;1.14805;1.14722;1.14735;587;0
2025.06.23 04:30;1.14734;1.14847;1.14728;1.14847;506;0
2025.06.23 04:40;1.14847;1.14905;1.14837;1.14894;514;0
2025.06.23 04:50;1.14894;1.14928;1.14874;1.14923;553;0
2025.06.23 05:00;1.14926;1.15019;1.14925;1.14978;541;0
2025.06.23 05:10;1.14976;1.15047;1.14975;1.15023;526;0
2025.06.23 05:20;1.15023;1.15052;1.15005;1.15040;520;0
2025.06.23 05:30;1.15041;1.15069;1.15032;1.15037;513;0
2025.06.23 05:40;1.15037;1.15056;1.15014;1.15027;455;0
2025.06.23 05:50;1.15027;1.15043;1.14987;1.14995;556;0
2025.06.23 06:00;1.14996;1.15023;1.14970;1.15016;538;0
2025.06.23 06:10;1.15011;1.15032;1.14947;1.14961;593;0
2025.06.23 06:20;1.14960;1.14977;1.14921;1.14951;636;0
2025.06.23 06:30;1.14954;1.14984;1.14941;1.14948;445;0
2025.06.23 06:40;1.14948;1.14963;1.14920;1.14963;398;0
2025.06.23 06:50;1.14959;1.14967;1.14922;1.14940;386;0
2025.06.23 07:00;1.14940;1.14963;1.14927;1.14933;426;0
2025.06.23 07:10;1.14933;1.14949;1.14887;1.14941;406;0
2025.06.23 07:20;1.14941;1.14943;1.14883;1.14902;420;0
2025.06.23 07:30;1.14902;1.14960;1.14891;1.14917;445;0
2025.06.23 07:40;1.14916;1.14927;1.14850;1.14885;449;0
2025.06.23 07:50;1.14885;1.14913;1.14858;1.14905;399;0
2025.06.23 08:00;1.14907;1.14978;1.14907;1.14964;518;0
2025.06.23 08:10;1.14965;1.15013;1.14946;1.15009;494;0
2025.06.23 08:20;1.15009;1.15031;1.15000;1.15028;452;0
2025.06.23 08:30;1.15028;1.15059;1.15020;1.15045;520;0
2025.06.23 08:40;1.15046;1.15144;1.15038;1.15124;523;0
2025.06.23 08:50;1.15125;1.15146;1.15087;1.15128;506;0
2025.06.23 09:00;1.15128;1.15211;1.15062;1.15062;653;0
2025.06.23 09:10;1.15058;1.15102;1.15039;1.15071;652;0
2025.06.23 09:20;1.15072;1.15120;1.15064;1.15077;708;0
2025.06.23 09:30;1.15076;1.15132;1.15034;1.15121;620;0
2025.06.23 09:40;1.15115;1.15119;1.15053;1.15096;542;0
2025.06.23 09:50;1.15096;1.15113;1.15049;1.15070;687;0
2025.06.23 10:00;1.15070;1.15163;1.15027;1.15068;756;0
2025.06.23 10:10;1.15067;1.15072;1.14918;1.15004;708;0
2025.06.23 10:20;1.15004;1.15020;1.14935;1.14949;644;0
2025.06.23 10:30;1.14949;1.15049;1.14949;1.14975;602;0
2025.06.23 10:40;1.14970;1.15023;1.14919;1.14994;543;0
2025.06.23 10:50;1.14993;1.15060;1.14965;1.14987;661;0
2025.06.23 11:00;1.14986;1.15017;1.14913;1.14935;688;0
2025.06.23 11:10;1.14935;1.14984;1.14930;1.14962;557;0
2025.06.23 11:20;1.14965;1.14978;1.14921;1.14951;560;0
2025.06.23 11:30;1.14954;1.14984;1.14905;1.14922;503;0
2025.06.23 11:40;1.14921;1.14921;1.14836;1.14857;561;0
2025.06.23 11:50;1.14853;1.14889;1.14799;1.14818;674;0
2025.06.23 12:00;1.14819;1.14830;1.14610;1.14632;750;0
2025.06.23 12:10;1.14632;1.14699;1.14579;1.14649;775;0
2025.06.23 12:20;1.14649;1.14653;1.14549;1.14564;734;0
2025.06.23 12:30;1.14564;1.14668;1.14535;1.14663;742;0
2025.06.23 12:40;1.14666;1.14738;1.14665;1.14704;568;0
2025.06.23 12:50;1.14705;1.14766;1.14702;1.14718;635;0
2025.06.23 13:00;1.14717;1.14766;1.14680;1.14743;605;0
2025.06.23 13:10;1.14742;1.14819;1.14735;1.14754;554;0
2025.06.23 13:20;1.14752;1.14778;1.14674;1.14675;441;0
2025.06.23 13:30;1.14675;1.14683;1.14632;1.14645;527;0
2025.06.23 13:40;1.14645;1.14691;1.14640;1.14668;519;0
2025.06.23 13:50;1.14669;1.14683;1.14594;1.14626;536;0
2025.06.23 14:00;1.14627;1.14691;1.14613;1.14673;607;0
2025.06.23 14:10;1.14672;1.14729;1.14672;1.14708;488;0
2025.06.23 14:20;1.14709;1.14711;1.14648;1.14658;532;0
2025.06.23 14:30;1.14662;1.14676;1.14610;1.14620;453;0
2025.06.23 14:40;1.14620;1.14687;1.14616;1.14621;555;0
2025.06.23 14:50;1.14621;1.14744;1.14605;1.14727;667;0
2025.06.23 15:00;1.14727;1.14778;1.14672;1.14710;685;0
2025.06.23 15:10;1.14712;1.14725;1.14671;1.14676;550;0
2025.06.23 15:20;1.14674;1.14685;1.14624;1.14627;509;0
2025.06.23 15:30;1.14625;1.14652;1.14569;1.14637;731;0
2025.06.23 15:40;1.14636;1.14677;1.14603;1.14603;559;0
2025.06.23 15:50;1.14603;1.14680;1.14593;1.14675;590;0
2025.06.23 16:00;1.14676;1.14741;1.14648;1.14715;701;0
2025.06.23 16:10;1.14715;1.14715;1.14653;1.14682;606;0
2025.06.23 16:20;1.14684;1.14697;1.14651;1.14696;477;0
2025.06.23 16:30;1.14696;1.14850;1.14666;1.14843;833;0
2025.06.23 16:40;1.14844;1.14929;1.14830;1.14851;833;0
2025.06.23 16:50;1.14852;1.14939;1.14846;1.14898;889;0
2025.06.23 17:00;1.14896;1.15205;1.14892;1.15134;1420;0
2025.06.23 17:10;1.15134;1.15233;1.15121;1.15197;1127;0
2025.06.23 17:20;1.15198;1.15389;1.15198;1.15299;1071;0
2025.06.23 17:30;1.15296;1.15323;1.15251;1.15278;903;0
2025.06.23 17:40;1.15279;1.15368;1.15236;1.15250;844;0
2025.06.23 17:50;1.15251;1.15407;1.15248;1.15309;1075;0
2025.06.23 18:00;1.15310;1.15386;1.15289;1.15344;884;0
2025.06.23 18:10;1.15344;1.15449;1.15344;1.15449;724;0
2025.06.23 18:20;1.15451;1.15487;1.15383;1.15482;729;0
2025.06.23 18:30;1.15481;1.15523;1.15431;1.15479;729;0
2025.06.23 18:40;1.15472;1.15496;1.15407;1.15414;693;0
2025.06.23 18:50;1.15415;1.15428;1.15359;1.15374;737;0
2025.06.23 19:00;1.15373;1.15405;1.15331;1.15349;723;0
2025.06.23 19:10;1.15349;1.15371;1.15315;1.15331;566;0
2025.06.23 19:20;1.15333;1.15385;1.15318;1.15363;541;0
2025.06.23 19:30;1.15365;1.15366;1.15178;1.15307;770;0
2025.06.23 19:40;1.15308;1.15574;1.15299;1.15503;1047;0
2025.06.23 19:50;1.15503;1.15533;1.15434;1.15448;794;0
2025.06.23 20:00;1.15448;1.15481;1.15405;1.15455;796;0
2025.06.23 20:10;1.15459;1.15561;1.15443;1.15548;790;0
2025.06.23 20:20;1.15548;1.15626;1.15542;1.15586;677;0
2025.06.23 20:30;1.15585;1.15679;1.15582;1.15676;795;0
2025.06.23 20:40;1.15673;1.15682;1.15639;1.15679;672;0
2025.06.23 20:50;1.15677;1.15735;1.15652;1.15693;522;0
2025.06.23 21:00;1.15693;1.15749;1.15669;1.15693;631;0
2025.06.23 21:10;1.15694;1.15746;1.15677;1.15743;535;0
2025.06.23 21:20;1.15742;1.15779;1.15701;1.15704;600;0
2025.06.23 21:30;1.15705;1.15738;1.15660;1.15711;551;0
2025.06.23 21:40;1.15709;1.15779;1.15694;1.15768;462;0
2025.06.23 21:50;1.15768;1.15779;1.15701;1.15741;556;0
2025.06.23 22:00;1.15740;1.15778;1.15726;1.15768;482;0
2025.06.23 22:10;1.15767;1.15774;1.15711;1.15729;391;0
2025.06.23 22:20;1.15729;1.15730;1.15704;1.15722;407;0
2025.06.23 22:30;1.15723;1.15775;1.15705;1.15758;322;0
2025.06.23 22:40;1.15758;1.15771;1.15740;1.15750;239;0
2025.06.23 22:50;1.15750;1.15789;1.15737;1.15784;411;0
2025.06.23 23:00;1.15787;1.15803;1.15746;1.15794;234;0
2025.06.23 23:10;1.15792;1.15799;1.15777;1.15788;178;0
2025.06.23 23:20;1.15788;1.15801;1.15785;1.15792;217;0
2025.06.23 23:30;1.15792;1.15817;1.15777;1.15779;199;0
2025.06.23 23:40;1.15777;1.15794;1.15774;1.15775;214;5
2025.06.23 23:50;1.15775;1.15790;1.15756;1.15783;198;5
2025.06.24 00:00;1.15724;1.15793;1.15722;1.15793;30;24
2025.06.24 00:10;1.15793;1.15793;1.15767;1.15769;53;24
2025.06.24 00:20;1.15768;1.15777;1.15765;1.15767;47;24
2025.06.24 00:30;1.15767;1.15771;1.15765;1.15770;50;24
2025.06.24 00:40;1.15770;1.15774;1.15757;1.15759;55;24
2025.06.24 00:50;1.15762;1.15775;1.15755;1.15775;105;24
2025.06.24 01:00;1.15774;1.15948;1.15725;1.15931;491;0
2025.06.24 01:10;1.15932;1.15957;1.15911;1.15956;345;0
2025.06.24 01:20;1.15958;1.16026;1.15953;1.16002;460;0
2025.06.24 01:30;1.16001;1.16007;1.15925;1.15952;442;0
2025.06.24 01:40;1.15952;1.15975;1.15858;1.15899;457;0
2025.06.24 01:50;1.15899;1.15931;1.15888;1.15924;217;0
2025.06.24 02:00;1.15931;1.15968;1.15869;1.15967;400;0
2025.06.24 02:10;1.15967;1.16024;1.15909;1.15999;413;0
2025.06.24 02:20;1.16000;1.16062;1.15987;1.16027;459;0
2025.06.24 02:30;1.16027;1.16057;1.15976;1.16052;337;0
2025.06.24 02:40;1.16052;1.16084;1.16012;1.16070;446;0
2025.06.24 02:50;1.16067;1.16069;1.15956;1.15981;509;0
2025.06.24 03:00;1.15981;1.16007;1.15923;1.15941;727;0
2025.06.24 03:10;1.15940;1.15983;1.15926;1.15956;579;0
2025.06.24 03:20;1.15955;1.15978;1.15941;1.15961;500;0
2025.06.24 03:30;1.15961;1.16014;1.15961;1.15997;536;0
2025.06.24 03:40;1.15997;1.16088;1.15972;1.15975;696;0
2025.06.24 03:50;1.15972;1.16025;1.15896;1.15991;1045;0
2025.06.24 04:00;1.15990;1.16044;1.15953;1.16005;709;0
2025.06.24 04:10;1.16005;1.16057;1.15995;1.16020;576;0
2025.06.24 04:20;1.16021;1.16034;1.15983;1.15993;520;0
2025.06.24 04:30;1.15991;1.16011;1.15946;1.15950;545;0
2025.06.24 04:40;1.15952;1.15969;1.15909;1.15912;588;0
2025.06.24 04:50;1.15913;1.15940;1.15899;1.15909;585;0
2025.06.24 05:00;1.15908;1.15934;1.15864;1.15891;523;0
2025.06.24 05:10;1.15892;1.15937;1.15885;1.15916;484;0
2025.06.24 05:20;1.15916;1.15949;1.15883;1.15949;497;0
2025.06.24 05:30;1.15949;1.15995;1.15949;1.15983;466;0
2025.06.24 05:40;1.15983;1.15988;1.15959;1.15981;435;0
2025.06.24 05:50;1.15981;1.16015;1.15966;1.16003;425;0
2025.06.24 06:00;1.16003;1.16044;1.16000;1.16044;404;0
2025.06.24 06:10;1.16040;1.16080;1.16032;1.16048;362;0
2025.06.24 06:20;1.16050;1.16060;1.16039;1.16056;333;0
2025.06.24 06:30;1.16056;1.16064;1.16004;1.16015;414;0
2025.06.24 06:40;1.16016;1.16055;1.16012;1.16055;407;0
2025.06.24 06:50;1.16055;1.16099;1.16050;1.16058;378;0
2025.06.24 07:00;1.16058;1.16076;1.16023;1.16033;427;0
2025.06.24 07:10;1.16033;1.16063;1.16025;1.16048;301;0
2025.06.24 07:20;1.16048;1.16078;1.16042;1.16072;275;0
2025.06.24 07:30;1.16072;1.16090;1.16063;1.16070;304;0
2025.06.24 07:40;1.16070;1.16139;1.16065;1.16131;282;0
2025.06.24 07:50;1.16131;1.16143;1.16063;1.16063;355;0
2025.06.24 08:00;1.16063;1.16093;1.16036;1.16078;435;0
2025.06.24 08:10;1.16078;1.16082;1.16024;1.16054;369;0
2025.06.24 08:20;1.16054;1.16060;1.16019;1.16029;299;0
2025.06.24 08:30;1.16028;1.16103;1.16027;1.16060;401;0
2025.06.24 08:40;1.16055;1.16068;1.16012;1.16044;444;0
2025.06.24 08:50;1.16044;1.16139;1.16043;1.16106;549;0
2025.06.24 09:00;1.16106;1.16138;1.16034;1.16044;765;0
2025.06.24 09:10;1.16042;1.16196;1.16013;1.16145;753;0
2025.06.24 09:20;1.16144;1.16224;1.16118;1.16155;877;0
2025.06.24 09:30;1.16153;1.16178;1.16054;1.16071;801;0
2025.06.24 09:40;1.16071;1.16128;1.16070;1.16091;669;0
2025.06.24 09:50;1.16086;1.16091;1.16023;1.16052;738;0
2025.06.24 10:00;1.16052;1.16088;1.16018;1.16020;949;0
2025.06.24 10:10;1.16020;1.16106;1.16013;1.16078;717;0
2025.06.24 10:20;1.16075;1.16087;1.15966;1.16031;677;0
2025.06.24 10:30;1.16031;1.16039;1.15817;1.15969;934;0
2025.06.24 10:40;1.15969;1.16000;1.15925;1.15930;632;0
2025.06.24 10:50;1.15931;1.15946;1.15799;1.15923;863;0
2025.06.24 11:00;1.15912;1.15957;1.15854;1.15899;789;0
2025.06.24 11:10;1.15897;1.15936;1.15889;1.15911;694;0
2025.06.24 11:20;1.15908;1.15996;1.15893;1.15940;746;0
2025.06.24 11:30;1.15939;1.15954;1.15887;1.15907;723;0
2025.06.24 11:40;1.15907;1.15949;1.15896;1.15938;621;0
2025.06.24 11:50;1.15940;1.15960;1.15924;1.15927;686;0
2025.06.24 12:00;1.15926;1.15983;1.15917;1.15980;637;0
2025.06.24 12:10;1.15982;1.16080;1.15974;1.16076;652;0
2025.06.24 12:20;1.16076;1.16122;1.16062;1.16104;672;0
2025.06.24 12:30;1.16104;1.16147;1.16091;1.16146;560;0
2025.06.24 12:40;1.16148;1.16182;1.16130;1.16176;676;0
2025.06.24 12:50;1.16178;1.16179;1.16094;1.16094;621;0
2025.06.24 13:00;1.16091;1.16091;1.15999;1.16011;476;0
2025.06.24 13:10;1.16013;1.16032;1.15960;1.15961;350;0
2025.06.24 13:20;1.15961;1.15985;1.15956;1.15982;444;0
2025.06.24 13:30;1.15983;1.15997;1.15946;1.15955;366;0
2025.06.24 13:40;1.15954;1.15973;1.15943;1.15973;380;0
2025.06.24 13:50;1.15971;1.15990;1.15956;1.15965;467;0
2025.06.24 14:00;1.15966;1.16010;1.15966;1.16008;480;0
2025.06.24 14:10;1.16007;1.16074;1.16006;1.16024;448;0
2025.06.24 14:20;1.16024;1.16096;1.16007;1.16094;557;0
2025.06.24 14:30;1.16095;1.16152;1.16074;1.16110;524;0
2025.06.24 14:40;1.16110;1.16124;1.16064;1.16077;411;0
2025.06.24 14:50;1.16078;1.16089;1.16041;1.16085;523;0
2025.06.24 15:00;1.16082;1.16114;1.16032;1.16067;493;0
2025.06.24 15:10;1.16067;1.16094;1.16013;1.16030;485;0
2025.06.24 15:20;1.16031;1.16059;1.15983;1.16004;483;0
2025.06.24 15:30;1.16004;1.16108;1.15934;1.16088;868;0
2025.06.24 15:40;1.16088;1.16113;1.16024;1.16051;606;0
2025.06.24 15:50;1.16049;1.16053;1.15985;1.16007;549;0
2025.06.24 16:00;1.16006;1.16032;1.15939;1.15953;622;0
2025.06.24 16:10;1.15954;1.15961;1.15877;1.15925;686;0
2025.06.24 16:20;1.15926;1.15940;1.15825;1.15831;670;0
2025.06.24 16:30;1.15829;1.15882;1.15823;1.15866;810;0
2025.06.24 16:40;1.15867;1.15904;1.15825;1.15890;744;0
2025.06.24 16:50;1.15889;1.15925;1.15862;1.15920;621;0
2025.06.24 17:00;1.15920;1.16046;1.15906;1.16045;889;0
2025.06.24 17:10;1.16045;1.16176;1.16044;1.16130;984;0
2025.06.24 17:20;1.16130;1.16417;1.16104;1.16331;1322;0
2025.06.24 17:30;1.16329;1.16357;1.16224;1.16251;1082;1
2025.06.24 17:40;1.16252;1.16307;1.16216;1.16220;928;1
2025.06.24 17:50;1.16220;1.16225;1.16117;1.16169;1055;0
2025.06.24 18:00;1.16169;1.16299;1.16153;1.16248;992;0
2025.06.24 18:10;1.16250;1.16313;1.16234;1.16313;747;0
2025.06.24 18:20;1.16314;1.16363;1.16245;1.16250;732;0
2025.06.24 18:30;1.16251;1.16289;1.16178;1.16199;719;0
2025.06.24 18:40;1.16202;1.16229;1.16125;1.16166;636;0
2025.06.24 18:50;1.16167;1.16168;1.16065;1.16070;621;0
2025.06.24 19:00;1.16071;1.16113;1.16055;1.16058;554;0
2025.06.24 19:10;1.16058;1.16119;1.16053;1.16117;418;0
2025.06.24 19:20;1.16117;1.16182;1.16117;1.16173;503;0
2025.06.24 19:30;1.16172;1.16226;1.16156;1.16195;467;0
2025.06.24 19:40;1.16194;1.16212;1.16156;1.16179;450;0
2025.06.24 19:50;1.16178;1.16250;1.16178;1.16238;514;0
2025.06.24 20:00;1.16238;1.16253;1.16222;1.16247;395;0
2025.06.24 20:10;1.16247;1.16300;1.16232;1.16299;346;0
2025.06.24 20:20;1.16301;1.16311;1.16265;1.16273;410;0
2025.06.24 20:30;1.16272;1.16325;1.16258;1.16307;378;0
2025.06.24 20:40;1.16305;1.16309;1.16273;1.16291;305;0
2025.06.24 20:50;1.16291;1.16291;1.16244;1.16260;410;0
2025.06.24 21:00;1.16260;1.16284;1.16232;1.16268;458;0
2025.06.24 21:10;1.16268;1.16291;1.16258;1.16263;328;0
2025.06.24 21:20;1.16261;1.16281;1.16214;1.16239;363;0
2025.06.24 21:30;1.16238;1.16241;1.16200;1.16201;373;0
2025.06.24 21:40;1.16201;1.16225;1.16199;1.16215;248;0
2025.06.24 21:50;1.16215;1.16243;1.16203;1.16237;367;0
2025.06.24 22:00;1.16236;1.16251;1.16206;1.16206;321;0
2025.06.24 22:10;1.16206;1.16209;1.16178;1.16191;275;0
2025.06.24 22:20;1.16189;1.16232;1.16189;1.16197;280;0
2025.06.24 22:30;1.16196;1.16203;1.16182;1.16191;290;0
2025.06.24 22:40;1.16193;1.16199;1.16159;1.16161;200;0
2025.06.24 22:50;1.16160;1.16166;1.16121;1.16125;278;0
2025.06.24 23:00;1.16129;1.16156;1.16111;1.16124;277;0
2025.06.24 23:10;1.16125;1.16127;1.16098;1.16102;194;0
2025.06.24 23:20;1.16101;1.16133;1.16088;1.16121;210;0
2025.06.24 23:30;1.16121;1.16128;1.16084;1.16088;161;0
2025.06.24 23:40;1.16085;1.16104;1.16083;1.16094;200;5
2025.06.24 23:50;1.16091;1.16110;1.16081;1.16084;232;5
2025.06.25 00:00;1.16084;1.16090;1.16010;1.16057;33;25
2025.06.25 00:10;1.16059;1.16064;1.16043;1.16050;40;138
2025.06.25 00:20;1.16050;1.16075;1.16038;1.16045;81;24
2025.06.25 00:30;1.16045;1.16120;1.16045;1.16068;123;24
2025.06.25 00:40;1.16068;1.16079;1.16065;1.16070;75;24
2025.06.25 00:50;1.16095;1.16132;1.16071;1.16119;159;24
2025.06.25 01:00;1.16062;1.16111;1.16059;1.16083;165;0
2025.06.25 01:10;1.16084;1.16089;1.16043;1.16059;264;0
2025.06.25 01:20;1.16059;1.16075;1.16052;1.16062;168;0
2025.06.25 01:30;1.16062;1.16087;1.16061;1.16080;165;0
2025.06.25 01:40;1.16080;1.16092;1.16065;1.16084;188;0
2025.06.25 01:50;1.16081;1.16083;1.16060;1.16079;190;0
2025.06.25 02:00;1.16081;1.16104;1.16075;1.16095;183;0
2025.06.25 02:10;1.16095;1.16143;1.16087;1.16132;291;0
2025.06.25 02:20;1.16132;1.16147;1.16122;1.16125;161;0
2025.06.25 02:30;1.16125;1.16154;1.16111;1.16123;206;0
2025.06.25 02:40;1.16124;1.16151;1.16122;1.16135;175;0
2025.06.25 02:50;1.16136;1.16144;1.16112;1.16122;284;0
2025.06.25 03:00;1.16124;1.16189;1.16110;1.16182;575;0
2025.06.25 03:10;1.16183;1.16218;1.16162;1.16182;466;0
2025.06.25 03:20;1.16180;1.16228;1.16176;1.16228;402;0
2025.06.25 03:30;1.16229;1.16237;1.16175;1.16209;418;0
2025.06.25 03:40;1.16209;1.16216;1.16180;1.16213;317;0
2025.06.25 03:50;1.16214;1.16266;1.16210;1.16251;617;0
2025.06.25 04:00;1.16252;1.16265;1.16226;1.16251;491;0
2025.06.25 04:10;1.16252;1.16313;1.16239;1.16260;536;0
2025.06.25 04:20;1.16260;1.16274;1.16193;1.16197;437;0
2025.06.25 04:30;1.16196;1.16258;1.16174;1.16255;669;0
2025.06.25 04:40;1.16254;1.16280;1.16244;1.16278;508;0
2025.06.25 04:50;1.16279;1.16296;1.16265;1.16284;535;0
2025.06.25 05:00;1.16285;1.16294;1.16221;1.16246;553;0
2025.06.25 05:10;1.16246;1.16268;1.16206;1.16226;487;0
2025.06.25 05:20;1.16227;1.16269;1.16227;1.16248;350;0
2025.06.25 05:30;1.16249;1.16253;1.16227;1.16248;353;0
2025.06.25 05:40;1.16243;1.16244;1.16193;1.16207;283;0
2025.06.25 05:50;1.16207;1.16219;1.16176;1.16204;320;0
2025.06.25 06:00;1.16204;1.16213;1.16173;1.16189;346;0
2025.06.25 06:10;1.16194;1.16208;1.16184;1.16192;347;0
2025.06.25 06:20;1.16192;1.16233;1.16189;1.16222;378;0
2025.06.25 06:30;1.16222;1.16224;1.16192;1.16199;249;0
2025.06.25 06:40;1.16198;1.16214;1.16158;1.16163;299;0
2025.06.25 06:50;1.16162;1.16163;1.16112;1.16119;350;0
2025.06.25 07:00;1.16118;1.16157;1.16116;1.16139;360;0
2025.06.25 07:10;1.16139;1.16165;1.16130;1.16162;346;0
2025.06.25 07:20;1.16161;1.16181;1.16144;1.16154;298;0
2025.06.25 07:30;1.16154;1.16169;1.16144;1.16159;262;0
2025.06.25 07:40;1.16159;1.16161;1.16124;1.16131;295;0
2025.06.25 07:50;1.16131;1.16143;1.16123;1.16138;297;0
2025.06.25 08:00;1.16138;1.16144;1.16116;1.16122;327;0
2025.06.25 08:10;1.16123;1.16153;1.16116;1.16118;324;0
2025.06.25 08:20;1.16119;1.16127;1.16093;1.16111;385;0
2025.06.25 08:30;1.16111;1.16157;1.16109;1.16157;342;0
2025.06.25 08:40;1.16155;1.16193;1.16154;1.16174;296;0
2025.06.25 08:50;1.16172;1.16205;1.16139;1.16194;419;0
2025.06.25 09:00;1.16194;1.16194;1.16130;1.16146;493;0
2025.06.25 09:10;1.16146;1.16180;1.16131;1.16149;346;0
2025.06.25 09:20;1.16149;1.16227;1.16149;1.16199;420;0
2025.06.25 09:30;1.16199;1.16200;1.16144;1.16164;459;0
2025.06.25 09:40;1.16165;1.16172;1.16125;1.16133;527;0
2025.06.25 09:50;1.16130;1.16131;1.16036;1.16072;710;0
2025.06.25 10:00;1.16072;1.16073;1.15999;1.16018;644;0
2025.06.25 10:10;1.16015;1.16070;1.16012;1.16054;466;0
2025.06.25 10:20;1.16054;1.16086;1.16025;1.16066;479;0
2025.06.25 10:30;1.16071;1.16084;1.16012;1.16044;656;0
2025.06.25 10:40;1.16048;1.16090;1.16035;1.16042;538;0
2025.06.25 10:50;1.16043;1.16046;1.15898;1.15987;668;0
2025.06.25 11:00;1.15989;1.16005;1.15931;1.15960;585;0
2025.06.25 11:10;1.15961;1.15993;1.15939;1.15945;501;0
2025.06.25 11:20;1.15945;1.16010;1.15943;1.16006;518;0
2025.06.25 11:30;1.16000;1.16053;1.15979;1.16037;502;0
2025.06.25 11:40;1.16036;1.16089;1.16035;1.16079;398;0
2025.06.25 11:50;1.16078;1.16114;1.16062;1.16101;587;0
2025.06.25 12:00;1.16099;1.16113;1.16046;1.16051;635;0
2025.06.25 12:10;1.16052;1.16053;1.15987;1.16012;645;0
2025.06.25 12:20;1.16013;1.16030;1.15956;1.15961;424;0
2025.06.25 12:30;1.15963;1.15984;1.15920;1.15952;492;0
2025.06.25 12:40;1.15951;1.15963;1.15935;1.15958;317;0
2025.06.25 12:50;1.15958;1.16008;1.15945;1.16007;450;0
2025.06.25 13:00;1.16008;1.16021;1.15972;1.16012;399;0
2025.06.25 13:10;1.16013;1.16069;1.15984;1.16067;366;0
2025.06.25 13:20;1.16067;1.16078;1.16051;1.16076;400;0
2025.06.25 13:30;1.16076;1.16081;1.16014;1.16047;388;0
2025.06.25 13:40;1.16047;1.16072;1.16025;1.16032;331;0
2025.06.25 13:50;1.16032;1.16068;1.16027;1.16036;391;0
2025.06.25 14:00;1.16034;1.16113;1.16026;1.16110;485;0
2025.06.25 14:10;1.16110;1.16134;1.16075;1.16082;423;0
2025.06.25 14:20;1.16084;1.16098;1.16021;1.16050;522;0
2025.06.25 14:30;1.16050;1.16066;1.15990;1.15995;519;0
2025.06.25 14:40;1.15994;1.16017;1.15981;1.15989;449;0
2025.06.25 14:50;1.15992;1.16017;1.15967;1.15993;405;0
2025.06.25 15:00;1.15993;1.15993;1.15965;1.15982;495;0
2025.06.25 15:10;1.15982;1.16051;1.15982;1.16011;481;0
2025.06.25 15:20;1.16013;1.16017;1.15951;1.15954;443;0
2025.06.25 15:30;1.15953;1.15981;1.15927;1.15966;665;0
2025.06.25 15:40;1.15967;1.15988;1.15905;1.15918;543;0
2025.06.25 15:50;1.15918;1.15946;1.15899;1.15928;607;0
2025.06.25 16:00;1.15929;1.15954;1.15901;1.15932;513;0
2025.06.25 16:10;1.15932;1.15993;1.15907;1.15993;578;0
2025.06.25 16:20;1.15991;1.16038;1.15991;1.16017;607;0
2025.06.25 16:30;1.16019;1.16060;1.16008;1.16048;549;0
2025.06.25 16:40;1.16047;1.16076;1.16000;1.16000;631;0
2025.06.25 16:50;1.15999;1.16038;1.15992;1.16011;705;0
2025.06.25 17:00;1.16009;1.16127;1.16009;1.16125;672;0
2025.06.25 17:10;1.16126;1.16157;1.16019;1.16048;761;1
2025.06.25 17:20;1.16048;1.16149;1.16046;1.16149;737;0
2025.06.25 17:30;1.16148;1.16210;1.16115;1.16204;711;0
2025.06.25 17:40;1.16204;1.16227;1.16173;1.16191;666;0
2025.06.25 17:50;1.16195;1.16236;1.16187;1.16210;664;0
2025.06.25 18:00;1.16209;1.16267;1.16193;1.16208;738;0
2025.06.25 18:10;1.16210;1.16265;1.16209;1.16235;494;0
2025.06.25 18:20;1.16235;1.16274;1.16227;1.16247;421;0
2025.06.25 18:30;1.16249;1.16288;1.16234;1.16258;536;0
2025.06.25 18:40;1.16256;1.16297;1.16216;1.16217;577;0
2025.06.25 18:50;1.16216;1.16216;1.16168;1.16197;535;0
2025.06.25 19:00;1.16196;1.16328;1.16195;1.16305;513;0
2025.06.25 19:10;1.16304;1.16308;1.16281;1.16297;334;0
2025.06.25 19:20;1.16293;1.16348;1.16293;1.16328;395;0
2025.06.25 19:30;1.16327;1.16344;1.16318;1.16330;475;0
2025.06.25 19:40;1.16330;1.16359;1.16317;1.16340;444;0
2025.06.25 19:50;1.16341;1.16341;1.16307;1.16309;426;0
2025.06.25 20:00;1.16309;1.16309;1.16269;1.16291;543;0
2025.06.25 20:10;1.16292;1.16306;1.16275;1.16306;344;0
2025.06.25 20:20;1.16307;1.16362;1.16296;1.16348;340;0
2025.06.25 20:30;1.16348;1.16384;1.16344;1.16371;383;0
2025.06.25 20:40;1.16371;1.16397;1.16353;1.16393;393;0
2025.06.25 20:50;1.16393;1.16444;1.16392;1.16426;398;0
2025.06.25 21:00;1.16426;1.16451;1.16419;1.16428;380;0
2025.06.25 21:10;1.16428;1.16451;1.16424;1.16440;304;0
2025.06.25 21:20;1.16441;1.16504;1.16435;1.16503;365;0
2025.06.25 21:30;1.16502;1.16577;1.16502;1.16555;443;0
2025.06.25 21:40;1.16553;1.16598;1.16538;1.16583;393;0
2025.06.25 21:50;1.16582;1.16614;1.16562;1.16611;373;0
2025.06.25 22:00;1.16612;1.16648;1.16604;1.16604;400;0
2025.06.25 22:10;1.16605;1.16637;1.16589;1.16637;362;0
2025.06.25 22:20;1.16636;1.16651;1.16612;1.16627;254;0
2025.06.25 22:30;1.16628;1.16638;1.16598;1.16600;271;0
2025.06.25 22:40;1.16600;1.16629;1.16599;1.16625;246;0
2025.06.25 22:50;1.16624;1.16625;1.16562;1.16584;339;0
2025.06.25 23:00;1.16584;1.16610;1.16568;1.16583;282;0
2025.06.25 23:10;1.16584;1.16586;1.16549;1.16550;233;0
2025.06.25 23:20;1.16551;1.16564;1.16510;1.16514;224;0
2025.06.25 23:30;1.16514;1.16540;1.16513;1.16531;192;0
2025.06.25 23:40;1.16529;1.16541;1.16525;1.16525;110;5
2025.06.25 23:50;1.16524;1.16601;1.16522;1.16596;288;5
2025.06.26 00:00;1.16575;1.16575;1.16530;1.16543;38;29
2025.06.26 00:10;1.16543;1.16567;1.16536;1.16536;66;24
2025.06.26 00:20;1.16536;1.16572;1.16522;1.16534;71;27
2025.06.26 00:30;1.16533;1.16552;1.16529;1.16535;67;24
2025.06.26 00:40;1.16535;1.16545;1.16535;1.16545;108;24
2025.06.26 00:50;1.16545;1.16559;1.16541;1.16555;100;24
2025.06.26 01:00;1.16569;1.16577;1.16555;1.16563;265;0
2025.06.26 01:10;1.16563;1.16585;1.16561;1.16574;179;0
2025.06.26 01:20;1.16573;1.16586;1.16561;1.16563;165;0
2025.06.26 01:30;1.16563;1.16591;1.16559;1.16580;192;0
2025.06.26 01:40;1.16580;1.16602;1.16575;1.16588;165;0
2025.06.26 01:50;1.16586;1.16597;1.16583;1.16596;114;0
2025.06.26 02:00;1.16597;1.16709;1.16592;1.16703;475;0
2025.06.26 02:10;1.16703;1.16750;1.16686;1.16746;361;0
2025.06.26 02:20;1.16748;1.16758;1.16711;1.16722;224;0
2025.06.26 02:30;1.16723;1.16806;1.16722;1.16777;349;0
2025.06.26 02:40;1.16777;1.16793;1.16753;1.16787;269;0
2025.06.26 02:50;1.16787;1.16849;1.16778;1.16835;396;0
2025.06.26 03:00;1.16837;1.16878;1.16828;1.16865;493;0
2025.06.26 03:10;1.16864;1.16881;1.16836;1.16878;439;0
2025.06.26 03:20;1.16878;1.16886;1.16854;1.16880;312;0
2025.06.26 03:30;1.16880;1.16891;1.16820;1.16851;372;0
2025.06.26 03:40;1.16851;1.16870;1.16823;1.16831;259;0
2025.06.26 03:50;1.16832;1.16833;1.16800;1.16821;431;0
2025.06.26 04:00;1.16820;1.16827;1.16777;1.16785;396;0
2025.06.26 04:10;1.16784;1.16800;1.16730;1.16731;391;0
2025.06.26 04:20;1.16732;1.16732;1.16672;1.16717;420;0
2025.06.26 04:30;1.16718;1.16735;1.16706;1.16729;385;0
2025.06.26 04:40;1.16729;1.16849;1.16728;1.16837;534;0
2025.06.26 04:50;1.16835;1.16878;1.16835;1.16862;521;0
2025.06.26 05:00;1.16863;1.16885;1.16853;1.16854;426;0
2025.06.26 05:10;1.16851;1.16862;1.16826;1.16832;307;0
2025.06.26 05:20;1.16832;1.16883;1.16820;1.16877;385;0
2025.06.26 05:30;1.16874;1.16885;1.16838;1.16871;367;0
2025.06.26 05:40;1.16868;1.16903;1.16851;1.16889;406;0
2025.06.26 05:50;1.16890;1.16951;1.16865;1.16906;531;0
2025.06.26 06:00;1.16909;1.17171;1.16896;1.17025;685;0
2025.06.26 06:10;1.17028;1.17047;1.16952;1.17028;570;0
2025.06.26 06:20;1.17029;1.17038;1.16946;1.16951;459;0
2025.06.26 06:30;1.16950;1.16950;1.16886;1.16902;428;0
2025.06.26 06:40;1.16901;1.16945;1.16901;1.16928;324;0
2025.06.26 06:50;1.16928;1.16959;1.16924;1.16946;339;0
2025.06.26 07:00;1.16946;1.16949;1.16853;1.16873;417;0
2025.06.26 07:10;1.16873;1.16875;1.16814;1.16838;383;0
2025.06.26 07:20;1.16839;1.16858;1.16821;1.16846;212;0
2025.06.26 07:30;1.16846;1.16864;1.16834;1.16847;256;0
2025.06.26 07:40;1.16847;1.16853;1.16805;1.16813;307;0
2025.06.26 07:50;1.16813;1.16822;1.16784;1.16798;213;0
2025.06.26 08:00;1.16796;1.16804;1.16755;1.16804;460;0
2025.06.26 08:10;1.16803;1.16838;1.16797;1.16814;356;0
2025.06.26 08:20;1.16815;1.16839;1.16812;1.16833;326;0
2025.06.26 08:30;1.16833;1.16849;1.16790;1.16803;337;0
2025.06.26 08:40;1.16805;1.16815;1.16767;1.16789;352;0
2025.06.26 08:50;1.16789;1.16861;1.16768;1.16855;477;0
2025.06.26 09:00;1.16854;1.16854;1.16739;1.16761;689;0
2025.06.26 09:10;1.16769;1.16833;1.16718;1.16775;742;0
2025.06.26 09:20;1.16775;1.16815;1.16755;1.16776;551;0
2025.06.26 09:30;1.16775;1.16847;1.16763;1.16839;522;0
2025.06.26 09:40;1.16837;1.16907;1.16824;1.16878;587;0
2025.06.26 09:50;1.16878;1.17005;1.16857;1.16996;638;0
2025.06.26 10:00;1.16996;1.17003;1.16915;1.16946;699;0
2025.06.26 10:10;1.16945;1.17104;1.16926;1.17073;858;0
2025.06.26 10:20;1.17074;1.17135;1.17008;1.17025;596;0
2025.06.26 10:30;1.17024;1.17044;1.16926;1.16949;613;0
2025.06.26 10:40;1.16950;1.17082;1.16924;1.17079;631;0
2025.06.26 10:50;1.17080;1.17124;1.17034;1.17103;646;0
2025.06.26 11:00;1.17104;1.17238;1.17069;1.17229;726;0
2025.06.26 11:10;1.17228;1.17325;1.17195;1.17246;813;0
2025.06.26 11:20;1.17242;1.17327;1.17217;1.17296;656;0
2025.06.26 11:30;1.17295;1.17422;1.17277;1.17398;716;0
2025.06.26 11:40;1.17397;1.17447;1.17315;1.17360;726;0
2025.06.26 11:50;1.17360;1.17368;1.17273;1.17276;818;0
2025.06.26 12:00;1.17276;1.17287;1.17214;1.17253;672;0
2025.06.26 12:10;1.17253;1.17261;1.17170;1.17177;652;0
2025.06.26 12:20;1.17175;1.17194;1.17124;1.17192;774;0
2025.06.26 12:30;1.17192;1.17250;1.17177;1.17227;622;0
2025.06.26 12:40;1.17226;1.17279;1.17217;1.17267;464;0
2025.06.26 12:50;1.17265;1.17279;1.17230;1.17251;513;0
2025.06.26 13:00;1.17252;1.17278;1.17200;1.17215;598;0
2025.06.26 13:10;1.17215;1.17257;1.17195;1.17254;453;0
2025.06.26 13:20;1.17252;1.17296;1.17243;1.17287;421;0
2025.06.26 13:30;1.17287;1.17310;1.17187;1.17206;467;0
2025.06.26 13:40;1.17207;1.17211;1.17149;1.17150;456;0
2025.06.26 13:50;1.17150;1.17179;1.17135;1.17148;502;0
2025.06.26 14:00;1.17148;1.17159;1.17065;1.17082;570;0
2025.06.26 14:10;1.17088;1.17093;1.17012;1.17022;560;0
2025.06.26 14:20;1.17023;1.17025;1.16957;1.17025;569;0
2025.06.26 14:30;1.17025;1.17053;1.16943;1.16956;578;0
2025.06.26 14:40;1.16956;1.17029;1.16951;1.16994;567;0
2025.06.26 14:50;1.16997;1.17028;1.16939;1.16948;623;0
2025.06.26 15:00;1.16947;1.16986;1.16899;1.16948;645;0
2025.06.26 15:10;1.16948;1.17029;1.16940;1.17024;577;0
2025.06.26 15:20;1.17025;1.17091;1.17011;1.17071;586;0
2025.06.26 15:30;1.17057;1.17122;1.16901;1.17036;1275;0
2025.06.26 15:40;1.17037;1.17128;1.16973;1.17092;918;0
2025.06.26 15:50;1.17090;1.17103;1.17038;1.17065;889;0
2025.06.26 16:00;1.17070;1.17114;1.16942;1.16978;996;0
2025.06.26 16:10;1.16976;1.17066;1.16956;1.17061;688;0
2025.06.26 16:20;1.17061;1.17192;1.17058;1.17188;804;0
2025.06.26 16:30;1.17191;1.17207;1.17082;1.17109;840;0
2025.06.26 16:40;1.17098;1.17202;1.17081;1.17177;820;0
2025.06.26 16:50;1.17177;1.17203;1.17148;1.17170;813;0
2025.06.26 17:00;1.17170;1.17175;1.17061;1.17134;819;0
2025.06.26 17:10;1.17133;1.17192;1.17082;1.17152;803;0
2025.06.26 17:20;1.17153;1.17164;1.17078;1.17103;895;0
2025.06.26 17:30;1.17100;1.17180;1.17088;1.17094;927;0
2025.06.26 17:40;1.17093;1.17190;1.17088;1.17171;764;0
2025.06.26 17:50;1.17169;1.17186;1.17071;1.17085;1096;0
2025.06.26 18:00;1.17084;1.17112;1.16997;1.17010;836;0
2025.06.26 18:10;1.17009;1.17025;1.16904;1.17015;745;0
2025.06.26 18:20;1.17015;1.17023;1.16936;1.16978;696;0
2025.06.26 18:30;1.16981;1.17107;1.16979;1.17107;650;0
2025.06.26 18:40;1.17107;1.17127;1.17094;1.17105;570;0
2025.06.26 18:50;1.17104;1.17174;1.17102;1.17167;536;0
2025.06.26 19:00;1.17167;1.17193;1.17141;1.17163;510;0
2025.06.26 19:10;1.17162;1.17190;1.17099;1.17133;529;0
2025.06.26 19:20;1.17134;1.17272;1.17132;1.17261;518;0
2025.06.26 19:30;1.17261;1.17393;1.17255;1.17391;563;0
2025.06.26 19:40;1.17393;1.17403;1.17355;1.17369;483;0
2025.06.26 19:50;1.17370;1.17383;1.17283;1.17294;550;0
2025.06.26 20:00;1.17295;1.17321;1.17274;1.17290;530;0
2025.06.26 20:10;1.17289;1.17296;1.17207;1.17228;437;0
2025.06.26 20:20;1.17228;1.17270;1.17220;1.17263;385;0
2025.06.26 20:30;1.17266;1.17290;1.17220;1.17241;382;0
2025.06.26 20:40;1.17242;1.17284;1.17234;1.17261;337;0
2025.06.26 20:50;1.17263;1.17288;1.17237;1.17249;436;0
2025.06.26 21:00;1.17248;1.17273;1.17230;1.17259;468;0
2025.06.26 21:10;1.17262;1.17286;1.17251;1.17268;463;0
2025.06.26 21:20;1.17268;1.17272;1.17196;1.17206;295;0
2025.06.26 21:30;1.17206;1.17237;1.17187;1.17217;326;0
2025.06.26 21:40;1.17216;1.17219;1.17179;1.17217;366;0
2025.06.26 21:50;1.17217;1.17238;1.17191;1.17205;333;0
2025.06.26 22:00;1.17206;1.17206;1.17100;1.17108;323;0
2025.06.26 22:10;1.17107;1.17111;1.17043;1.17056;386;0
2025.06.26 22:20;1.17056;1.17106;1.17049;1.17077;352;0
2025.06.26 22:30;1.17076;1.17104;1.17064;1.17098;308;0
2025.06.26 22:40;1.17099;1.17112;1.17065;1.17100;268;0
2025.06.26 22:50;1.17100;1.17122;1.17040;1.17044;378;0
2025.06.26 23:00;1.17043;1.17086;1.16977;1.17021;402;0
2025.06.26 23:10;1.17021;1.17021;1.16990;1.16996;178;0
2025.06.26 23:20;1.16996;1.16999;1.16949;1.16977;189;0
2025.06.26 23:30;1.16977;1.16980;1.16940;1.16979;232;0
2025.06.26 23:40;1.16976;1.17006;1.16967;1.17005;248;5
2025.06.26 23:50;1.17004;1.17018;1.16997;1.17013;178;5
2025.06.27 00:00;1.16982;1.16982;1.16882;1.16966;61;34
2025.06.27 00:10;1.16963;1.16990;1.16866;1.16964;201;24
2025.06.27 00:20;1.16964;1.16964;1.16942;1.16942;115;24
2025.06.27 00:30;1.16942;1.16963;1.16930;1.16930;160;24
2025.06.27 00:40;1.16929;1.17008;1.16919;1.16941;389;24
2025.06.27 00:50;1.16936;1.16971;1.16932;1.16967;201;24
2025.06.27 01:00;1.16967;1.16973;1.16902;1.16927;302;0
2025.06.27 01:10;1.16930;1.16959;1.16926;1.16932;149;0
2025.06.27 01:20;1.16932;1.16947;1.16908;1.16943;156;0
2025.06.27 01:30;1.16943;1.16943;1.16827;1.16829;274;0
2025.06.27 01:40;1.16829;1.16840;1.16805;1.16820;247;0
2025.06.27 01:50;1.16821;1.16836;1.16820;1.16833;159;0
2025.06.27 02:00;1.16836;1.16917;1.16833;1.16908;191;0
2025.06.27 02:10;1.16899;1.16946;1.16896;1.16911;199;0
2025.06.27 02:20;1.16911;1.16945;1.16911;1.16935;189;0
2025.06.27 02:30;1.16935;1.16963;1.16892;1.16963;316;0
2025.06.27 02:40;1.16963;1.16983;1.16932;1.16972;254;0
2025.06.27 02:50;1.16972;1.16972;1.16888;1.16929;323;0
2025.06.27 03:00;1.16933;1.16968;1.16931;1.16963;579;0
2025.06.27 03:10;1.16963;1.16979;1.16942;1.16955;486;0
2025.06.27 03:20;1.16955;1.16956;1.16904;1.16927;455;0
2025.06.27 03:30;1.16929;1.16940;1.16881;1.16900;414;0
2025.06.27 03:40;1.16900;1.16950;1.16900;1.16946;415;0
2025.06.27 03:50;1.16947;1.16977;1.16914;1.16924;596;0
2025.06.27 04:00;1.16919;1.16961;1.16895;1.16932;507;0
2025.06.27 04:10;1.16932;1.16952;1.16893;1.16936;376;0
2025.06.27 04:20;1.16935;1.16936;1.16876;1.16911;423;0
2025.06.27 04:30;1.16910;1.16918;1.16856;1.16876;516;0
2025.06.27 04:40;1.16875;1.16984;1.16874;1.16980;506;0
2025.06.27 04:50;1.16979;1.17044;1.16978;1.17016;523;0
2025.06.27 05:00;1.17017;1.17044;1.16991;1.17016;426;0
2025.06.27 05:10;1.17015;1.17045;1.16997;1.17039;360;0
2025.06.27 05:20;1.17039;1.17057;1.16977;1.16985;349;0
2025.06.27 05:30;1.16986;1.16991;1.16907;1.16911;281;0
2025.06.27 05:40;1.16911;1.16970;1.16857;1.16960;405;0
2025.06.27 05:50;1.16959;1.17010;1.16953;1.16998;331;0
2025.06.27 06:00;1.16998;1.17042;1.16982;1.17029;363;0
2025.06.27 06:10;1.17030;1.17054;1.17026;1.17048;285;0
2025.06.27 06:20;1.17043;1.17094;1.17033;1.17076;357;0
2025.06.27 06:30;1.17077;1.17082;1.17045;1.17062;324;0
2025.06.27 06:40;1.17063;1.17063;1.17041;1.17042;255;0
2025.06.27 06:50;1.17043;1.17045;1.16951;1.16957;551;0
2025.06.27 07:00;1.16957;1.16983;1.16938;1.16966;392;0
2025.06.27 07:10;1.16965;1.16967;1.16932;1.16941;308;0
2025.06.27 07:20;1.16941;1.16950;1.16908;1.16922;295;0
2025.06.27 07:30;1.16924;1.16934;1.16889;1.16933;365;0
2025.06.27 07:40;1.16933;1.16933;1.16887;1.16889;261;0
2025.06.27 07:50;1.16887;1.16889;1.16850;1.16850;372;0
2025.06.27 08:00;1.16856;1.16893;1.16855;1.16877;279;0
2025.06.27 08:10;1.16877;1.16881;1.16844;1.16867;308;0
2025.06.27 08:20;1.16867;1.16908;1.16864;1.16901;366;0
2025.06.27 08:30;1.16899;1.16924;1.16878;1.16886;408;0
2025.06.27 08:40;1.16884;1.16919;1.16863;1.16912;385;0
2025.06.27 08:50;1.16912;1.16936;1.16861;1.16893;461;0
2025.06.27 09:00;1.16892;1.16907;1.16834;1.16853;503;0
2025.06.27 09:10;1.16854;1.16974;1.16851;1.16966;594;0
2025.06.27 09:20;1.16964;1.17022;1.16944;1.17008;475;0
2025.06.27 09:30;1.17008;1.17045;1.16967;1.17029;433;0
2025.06.27 09:40;1.17026;1.17135;1.17022;1.17121;595;0
2025.06.27 09:50;1.17118;1.17186;1.17105;1.17186;729;0
2025.06.27 10:00;1.17186;1.17222;1.17157;1.17219;684;0
2025.06.27 10:10;1.17219;1.17270;1.17157;1.17157;614;0
2025.06.27 10:20;1.17156;1.17172;1.17070;1.17121;602;0
2025.06.27 10:30;1.17121;1.17181;1.17117;1.17153;420;0
2025.06.27 10:40;1.17153;1.17182;1.17124;1.17131;401;0
2025.06.27 10:50;1.17131;1.17155;1.17105;1.17146;485;0
2025.06.27 11:00;1.17148;1.17238;1.17139;1.17215;521;0
2025.06.27 11:10;1.17216;1.17263;1.17203;1.17240;436;0
2025.06.27 11:20;1.17240;1.17258;1.17143;1.17144;464;0
2025.06.27 11:30;1.17145;1.17178;1.17104;1.17133;470;0
2025.06.27 11:40;1.17133;1.17194;1.17127;1.17193;417;0
2025.06.27 11:50;1.17192;1.17198;1.17087;1.17095;453;0
2025.06.27 12:00;1.17097;1.17102;1.17014;1.17045;432;0
2025.06.27 12:10;1.17045;1.17092;1.17035;1.17076;383;0
2025.06.27 12:20;1.17076;1.17103;1.17060;1.17085;360;0
2025.06.27 12:30;1.17085;1.17091;1.17054;1.17066;319;0
2025.06.27 12:40;1.17066;1.17088;1.17058;1.17074;318;0
2025.06.27 12:50;1.17075;1.17113;1.17047;1.17095;541;0
2025.06.27 13:00;1.17094;1.17156;1.17089;1.17131;518;0
2025.06.27 13:10;1.17131;1.17137;1.17055;1.17063;407;0
2025.06.27 13:20;1.17062;1.17066;1.17020;1.17028;367;0
2025.06.27 13:30;1.17029;1.17056;1.17014;1.17037;375;0
2025.06.27 13:40;1.17037;1.17083;1.17029;1.17079;332;0
2025.06.27 13:50;1.17078;1.17149;1.17078;1.17138;393;0
2025.06.27 14:00;1.17141;1.17201;1.17134;1.17181;422;0
2025.06.27 14:10;1.17180;1.17200;1.17170;1.17173;336;0
2025.06.27 14:20;1.17173;1.17181;1.17139;1.17171;353;0
2025.06.27 14:30;1.17176;1.17200;1.17138;1.17157;388;0
2025.06.27 14:40;1.17158;1.17187;1.17126;1.17133;367;0
2025.06.27 14:50;1.17133;1.17179;1.17108;1.17142;560;0
2025.06.27 15:00;1.17141;1.17142;1.17033;1.17034;574;0
2025.06.27 15:10;1.17032;1.17157;1.17028;1.17129;550;0
2025.06.27 15:20;1.17127;1.17229;1.17108;1.17198;564;0
2025.06.27 15:30;1.17192;1.17382;1.17176;1.17358;1219;0
2025.06.27 15:40;1.17351;1.17376;1.17283;1.17356;853;0
2025.06.27 15:50;1.17357;1.17494;1.17347;1.17470;1053;0
2025.06.27 16:00;1.17470;1.17539;1.17343;1.17344;1110;0
2025.06.27 16:10;1.17346;1.17397;1.17318;1.17376;668;0
2025.06.27 16:20;1.17375;1.17398;1.17234;1.17237;820;0
2025.06.27 16:30;1.17240;1.17313;1.17157;1.17292;933;0
2025.06.27 16:40;1.17293;1.17320;1.17245;1.17320;733;0
2025.06.27 16:50;1.17319;1.17330;1.17243;1.17281;640;0
2025.06.27 17:00;1.17271;1.17383;1.17256;1.17337;790;0
2025.06.27 17:10;1.17338;1.17339;1.17255;1.17257;680;0
2025.06.27 17:20;1.17258;1.17264;1.17190;1.17212;743;0
2025.06.27 17:30;1.17215;1.17267;1.17147;1.17152;785;0
2025.06.27 17:40;1.17150;1.17202;1.17055;1.17115;748;0
2025.06.27 17:50;1.17113;1.17195;1.17113;1.17184;846;0
2025.06.27 18:00;1.17184;1.17196;1.17115;1.17152;733;0
2025.06.27 18:10;1.17155;1.17188;1.17124;1.17151;519;0
2025.06.27 18:20;1.17152;1.17198;1.17140;1.17140;535;0
2025.06.27 18:30;1.17140;1.17255;1.17130;1.17253;620;0
2025.06.27 18:40;1.17252;1.17303;1.17240;1.17257;515;0
2025.06.27 18:50;1.17258;1.17290;1.17230;1.17237;531;0
2025.06.27 19:00;1.17236;1.17267;1.17197;1.17265;612;0
2025.06.27 19:10;1.17266;1.17323;1.17248;1.17267;485;0
2025.06.27 19:20;1.17265;1.17276;1.17207;1.17263;584;0
2025.06.27 19:30;1.17263;1.17272;1.17214;1.17220;474;0
2025.06.27 19:40;1.17220;1.17244;1.17215;1.17215;420;0
2025.06.27 19:50;1.17213;1.17239;1.17173;1.17222;526;0
2025.06.27 20:00;1.17222;1.17238;1.17194;1.17205;493;0
2025.06.27 20:10;1.17206;1.17221;1.17150;1.17156;401;0
2025.06.27 20:20;1.17157;1.17172;1.17094;1.17117;501;0
2025.06.27 20:30;1.17116;1.17135;1.17095;1.17115;406;0
2025.06.27 20:40;1.17116;1.17116;1.16997;1.17007;986;0
2025.06.27 20:50;1.17008;1.17031;1.16953;1.17021;784;0
2025.06.27 21:00;1.17020;1.17055;1.16923;1.16940;721;0
2025.06.27 21:10;1.16944;1.16980;1.16905;1.16940;572;0
2025.06.27 21:20;1.16941;1.16989;1.16902;1.16948;578;0
2025.06.27 21:30;1.16940;1.16943;1.16879;1.16885;476;0
2025.06.27 21:40;1.16888;1.16964;1.16882;1.16950;555;0
2025.06.27 21:50;1.16950;1.17021;1.16950;1.16996;553;0
2025.06.27 22:00;1.16996;1.17078;1.16989;1.17028;464;0
2025.06.27 22:10;1.17029;1.17066;1.17026;1.17044;331;0
2025.06.27 22:20;1.17044;1.17067;1.17025;1.17066;318;0
2025.06.27 22:30;1.17066;1.17073;1.17025;1.17049;356;0
2025.06.27 22:40;1.17049;1.17090;1.17035;1.17035;387;0
2025.06.27 22:50;1.17034;1.17069;1.17025;1.17067;425;0
2025.06.27 23:00;1.17066;1.17096;1.17060;1.17095;295;0
2025.06.27 23:10;1.17096;1.17154;1.17086;1.17148;187;0
2025.06.27 23:20;1.17147;1.17163;1.17113;1.17136;235;0
2025.06.27 23:30;1.17136;1.17151;1.17133;1.17145;151;0
2025.06.27 23:40;1.17142;1.17173;1.17142;1.17173;129;5
2025.06.27 23:50;1.17172;1.17192;1.17157;1.17192;180;5
2025.06.30 00:00;1.17277;1.17287;1.17192;1.17202;22;45
2025.06.30 00:10;1.17202;1.17221;1.17171;1.17203;97;61
2025.06.30 00:20;1.17203;1.17221;1.17202;1.17218;34;72
2025.06.30 00:30;1.17245;1.17276;1.17229;1.17270;140;25
2025.06.30 00:40;1.17271;1.17299;1.17271;1.17295;59;25
2025.06.30 00:50;1.17295;1.17301;1.17295;1.17299;18;25
2025.06.30 01:00;1.17309;1.17309;1.17259;1.17262;316;0
2025.06.30 01:10;1.17262;1.17302;1.17254;1.17283;275;0
2025.06.30 01:20;1.17283;1.17284;1.17219;1.17219;264;0
2025.06.30 01:30;1.17217;1.17294;1.17217;1.17287;318;0
2025.06.30 01:40;1.17286;1.17295;1.17261;1.17290;204;0
2025.06.30 01:50;1.17291;1.17331;1.17283;1.17301;283;0
2025.06.30 02:00;1.17303;1.17357;1.17284;1.17356;307;0
2025.06.30 02:10;1.17356;1.17387;1.17350;1.17364;274;0
2025.06.30 02:20;1.17364;1.17384;1.17326;1.17326;291;0
2025.06.30 02:30;1.17327;1.17338;1.17296;1.17312;269;0
2025.06.30 02:40;1.17312;1.17339;1.17298;1.17304;226;0
2025.06.30 02:50;1.17305;1.17308;1.17259;1.17265;263;0
2025.06.30 03:00;1.17267;1.17286;1.17218;1.17225;462;0
2025.06.30 03:10;1.17225;1.17271;1.17225;1.17271;379;0
2025.06.30 03:20;1.17271;1.17279;1.17247;1.17259;391;0
2025.06.30 03:30;1.17259;1.17259;1.17192;1.17203;406;0
2025.06.30 03:40;1.17204;1.17223;1.17181;1.17188;357;0
2025.06.30 03:50;1.17189;1.17215;1.17155;1.17180;605;0
2025.06.30 04:00;1.17179;1.17183;1.17151;1.17169;403;0
2025.06.30 04:10;1.17174;1.17264;1.17167;1.17257;478;0
2025.06.30 04:20;1.17256;1.17289;1.17233;1.17277;435;0
2025.06.30 04:30;1.17277;1.17338;1.17260;1.17337;349;0
2025.06.30 04:40;1.17337;1.17348;1.17287;1.17300;491;0
2025.06.30 04:50;1.17300;1.17300;1.17195;1.17205;561;0
2025.06.30 05:00;1.17205;1.17252;1.17188;1.17209;544;0
2025.06.30 05:10;1.17210;1.17314;1.17178;1.17281;596;0
2025.06.30 05:20;1.17281;1.17289;1.17256;1.17273;353;0
2025.06.30 05:30;1.17273;1.17274;1.17240;1.17243;311;0
2025.06.30 05:40;1.17243;1.17256;1.17201;1.17242;399;0
2025.06.30 05:50;1.17242;1.17246;1.17186;1.17190;351;0
2025.06.30 06:00;1.17188;1.17202;1.17149;1.17199;309;0
2025.06.30 06:10;1.17199;1.17221;1.17171;1.17175;360;0
2025.06.30 06:20;1.17174;1.17219;1.17172;1.17180;349;0
2025.06.30 06:30;1.17178;1.17187;1.17119;1.17125;379;0
2025.06.30 06:40;1.17127;1.17158;1.17118;1.17157;306;0
2025.06.30 06:50;1.17157;1.17164;1.17117;1.17121;380;0
2025.06.30 07:00;1.17122;1.17178;1.17122;1.17175;382;0
2025.06.30 07:10;1.17175;1.17181;1.17142;1.17151;338;0
2025.06.30 07:20;1.17151;1.17170;1.17137;1.17167;277;0
2025.06.30 07:30;1.17169;1.17220;1.17160;1.17220;269;0
2025.06.30 07:40;1.17221;1.17273;1.17218;1.17264;375;0
2025.06.30 07:50;1.17263;1.17318;1.17260;1.17300;399;0
2025.06.30 08:00;1.17300;1.17345;1.17296;1.17330;484;0
2025.06.30 08:10;1.17330;1.17382;1.17328;1.17363;430;0
2025.06.30 08:20;1.17363;1.17383;1.17346;1.17363;422;0
2025.06.30 08:30;1.17362;1.17379;1.17325;1.17333;455;0
2025.06.30 08:40;1.17333;1.17341;1.17291;1.17291;537;0
2025.06.30 08:50;1.17287;1.17294;1.17231;1.17263;542;0
2025.06.30 09:00;1.17263;1.17294;1.17235;1.17275;554;0
2025.06.30 09:10;1.17274;1.17301;1.17207;1.17259;599;0
2025.06.30 09:20;1.17259;1.17328;1.17239;1.17298;528;0
2025.06.30 09:30;1.17298;1.17340;1.17265;1.17314;557;0
2025.06.30 09:40;1.17313;1.17404;1.17310;1.17384;580;0
2025.06.30 09:50;1.17383;1.17505;1.17373;1.17432;671;0
2025.06.30 10:00;1.17432;1.17433;1.17321;1.17341;701;0
2025.06.30 10:10;1.17341;1.17408;1.17337;1.17385;657;0
2025.06.30 10:20;1.17385;1.17389;1.17278;1.17278;541;0
2025.06.30 10:30;1.17279;1.17353;1.17256;1.17351;553;0
2025.06.30 10:40;1.17351;1.17359;1.17295;1.17330;512;0
2025.06.30 10:50;1.17330;1.17338;1.17239;1.17245;558;0
2025.06.30 11:00;1.17209;1.17258;1.17175;1.17245;835;0
2025.06.30 11:10;1.17245;1.17245;1.17184;1.17219;568;0
2025.06.30 11:20;1.17220;1.17235;1.17134;1.17193;500;0
2025.06.30 11:30;1.17194;1.17259;1.17180;1.17226;640;0
2025.06.30 11:40;1.17226;1.17255;1.17209;1.17233;490;0
2025.06.30 11:50;1.17232;1.17303;1.17203;1.17295;672;0
2025.06.30 12:00;1.17294;1.17294;1.17232;1.17243;529;0
2025.06.30 12:10;1.17247;1.17270;1.17234;1.17268;472;0
2025.06.30 12:20;1.17267;1.17328;1.17244;1.17281;601;0
2025.06.30 12:30;1.17284;1.17304;1.17177;1.17215;509;0
2025.06.30 12:40;1.17216;1.17227;1.17171;1.17202;467;0
2025.06.30 12:50;1.17201;1.17230;1.17182;1.17195;501;0
2025.06.30 13:00;1.17196;1.17206;1.17168;1.17172;475;0
2025.06.30 13:10;1.17171;1.17203;1.17166;1.17191;356;0
2025.06.30 13:20;1.17191;1.17240;1.17185;1.17231;416;0
2025.06.30 13:30;1.17231;1.17239;1.17181;1.17183;398;0
2025.06.30 13:40;1.17184;1.17228;1.17176;1.17209;334;0
2025.06.30 13:50;1.17207;1.17250;1.17201;1.17247;481;0
2025.06.30 14:00;1.17246;1.17287;1.17231;1.17262;468;0
2025.06.30 14:10;1.17263;1.17291;1.17234;1.17251;393;0
2025.06.30 14:20;1.17251;1.17317;1.17251;1.17291;369;0
2025.06.30 14:30;1.17293;1.17307;1.17255;1.17263;409;0
2025.06.30 14:40;1.17264;1.17270;1.17240;1.17260;361;0
2025.06.30 14:50;1.17260;1.17290;1.17229;1.17232;535;0
2025.06.30 15:00;1.17237;1.17253;1.17196;1.17204;481;0
2025.06.30 15:10;1.17201;1.17201;1.17113;1.17135;613;0
2025.06.30 15:20;1.17136;1.17184;1.17121;1.17139;480;0
2025.06.30 15:30;1.17138;1.17144;1.17081;1.17088;489;0
2025.06.30 15:40;1.17089;1.17142;1.17076;1.17113;483;0
2025.06.30 15:50;1.17114;1.17161;1.17109;1.17133;462;0
2025.06.30 16:00;1.17132;1.17179;1.17120;1.17150;506;0
2025.06.30 16:10;1.17149;1.17183;1.17145;1.17161;447;0
2025.06.30 16:20;1.17162;1.17200;1.17161;1.17180;496;0
2025.06.30 16:30;1.17180;1.17216;1.17151;1.17183;503;0
2025.06.30 16:40;1.17182;1.17199;1.17134;1.17156;500;0
2025.06.30 16:50;1.17156;1.17213;1.17122;1.17213;804;0
2025.06.30 17:00;1.17214;1.17226;1.17106;1.17184;808;0
2025.06.30 17:10;1.17184;1.17298;1.17184;1.17294;608;0
2025.06.30 17:20;1.17294;1.17378;1.17283;1.17356;652;0
2025.06.30 17:30;1.17356;1.17479;1.17343;1.17456;743;0
2025.06.30 17:40;1.17455;1.17508;1.17404;1.17408;778;0
2025.06.30 17:50;1.17407;1.17417;1.17287;1.17387;1294;0
2025.06.30 18:00;1.17383;1.17463;1.17336;1.17457;958;0
2025.06.30 18:10;1.17461;1.17550;1.17442;1.17513;694;0
2025.06.30 18:20;1.17513;1.17515;1.17417;1.17452;620;0
2025.06.30 18:30;1.17452;1.17517;1.17443;1.17448;647;0
2025.06.30 18:40;1.17449;1.17680;1.17432;1.17653;824;0
2025.06.30 18:50;1.17653;1.17719;1.17641;1.17698;564;0
2025.06.30 19:00;1.17696;1.17700;1.17629;1.17635;674;0
2025.06.30 19:10;1.17633;1.17658;1.17580;1.17621;679;0
2025.06.30 19:20;1.17621;1.17626;1.17516;1.17558;501;0
2025.06.30 19:30;1.17559;1.17575;1.17488;1.17517;569;0
2025.06.30 19:40;1.17522;1.17617;1.17515;1.17617;445;0
2025.06.30 19:50;1.17619;1.17633;1.17564;1.17628;567;0
2025.06.30 20:00;1.17628;1.17676;1.17625;1.17662;412;0
2025.06.30 20:10;1.17662;1.17690;1.17631;1.17659;406;0
2025.06.30 20:20;1.17659;1.17707;1.17657;1.17680;410;0
2025.06.30 20:30;1.17679;1.17688;1.17605;1.17637;360;0
2025.06.30 20:40;1.17637;1.17654;1.17611;1.17633;308;0
2025.06.30 20:50;1.17633;1.17682;1.17604;1.17659;605;0
2025.06.30 21:00;1.17659;1.17714;1.17648;1.17688;545;0
2025.06.30 21:10;1.17689;1.17781;1.17677;1.17761;472;0
2025.06.30 21:20;1.17761;1.17790;1.17759;1.17779;355;0
2025.06.30 21:30;1.17778;1.17798;1.17740;1.17774;420;0
2025.06.30 21:40;1.17774;1.17775;1.17727;1.17739;392;0
2025.06.30 21:50;1.17739;1.17765;1.17723;1.17759;433;0
2025.06.30 22:00;1.17760;1.17792;1.17726;1.17787;356;0
2025.06.30 22:10;1.17787;1.17794;1.17750;1.17778;280;0
2025.06.30 22:20;1.17777;1.17790;1.17736;1.17758;346;0
2025.06.30 22:30;1.17758;1.17767;1.17739;1.17753;305;0
2025.06.30 22:40;1.17753;1.17782;1.17748;1.17774;363;0
2025.06.30 22:50;1.17774;1.17807;1.17766;1.17797;440;0
2025.06.30 23:00;1.17797;1.17840;1.17772;1.17839;343;0
2025.06.30 23:10;1.17839;1.17839;1.17818;1.17824;182;0
2025.06.30 23:20;1.17824;1.17850;1.17824;1.17848;152;0
2025.06.30 23:30;1.17848;1.17866;1.17831;1.17847;204;0
2025.06.30 23:40;1.17844;1.17852;1.17829;1.17848;171;5
2025.06.30 23:50;1.17849;1.17880;1.17799;1.17877;385;5
2025.07.01 00:00;1.17794;1.17853;1.17737;1.17799;70;24
2025.07.01 00:10;1.17796;1.17797;1.17723;1.17760;120;36
2025.07.01 00:20;1.17728;1.17798;1.17716;1.17754;67;58
2025.07.01 00:30;1.17754;1.17810;1.17754;1.17799;231;25
2025.07.01 00:40;1.17797;1.17808;1.17782;1.17808;250;25
2025.07.01 00:50;1.17805;1.17826;1.17787;1.17806;322;24
2025.07.01 01:00;1.17813;1.17856;1.17786;1.17819;418;0
2025.07.01 01:10;1.17820;1.17878;1.17810;1.17873;240;0
2025.07.01 01:20;1.17874;1.17890;1.17866;1.17890;219;0
2025.07.01 01:30;1.17889;1.17907;1.17853;1.17868;285;0
2025.07.01 01:40;1.17869;1.17874;1.17856;1.17870;213;0
2025.07.01 01:50;1.17870;1.17885;1.17844;1.17855;196;0
2025.07.01 02:00;1.17856;1.17877;1.17847;1.17864;169;0
2025.07.01 02:10;1.17864;1.17868;1.17852;1.17863;162;0
2025.07.01 02:20;1.17863;1.17863;1.17837;1.17849;98;0
2025.07.01 02:30;1.17854;1.17856;1.17834;1.17850;106;0
2025.07.01 02:40;1.17850;1.17853;1.17832;1.17853;137;0
2025.07.01 02:50;1.17853;1.17873;1.17836;1.17864;326;0
2025.07.01 03:00;1.17865;1.17916;1.17864;1.17906;514;0
2025.07.01 03:10;1.17904;1.17948;1.17899;1.17926;368;0
2025.07.01 03:20;1.17926;1.17935;1.17862;1.17913;446;0
2025.07.01 03:30;1.17915;1.17949;1.17912;1.17918;366;0
2025.07.01 03:40;1.17918;1.17942;1.17904;1.17940;386;0
2025.07.01 03:50;1.17939;1.17981;1.17930;1.17977;412;0
2025.07.01 04:00;1.17976;1.17980;1.17939;1.17947;365;0
2025.07.01 04:10;1.17947;1.17990;1.17921;1.17987;449;0
2025.07.01 04:20;1.17987;1.18072;1.17933;1.17935;678;0
2025.07.01 04:30;1.17936;1.17936;1.17854;1.17880;578;0
2025.07.01 04:40;1.17880;1.17893;1.17841;1.17844;341;0
2025.07.01 04:50;1.17845;1.17845;1.17797;1.17803;492;0
2025.07.01 05:00;1.17802;1.17826;1.17777;1.17798;463;0
2025.07.01 05:10;1.17799;1.17834;1.17794;1.17809;331;0
2025.07.01 05:20;1.17810;1.17830;1.17797;1.17821;270;0
2025.07.01 05:30;1.17819;1.17852;1.17814;1.17848;308;0
2025.07.01 05:40;1.17848;1.17874;1.17825;1.17873;285;0
2025.07.01 05:50;1.17873;1.17894;1.17861;1.17883;320;0
2025.07.01 06:00;1.17882;1.17902;1.17874;1.17898;303;0
2025.07.01 06:10;1.17897;1.17928;1.17894;1.17925;238;0
2025.07.01 06:20;1.17925;1.17939;1.17892;1.17892;198;0
2025.07.01 06:30;1.17893;1.17924;1.17867;1.17924;312;0
2025.07.01 06:40;1.17924;1.17932;1.17914;1.17924;276;0
2025.07.01 06:50;1.17922;1.17926;1.17872;1.17896;323;0
2025.07.01 07:00;1.17898;1.17910;1.17861;1.17894;372;0
2025.07.01 07:10;1.17895;1.17932;1.17893;1.17925;288;0
2025.07.01 07:20;1.17924;1.17940;1.17903;1.17906;273;0
2025.07.01 07:30;1.17906;1.17906;1.17869;1.17876;209;0
2025.07.01 07:40;1.17874;1.17879;1.17848;1.17868;195;0
2025.07.01 07:50;1.17867;1.17869;1.17826;1.17863;186;0
2025.07.01 08:00;1.17863;1.17876;1.17848;1.17858;305;0
2025.07.01 08:10;1.17858;1.17871;1.17824;1.17828;276;0
2025.07.01 08:20;1.17828;1.17879;1.17825;1.17873;232;0
2025.07.01 08:30;1.17874;1.17895;1.17864;1.17864;255;0
2025.07.01 08:40;1.17862;1.17869;1.17807;1.17811;279;0
2025.07.01 08:50;1.17811;1.17874;1.17800;1.17865;453;0
2025.07.01 09:00;1.17864;1.17864;1.17793;1.17796;495;0
2025.07.01 09:10;1.17796;1.17806;1.17772;1.17786;440;0
2025.07.01 09:20;1.17786;1.17826;1.17760;1.17822;441;0
2025.07.01 09:30;1.17822;1.17830;1.17776;1.17815;394;0
2025.07.01 09:40;1.17815;1.17844;1.17811;1.17843;426;0
2025.07.01 09:50;1.17841;1.17867;1.17789;1.17791;511;0
2025.07.01 10:00;1.17792;1.17801;1.17673;1.17773;789;0
2025.07.01 10:10;1.17768;1.17868;1.17768;1.17865;648;0
2025.07.01 10:20;1.17865;1.17879;1.17827;1.17847;491;0
2025.07.01 10:30;1.17849;1.17866;1.17813;1.17853;503;0
2025.07.01 10:40;1.17853;1.17853;1.17787;1.17809;616;0
2025.07.01 10:50;1.17808;1.17864;1.17789;1.17861;485;0
2025.07.01 11:00;1.17856;1.17856;1.17783;1.17819;670;0
2025.07.01 11:10;1.17819;1.17823;1.17745;1.17821;643;0
2025.07.01 11:20;1.17822;1.17885;1.17807;1.17884;604;0
2025.07.01 11:30;1.17885;1.17984;1.17855;1.17962;677;0
2025.07.01 11:40;1.17965;1.17983;1.17911;1.17972;629;0
2025.07.01 11:50;1.17971;1.18174;1.17960;1.18044;801;0
2025.07.01 12:00;1.18033;1.18061;1.17966;1.18002;632;0
2025.07.01 12:10;1.18005;1.18169;1.17968;1.18142;652;0
2025.07.01 12:20;1.18142;1.18186;1.18105;1.18149;761;0
2025.07.01 12:30;1.18149;1.18296;1.18142;1.18232;660;0
2025.07.01 12:40;1.18232;1.18254;1.18187;1.18196;572;0
2025.07.01 12:50;1.18197;1.18214;1.18133;1.18135;673;0
2025.07.01 13:00;1.18135;1.18204;1.18123;1.18198;605;0
2025.07.01 13:10;1.18199;1.18235;1.18144;1.18147;561;0
2025.07.01 13:20;1.18147;1.18153;1.18109;1.18146;524;0
2025.07.01 13:30;1.18145;1.18184;1.18113;1.18116;482;0
2025.07.01 13:40;1.18115;1.18192;1.18109;1.18178;457;0
2025.07.01 13:50;1.18179;1.18190;1.18116;1.18117;380;0
2025.07.01 14:00;1.18112;1.18140;1.18093;1.18132;475;0
2025.07.01 14:10;1.18132;1.18140;1.18071;1.18099;405;0
2025.07.01 14:20;1.18099;1.18099;1.18057;1.18081;429;0
2025.07.01 14:30;1.18082;1.18106;1.18073;1.18098;440;0
2025.07.01 14:40;1.18099;1.18193;1.18099;1.18157;469;0
2025.07.01 14:50;1.18156;1.18193;1.18126;1.18139;621;0
2025.07.01 15:00;1.18138;1.18175;1.18101;1.18103;628;0
2025.07.01 15:10;1.18098;1.18139;1.18062;1.18133;529;0
2025.07.01 15:20;1.18138;1.18147;1.18088;1.18101;650;0
2025.07.01 15:30;1.18102;1.18113;1.18075;1.18100;658;0
2025.07.01 15:40;1.18100;1.18114;1.18035;1.18060;576;0
2025.07.01 15:50;1.18063;1.18071;1.18023;1.18038;521;0
2025.07.01 16:00;1.18039;1.18063;1.18020;1.18033;636;0
2025.07.01 16:10;1.18034;1.18070;1.18009;1.18021;542;0
2025.07.01 16:20;1.18021;1.18035;1.17950;1.17983;422;0
2025.07.01 16:30;1.17978;1.18069;1.17949;1.18065;617;0
2025.07.01 16:40;1.18066;1.18118;1.17928;1.18087;827;0
2025.07.01 16:50;1.18087;1.18105;1.17987;1.18018;926;0
2025.07.01 17:00;1.17994;1.18022;1.17830;1.17852;1276;0
2025.07.01 17:10;1.17853;1.17949;1.17834;1.17918;954;0
2025.07.01 17:20;1.17917;1.18007;1.17907;1.17927;763;0
2025.07.01 17:30;1.17927;1.17956;1.17817;1.17827;758;0
2025.07.01 17:40;1.17828;1.17865;1.17760;1.17821;820;0
2025.07.01 17:50;1.17822;1.17880;1.17751;1.17797;1242;0
2025.07.01 18:00;1.17797;1.17797;1.17727;1.17749;860;0
2025.07.01 18:10;1.17749;1.17791;1.17704;1.17784;662;0
2025.07.01 18:20;1.17784;1.17788;1.17690;1.17711;598;0
2025.07.01 18:30;1.17711;1.17794;1.17688;1.17728;698;0
2025.07.01 18:40;1.17728;1.17762;1.17709;1.17733;578;0
2025.07.01 18:50;1.17734;1.17768;1.17702;1.17758;715;0
2025.07.01 19:00;1.17758;1.17758;1.17649;1.17667;699;0
2025.07.01 19:10;1.17666;1.17723;1.17655;1.17655;567;0
2025.07.01 19:20;1.17655;1.17672;1.17616;1.17640;512;0
2025.07.01 19:30;1.17640;1.17680;1.17637;1.17650;444;0
2025.07.01 19:40;1.17651;1.17651;1.17616;1.17631;392;0
2025.07.01 19:50;1.17632;1.17658;1.17614;1.17652;428;0
2025.07.01 20:00;1.17653;1.17713;1.17653;1.17698;511;0
2025.07.01 20:10;1.17699;1.17769;1.17680;1.17754;524;0
2025.07.01 20:20;1.17753;1.17808;1.17752;1.17771;440;0
2025.07.01 20:30;1.17771;1.17820;1.17769;1.17800;351;0
2025.07.01 20:40;1.17801;1.17822;1.17787;1.17805;315;0
2025.07.01 20:50;1.17804;1.17836;1.17791;1.17828;318;0
2025.07.01 21:00;1.17829;1.17835;1.17805;1.17819;282;0
2025.07.01 21:10;1.17819;1.17823;1.17770;1.17777;289;0
2025.07.01 21:20;1.17776;1.17783;1.17750;1.17763;249;0
2025.07.01 21:30;1.17763;1.17787;1.17763;1.17779;339;0
2025.07.01 21:40;1.17779;1.17788;1.17751;1.17774;307;0
2025.07.01 21:50;1.17773;1.17809;1.17757;1.17809;407;0
2025.07.01 22:00;1.17806;1.17881;1.17792;1.17881;453;0
2025.07.01 22:10;1.17879;1.17911;1.17863;1.17896;369;0
2025.07.01 22:20;1.17895;1.17896;1.17840;1.17840;297;0
2025.07.01 22:30;1.17840;1.17842;1.17825;1.17836;206;0
2025.07.01 22:40;1.17836;1.17866;1.17834;1.17859;267;0
2025.07.01 22:50;1.17860;1.17914;1.17857;1.17912;353;0
2025.07.01 23:00;1.17910;1.17975;1.17908;1.17949;288;0
2025.07.01 23:10;1.17949;1.17973;1.17938;1.17960;191;0
2025.07.01 23:20;1.17963;1.18020;1.17963;1.18019;151;0
2025.07.01 23:30;1.18027;1.18043;1.17996;1.18026;220;0
2025.07.01 23:40;1.18025;1.18055;1.18023;1.18049;253;5
2025.07.01 23:50;1.18051;1.18064;1.18036;1.18054;179;5
2025.07.02 00:00;1.18052;1.18052;1.17991;1.17992;29;24
2025.07.02 00:10;1.17992;1.18003;1.17988;1.18001;59;35
2025.07.02 00:20;1.18002;1.18005;1.17989;1.17989;59;41
2025.07.02 00:30;1.18006;1.18016;1.17996;1.18015;101;24
2025.07.02 00:40;1.18014;1.18035;1.18008;1.18023;188;24
2025.07.02 00:50;1.18024;1.18040;1.18024;1.18032;151;24
2025.07.02 01:00;1.18039;1.18065;1.18029;1.18053;268;0
2025.07.02 01:10;1.18054;1.18064;1.18032;1.18062;184;0
2025.07.02 01:20;1.18061;1.18061;1.18021;1.18047;144;0
2025.07.02 01:30;1.18046;1.18059;1.18038;1.18057;167;0
2025.07.02 01:40;1.18055;1.18065;1.18047;1.18051;164;0
2025.07.02 01:50;1.18051;1.18056;1.18024;1.18028;134;0
2025.07.02 02:00;1.18029;1.18046;1.18012;1.18018;186;0
2025.07.02 02:10;1.18017;1.18039;1.17990;1.17991;179;0
2025.07.02 02:20;1.17991;1.18026;1.17991;1.18025;148;0
2025.07.02 02:30;1.18028;1.18046;1.18021;1.18028;205;0
2025.07.02 02:40;1.18027;1.18069;1.18027;1.18042;252;0
2025.07.02 02:50;1.18041;1.18061;1.18033;1.18051;158;0
2025.07.02 03:00;1.18048;1.18058;1.18006;1.18018;496;0
2025.07.02 03:10;1.18020;1.18026;1.17999;1.18000;383;0
2025.07.02 03:20;1.18001;1.18042;1.17998;1.18005;359;0
2025.07.02 03:30;1.18005;1.18015;1.17992;1.18004;343;0
2025.07.02 03:40;1.18003;1.18031;1.17994;1.18028;399;0
2025.07.02 03:50;1.18028;1.18081;1.18020;1.18073;411;0
2025.07.02 04:00;1.18074;1.18097;1.18039;1.18067;436;0
2025.07.02 04:10;1.18068;1.18085;1.18053;1.18084;341;0
2025.07.02 04:20;1.18084;1.18090;1.18065;1.18087;318;0
2025.07.02 04:30;1.18088;1.18091;1.18044;1.18085;423;0
2025.07.02 04:40;1.18085;1.18101;1.17990;1.17990;376;0
2025.07.02 04:50;1.17990;1.17990;1.17920;1.17936;562;0
2025.07.02 05:00;1.17937;1.17949;1.17882;1.17932;502;0
2025.07.02 05:10;1.17931;1.17964;1.17911;1.17961;432;0
2025.07.02 05:20;1.17961;1.17982;1.17929;1.17981;366;0
2025.07.02 05:30;1.17979;1.17999;1.17971;1.17985;229;0
2025.07.02 05:40;1.17987;1.17998;1.17971;1.17994;247;0
2025.07.02 05:50;1.17996;1.18020;1.17992;1.18000;467;0
2025.07.02 06:00;1.18005;1.18030;1.17973;1.18029;307;0
2025.07.02 06:10;1.18029;1.18029;1.17993;1.17997;296;0
2025.07.02 06:20;1.17997;1.18002;1.17979;1.17985;262;0
2025.07.02 06:30;1.17985;1.18013;1.17979;1.18001;241;0
2025.07.02 06:40;1.17997;1.18002;1.17960;1.17989;247;0
2025.07.02 06:50;1.17988;1.18006;1.17975;1.18003;331;0
2025.07.02 07:00;1.18005;1.18011;1.17986;1.18003;288;0
2025.07.02 07:10;1.18004;1.18012;1.17987;1.17994;236;0
2025.07.02 07:20;1.17994;1.18005;1.17983;1.17989;220;0
2025.07.02 07:30;1.17988;1.17994;1.17956;1.17978;300;0
2025.07.02 07:40;1.17978;1.17981;1.17959;1.17973;213;0
2025.07.02 07:50;1.17968;1.17975;1.17957;1.17964;227;0
2025.07.02 08:00;1.17964;1.17980;1.17924;1.17941;376;0
2025.07.02 08:10;1.17939;1.17943;1.17895;1.17895;346;0
2025.07.02 08:20;1.17896;1.17929;1.17884;1.17927;334;0
2025.07.02 08:30;1.17927;1.17956;1.17921;1.17927;346;0
2025.07.02 08:40;1.17927;1.17944;1.17893;1.17896;321;0
2025.07.02 08:50;1.17898;1.17900;1.17842;1.17872;470;0
2025.07.02 09:00;1.17874;1.17928;1.17868;1.17917;502;0
2025.07.02 09:10;1.17917;1.17936;1.17894;1.17928;448;0
2025.07.02 09:20;1.17927;1.17928;1.17847;1.17861;473;0
2025.07.02 09:30;1.17861;1.17886;1.17813;1.17823;545;0
2025.07.02 09:40;1.17816;1.17817;1.17745;1.17746;534;0
2025.07.02 09:50;1.17744;1.17824;1.17736;1.17816;451;0
2025.07.02 10:00;1.17816;1.17821;1.17763;1.17779;585;0
2025.07.02 10:10;1.17776;1.17835;1.17771;1.17814;540;0
2025.07.02 10:20;1.17814;1.17824;1.17771;1.17778;517;0
2025.07.02 10:30;1.17777;1.17830;1.17711;1.17759;559;0
2025.07.02 10:40;1.17758;1.17808;1.17747;1.17796;466;0
2025.07.02 10:50;1.17796;1.17796;1.17736;1.17742;475;0
2025.07.02 11:00;1.17742;1.17782;1.17706;1.17782;548;0
2025.07.02 11:10;1.17782;1.17791;1.17753;1.17770;442;0
2025.07.02 11:20;1.17769;1.17782;1.17701;1.17777;510;0
2025.07.02 11:30;1.17777;1.17810;1.17757;1.17762;496;0
2025.07.02 11:40;1.17763;1.17815;1.17747;1.17799;414;0
2025.07.02 11:50;1.17800;1.17807;1.17729;1.17757;405;0
2025.07.02 12:00;1.17757;1.17778;1.17738;1.17772;378;0
2025.07.02 12:10;1.17773;1.17774;1.17700;1.17713;486;0
2025.07.02 12:20;1.17713;1.17728;1.17670;1.17689;413;0
2025.07.02 12:30;1.17689;1.17723;1.17671;1.17696;469;0
2025.07.02 12:40;1.17696;1.17736;1.17694;1.17726;399;0
2025.07.02 12:50;1.17726;1.17755;1.17674;1.17703;475;0
2025.07.02 13:00;1.17703;1.17794;1.17702;1.17794;450;0
2025.07.02 13:10;1.17793;1.17808;1.17757;1.17764;323;0
2025.07.02 13:20;1.17762;1.17774;1.17725;1.17730;359;0
2025.07.02 13:30;1.17729;1.17761;1.17712;1.17753;347;0
2025.07.02 13:40;1.17753;1.17772;1.17689;1.17690;453;0
2025.07.02 13:50;1.17689;1.17693;1.17648;1.17674;478;0
2025.07.02 14:00;1.17673;1.17708;1.17655;1.17691;489;0
2025.07.02 14:10;1.17691;1.17712;1.17673;1.17677;397;0
2025.07.02 14:20;1.17678;1.17702;1.17620;1.17627;409;0
2025.07.02 14:30;1.17628;1.17637;1.17566;1.17567;492;0
2025.07.02 14:40;1.17565;1.17591;1.17525;1.17533;496;0
2025.07.02 14:50;1.17533;1.17584;1.17468;1.17497;878;0
2025.07.02 15:00;1.17496;1.17575;1.17473;1.17544;945;0
2025.07.02 15:10;1.17546;1.17806;1.17494;1.17759;1151;0
2025.07.02 15:20;1.17758;1.17883;1.17745;1.17777;1189;0
2025.07.02 15:30;1.17775;1.17776;1.17645;1.17682;1015;0
2025.07.02 15:40;1.17683;1.17683;1.17549;1.17658;930;0
2025.07.02 15:50;1.17655;1.17656;1.17545;1.17565;829;0
2025.07.02 16:00;1.17564;1.17768;1.17549;1.17750;885;0
2025.07.02 16:10;1.17751;1.17774;1.17678;1.17705;776;0
2025.07.02 16:20;1.17705;1.17712;1.17603;1.17652;740;0
2025.07.02 16:30;1.17651;1.17704;1.17575;1.17694;762;0
2025.07.02 16:40;1.17693;1.17722;1.17654;1.17678;746;0
2025.07.02 16:50;1.17679;1.17684;1.17557;1.17600;892;0
2025.07.02 17:00;1.17599;1.17649;1.17534;1.17597;864;0
2025.07.02 17:10;1.17597;1.17619;1.17541;1.17572;684;0
2025.07.02 17:20;1.17578;1.17708;1.17571;1.17625;582;0
2025.07.02 17:30;1.17625;1.17676;1.17582;1.17597;552;0
2025.07.02 17:40;1.17596;1.17645;1.17555;1.17571;709;0
2025.07.02 17:50;1.17572;1.17690;1.17509;1.17675;966;0
2025.07.02 18:00;1.17675;1.17707;1.17660;1.17693;712;0
2025.07.02 18:10;1.17698;1.17821;1.17698;1.17790;585;0
2025.07.02 18:20;1.17790;1.17833;1.17748;1.17798;608;0
2025.07.02 18:30;1.17798;1.17853;1.17798;1.17838;551;0
2025.07.02 18:40;1.17838;1.17896;1.17816;1.17857;533;0
2025.07.02 18:50;1.17858;1.17897;1.17824;1.17894;550;0
2025.07.02 19:00;1.17894;1.17936;1.17854;1.17934;548;0
2025.07.02 19:10;1.17935;1.17940;1.17868;1.17897;500;0
2025.07.02 19:20;1.17897;1.17922;1.17871;1.17882;445;0
2025.07.02 19:30;1.17882;1.17913;1.17870;1.17876;476;0
2025.07.02 19:40;1.17875;1.17898;1.17855;1.17875;417;0
2025.07.02 19:50;1.17873;1.17896;1.17860;1.17886;409;0
2025.07.02 20:00;1.17885;1.17995;1.17885;1.17972;490;0
2025.07.02 20:10;1.17972;1.18001;1.17965;1.17989;357;0
2025.07.02 20:20;1.17988;1.17989;1.17905;1.17930;393;0
2025.07.02 20:30;1.17931;1.17980;1.17931;1.17971;302;0
2025.07.02 20:40;1.17973;1.17988;1.17953;1.17978;255;0
2025.07.02 20:50;1.17975;1.17975;1.17945;1.17955;299;0
2025.07.02 21:00;1.17949;1.17964;1.17935;1.17939;272;0
2025.07.02 21:10;1.17939;1.17968;1.17937;1.17943;284;0
2025.07.02 21:20;1.17943;1.17984;1.17941;1.17982;276;0
2025.07.02 21:30;1.17982;1.18000;1.17976;1.17977;302;0
2025.07.02 21:40;1.17977;1.18000;1.17973;1.17974;341;0
2025.07.02 21:50;1.17974;1.18000;1.17956;1.17996;426;0
2025.07.02 22:00;1.17996;1.17998;1.17971;1.17971;257;0
2025.07.02 22:10;1.17971;1.17987;1.17954;1.17977;206;0
2025.07.02 22:20;1.17979;1.17987;1.17963;1.17970;304;0
2025.07.02 22:30;1.17970;1.17996;1.17963;1.17980;262;0
2025.07.02 22:40;1.17981;1.17981;1.17963;1.17974;252;0
2025.07.02 22:50;1.17974;1.18033;1.17973;1.18023;293;0
2025.07.02 23:00;1.18021;1.18024;1.17955;1.17966;276;0
2025.07.02 23:10;1.17967;1.17997;1.17958;1.17972;174;0
2025.07.02 23:20;1.17972;1.17987;1.17959;1.17971;199;0
2025.07.02 23:30;1.17971;1.17973;1.17956;1.17961;207;0
2025.07.02 23:40;1.17959;1.17967;1.17958;1.17966;48;5
2025.07.02 23:50;1.17967;1.17986;1.17957;1.17983;133;5
2025.07.03 00:00;1.17945;1.17955;1.17927;1.17955;24;24
2025.07.03 00:10;1.17954;1.17980;1.17953;1.17967;57;24
2025.07.03 00:20;1.17967;1.17968;1.17948;1.17950;60;24
2025.07.03 00:30;1.17949;1.17951;1.17919;1.17930;117;24
2025.07.03 00:40;1.17925;1.17939;1.17904;1.17911;200;24
2025.07.03 00:50;1.17912;1.17969;1.17877;1.17966;223;24
2025.07.03 01:00;1.17964;1.17999;1.17942;1.17993;218;0
2025.07.03 01:10;1.17993;1.18001;1.17977;1.17993;198;0
2025.07.03 01:20;1.17993;1.17998;1.17973;1.17995;114;0
2025.07.03 01:30;1.17995;1.17996;1.17978;1.17985;157;0
2025.07.03 01:40;1.17986;1.18000;1.17978;1.17995;140;0
2025.07.03 01:50;1.17996;1.17996;1.17967;1.17984;116;0
2025.07.03 02:00;1.17986;1.17998;1.17971;1.17992;139;0
2025.07.03 02:10;1.17991;1.18001;1.17989;1.18001;116;0
2025.07.03 02:20;1.18001;1.18001;1.17990;1.17998;106;0
2025.07.03 02:30;1.17996;1.18001;1.17987;1.18000;151;0
2025.07.03 02:40;1.17999;1.18022;1.17979;1.17980;162;0
2025.07.03 02:50;1.17981;1.18005;1.17981;1.17988;181;0
2025.07.03 03:00;1.17985;1.18030;1.17979;1.17981;385;0
2025.07.03 03:10;1.17982;1.18071;1.17981;1.18055;458;0
2025.07.03 03:20;1.18053;1.18065;1.18011;1.18036;328;0
2025.07.03 03:30;1.18036;1.18051;1.18008;1.18033;352;0
2025.07.03 03:40;1.18038;1.18084;1.18034;1.18064;271;0
2025.07.03 03:50;1.18064;1.18088;1.18054;1.18065;554;0
2025.07.03 04:00;1.18070;1.18099;1.18046;1.18071;390;0
2025.07.03 04:10;1.18069;1.18101;1.18069;1.18096;338;0
2025.07.03 04:20;1.18092;1.18101;1.18076;1.18095;218;0
2025.07.03 04:30;1.18095;1.18096;1.18074;1.18090;355;0
2025.07.03 04:40;1.18091;1.18092;1.18062;1.18078;281;0
2025.07.03 04:50;1.18078;1.18079;1.18038;1.18045;281;0
2025.07.03 05:00;1.18045;1.18048;1.17983;1.17985;355;0
2025.07.03 05:10;1.17986;1.17988;1.17959;1.17962;411;0
2025.07.03 05:20;1.17962;1.17967;1.17943;1.17952;276;0
2025.07.03 05:30;1.17952;1.18000;1.17945;1.17989;270;0
2025.07.03 05:40;1.17988;1.18004;1.17972;1.17993;245;0
2025.07.03 05:50;1.17993;1.17995;1.17963;1.17977;260;0
2025.07.03 06:00;1.17978;1.17991;1.17943;1.17973;242;0
2025.07.03 06:10;1.17973;1.17995;1.17972;1.17989;263;0
2025.07.03 06:20;1.17988;1.17991;1.17941;1.17948;313;0
2025.07.03 06:30;1.17947;1.17963;1.17930;1.17931;265;0
2025.07.03 06:40;1.17931;1.17950;1.17917;1.17926;302;0
2025.07.03 06:50;1.17923;1.17930;1.17891;1.17918;354;0
2025.07.03 07:00;1.17918;1.17931;1.17889;1.17914;309;0
2025.07.03 07:10;1.17914;1.17925;1.17906;1.17912;216;0
2025.07.03 07:20;1.17913;1.17928;1.17896;1.17898;212;0
2025.07.03 07:30;1.17898;1.17912;1.17888;1.17907;222;0
2025.07.03 07:40;1.17908;1.17910;1.17885;1.17893;217;0
2025.07.03 07:50;1.17890;1.17895;1.17876;1.17893;201;0
2025.07.03 08:00;1.17893;1.17914;1.17881;1.17907;226;0
2025.07.03 08:10;1.17907;1.17908;1.17880;1.17888;221;0
2025.07.03 08:20;1.17889;1.17898;1.17875;1.17888;190;0
2025.07.03 08:30;1.17888;1.17893;1.17867;1.17884;274;0
2025.07.03 08:40;1.17884;1.17937;1.17883;1.17932;313;0
2025.07.03 08:50;1.17932;1.17960;1.17930;1.17960;370;0
2025.07.03 09:00;1.17961;1.18019;1.17956;1.18009;453;0
2025.07.03 09:10;1.18009;1.18017;1.17957;1.17971;339;0
2025.07.03 09:20;1.17965;1.17980;1.17925;1.17968;370;0
2025.07.03 09:30;1.17984;1.17984;1.17916;1.17958;486;0
2025.07.03 09:40;1.17957;1.17978;1.17943;1.17968;395;0
2025.07.03 09:50;1.17965;1.18029;1.17965;1.18021;396;0
2025.07.03 10:00;1.18021;1.18029;1.17944;1.17979;572;0
2025.07.03 10:10;1.17979;1.18009;1.17967;1.17989;437;0
2025.07.03 10:20;1.17990;1.18078;1.17981;1.18073;495;0
2025.07.03 10:30;1.18072;1.18099;1.18051;1.18056;452;0
2025.07.03 10:40;1.18056;1.18094;1.18016;1.18024;498;0
2025.07.03 10:50;1.18024;1.18070;1.18011;1.18013;460;0
2025.07.03 11:00;1.18013;1.18084;1.18004;1.18067;457;0
2025.07.03 11:10;1.18070;1.18085;1.18035;1.18071;457;0
2025.07.03 11:20;1.18071;1.18071;1.17969;1.17993;431;0
2025.07.03 11:30;1.17997;1.18035;1.17955;1.17975;413;0
2025.07.03 11:40;1.17975;1.18000;1.17971;1.17998;315;0
2025.07.03 11:50;1.17999;1.18021;1.17970;1.17978;489;0
2025.07.03 12:00;1.17980;1.17981;1.17920;1.17933;526;0
2025.07.03 12:10;1.17933;1.17944;1.17898;1.17943;462;0
2025.07.03 12:20;1.17940;1.17942;1.17894;1.17899;394;0
2025.07.03 12:30;1.17900;1.17916;1.17884;1.17887;366;0
2025.07.03 12:40;1.17888;1.17928;1.17883;1.17908;353;0
2025.07.03 12:50;1.17908;1.17946;1.17888;1.17924;338;0
2025.07.03 13:00;1.17924;1.17952;1.17910;1.17914;450;0
2025.07.03 13:10;1.17914;1.17939;1.17870;1.17927;403;0
2025.07.03 13:20;1.17928;1.17984;1.17925;1.17970;357;0
2025.07.03 13:30;1.17969;1.18000;1.17946;1.17983;321;0
2025.07.03 13:40;1.17983;1.18001;1.17979;1.17987;231;0
2025.07.03 13:50;1.17984;1.17990;1.17924;1.17934;385;0
2025.07.03 14:00;1.17933;1.17969;1.17930;1.17934;325;0
2025.07.03 14:10;1.17934;1.17952;1.17918;1.17935;354;0
2025.07.03 14:20;1.17934;1.17952;1.17928;1.17939;338;0
2025.07.03 14:30;1.17938;1.17947;1.17913;1.17940;374;0
2025.07.03 14:40;1.17941;1.17958;1.17897;1.17906;396;0
2025.07.03 14:50;1.17906;1.17909;1.17832;1.17848;572;0
2025.07.03 15:00;1.17848;1.17879;1.17820;1.17821;525;0
2025.07.03 15:10;1.17822;1.17879;1.17814;1.17868;481;0
2025.07.03 15:20;1.17867;1.17896;1.17851;1.17857;504;0
2025.07.03 15:30;1.17858;1.17861;1.17173;1.17440;1875;0
2025.07.03 15:40;1.17441;1.17511;1.17246;1.17248;1301;0
2025.07.03 15:50;1.17244;1.17409;1.17193;1.17381;1280;0
2025.07.03 16:00;1.17375;1.17481;1.17337;1.17432;1069;0
2025.07.03 16:10;1.17427;1.17654;1.17426;1.17580;984;0
2025.07.03 16:20;1.17578;1.17643;1.17521;1.17643;828;0
2025.07.03 16:30;1.17649;1.17669;1.17566;1.17644;868;0
2025.07.03 16:40;1.17643;1.17748;1.17641;1.17672;834;0
2025.07.03 16:50;1.17673;1.17793;1.17659;1.17730;775;0
2025.07.03 17:00;1.17729;1.17899;1.17690;1.17706;1079;0
2025.07.03 17:10;1.17706;1.17709;1.17550;1.17555;806;0
2025.07.03 17:20;1.17555;1.17647;1.17520;1.17622;737;0
2025.07.03 17:30;1.17623;1.17668;1.17530;1.17632;743;0
2025.07.03 17:40;1.17631;1.17631;1.17535;1.17578;728;0
2025.07.03 17:50;1.17577;1.17586;1.17511;1.17537;768;0
2025.07.03 18:00;1.17532;1.17560;1.17493;1.17527;721;0
2025.07.03 18:10;1.17528;1.17611;1.17521;1.17561;559;0
2025.07.03 18:20;1.17562;1.17652;1.17562;1.17640;529;0
2025.07.03 18:30;1.17640;1.17663;1.17606;1.17621;633;0
2025.07.03 18:40;1.17621;1.17641;1.17581;1.17604;678;0
2025.07.03 18:50;1.17604;1.17607;1.17558;1.17570;589;0
2025.07.03 19:00;1.17571;1.17581;1.17513;1.17544;576;0
2025.07.03 19:10;1.17544;1.17577;1.17519;1.17525;475;0
2025.07.03 19:20;1.17529;1.17531;1.17446;1.17457;460;0
2025.07.03 19:30;1.17456;1.17464;1.17430;1.17440;395;0
2025.07.03 19:40;1.17439;1.17447;1.17402;1.17402;410;0
2025.07.03 19:50;1.17402;1.17525;1.17397;1.17524;470;0
2025.07.03 20:00;1.17522;1.17560;1.17505;1.17546;346;0
2025.07.03 20:10;1.17547;1.17574;1.17536;1.17573;213;0
2025.07.03 20:20;1.17573;1.17578;1.17558;1.17576;217;0
2025.07.03 20:30;1.17576;1.17580;1.17525;1.17537;182;0
2025.07.03 20:40;1.17537;1.17542;1.17520;1.17528;189;0
2025.07.03 20:50;1.17528;1.17541;1.17508;1.17540;235;0
2025.07.03 21:00;1.17540;1.17551;1.17514;1.17550;245;0
2025.07.03 21:10;1.17550;1.17566;1.17532;1.17533;221;0
2025.07.03 21:20;1.17531;1.17533;1.17497;1.17514;147;0
2025.07.03 21:30;1.17515;1.17545;1.17501;1.17525;181;0
2025.07.03 21:40;1.17524;1.17525;1.17492;1.17508;156;0
2025.07.03 21:50;1.17509;1.17524;1.17482;1.17487;240;0
2025.07.03 22:00;1.17487;1.17489;1.17443;1.17454;259;0
2025.07.03 22:10;1.17454;1.17496;1.17454;1.17495;189;0
2025.07.03 22:20;1.17494;1.17504;1.17493;1.17499;178;0
2025.07.03 22:30;1.17499;1.17502;1.17484;1.17486;160;0
2025.07.03 22:40;1.17486;1.17510;1.17484;1.17509;185;0
2025.07.03 22:50;1.17508;1.17524;1.17477;1.17478;258;0
2025.07.03 23:00;1.17476;1.17514;1.17462;1.17493;191;0
2025.07.03 23:10;1.17493;1.17509;1.17468;1.17509;236;0
2025.07.03 23:20;1.17509;1.17539;1.17508;1.17530;163;0
2025.07.03 23:30;1.17531;1.17572;1.17530;1.17572;104;0
2025.07.03 23:40;1.17568;1.17595;1.17553;1.17572;277;5
2025.07.03 23:50;1.17573;1.17576;1.17560;1.17573;101;5
2025.07.04 00:00;1.17548;1.17587;1.17544;1.17555;28;26
2025.07.04 00:10;1.17587;1.17589;1.17522;1.17534;123;24
2025.07.04 00:20;1.17535;1.17541;1.17505;1.17537;54;31
2025.07.04 00:30;1.17535;1.17563;1.17516;1.17558;179;24
2025.07.04 00:40;1.17558;1.17574;1.17555;1.17565;97;24
2025.07.04 00:50;1.17565;1.17570;1.17562;1.17565;55;24
2025.07.04 01:00;1.17576;1.17578;1.17539;1.17556;215;0
2025.07.04 01:10;1.17556;1.17569;1.17535;1.17567;161;0
2025.07.04 01:20;1.17563;1.17569;1.17553;1.17557;182;0
2025.07.04 01:30;1.17557;1.17576;1.17555;1.17574;188;0
2025.07.04 01:40;1.17574;1.17579;1.17557;1.17576;119;0
2025.07.04 01:50;1.17576;1.17595;1.17571;1.17593;94;0
2025.07.04 02:00;1.17594;1.17606;1.17558;1.17592;151;0
2025.07.04 02:10;1.17593;1.17603;1.17584;1.17597;118;0
2025.07.04 02:20;1.17597;1.17623;1.17585;1.17619;139;0
2025.07.04 02:30;1.17618;1.17688;1.17618;1.17675;273;0
2025.07.04 02:40;1.17675;1.17714;1.17674;1.17689;207;0
2025.07.04 02:50;1.17690;1.17712;1.17673;1.17692;336;0
2025.07.04 03:00;1.17692;1.17704;1.17669;1.17684;554;0
2025.07.04 03:10;1.17685;1.17703;1.17660;1.17699;334;0
2025.07.04 03:20;1.17698;1.17705;1.17654;1.17674;359;0
2025.07.04 03:30;1.17678;1.17699;1.17653;1.17676;320;0
2025.07.04 03:40;1.17676;1.17677;1.17637;1.17650;326;0
2025.07.04 03:50;1.17650;1.17671;1.17645;1.17667;429;0
2025.07.04 04:00;1.17667;1.17685;1.17647;1.17654;443;0
2025.07.04 04:10;1.17654;1.17694;1.17636;1.17687;323;0
2025.07.04 04:20;1.17686;1.17689;1.17637;1.17648;447;0
2025.07.04 04:30;1.17648;1.17653;1.17611;1.17619;391;0
2025.07.04 04:40;1.17619;1.17619;1.17565;1.17586;439;0
2025.07.04 04:50;1.17586;1.17620;1.17557;1.17597;465;0
2025.07.04 05:00;1.17596;1.17627;1.17594;1.17621;411;0
2025.07.04 05:10;1.17622;1.17662;1.17615;1.17647;329;0
2025.07.04 05:20;1.17647;1.17678;1.17641;1.17676;324;0
2025.07.04 05:30;1.17677;1.17705;1.17668;1.17683;261;0
2025.07.04 05:40;1.17683;1.17688;1.17666;1.17672;252;0
2025.07.04 05:50;1.17674;1.17674;1.17648;1.17654;296;0
2025.07.04 06:00;1.17652;1.17667;1.17644;1.17666;378;0
2025.07.04 06:10;1.17666;1.17716;1.17658;1.17698;293;0
2025.07.04 06:20;1.17700;1.17702;1.17675;1.17683;235;0
2025.07.04 06:30;1.17683;1.17726;1.17683;1.17722;302;0
2025.07.04 06:40;1.17722;1.17722;1.17689;1.17710;240;0
2025.07.04 06:50;1.17710;1.17726;1.17699;1.17702;287;0
2025.07.04 07:00;1.17703;1.17751;1.17691;1.17747;319;0
2025.07.04 07:10;1.17747;1.17755;1.17718;1.17738;217;0
2025.07.04 07:20;1.17737;1.17779;1.17733;1.17743;357;0
2025.07.04 07:30;1.17743;1.17789;1.17732;1.17789;276;0
2025.07.04 07:40;1.17790;1.17798;1.17766;1.17780;297;0
2025.07.04 07:50;1.17780;1.17803;1.17768;1.17802;289;0
2025.07.04 08:00;1.17803;1.17827;1.17798;1.17812;303;0
2025.07.04 08:10;1.17815;1.17847;1.17814;1.17833;287;0
2025.07.04 08:20;1.17835;1.17841;1.17827;1.17834;359;0
2025.07.04 08:30;1.17835;1.17855;1.17808;1.17855;300;0
2025.07.04 08:40;1.17852;1.17853;1.17832;1.17842;306;0
2025.07.04 08:50;1.17843;1.17851;1.17826;1.17839;465;0
2025.07.04 09:00;1.17840;1.17842;1.17760;1.17775;510;0
2025.07.04 09:10;1.17775;1.17827;1.17756;1.17823;464;0
2025.07.04 09:20;1.17823;1.17850;1.17786;1.17789;477;0
2025.07.04 09:30;1.17788;1.17791;1.17744;1.17755;356;0
2025.07.04 09:40;1.17754;1.17830;1.17754;1.17819;392;0
2025.07.04 09:50;1.17819;1.17826;1.17780;1.17811;425;0
2025.07.04 10:00;1.17811;1.17826;1.17758;1.17790;590;0
2025.07.04 10:10;1.17791;1.17798;1.17753;1.17763;574;0
2025.07.04 10:20;1.17763;1.17779;1.17717;1.17750;540;0
2025.07.04 10:30;1.17750;1.17750;1.17676;1.17706;584;0
2025.07.04 10:40;1.17707;1.17775;1.17676;1.17774;520;0
2025.07.04 10:50;1.17774;1.17775;1.17685;1.17697;519;0
2025.07.04 11:00;1.17697;1.17767;1.17685;1.17762;493;0
2025.07.04 11:10;1.17762;1.17775;1.17744;1.17764;484;0
2025.07.04 11:20;1.17764;1.17764;1.17682;1.17697;395;0
2025.07.04 11:30;1.17697;1.17741;1.17684;1.17732;470;0
2025.07.04 11:40;1.17734;1.17764;1.17713;1.17740;530;0
2025.07.04 11:50;1.17739;1.17763;1.17724;1.17744;465;0
2025.07.04 12:00;1.17743;1.17756;1.17720;1.17751;462;0
2025.07.04 12:10;1.17749;1.17768;1.17721;1.17754;475;0
2025.07.04 12:20;1.17754;1.17766;1.17738;1.17758;341;0
2025.07.04 12:30;1.17760;1.17790;1.17757;1.17776;387;0
2025.07.04 12:40;1.17775;1.17822;1.17772;1.17784;382;0
2025.07.04 12:50;1.17783;1.17805;1.17767;1.17783;452;0
2025.07.04 13:00;1.17781;1.17787;1.17762;1.17773;435;0
2025.07.04 13:10;1.17772;1.17794;1.17750;1.17784;385;0
2025.07.04 13:20;1.17784;1.17808;1.17779;1.17801;469;0
2025.07.04 13:30;1.17802;1.17802;1.17756;1.17763;356;0
2025.07.04 13:40;1.17762;1.17775;1.17749;1.17768;334;0
2025.07.04 13:50;1.17767;1.17793;1.17748;1.17777;383;0
2025.07.04 14:00;1.17777;1.17812;1.17775;1.17792;384;0
2025.07.04 14:10;1.17793;1.17819;1.17765;1.17817;328;0
2025.07.04 14:20;1.17817;1.17819;1.17785;1.17794;380;0
2025.07.04 14:30;1.17792;1.17793;1.17776;1.17781;337;0
2025.07.04 14:40;1.17779;1.17779;1.17731;1.17739;372;0
2025.07.04 14:50;1.17739;1.17746;1.17684;1.17689;491;0
2025.07.04 15:00;1.17691;1.17719;1.17659;1.17668;432;0
2025.07.04 15:10;1.17667;1.17680;1.17643;1.17674;367;0
2025.07.04 15:20;1.17674;1.17681;1.17645;1.17667;379;0
2025.07.04 15:30;1.17667;1.17681;1.17639;1.17663;387;0
2025.07.04 15:40;1.17658;1.17681;1.17651;1.17672;334;0
2025.07.04 15:50;1.17672;1.17678;1.17658;1.17666;329;0
2025.07.04 16:00;1.17665;1.17723;1.17664;1.17715;320;0
2025.07.04 16:10;1.17715;1.17718;1.17683;1.17698;288;0
2025.07.04 16:20;1.17703;1.17720;1.17686;1.17696;286;0
2025.07.04 16:30;1.17693;1.17733;1.17675;1.17726;344;0
2025.07.04 16:40;1.17727;1.17773;1.17711;1.17766;406;0
2025.07.04 16:50;1.17766;1.17810;1.17751;1.17795;420;0
2025.07.04 17:00;1.17796;1.17874;1.17788;1.17829;449;0
2025.07.04 17:10;1.17829;1.17843;1.17801;1.17808;363;0
2025.07.04 17:20;1.17809;1.17855;1.17805;1.17825;337;0
2025.07.04 17:30;1.17819;1.17834;1.17781;1.17786;311;0
2025.07.04 17:40;1.17786;1.17791;1.17751;1.17755;365;0
2025.07.04 17:50;1.17755;1.17786;1.17752;1.17785;491;0
2025.07.04 18:00;1.17783;1.17807;1.17759;1.17795;419;0
2025.07.04 18:10;1.17794;1.17818;1.17769;1.17802;349;0
2025.07.04 18:20;1.17801;1.17827;1.17786;1.17825;226;0
2025.07.04 18:30;1.17828;1.17835;1.17799;1.17835;298;0
2025.07.04 18:40;1.17836;1.17847;1.17814;1.17822;214;0
2025.07.04 18:50;1.17822;1.17845;1.17786;1.17786;314;0
2025.07.04 19:00;1.17787;1.17817;1.17762;1.17795;261;0
2025.07.04 19:10;1.17796;1.17813;1.17779;1.17790;225;0
2025.07.04 19:20;1.17791;1.17814;1.17789;1.17811;272;0
2025.07.04 19:30;1.17811;1.17813;1.17767;1.17773;339;0
2025.07.04 19:40;1.17772;1.17775;1.17749;1.17757;252;0
2025.07.04 19:50;1.17757;1.17757;1.17737;1.17742;241;0
2025.07.04 20:00;1.17742;1.17773;1.17722;1.17757;867;0
2025.07.04 20:10;1.17757;1.17762;1.17740;1.17750;858;0
2025.07.04 20:20;1.17749;1.17766;1.17749;1.17759;340;0
2025.07.04 20:30;1.17759;1.17779;1.17734;1.17748;395;0
2025.07.04 20:40;1.17749;1.17762;1.17737;1.17759;480;0
2025.07.04 20:50;1.17758;1.17764;1.17752;1.17757;374;0
2025.07.04 21:00;1.17756;1.17757;1.17744;1.17751;591;0
2025.07.04 21:10;1.17751;1.17754;1.17748;1.17752;323;0
2025.07.04 21:20;1.17752;1.17759;1.17747;1.17753;225;0
2025.07.04 21:30;1.17753;1.17758;1.17750;1.17753;321;0
2025.07.04 21:40;1.17753;1.17795;1.17750;1.17794;633;0
2025.07.04 21:50;1.17792;1.17793;1.17775;1.17791;171;0
2025.07.04 22:00;1.17791;1.17797;1.17748;1.17771;588;0
2025.07.04 22:10;1.17770;1.17780;1.17758;1.17763;220;0
2025.07.04 22:20;1.17770;1.17771;1.17751;1.17758;300;4
2025.07.04 22:30;1.17758;1.17766;1.17749;1.17751;807;0
2025.07.04 22:40;1.17751;1.17757;1.17721;1.17737;616;19
2025.07.04 22:50;1.17738;1.17743;1.17729;1.17732;261;19
2025.07.04 23:00;1.17729;1.17804;1.17723;1.17772;486;5
2025.07.04 23:10;1.17770;1.17804;1.17732;1.17768;487;28
2025.07.04 23:20;1.17768;1.17797;1.17722;1.17736;789;32
2025.07.04 23:30;1.17736;1.17781;1.17692;1.17768;237;47
2025.07.04 23:40;1.17767;1.17810;1.17704;1.17778;309;6
2025.07.04 23:50;1.17783;1.17785;1.17699;1.17714;190;33
2025.07.07 00:00;1.17769;1.17816;1.17758;1.17807;38;67
2025.07.07 00:10;1.17807;1.17820;1.17794;1.17794;56;38
2025.07.07 00:20;1.17794;1.17821;1.17771;1.17789;46;37
2025.07.07 00:30;1.17801;1.17803;1.17780;1.17792;101;25
2025.07.07 00:40;1.17793;1.17804;1.17792;1.17804;39;25
2025.07.07 00:50;1.17802;1.17804;1.17776;1.17783;41;25
2025.07.07 01:00;1.17777;1.17800;1.17732;1.17743;345;0
2025.07.07 01:10;1.17745;1.17792;1.17743;1.17789;266;0
2025.07.07 01:20;1.17789;1.17807;1.17771;1.17802;283;0
2025.07.07 01:30;1.17802;1.17819;1.17794;1.17804;179;0
2025.07.07 01:40;1.17804;1.17818;1.17792;1.17816;147;0
2025.07.07 01:50;1.17815;1.17815;1.17787;1.17799;170;0
2025.07.07 02:00;1.17808;1.17823;1.17797;1.17799;176;0
2025.07.07 02:10;1.17799;1.17814;1.17791;1.17811;136;0
2025.07.07 02:20;1.17811;1.17811;1.17783;1.17801;143;0
2025.07.07 02:30;1.17797;1.17811;1.17777;1.17808;199;0
2025.07.07 02:40;1.17808;1.17813;1.17749;1.17758;283;0
2025.07.07 02:50;1.17759;1.17813;1.17759;1.17803;273;0
2025.07.07 03:00;1.17803;1.17890;1.17790;1.17878;546;0
2025.07.07 03:10;1.17876;1.17903;1.17849;1.17873;384;0
2025.07.07 03:20;1.17874;1.17883;1.17811;1.17824;367;0
2025.07.07 03:30;1.17824;1.17856;1.17794;1.17810;386;0
2025.07.07 03:40;1.17811;1.17833;1.17788;1.17807;328;0
2025.07.07 03:50;1.17805;1.17827;1.17785;1.17797;412;0
2025.07.07 04:00;1.17792;1.17793;1.17725;1.17731;354;0
2025.07.07 04:10;1.17730;1.17808;1.17720;1.17789;464;0
2025.07.07 04:20;1.17790;1.17791;1.17757;1.17769;389;0
2025.07.07 04:30;1.17769;1.17801;1.17762;1.17766;395;0
2025.07.07 04:40;1.17766;1.17766;1.17699;1.17719;483;0
2025.07.07 04:50;1.17718;1.17734;1.17706;1.17720;372;0
2025.07.07 05:00;1.17719;1.17749;1.17712;1.17743;444;0
2025.07.07 05:10;1.17743;1.17753;1.17721;1.17748;367;0
2025.07.07 05:20;1.17747;1.17748;1.17709;1.17709;437;0
2025.07.07 05:30;1.17708;1.17722;1.17647;1.17715;544;0
2025.07.07 05:40;1.17716;1.17727;1.17693;1.17709;344;0
2025.07.07 05:50;1.17709;1.17711;1.17670;1.17674;393;0
2025.07.07 06:00;1.17675;1.17713;1.17663;1.17712;397;0
2025.07.07 06:10;1.17714;1.17741;1.17710;1.17726;241;0
2025.07.07 06:20;1.17726;1.17746;1.17723;1.17736;264;0
2025.07.07 06:30;1.17736;1.17736;1.17685;1.17702;419;0
2025.07.07 06:40;1.17705;1.17722;1.17690;1.17711;312;0
2025.07.07 06:50;1.17711;1.17720;1.17685;1.17690;317;0
2025.07.07 07:00;1.17690;1.17724;1.17668;1.17670;386;0
2025.07.07 07:10;1.17670;1.17693;1.17661;1.17672;294;0
2025.07.07 07:20;1.17672;1.17697;1.17660;1.17697;304;0
2025.07.07 07:30;1.17698;1.17707;1.17680;1.17681;241;0
2025.07.07 07:40;1.17684;1.17684;1.17642;1.17646;439;0
2025.07.07 07:50;1.17645;1.17680;1.17640;1.17662;318;0
2025.07.07 08:00;1.17663;1.17679;1.17637;1.17674;468;0
2025.07.07 08:10;1.17673;1.17689;1.17632;1.17652;416;0
2025.07.07 08:20;1.17651;1.17681;1.17634;1.17643;376;0
2025.07.07 08:30;1.17643;1.17673;1.17642;1.17667;294;0
2025.07.07 08:40;1.17667;1.17724;1.17666;1.17715;389;0
2025.07.07 08:50;1.17717;1.17737;1.17698;1.17712;398;0
2025.07.07 09:00;1.17712;1.17736;1.17641;1.17665;480;0
2025.07.07 09:10;1.17666;1.17678;1.17640;1.17674;452;0
2025.07.07 09:20;1.17673;1.17690;1.17617;1.17618;488;0
2025.07.07 09:30;1.17612;1.17613;1.17501;1.17533;618;0
2025.07.07 09:40;1.17534;1.17559;1.17510;1.17513;491;0
2025.07.07 09:50;1.17505;1.17560;1.17502;1.17559;525;0
2025.07.07 10:00;1.17560;1.17587;1.17481;1.17498;640;0
2025.07.07 10:10;1.17497;1.17578;1.17497;1.17561;517;0
2025.07.07 10:20;1.17559;1.17584;1.17479;1.17479;518;0
2025.07.07 10:30;1.17475;1.17524;1.17456;1.17523;476;0
2025.07.07 10:40;1.17523;1.17525;1.17453;1.17511;590;0
2025.07.07 10:50;1.17510;1.17526;1.17452;1.17455;564;0
2025.07.07 11:00;1.17452;1.17475;1.17350;1.17368;583;0
2025.07.07 11:10;1.17366;1.17406;1.17358;1.17364;468;0
2025.07.07 11:20;1.17364;1.17400;1.17342;1.17386;515;0
2025.07.07 11:30;1.17386;1.17415;1.17360;1.17373;508;0
2025.07.07 11:40;1.17371;1.17391;1.17310;1.17338;582;0
2025.07.07 11:50;1.17335;1.17335;1.17233;1.17244;590;0
2025.07.07 12:00;1.17244;1.17281;1.17223;1.17225;547;0
2025.07.07 12:10;1.17223;1.17285;1.17222;1.17262;539;0
2025.07.07 12:20;1.17262;1.17285;1.17257;1.17278;554;0
2025.07.07 12:30;1.17277;1.17317;1.17261;1.17300;403;0
2025.07.07 12:40;1.17298;1.17323;1.17290;1.17309;398;0
2025.07.07 12:50;1.17309;1.17348;1.17286;1.17340;572;0
2025.07.07 13:00;1.17340;1.17348;1.17308;1.17326;510;0
2025.07.07 13:10;1.17326;1.17361;1.17311;1.17316;472;0
2025.07.07 13:20;1.17316;1.17318;1.17273;1.17285;357;0
2025.07.07 13:30;1.17285;1.17293;1.17231;1.17270;398;0
2025.07.07 13:40;1.17270;1.17276;1.17243;1.17262;370;0
2025.07.07 13:50;1.17262;1.17280;1.17249;1.17276;399;0
2025.07.07 14:00;1.17276;1.17298;1.17265;1.17276;334;0
2025.07.07 14:10;1.17274;1.17293;1.17250;1.17271;321;0
2025.07.07 14:20;1.17269;1.17275;1.17250;1.17262;358;0
2025.07.07 14:30;1.17263;1.17285;1.17255;1.17256;364;0
2025.07.07 14:40;1.17256;1.17342;1.17256;1.17330;364;0
2025.07.07 14:50;1.17329;1.17341;1.17281;1.17296;458;0
2025.07.07 15:00;1.17297;1.17310;1.17266;1.17275;473;0
2025.07.07 15:10;1.17275;1.17298;1.17243;1.17292;526;0
2025.07.07 15:20;1.17290;1.17290;1.17197;1.17208;452;0
2025.07.07 15:30;1.17207;1.17231;1.17182;1.17231;494;0
2025.07.07 15:40;1.17231;1.17267;1.17206;1.17215;510;0
2025.07.07 15:50;1.17215;1.17238;1.17209;1.17223;409;0
2025.07.07 16:00;1.17223;1.17283;1.17219;1.17266;516;0
2025.07.07 16:10;1.17265;1.17313;1.17234;1.17289;526;0
2025.07.07 16:20;1.17291;1.17397;1.17288;1.17371;572;0
2025.07.07 16:30;1.17370;1.17401;1.17361;1.17384;598;0
2025.07.07 16:40;1.17383;1.17406;1.17366;1.17388;492;0
2025.07.07 16:50;1.17389;1.17393;1.17319;1.17349;509;0
2025.07.07 17:00;1.17349;1.17392;1.17348;1.17379;441;0
2025.07.07 17:10;1.17378;1.17403;1.17348;1.17364;452;0
2025.07.07 17:20;1.17364;1.17364;1.17328;1.17355;393;0
2025.07.07 17:30;1.17354;1.17429;1.17349;1.17426;490;0
2025.07.07 17:40;1.17426;1.17454;1.17415;1.17434;495;0
2025.07.07 17:50;1.17435;1.17441;1.17358;1.17390;637;0
2025.07.07 18:00;1.17388;1.17406;1.17319;1.17348;534;0
2025.07.07 18:10;1.17348;1.17386;1.17324;1.17350;451;0
2025.07.07 18:20;1.17350;1.17382;1.17318;1.17374;404;0
2025.07.07 18:30;1.17374;1.17383;1.17335;1.17364;412;0
2025.07.07 18:40;1.17363;1.17363;1.17304;1.17316;448;0
2025.07.07 18:50;1.17314;1.17345;1.17313;1.17328;409;0
2025.07.07 19:00;1.17333;1.17361;1.17317;1.17351;382;0
2025.07.07 19:10;1.17349;1.17396;1.17336;1.17349;389;0
2025.07.07 19:20;1.17349;1.17391;1.17084;1.17258;1052;0
2025.07.07 19:30;1.17258;1.17258;1.17090;1.17122;824;0
2025.07.07 19:40;1.17124;1.17147;1.17016;1.17056;635;0
2025.07.07 19:50;1.17058;1.17071;1.16873;1.16942;827;0
2025.07.07 20:00;1.16942;1.16972;1.16866;1.16959;705;0
2025.07.07 20:10;1.16959;1.17018;1.16953;1.16992;545;0
2025.07.07 20:20;1.16991;1.17007;1.16931;1.16941;491;0
2025.07.07 20:30;1.16943;1.17118;1.16929;1.17103;1005;0
2025.07.07 20:40;1.17103;1.17140;1.17058;1.17071;534;0
2025.07.07 20:50;1.17072;1.17084;1.17035;1.17069;484;0
2025.07.07 21:00;1.17065;1.17152;1.17048;1.17143;466;0
2025.07.07 21:10;1.17144;1.17145;1.16998;1.17019;416;0
2025.07.07 21:20;1.17019;1.17054;1.17015;1.17024;512;0
2025.07.07 21:30;1.17025;1.17082;1.17004;1.17078;370;0
2025.07.07 21:40;1.17079;1.17169;1.17070;1.17159;446;0
2025.07.07 21:50;1.17159;1.17197;1.17159;1.17188;382;0
2025.07.07 22:00;1.17189;1.17203;1.17162;1.17190;360;0
2025.07.07 22:10;1.17191;1.17225;1.17184;1.17214;294;0
2025.07.07 22:20;1.17215;1.17221;1.17180;1.17195;311;0
2025.07.07 22:30;1.17197;1.17234;1.17177;1.17229;249;0
2025.07.07 22:40;1.17230;1.17238;1.17193;1.17215;264;0
2025.07.07 22:50;1.17215;1.17225;1.17190;1.17194;305;0
2025.07.07 23:00;1.17194;1.17214;1.17157;1.17159;263;0
2025.07.07 23:10;1.17158;1.17159;1.17079;1.17086;176;0
2025.07.07 23:20;1.17085;1.17100;1.17068;1.17093;176;0
2025.07.07 23:30;1.17094;1.17108;1.17075;1.17108;200;0
2025.07.07 23:40;1.17104;1.17104;1.17064;1.17081;188;5
2025.07.07 23:50;1.17081;1.17088;1.17064;1.17083;194;5
2025.07.08 00:00;1.17071;1.17085;1.17063;1.17077;43;24
2025.07.08 00:10;1.17080;1.17089;1.17073;1.17074;68;24
2025.07.08 00:20;1.17074;1.17076;1.17065;1.17069;55;24
2025.07.08 00:30;1.17067;1.17082;1.17067;1.17081;72;24
2025.07.08 00:40;1.17080;1.17080;1.17073;1.17076;64;24
2025.07.08 00:50;1.17077;1.17082;1.17072;1.17073;127;24
2025.07.08 01:00;1.17084;1.17173;1.17075;1.17173;240;0
2025.07.08 01:10;1.17174;1.17185;1.17164;1.17184;152;0
2025.07.08 01:20;1.17185;1.17214;1.17180;1.17193;181;0
2025.07.08 01:30;1.17193;1.17286;1.17193;1.17278;235;0
2025.07.08 01:40;1.17279;1.17358;1.17263;1.17325;356;0
2025.07.08 01:50;1.17323;1.17374;1.17316;1.17353;203;0
2025.07.08 02:00;1.17354;1.17361;1.17313;1.17345;292;0
2025.07.08 02:10;1.17346;1.17382;1.17330;1.17334;277;0
2025.07.08 02:20;1.17335;1.17357;1.17330;1.17346;295;0
2025.07.08 02:30;1.17346;1.17377;1.17340;1.17361;252;0
2025.07.08 02:40;1.17362;1.17386;1.17352;1.17375;204;0
2025.07.08 02:50;1.17374;1.17378;1.17351;1.17368;338;0
2025.07.08 03:00;1.17369;1.17434;1.17369;1.17424;569;0
2025.07.08 03:10;1.17424;1.17474;1.17424;1.17432;529;0
2025.07.08 03:20;1.17434;1.17463;1.17396;1.17403;481;0
2025.07.08 03:30;1.17402;1.17443;1.17393;1.17440;381;0
2025.07.08 03:40;1.17441;1.17476;1.17434;1.17456;388;0
2025.07.08 03:50;1.17455;1.17479;1.17405;1.17433;493;0
2025.07.08 04:00;1.17433;1.17442;1.17392;1.17401;384;0
2025.07.08 04:10;1.17402;1.17402;1.17308;1.17329;579;0
2025.07.08 04:20;1.17329;1.17403;1.17324;1.17384;447;0
2025.07.08 04:30;1.17384;1.17436;1.17348;1.17430;435;0
2025.07.08 04:40;1.17430;1.17433;1.17384;1.17393;412;0
2025.07.08 04:50;1.17393;1.17400;1.17361;1.17380;423;0
2025.07.08 05:00;1.17381;1.17452;1.17357;1.17444;364;0
2025.07.08 05:10;1.17445;1.17446;1.17417;1.17436;374;0
2025.07.08 05:20;1.17435;1.17475;1.17431;1.17475;293;0
2025.07.08 05:30;1.17475;1.17489;1.17432;1.17442;360;0
2025.07.08 05:40;1.17442;1.17444;1.17410;1.17441;317;0
2025.07.08 05:50;1.17440;1.17445;1.17374;1.17386;340;0
2025.07.08 06:00;1.17386;1.17426;1.17386;1.17414;353;0
2025.07.08 06:10;1.17414;1.17426;1.17369;1.17375;295;0
2025.07.08 06:20;1.17371;1.17461;1.17370;1.17461;299;0
2025.07.08 06:30;1.17461;1.17476;1.17445;1.17473;276;0
2025.07.08 06:40;1.17473;1.17489;1.17446;1.17455;347;0
2025.07.08 06:50;1.17456;1.17475;1.17448;1.17468;290;0
2025.07.08 07:00;1.17468;1.17497;1.17444;1.17495;280;0
2025.07.08 07:10;1.17495;1.17495;1.17472;1.17475;199;0
2025.07.08 07:20;1.17475;1.17480;1.17463;1.17475;243;0
2025.07.08 07:30;1.17475;1.17500;1.17430;1.17448;725;0
2025.07.08 07:40;1.17448;1.17449;1.17411;1.17419;392;0
2025.07.08 07:50;1.17419;1.17439;1.17405;1.17412;398;0
2025.07.08 08:00;1.17412;1.17448;1.17389;1.17391;502;0
2025.07.08 08:10;1.17391;1.17393;1.17358;1.17373;319;0
2025.07.08 08:20;1.17371;1.17389;1.17355;1.17373;345;0
2025.07.08 08:30;1.17376;1.17383;1.17343;1.17370;426;0
2025.07.08 08:40;1.17370;1.17392;1.17353;1.17380;455;0
2025.07.08 08:50;1.17379;1.17406;1.17336;1.17346;497;0
2025.07.08 09:00;1.17346;1.17389;1.17317;1.17361;590;0
2025.07.08 09:10;1.17362;1.17398;1.17352;1.17352;523;0
2025.07.08 09:20;1.17352;1.17386;1.17331;1.17364;514;0
2025.07.08 09:30;1.17364;1.17401;1.17363;1.17372;552;0
2025.07.08 09:40;1.17372;1.17379;1.17344;1.17370;444;0
2025.07.08 09:50;1.17371;1.17450;1.17370;1.17419;569;0
2025.07.08 10:00;1.17418;1.17505;1.17418;1.17497;708;0
2025.07.08 10:10;1.17498;1.17549;1.17492;1.17499;517;0
2025.07.08 10:20;1.17500;1.17580;1.17499;1.17547;505;0
2025.07.08 10:30;1.17548;1.17590;1.17523;1.17570;401;0
2025.07.08 10:40;1.17570;1.17618;1.17566;1.17600;432;0
2025.07.08 10:50;1.17599;1.17653;1.17590;1.17600;547;0
2025.07.08 11:00;1.17598;1.17603;1.17540;1.17562;575;0
2025.07.08 11:10;1.17564;1.17578;1.17547;1.17547;452;0
2025.07.08 11:20;1.17545;1.17572;1.17512;1.17554;464;0
2025.07.08 11:30;1.17554;1.17557;1.17493;1.17495;464;0
2025.07.08 11:40;1.17495;1.17519;1.17475;1.17507;511;0
2025.07.08 11:50;1.17508;1.17532;1.17487;1.17488;623;0
2025.07.08 12:00;1.17487;1.17506;1.17463;1.17480;540;0
2025.07.08 12:10;1.17479;1.17493;1.17465;1.17465;402;0
2025.07.08 12:20;1.17464;1.17499;1.17463;1.17487;391;0
2025.07.08 12:30;1.17488;1.17488;1.17436;1.17444;408;0
2025.07.08 12:40;1.17443;1.17455;1.17402;1.17428;357;0
2025.07.08 12:50;1.17429;1.17432;1.17390;1.17420;528;0
2025.07.08 13:00;1.17421;1.17424;1.17375;1.17389;537;0
2025.07.08 13:10;1.17390;1.17398;1.17357;1.17361;417;0
2025.07.08 13:20;1.17360;1.17363;1.17302;1.17311;349;0
2025.07.08 13:30;1.17315;1.17315;1.17270;1.17313;391;0
2025.07.08 13:40;1.17315;1.17315;1.17232;1.17265;367;0
2025.07.08 13:50;1.17265;1.17299;1.17254;1.17281;420;0
2025.07.08 14:00;1.17282;1.17330;1.17277;1.17324;451;0
2025.07.08 14:10;1.17323;1.17352;1.17305;1.17340;411;0
2025.07.08 14:20;1.17340;1.17385;1.17316;1.17329;474;0
2025.07.08 14:30;1.17329;1.17352;1.17309;1.17320;381;0
2025.07.08 14:40;1.17321;1.17326;1.17279;1.17291;428;0
2025.07.08 14:50;1.17288;1.17297;1.17216;1.17217;583;0
2025.07.08 15:00;1.17216;1.17228;1.17159;1.17184;601;0
2025.07.08 15:10;1.17185;1.17187;1.17139;1.17158;480;0
2025.07.08 15:20;1.17153;1.17195;1.17151;1.17192;373;0
2025.07.08 15:30;1.17191;1.17247;1.17175;1.17245;429;0
2025.07.08 15:40;1.17245;1.17245;1.17149;1.17161;622;0
2025.07.08 15:50;1.17162;1.17219;1.17139;1.17209;541;0
2025.07.08 16:00;1.17209;1.17223;1.17108;1.17117;478;0
2025.07.08 16:10;1.17119;1.17140;1.17101;1.17126;534;0
2025.07.08 16:20;1.17126;1.17128;1.17001;1.17007;707;0
2025.07.08 16:30;1.17007;1.17034;1.16938;1.17034;743;0
2025.07.08 16:40;1.17033;1.17094;1.17001;1.17094;729;0
2025.07.08 16:50;1.17090;1.17121;1.17050;1.17050;651;0
2025.07.08 17:00;1.17041;1.17066;1.16913;1.16926;760;0
2025.07.08 17:10;1.16927;1.16936;1.16892;1.16897;662;0
2025.07.08 17:20;1.16897;1.16949;1.16824;1.16947;576;0
2025.07.08 17:30;1.16947;1.16970;1.16883;1.16900;554;0
2025.07.08 17:40;1.16898;1.17007;1.16897;1.16939;711;0
2025.07.08 17:50;1.16939;1.16954;1.16897;1.16922;931;0
2025.07.08 18:00;1.16929;1.16979;1.16897;1.16964;730;0
2025.07.08 18:10;1.16965;1.17077;1.16956;1.17075;614;0
2025.07.08 18:20;1.17078;1.17097;1.17043;1.17047;488;0
2025.07.08 18:30;1.17047;1.17086;1.17037;1.17077;493;0
2025.07.08 18:40;1.17077;1.17127;1.17069;1.17096;493;0
2025.07.08 18:50;1.17097;1.17110;1.17053;1.17068;482;0
2025.07.08 19:00;1.17067;1.17084;1.17031;1.17044;481;0
2025.07.08 19:10;1.17044;1.17103;1.17044;1.17082;426;0
2025.07.08 19:20;1.17083;1.17131;1.17067;1.17117;411;0
2025.07.08 19:30;1.17118;1.17124;1.16963;1.17017;771;0
2025.07.08 19:40;1.17016;1.17050;1.16997;1.17020;498;0
2025.07.08 19:50;1.17019;1.17097;1.16963;1.17090;747;0
2025.07.08 20:00;1.17086;1.17217;1.17076;1.17198;759;0
2025.07.08 20:10;1.17198;1.17206;1.17160;1.17165;493;0
2025.07.08 20:20;1.17165;1.17188;1.17131;1.17172;505;0
2025.07.08 20:30;1.17177;1.17195;1.17150;1.17161;410;0
2025.07.08 20:40;1.17162;1.17218;1.17145;1.17193;432;0
2025.07.08 20:50;1.17194;1.17260;1.17184;1.17244;389;0
2025.07.08 21:00;1.17244;1.17265;1.17231;1.17253;483;0
2025.07.08 21:10;1.17249;1.17264;1.17207;1.17223;404;0
2025.07.08 21:20;1.17223;1.17228;1.17193;1.17207;318;0
2025.07.08 21:30;1.17207;1.17252;1.17183;1.17245;397;0
2025.07.08 21:40;1.17244;1.17258;1.17204;1.17257;416;0
2025.07.08 21:50;1.17257;1.17287;1.17245;1.17250;427;0
2025.07.08 22:00;1.17250;1.17298;1.17250;1.17255;335;0
2025.07.08 22:10;1.17253;1.17273;1.17243;1.17263;260;0
2025.07.08 22:20;1.17265;1.17277;1.17233;1.17237;274;0
2025.07.08 22:30;1.17236;1.17244;1.17199;1.17208;389;0
2025.07.08 22:40;1.17208;1.17235;1.17193;1.17229;338;0
2025.07.08 22:50;1.17230;1.17248;1.17215;1.17244;443;0
2025.07.08 23:00;1.17243;1.17255;1.17225;1.17251;292;0
2025.07.08 23:10;1.17250;1.17286;1.17246;1.17246;189;0
2025.07.08 23:20;1.17246;1.17268;1.17245;1.17262;199;0
2025.07.08 23:30;1.17263;1.17278;1.17259;1.17275;182;0
2025.07.08 23:40;1.17272;1.17288;1.17259;1.17268;123;5
2025.07.08 23:50;1.17267;1.17284;1.17243;1.17250;197;5
2025.07.09 00:00;1.17233;1.17233;1.17116;1.17199;18;24
2025.07.09 00:10;1.17199;1.17204;1.17199;1.17203;13;70
2025.07.09 00:20;1.17150;1.17167;1.17148;1.17160;17;118
2025.07.09 00:30;1.17161;1.17234;1.17161;1.17232;86;25
2025.07.09 00:40;1.17232;1.17234;1.17200;1.17203;330;24
2025.07.09 00:50;1.17203;1.17219;1.17203;1.17206;146;25
2025.07.09 01:00;1.17206;1.17261;1.17182;1.17258;185;0
2025.07.09 01:10;1.17255;1.17262;1.17248;1.17262;119;0
2025.07.09 01:20;1.17262;1.17273;1.17256;1.17272;118;0
2025.07.09 01:30;1.17274;1.17289;1.17271;1.17280;161;0
2025.07.09 01:40;1.17282;1.17284;1.17274;1.17281;121;0
2025.07.09 01:50;1.17280;1.17294;1.17277;1.17287;150;0
2025.07.09 02:00;1.17292;1.17292;1.17256;1.17267;233;0
2025.07.09 02:10;1.17268;1.17280;1.17261;1.17280;114;0
2025.07.09 02:20;1.17280;1.17280;1.17257;1.17258;127;0
2025.07.09 02:30;1.17258;1.17261;1.17226;1.17231;182;0
2025.07.09 02:40;1.17231;1.17249;1.17217;1.17244;264;0
2025.07.09 02:50;1.17243;1.17247;1.17216;1.17234;281;0
2025.07.09 03:00;1.17235;1.17260;1.17202;1.17215;410;0
2025.07.09 03:10;1.17215;1.17222;1.17179;1.17214;421;0
2025.07.09 03:20;1.17216;1.17231;1.17205;1.17216;400;0
2025.07.09 03:30;1.17221;1.17227;1.17174;1.17212;452;0
2025.07.09 03:40;1.17212;1.17252;1.17205;1.17243;311;0
2025.07.09 03:50;1.17238;1.17250;1.17222;1.17247;380;0
2025.07.09 04:00;1.17247;1.17256;1.17192;1.17194;455;0
2025.07.09 04:10;1.17195;1.17219;1.17170;1.17211;491;0
2025.07.09 04:20;1.17212;1.17260;1.17211;1.17215;343;0
2025.07.09 04:30;1.17214;1.17257;1.17191;1.17240;330;0
2025.07.09 04:40;1.17240;1.17248;1.17193;1.17219;446;0
2025.07.09 04:50;1.17219;1.17223;1.17189;1.17206;356;0
2025.07.09 05:00;1.17206;1.17256;1.17190;1.17221;450;0
2025.07.09 05:10;1.17222;1.17230;1.17193;1.17200;351;0
2025.07.09 05:20;1.17199;1.17211;1.17191;1.17194;395;0
2025.07.09 05:30;1.17193;1.17195;1.17107;1.17110;402;0
2025.07.09 05:40;1.17109;1.17111;1.17051;1.17054;495;0
2025.07.09 05:50;1.17054;1.17121;1.17048;1.17112;431;0
2025.07.09 06:00;1.17111;1.17117;1.17036;1.17068;472;0
2025.07.09 06:10;1.17068;1.17076;1.17028;1.17047;362;0
2025.07.09 06:20;1.17047;1.17081;1.17045;1.17064;390;0
2025.07.09 06:30;1.17065;1.17071;1.17036;1.17037;276;0
2025.07.09 06:40;1.17037;1.17063;1.17035;1.17060;343;0
2025.07.09 06:50;1.17061;1.17067;1.17035;1.17035;259;0
2025.07.09 07:00;1.17033;1.17048;1.17011;1.17042;416;0
2025.07.09 07:10;1.17043;1.17059;1.17031;1.17053;300;0
2025.07.09 07:20;1.17054;1.17057;1.17026;1.17042;214;0
2025.07.09 07:30;1.17044;1.17095;1.17033;1.17081;418;0
2025.07.09 07:40;1.17081;1.17118;1.17079;1.17118;394;0
2025.07.09 07:50;1.17118;1.17140;1.17103;1.17126;312;0
2025.07.09 08:00;1.17126;1.17138;1.17106;1.17136;392;0
2025.07.09 08:10;1.17137;1.17162;1.17124;1.17162;383;0
2025.07.09 08:20;1.17166;1.17176;1.17143;1.17150;389;0
2025.07.09 08:30;1.17150;1.17173;1.17136;1.17165;352;0
2025.07.09 08:40;1.17162;1.17215;1.17159;1.17177;396;0
2025.07.09 08:50;1.17177;1.17201;1.17153;1.17165;432;0
2025.07.09 09:00;1.17166;1.17181;1.17135;1.17150;530;0
2025.07.09 09:10;1.17151;1.17181;1.17129;1.17165;382;0
2025.07.09 09:20;1.17165;1.17181;1.17136;1.17145;354;0
2025.07.09 09:30;1.17144;1.17196;1.17123;1.17195;450;0
2025.07.09 09:40;1.17195;1.17241;1.17158;1.17224;511;0
2025.07.09 09:50;1.17225;1.17284;1.17224;1.17259;552;0
2025.07.09 10:00;1.17260;1.17283;1.17190;1.17202;631;0
2025.07.09 10:10;1.17202;1.17260;1.17202;1.17243;499;0
2025.07.09 10:20;1.17241;1.17257;1.17201;1.17214;519;0
2025.07.09 10:30;1.17213;1.17232;1.17095;1.17096;539;0
2025.07.09 10:40;1.17092;1.17117;1.17061;1.17075;443;0
2025.07.09 10:50;1.17075;1.17127;1.17045;1.17075;699;0
2025.07.09 11:00;1.17074;1.17120;1.17067;1.17097;712;0
2025.07.09 11:10;1.17096;1.17112;1.17024;1.17061;562;0
2025.07.09 11:20;1.17061;1.17129;1.17044;1.17126;517;0
2025.07.09 11:30;1.17125;1.17190;1.17123;1.17181;439;0
2025.07.09 11:40;1.17181;1.17202;1.17162;1.17170;382;0
2025.07.09 11:50;1.17166;1.17177;1.17105;1.17131;557;0
2025.07.09 12:00;1.17132;1.17185;1.17114;1.17184;544;0
2025.07.09 12:10;1.17183;1.17199;1.17131;1.17149;431;0
2025.07.09 12:20;1.17148;1.17160;1.17094;1.17096;416;0
2025.07.09 12:30;1.17097;1.17128;1.17072;1.17095;423;0
2025.07.09 12:40;1.17094;1.17110;1.17077;1.17109;356;0
2025.07.09 12:50;1.17109;1.17168;1.17103;1.17134;456;0
2025.07.09 13:00;1.17134;1.17177;1.17122;1.17158;409;0
2025.07.09 13:10;1.17158;1.17174;1.17128;1.17159;420;0
2025.07.09 13:20;1.17158;1.17159;1.17109;1.17125;407;0
2025.07.09 13:30;1.17125;1.17130;1.17033;1.17033;430;0
2025.07.09 13:40;1.17034;1.17056;1.17018;1.17042;429;0
2025.07.09 13:50;1.17042;1.17056;1.17020;1.17020;365;0
2025.07.09 14:00;1.17021;1.17048;1.17008;1.17046;414;0
2025.07.09 14:10;1.17046;1.17065;1.17015;1.17018;355;0
2025.07.09 14:20;1.17019;1.17049;1.17014;1.17033;416;0
2025.07.09 14:30;1.17034;1.17059;1.17030;1.17044;309;0
2025.07.09 14:40;1.17044;1.17067;1.17027;1.17040;396;0
2025.07.09 14:50;1.17040;1.17049;1.16895;1.16913;535;0
2025.07.09 15:00;1.16914;1.17013;1.16914;1.16978;531;0
2025.07.09 15:10;1.16977;1.17155;1.16951;1.17089;723;0
2025.07.09 15:20;1.17089;1.17110;1.17036;1.17052;633;0
2025.07.09 15:30;1.17052;1.17084;1.17006;1.17069;521;0
2025.07.09 15:40;1.17069;1.17093;1.17035;1.17077;463;0
2025.07.09 15:50;1.17079;1.17170;1.17079;1.17155;672;0
2025.07.09 16:00;1.17156;1.17175;1.17118;1.17144;545;0
2025.07.09 16:10;1.17144;1.17227;1.17141;1.17176;662;0
2025.07.09 16:20;1.17176;1.17177;1.17110;1.17142;538;0
2025.07.09 16:30;1.17142;1.17187;1.17101;1.17105;761;0
2025.07.09 16:40;1.17104;1.17112;1.17029;1.17062;570;0
2025.07.09 16:50;1.17063;1.17071;1.17003;1.17034;641;0
2025.07.09 17:00;1.17033;1.17122;1.17027;1.17098;686;0
2025.07.09 17:10;1.17098;1.17242;1.17079;1.17203;744;0
2025.07.09 17:20;1.17202;1.17247;1.17183;1.17192;613;0
2025.07.09 17:30;1.17191;1.17222;1.17178;1.17217;566;0
2025.07.09 17:40;1.17217;1.17217;1.17148;1.17172;550;0
2025.07.09 17:50;1.17173;1.17193;1.17130;1.17148;651;0
2025.07.09 18:00;1.17147;1.17163;1.17120;1.17134;594;0
2025.07.09 18:10;1.17133;1.17133;1.17089;1.17096;434;0
2025.07.09 18:20;1.17096;1.17096;1.17050;1.17067;428;0
2025.07.09 18:30;1.17067;1.17098;1.17054;1.17070;377;0
2025.07.09 18:40;1.17071;1.17103;1.17066;1.17077;359;0
2025.07.09 18:50;1.17077;1.17085;1.17049;1.17061;345;0
2025.07.09 19:00;1.17061;1.17090;1.17058;1.17068;357;0
2025.07.09 19:10;1.17068;1.17088;1.17054;1.17056;349;0
2025.07.09 19:20;1.17057;1.17058;1.17006;1.17016;368;0
2025.07.09 19:30;1.17016;1.17048;1.17013;1.17042;268;0
2025.07.09 19:40;1.17043;1.17073;1.17039;1.17065;314;0
2025.07.09 19:50;1.17061;1.17067;1.17040;1.17051;306;0
2025.07.09 20:00;1.17046;1.17085;1.17037;1.17080;373;0
2025.07.09 20:10;1.17081;1.17110;1.17077;1.17092;370;0
2025.07.09 20:20;1.17093;1.17103;1.17084;1.17089;252;0
2025.07.09 20:30;1.17088;1.17092;1.17044;1.17064;343;0
2025.07.09 20:40;1.17064;1.17077;1.17042;1.17075;251;0
2025.07.09 20:50;1.17068;1.17094;1.17068;1.17083;422;0
2025.07.09 21:00;1.17095;1.17158;1.17051;1.17152;493;1
2025.07.09 21:10;1.17147;1.17179;1.17127;1.17166;419;0
2025.07.09 21:20;1.17166;1.17172;1.17149;1.17160;362;0
2025.07.09 21:30;1.17161;1.17164;1.17117;1.17120;315;0
2025.07.09 21:40;1.17120;1.17132;1.17090;1.17122;304;0
2025.07.09 21:50;1.17123;1.17146;1.17112;1.17132;359;0
2025.07.09 22:00;1.17132;1.17159;1.17128;1.17148;271;0
2025.07.09 22:10;1.17148;1.17189;1.17148;1.17181;297;0
2025.07.09 22:20;1.17182;1.17221;1.17182;1.17215;206;0
2025.07.09 22:30;1.17215;1.17228;1.17186;1.17221;265;0
2025.07.09 22:40;1.17222;1.17233;1.17216;1.17221;203;0
2025.07.09 22:50;1.17221;1.17226;1.17181;1.17189;304;0
2025.07.09 23:00;1.17190;1.17200;1.17172;1.17175;211;0
2025.07.09 23:10;1.17177;1.17180;1.17162;1.17177;233;0
2025.07.09 23:20;1.17177;1.17177;1.17120;1.17139;267;0
2025.07.09 23:30;1.17139;1.17160;1.17115;1.17154;155;0
2025.07.09 23:40;1.17151;1.17205;1.17150;1.17198;177;5
2025.07.09 23:50;1.17198;1.17233;1.17198;1.17222;232;5
2025.07.10 00:00;1.17097;1.17176;1.17097;1.17173;38;43
2025.07.10 00:10;1.17174;1.17178;1.17126;1.17126;41;30
2025.07.10 00:20;1.17103;1.17178;1.17099;1.17133;50;33
2025.07.10 00:30;1.17133;1.17186;1.17133;1.17173;58;25
2025.07.10 00:40;1.17173;1.17201;1.17173;1.17194;129;24
2025.07.10 00:50;1.17181;1.17227;1.17179;1.17208;102;24
2025.07.10 01:00;1.17211;1.17251;1.17194;1.17237;168;0
2025.07.10 01:10;1.17238;1.17247;1.17234;1.17240;133;0
2025.07.10 01:20;1.17242;1.17248;1.17238;1.17243;133;0
2025.07.10 01:30;1.17243;1.17249;1.17241;1.17245;121;0
2025.07.10 01:40;1.17245;1.17251;1.17238;1.17245;141;0
2025.07.10 01:50;1.17246;1.17250;1.17243;1.17247;88;0
2025.07.10 02:00;1.17247;1.17251;1.17234;1.17238;122;0
2025.07.10 02:10;1.17238;1.17241;1.17228;1.17239;146;0
2025.07.10 02:20;1.17239;1.17281;1.17239;1.17279;154;0
2025.07.10 02:30;1.17279;1.17308;1.17261;1.17301;155;0
2025.07.10 02:40;1.17301;1.17302;1.17275;1.17292;156;0
2025.07.10 02:50;1.17293;1.17397;1.17285;1.17381;227;0
2025.07.10 03:00;1.17381;1.17442;1.17359;1.17441;538;0
2025.07.10 03:10;1.17442;1.17472;1.17416;1.17442;398;0
2025.07.10 03:20;1.17443;1.17466;1.17426;1.17457;389;0
2025.07.10 03:30;1.17459;1.17476;1.17439;1.17461;395;0
2025.07.10 03:40;1.17460;1.17497;1.17453;1.17473;355;0
2025.07.10 03:50;1.17473;1.17477;1.17415;1.17437;516;0
2025.07.10 04:00;1.17437;1.17444;1.17402;1.17411;420;0
2025.07.10 04:10;1.17411;1.17414;1.17384;1.17407;301;0
2025.07.10 04:20;1.17408;1.17415;1.17378;1.17392;311;0
2025.07.10 04:30;1.17393;1.17425;1.17389;1.17425;337;0
2025.07.10 04:40;1.17425;1.17443;1.17391;1.17392;340;0
2025.07.10 04:50;1.17393;1.17421;1.17388;1.17408;284;0
2025.07.10 05:00;1.17409;1.17436;1.17399;1.17415;350;0
2025.07.10 05:10;1.17415;1.17437;1.17398;1.17405;305;0
2025.07.10 05:20;1.17405;1.17418;1.17396;1.17410;245;0
2025.07.10 05:30;1.17410;1.17443;1.17395;1.17401;337;0
2025.07.10 05:40;1.17401;1.17403;1.17370;1.17375;328;0
2025.07.10 05:50;1.17375;1.17399;1.17372;1.17391;315;0
2025.07.10 06:00;1.17390;1.17391;1.17366;1.17376;299;0
2025.07.10 06:10;1.17376;1.17385;1.17359;1.17385;235;0
2025.07.10 06:20;1.17384;1.17398;1.17351;1.17354;210;0
2025.07.10 06:30;1.17354;1.17368;1.17347;1.17350;193;0
2025.07.10 06:40;1.17350;1.17367;1.17337;1.17366;217;0
2025.07.10 06:50;1.17367;1.17370;1.17337;1.17341;340;0
2025.07.10 07:00;1.17341;1.17346;1.17329;1.17334;267;0
2025.07.10 07:10;1.17334;1.17335;1.17324;1.17333;155;0
2025.07.10 07:20;1.17333;1.17350;1.17317;1.17321;253;0
2025.07.10 07:30;1.17321;1.17345;1.17302;1.17328;280;0
2025.07.10 07:40;1.17327;1.17357;1.17321;1.17338;292;0
2025.07.10 07:50;1.17339;1.17360;1.17332;1.17351;230;0
2025.07.10 08:00;1.17350;1.17377;1.17347;1.17350;275;0
2025.07.10 08:10;1.17349;1.17389;1.17349;1.17382;285;0
2025.07.10 08:20;1.17383;1.17389;1.17364;1.17375;224;0
2025.07.10 08:30;1.17378;1.17407;1.17375;1.17401;245;0
2025.07.10 08:40;1.17398;1.17398;1.17372;1.17394;268;0
2025.07.10 08:50;1.17394;1.17411;1.17384;1.17389;334;0
2025.07.10 09:00;1.17387;1.17426;1.17344;1.17363;502;0
2025.07.10 09:10;1.17363;1.17435;1.17363;1.17423;429;0
2025.07.10 09:20;1.17424;1.17429;1.17371;1.17400;405;0
2025.07.10 09:30;1.17399;1.17410;1.17308;1.17322;434;0
2025.07.10 09:40;1.17321;1.17337;1.17293;1.17326;434;0
2025.07.10 09:50;1.17326;1.17366;1.17322;1.17327;448;0
2025.07.10 10:00;1.17327;1.17379;1.17321;1.17377;567;0
2025.07.10 10:10;1.17376;1.17380;1.17316;1.17341;461;0
2025.07.10 10:20;1.17340;1.17355;1.17321;1.17331;470;0
2025.07.10 10:30;1.17330;1.17354;1.17312;1.17325;419;0
2025.07.10 10:40;1.17328;1.17336;1.17262;1.17301;463;0
2025.07.10 10:50;1.17301;1.17333;1.17292;1.17330;467;0
2025.07.10 11:00;1.17330;1.17342;1.17308;1.17334;387;0
2025.07.10 11:10;1.17334;1.17342;1.17280;1.17289;395;0
2025.07.10 11:20;1.17289;1.17292;1.17261;1.17267;409;0
2025.07.10 11:30;1.17269;1.17293;1.17268;1.17281;381;0
2025.07.10 11:40;1.17282;1.17296;1.17273;1.17282;311;0
2025.07.10 11:50;1.17282;1.17293;1.17261;1.17279;308;0
2025.07.10 12:00;1.17279;1.17314;1.17279;1.17287;312;0
2025.07.10 12:10;1.17287;1.17325;1.17282;1.17308;357;0
2025.07.10 12:20;1.17308;1.17320;1.17296;1.17320;309;0
2025.07.10 12:30;1.17326;1.17326;1.17299;1.17310;293;0
2025.07.10 12:40;1.17310;1.17344;1.17309;1.17331;303;0
2025.07.10 12:50;1.17331;1.17338;1.17299;1.17308;371;0
2025.07.10 13:00;1.17308;1.17317;1.17282;1.17295;373;0
2025.07.10 13:10;1.17295;1.17312;1.17288;1.17295;259;0
2025.07.10 13:20;1.17293;1.17339;1.17288;1.17338;248;0
2025.07.10 13:30;1.17339;1.17340;1.17300;1.17304;213;0
2025.07.10 13:40;1.17306;1.17326;1.17285;1.17310;342;0
2025.07.10 13:50;1.17310;1.17311;1.17276;1.17285;332;0
2025.07.10 14:00;1.17285;1.17296;1.17250;1.17256;332;0
2025.07.10 14:10;1.17255;1.17256;1.17193;1.17199;417;0
2025.07.10 14:20;1.17200;1.17217;1.17177;1.17178;319;0
2025.07.10 14:30;1.17180;1.17181;1.17117;1.17145;449;0
2025.07.10 14:40;1.17145;1.17166;1.17132;1.17142;318;0
2025.07.10 14:50;1.17141;1.17143;1.17081;1.17116;502;0
2025.07.10 15:00;1.17119;1.17141;1.17088;1.17090;383;0
2025.07.10 15:10;1.17091;1.17132;1.17079;1.17112;445;0
2025.07.10 15:20;1.17112;1.17121;1.17053;1.17085;499;0
2025.07.10 15:30;1.17051;1.17078;1.17014;1.17060;697;0
2025.07.10 15:40;1.17060;1.17076;1.17025;1.17046;593;0
2025.07.10 15:50;1.17046;1.17078;1.17022;1.17063;477;0
2025.07.10 16:00;1.17064;1.17147;1.17063;1.17105;540;0
2025.07.10 16:10;1.17105;1.17125;1.17067;1.17081;456;0
2025.07.10 16:20;1.17081;1.17081;1.17000;1.17010;513;0
2025.07.10 16:30;1.17012;1.17039;1.16918;1.17032;721;0
2025.07.10 16:40;1.17031;1.17039;1.16936;1.16956;590;0
2025.07.10 16:50;1.16957;1.16961;1.16866;1.16927;835;0
2025.07.10 17:00;1.16925;1.16937;1.16806;1.16865;909;0
2025.07.10 17:10;1.16867;1.16904;1.16843;1.16861;707;0
2025.07.10 17:20;1.16861;1.16889;1.16627;1.16680;949;0
2025.07.10 17:30;1.16683;1.16768;1.16657;1.16717;822;0
2025.07.10 17:40;1.16711;1.16840;1.16703;1.16833;728;0
2025.07.10 17:50;1.16832;1.16842;1.16747;1.16801;922;0
2025.07.10 18:00;1.16800;1.16876;1.16795;1.16856;781;0
2025.07.10 18:10;1.16856;1.16878;1.16811;1.16850;493;0
2025.07.10 18:20;1.16850;1.16884;1.16826;1.16827;511;0
2025.07.10 18:30;1.16827;1.16827;1.16738;1.16767;578;0
2025.07.10 18:40;1.16767;1.16870;1.16757;1.16840;458;0
2025.07.10 18:50;1.16839;1.16884;1.16832;1.16874;466;0
2025.07.10 19:00;1.16874;1.16900;1.16850;1.16865;458;0
2025.07.10 19:10;1.16860;1.16876;1.16834;1.16860;343;0
2025.07.10 19:20;1.16860;1.16898;1.16842;1.16880;407;0
2025.07.10 19:30;1.16878;1.16892;1.16847;1.16855;416;0
2025.07.10 19:40;1.16852;1.16864;1.16823;1.16840;426;0
2025.07.10 19:50;1.16840;1.16878;1.16819;1.16853;421;0
2025.07.10 20:00;1.16855;1.16902;1.16842;1.16888;414;0
2025.07.10 20:10;1.16891;1.16905;1.16862;1.16888;314;0
2025.07.10 20:20;1.16889;1.16901;1.16852;1.16864;280;0
2025.07.10 20:30;1.16863;1.16877;1.16815;1.16866;267;0
2025.07.10 20:40;1.16865;1.16903;1.16865;1.16895;309;0
2025.07.10 20:50;1.16891;1.16913;1.16885;1.16893;345;0
2025.07.10 21:00;1.16893;1.16937;1.16885;1.16917;401;0
2025.07.10 21:10;1.16917;1.16949;1.16916;1.16937;358;0
2025.07.10 21:20;1.16937;1.16947;1.16919;1.16921;293;0
2025.07.10 21:30;1.16922;1.16926;1.16879;1.16887;274;0
2025.07.10 21:40;1.16886;1.16916;1.16879;1.16915;249;0
2025.07.10 21:50;1.16912;1.16930;1.16895;1.16923;358;0
2025.07.10 22:00;1.16922;1.16933;1.16898;1.16931;285;0
2025.07.10 22:10;1.16930;1.16946;1.16921;1.16946;239;0
2025.07.10 22:20;1.16945;1.16949;1.16926;1.16929;265;0
2025.07.10 22:30;1.16933;1.16934;1.16917;1.16924;293;0
2025.07.10 22:40;1.16923;1.16984;1.16918;1.16980;358;0
2025.07.10 22:50;1.16980;1.16991;1.16954;1.16957;441;0
2025.07.10 23:00;1.16956;1.16983;1.16945;1.16977;279;0
2025.07.10 23:10;1.16974;1.16983;1.16949;1.16972;237;0
2025.07.10 23:20;1.16973;1.16984;1.16952;1.16975;199;0
2025.07.10 23:30;1.16973;1.16982;1.16960;1.16982;169;0
2025.07.10 23:40;1.16978;1.16990;1.16965;1.16982;159;5
2025.07.10 23:50;1.16983;1.17003;1.16974;1.17000;268;5
2025.07.11 00:00;1.16996;1.16998;1.16951;1.16963;34;24
2025.07.11 00:10;1.16963;1.16990;1.16962;1.16966;50;32
2025.07.11 00:20;1.16955;1.16991;1.16955;1.16965;62;29
2025.07.11 00:30;1.16989;1.17007;1.16980;1.17004;145;24
2025.07.11 00:40;1.17005;1.17012;1.16990;1.17002;140;24
2025.07.11 00:50;1.17002;1.17024;1.16994;1.17024;194;24
2025.07.11 01:00;1.17031;1.17040;1.17016;1.17039;188;0
2025.07.11 01:10;1.17040;1.17046;1.17035;1.17041;183;0
2025.07.11 01:20;1.17043;1.17047;1.17030;1.17041;189;0
2025.07.11 01:30;1.17041;1.17058;1.17031;1.17042;140;0
2025.07.11 01:40;1.17042;1.17063;1.17041;1.17060;168;0
2025.07.11 01:50;1.17059;1.17074;1.17055;1.17058;142;0
2025.07.11 02:00;1.17057;1.17059;1.17037;1.17053;153;0
2025.07.11 02:10;1.17052;1.17058;1.17040;1.17044;120;0
2025.07.11 02:20;1.17045;1.17059;1.17041;1.17051;126;0
2025.07.11 02:30;1.17052;1.17054;1.17028;1.17034;125;0
2025.07.11 02:40;1.17034;1.17045;1.17010;1.17045;170;0
2025.07.11 02:50;1.17043;1.17046;1.16995;1.17017;263;0
2025.07.11 03:00;1.17017;1.17049;1.16892;1.16930;601;0
2025.07.11 03:10;1.16930;1.16961;1.16809;1.16810;698;0
2025.07.11 03:20;1.16810;1.16817;1.16741;1.16772;885;0
2025.07.11 03:30;1.16773;1.16784;1.16645;1.16709;741;0
2025.07.11 03:40;1.16709;1.16752;1.16684;1.16719;561;0
2025.07.11 03:50;1.16717;1.16810;1.16650;1.16748;961;0
2025.07.11 04:00;1.16748;1.16775;1.16686;1.16704;670;0
2025.07.11 04:10;1.16705;1.16782;1.16704;1.16762;633;0
2025.07.11 04:20;1.16763;1.16796;1.16729;1.16778;651;0
2025.07.11 04:30;1.16779;1.16832;1.16773;1.16827;481;0
2025.07.11 04:40;1.16825;1.16861;1.16784;1.16809;543;0
2025.07.11 04:50;1.16808;1.16814;1.16739;1.16753;486;0
2025.07.11 05:00;1.16754;1.16770;1.16732;1.16751;507;0
2025.07.11 05:10;1.16751;1.16766;1.16736;1.16747;423;0
2025.07.11 05:20;1.16757;1.16782;1.16736;1.16762;364;0
2025.07.11 05:30;1.16763;1.16774;1.16734;1.16758;409;0
2025.07.11 05:40;1.16758;1.16761;1.16722;1.16729;346;0
2025.07.11 05:50;1.16728;1.16742;1.16705;1.16710;354;0
2025.07.11 06:00;1.16709;1.16742;1.16701;1.16735;381;0
2025.07.11 06:10;1.16731;1.16779;1.16728;1.16775;278;0
2025.07.11 06:20;1.16775;1.16826;1.16771;1.16821;454;0
2025.07.11 06:30;1.16821;1.16835;1.16807;1.16827;252;0
2025.07.11 06:40;1.16828;1.16846;1.16818;1.16819;260;0
2025.07.11 06:50;1.16819;1.16832;1.16796;1.16817;416;0
2025.07.11 07:00;1.16816;1.16830;1.16795;1.16816;325;0
2025.07.11 07:10;1.16814;1.16814;1.16760;1.16763;404;0
2025.07.11 07:20;1.16765;1.16765;1.16694;1.16699;363;0
2025.07.11 07:30;1.16700;1.16746;1.16689;1.16736;440;0
2025.07.11 07:40;1.16737;1.16738;1.16707;1.16726;311;0
2025.07.11 07:50;1.16725;1.16771;1.16722;1.16765;345;0
2025.07.11 08:00;1.16765;1.16787;1.16757;1.16773;371;0
2025.07.11 08:10;1.16773;1.16808;1.16752;1.16808;339;0
2025.07.11 08:20;1.16808;1.16826;1.16799;1.16805;412;0
2025.07.11 08:30;1.16806;1.16841;1.16798;1.16827;332;0
2025.07.11 08:40;1.16826;1.16830;1.16798;1.16804;358;0
2025.07.11 08:50;1.16804;1.16804;1.16759;1.16777;316;0
2025.07.11 09:00;1.16780;1.16780;1.16703;1.16764;612;0
2025.07.11 09:10;1.16764;1.16802;1.16737;1.16800;491;0
2025.07.11 09:20;1.16799;1.16832;1.16795;1.16808;533;0
2025.07.11 09:30;1.16807;1.16825;1.16755;1.16795;462;0
2025.07.11 09:40;1.16794;1.16850;1.16774;1.16817;532;0
2025.07.11 09:50;1.16817;1.16839;1.16742;1.16747;539;0
2025.07.11 10:00;1.16753;1.16892;1.16753;1.16872;550;0
2025.07.11 10:10;1.16872;1.16958;1.16849;1.16942;557;0
2025.07.11 10:20;1.16944;1.16956;1.16921;1.16946;537;0
2025.07.11 10:30;1.16945;1.16947;1.16914;1.16925;494;0
2025.07.11 10:40;1.16925;1.16943;1.16900;1.16904;494;0
2025.07.11 10:50;1.16904;1.16909;1.16838;1.16890;592;0
2025.07.11 11:00;1.16898;1.16902;1.16825;1.16862;595;0
2025.07.11 11:10;1.16863;1.16924;1.16842;1.16905;474;0
2025.07.11 11:20;1.16907;1.16919;1.16852;1.16858;440;0
2025.07.11 11:30;1.16857;1.16878;1.16841;1.16850;428;0
2025.07.11 11:40;1.16849;1.16868;1.16826;1.16838;461;0
2025.07.11 11:50;1.16838;1.16854;1.16795;1.16822;491;0
2025.07.11 12:00;1.16822;1.16854;1.16814;1.16847;417;0
2025.07.11 12:10;1.16847;1.16887;1.16846;1.16864;356;0
2025.07.11 12:20;1.16864;1.16888;1.16825;1.16827;407;0
2025.07.11 12:30;1.16827;1.16873;1.16812;1.16873;419;0
2025.07.11 12:40;1.16873;1.16929;1.16866;1.16910;474;0
2025.07.11 12:50;1.16912;1.16956;1.16896;1.16952;508;0
2025.07.11 13:00;1.16952;1.16970;1.16926;1.16926;523;0
2025.07.11 13:10;1.16925;1.16956;1.16920;1.16937;466;0
2025.07.11 13:20;1.16936;1.16952;1.16926;1.16937;411;0
2025.07.11 13:30;1.16937;1.16948;1.16874;1.16892;351;0
2025.07.11 13:40;1.16892;1.16928;1.16889;1.16897;402;0
2025.07.11 13:50;1.16897;1.16942;1.16887;1.16925;485;0
2025.07.11 14:00;1.16925;1.16997;1.16911;1.16994;513;0
2025.07.11 14:10;1.16994;1.17013;1.16936;1.16940;493;0
2025.07.11 14:20;1.16940;1.16942;1.16873;1.16885;402;0
2025.07.11 14:30;1.16885;1.16938;1.16882;1.16923;476;0
2025.07.11 14:40;1.16928;1.16952;1.16917;1.16939;396;0
2025.07.11 14:50;1.16938;1.16954;1.16862;1.16879;574;0
2025.07.11 15:00;1.16878;1.16900;1.16829;1.16829;508;0
2025.07.11 15:10;1.16829;1.16873;1.16824;1.16857;391;0
2025.07.11 15:20;1.16853;1.16905;1.16825;1.16884;403;0
2025.07.11 15:30;1.16902;1.17001;1.16879;1.16934;653;0
2025.07.11 15:40;1.16935;1.16936;1.16874;1.16886;529;0
2025.07.11 15:50;1.16886;1.16899;1.16848;1.16882;430;0
2025.07.11 16:00;1.16883;1.16907;1.16866;1.16879;524;0
2025.07.11 16:10;1.16879;1.16901;1.16865;1.16883;477;0
2025.07.11 16:20;1.16881;1.16969;1.16868;1.16949;549;0
2025.07.11 16:30;1.16949;1.17035;1.16911;1.17035;750;0
2025.07.11 16:40;1.17042;1.17141;1.16948;1.16959;852;0
2025.07.11 16:50;1.16957;1.16984;1.16885;1.16885;712;0
2025.07.11 17:00;1.16884;1.16907;1.16858;1.16863;777;0
2025.07.11 17:10;1.16865;1.16888;1.16742;1.16773;821;0
2025.07.11 17:20;1.16773;1.16834;1.16767;1.16816;669;0
2025.07.11 17:30;1.16816;1.16902;1.16811;1.16864;651;0
2025.07.11 17:40;1.16864;1.16907;1.16834;1.16901;546;0
2025.07.11 17:50;1.16901;1.16942;1.16863;1.16921;693;0
2025.07.11 18:00;1.16921;1.16951;1.16891;1.16951;597;0
2025.07.11 18:10;1.16950;1.16957;1.16908;1.16941;418;0
2025.07.11 18:20;1.16941;1.16977;1.16920;1.16946;430;0
2025.07.11 18:30;1.16947;1.17037;1.16945;1.17023;532;0
2025.07.11 18:40;1.17023;1.17042;1.16988;1.17004;469;0
2025.07.11 18:50;1.17005;1.17009;1.16947;1.16962;545;0
2025.07.11 19:00;1.16962;1.16978;1.16914;1.16937;524;0
2025.07.11 19:10;1.16935;1.16969;1.16909;1.16937;436;0
2025.07.11 19:20;1.16936;1.16978;1.16901;1.16924;435;0
2025.07.11 19:30;1.16924;1.16929;1.16886;1.16913;404;0
2025.07.11 19:40;1.16912;1.16972;1.16900;1.16956;419;0
2025.07.11 19:50;1.16956;1.16975;1.16908;1.16915;438;0
2025.07.11 20:00;1.16915;1.16927;1.16896;1.16901;334;0
2025.07.11 20:10;1.16902;1.16949;1.16898;1.16930;247;0
2025.07.11 20:20;1.16930;1.16934;1.16863;1.16913;286;0
2025.07.11 20:30;1.16913;1.16934;1.16890;1.16922;341;0
2025.07.11 20:40;1.16922;1.16946;1.16919;1.16929;317;0
2025.07.11 20:50;1.16928;1.16940;1.16916;1.16934;189;0
2025.07.11 21:00;1.16934;1.16958;1.16901;1.16912;355;0
2025.07.11 21:10;1.16912;1.16925;1.16891;1.16913;370;0
2025.07.11 21:20;1.16913;1.16945;1.16905;1.16905;325;0
2025.07.11 21:30;1.16908;1.16937;1.16897;1.16922;282;0
2025.07.11 21:40;1.16921;1.16941;1.16898;1.16925;313;0
2025.07.11 21:50;1.16925;1.16931;1.16882;1.16885;428;0
2025.07.11 22:00;1.16885;1.16896;1.16858;1.16869;372;0
2025.07.11 22:10;1.16869;1.16919;1.16862;1.16906;335;0
2025.07.11 22:20;1.16905;1.16915;1.16879;1.16900;271;0
2025.07.11 22:30;1.16900;1.16916;1.16879;1.16888;248;0
2025.07.11 22:40;1.16888;1.16896;1.16869;1.16889;277;0
2025.07.11 22:50;1.16889;1.16892;1.16861;1.16880;296;0
2025.07.11 23:00;1.16880;1.16896;1.16862;1.16895;285;0
2025.07.11 23:10;1.16896;1.16899;1.16856;1.16861;169;0
2025.07.11 23:20;1.16858;1.16858;1.16808;1.16809;243;0
2025.07.11 23:30;1.16808;1.16843;1.16784;1.16841;232;0
2025.07.11 23:40;1.16837;1.16870;1.16835;1.16854;358;7
2025.07.11 23:50;1.16854;1.16936;1.16854;1.16916;139;9
2025.07.14 00:00;1.16620;1.16678;1.16606;1.16649;78;57
2025.07.14 00:10;1.16648;1.16678;1.16633;1.16655;101;30
2025.07.14 00:20;1.16656;1.16661;1.16632;1.16648;80;29
2025.07.14 00:30;1.16657;1.16658;1.16615;1.16628;96;25
2025.07.14 00:40;1.16628;1.16728;1.16613;1.16676;253;25
2025.07.14 00:50;1.16676;1.16719;1.16663;1.16694;300;25
2025.07.14 01:00;1.16683;1.16844;1.16674;1.16758;561;0
2025.07.14 01:10;1.16758;1.16776;1.16628;1.16725;498;0
2025.07.14 01:20;1.16726;1.16733;1.16651;1.16677;348;0
2025.07.14 01:30;1.16671;1.16714;1.16649;1.16709;379;0
2025.07.14 01:40;1.16709;1.16718;1.16684;1.16708;247;0
2025.07.14 01:50;1.16709;1.16709;1.16642;1.16648;343;0
2025.07.14 02:00;1.16647;1.16688;1.16632;1.16686;384;0
2025.07.14 02:10;1.16685;1.16724;1.16668;1.16723;299;0
2025.07.14 02:20;1.16723;1.16785;1.16723;1.16768;286;0
2025.07.14 02:30;1.16770;1.16796;1.16740;1.16762;327;0
2025.07.14 02:40;1.16762;1.16811;1.16761;1.16788;294;0
2025.07.14 02:50;1.16789;1.16830;1.16772;1.16827;263;0
2025.07.14 03:00;1.16826;1.16900;1.16815;1.16891;508;0
2025.07.14 03:10;1.16891;1.16900;1.16882;1.16894;371;0
2025.07.14 03:20;1.16893;1.16893;1.16857;1.16865;381;0
2025.07.14 03:30;1.16867;1.16880;1.16859;1.16867;296;0
2025.07.14 03:40;1.16867;1.16899;1.16830;1.16890;326;0
2025.07.14 03:50;1.16890;1.16940;1.16882;1.16935;435;0
2025.07.14 04:00;1.16938;1.16952;1.16928;1.16939;409;0
2025.07.14 04:10;1.16939;1.16973;1.16938;1.16970;385;0
2025.07.14 04:20;1.16970;1.16976;1.16931;1.16944;420;0
2025.07.14 04:30;1.16941;1.16948;1.16909;1.16922;441;0
2025.07.14 04:40;1.16923;1.16950;1.16902;1.16915;408;0
2025.07.14 04:50;1.16913;1.16926;1.16840;1.16846;434;0
2025.07.14 05:00;1.16845;1.16876;1.16842;1.16866;352;0
2025.07.14 05:10;1.16867;1.16904;1.16853;1.16859;381;0
2025.07.14 05:20;1.16855;1.16859;1.16806;1.16813;255;0
2025.07.14 05:30;1.16814;1.16822;1.16753;1.16753;479;0
2025.07.14 05:40;1.16755;1.16757;1.16724;1.16735;395;0
2025.07.14 05:50;1.16735;1.16782;1.16733;1.16742;306;0
2025.07.14 06:00;1.16743;1.16792;1.16730;1.16786;271;0
2025.07.14 06:10;1.16787;1.16803;1.16763;1.16775;244;0
2025.07.14 06:20;1.16775;1.16804;1.16763;1.16792;234;0
2025.07.14 06:30;1.16791;1.16796;1.16764;1.16768;235;0
2025.07.14 06:40;1.16767;1.16799;1.16761;1.16782;337;0
2025.07.14 06:50;1.16782;1.16850;1.16782;1.16812;480;0
2025.07.14 07:00;1.16811;1.16812;1.16765;1.16786;322;0
2025.07.14 07:10;1.16787;1.16794;1.16765;1.16773;358;0
2025.07.14 07:20;1.16772;1.16788;1.16759;1.16780;300;0
2025.07.14 07:30;1.16780;1.16812;1.16760;1.16802;310;0
2025.07.14 07:40;1.16802;1.16819;1.16778;1.16795;329;0
2025.07.14 07:50;1.16794;1.16804;1.16747;1.16748;296;0
2025.07.14 08:00;1.16747;1.16761;1.16717;1.16755;371;0
2025.07.14 08:10;1.16755;1.16787;1.16751;1.16760;310;0
2025.07.14 08:20;1.16760;1.16771;1.16721;1.16729;294;0
2025.07.14 08:30;1.16729;1.16734;1.16670;1.16689;408;0
2025.07.14 08:40;1.16690;1.16690;1.16648;1.16667;409;0
2025.07.14 08:50;1.16667;1.16718;1.16653;1.16697;431;0
2025.07.14 09:00;1.16698;1.16703;1.16648;1.16655;509;0
2025.07.14 09:10;1.16655;1.16655;1.16580;1.16594;415;0
2025.07.14 09:20;1.16593;1.16594;1.16542;1.16580;573;0
2025.07.14 09:30;1.16580;1.16632;1.16567;1.16629;404;0
2025.07.14 09:40;1.16628;1.16662;1.16599;1.16641;412;0
2025.07.14 09:50;1.16637;1.16666;1.16626;1.16635;482;0
2025.07.14 10:00;1.16637;1.16690;1.16629;1.16690;581;0
2025.07.14 10:10;1.16690;1.16747;1.16680;1.16745;451;0
2025.07.14 10:20;1.16745;1.16789;1.16736;1.16787;387;0
2025.07.14 10:30;1.16787;1.16819;1.16751;1.16814;532;0
2025.07.14 10:40;1.16810;1.16864;1.16808;1.16839;565;0
2025.07.14 10:50;1.16839;1.16874;1.16817;1.16857;553;0
2025.07.14 11:00;1.16855;1.16889;1.16845;1.16877;491;0
2025.07.14 11:10;1.16877;1.16877;1.16825;1.16830;405;0
2025.07.14 11:20;1.16830;1.16848;1.16804;1.16839;330;0
2025.07.14 11:30;1.16839;1.16880;1.16824;1.16849;369;0
2025.07.14 11:40;1.16849;1.16868;1.16832;1.16853;317;0
2025.07.14 11:50;1.16854;1.16865;1.16799;1.16827;485;0
2025.07.14 12:00;1.16827;1.16829;1.16794;1.16803;404;0
2025.07.14 12:10;1.16810;1.16858;1.16810;1.16833;439;0
2025.07.14 12:20;1.16833;1.16865;1.16827;1.16850;422;0
2025.07.14 12:30;1.16849;1.16900;1.16843;1.16881;342;0
2025.07.14 12:40;1.16881;1.16886;1.16851;1.16865;350;0
2025.07.14 12:50;1.16864;1.16921;1.16838;1.16912;394;0
2025.07.14 13:00;1.16913;1.16951;1.16907;1.16926;419;0
2025.07.14 13:10;1.16926;1.16949;1.16915;1.16943;290;0
2025.07.14 13:20;1.16943;1.16949;1.16914;1.16933;276;0
2025.07.14 13:30;1.16933;1.16933;1.16896;1.16907;224;0
2025.07.14 13:40;1.16907;1.16910;1.16878;1.16887;329;0
2025.07.14 13:50;1.16887;1.16949;1.16881;1.16947;375;0
2025.07.14 14:00;1.16947;1.16961;1.16920;1.16949;347;0
2025.07.14 14:10;1.16950;1.16964;1.16935;1.16943;293;0
2025.07.14 14:20;1.16944;1.16971;1.16941;1.16952;272;0
2025.07.14 14:30;1.16951;1.16951;1.16890;1.16923;359;0
2025.07.14 14:40;1.16923;1.16935;1.16897;1.16899;401;0
2025.07.14 14:50;1.16899;1.16907;1.16862;1.16887;522;0
2025.07.14 15:00;1.16886;1.16917;1.16877;1.16897;347;0
2025.07.14 15:10;1.16898;1.16915;1.16876;1.16914;430;0
2025.07.14 15:20;1.16914;1.16919;1.16853;1.16856;475;0
2025.07.14 15:30;1.16856;1.16859;1.16825;1.16838;497;0
2025.07.14 15:40;1.16841;1.16854;1.16800;1.16819;417;0
2025.07.14 15:50;1.16819;1.16866;1.16816;1.16858;415;0
2025.07.14 16:00;1.16857;1.16867;1.16784;1.16789;470;0
2025.07.14 16:10;1.16789;1.16816;1.16756;1.16805;504;0
2025.07.14 16:20;1.16804;1.16817;1.16766;1.16772;372;0
2025.07.14 16:30;1.16776;1.16833;1.16746;1.16814;606;0
2025.07.14 16:40;1.16814;1.16832;1.16789;1.16816;563;0
2025.07.14 16:50;1.16816;1.16835;1.16789;1.16821;604;0
2025.07.14 17:00;1.16820;1.16821;1.16786;1.16815;553;0
2025.07.14 17:10;1.16815;1.16888;1.16808;1.16868;420;0
2025.07.14 17:20;1.16869;1.16904;1.16861;1.16886;457;0
2025.07.14 17:30;1.16884;1.16942;1.16861;1.16898;576;0
2025.07.14 17:40;1.16898;1.16926;1.16870;1.16899;565;0
2025.07.14 17:50;1.16896;1.16899;1.16801;1.16835;736;0
2025.07.14 18:00;1.16837;1.16849;1.16788;1.16826;711;0
2025.07.14 18:10;1.16826;1.16857;1.16819;1.16850;457;0
2025.07.14 18:20;1.16850;1.16871;1.16817;1.16862;437;0
2025.07.14 18:30;1.16862;1.16954;1.16841;1.16944;549;0
2025.07.14 18:40;1.16944;1.16958;1.16798;1.16807;558;0
2025.07.14 18:50;1.16807;1.16812;1.16675;1.16715;648;0
2025.07.14 19:00;1.16714;1.16753;1.16664;1.16665;601;0
2025.07.14 19:10;1.16660;1.16694;1.16601;1.16630;590;0
2025.07.14 19:20;1.16625;1.16656;1.16609;1.16627;534;0
2025.07.14 19:30;1.16626;1.16645;1.16610;1.16624;388;0
2025.07.14 19:40;1.16623;1.16656;1.16617;1.16641;457;0
2025.07.14 19:50;1.16645;1.16663;1.16618;1.16624;373;0
2025.07.14 20:00;1.16624;1.16669;1.16606;1.16612;364;0
2025.07.14 20:10;1.16609;1.16621;1.16598;1.16602;262;0
2025.07.14 20:20;1.16602;1.16643;1.16600;1.16638;208;0
2025.07.14 20:30;1.16633;1.16645;1.16609;1.16613;245;0
2025.07.14 20:40;1.16614;1.16636;1.16591;1.16633;286;0
2025.07.14 20:50;1.16632;1.16634;1.16607;1.16628;321;0
2025.07.14 21:00;1.16627;1.16650;1.16627;1.16635;325;0
2025.07.14 21:10;1.16635;1.16658;1.16631;1.16651;274;0
2025.07.14 21:20;1.16650;1.16658;1.16627;1.16656;255;0
2025.07.14 21:30;1.16656;1.16710;1.16654;1.16703;313;0
2025.07.14 21:40;1.16702;1.16729;1.16690;1.16692;311;0
2025.07.14 21:50;1.16691;1.16713;1.16678;1.16704;331;0
2025.07.14 22:00;1.16701;1.16718;1.16682;1.16695;242;0
2025.07.14 22:10;1.16696;1.16701;1.16677;1.16678;161;0
2025.07.14 22:20;1.16674;1.16682;1.16651;1.16681;186;0
2025.07.14 22:30;1.16679;1.16683;1.16666;1.16671;194;0
2025.07.14 22:40;1.16672;1.16679;1.16644;1.16665;174;0
2025.07.14 22:50;1.16666;1.16685;1.16661;1.16683;273;0
2025.07.14 23:00;1.16683;1.16691;1.16677;1.16681;226;0
2025.07.14 23:10;1.16681;1.16692;1.16670;1.16670;179;0
2025.07.14 23:20;1.16670;1.16683;1.16669;1.16682;156;0
2025.07.14 23:30;1.16682;1.16685;1.16663;1.16667;113;0
2025.07.14 23:40;1.16665;1.16668;1.16651;1.16652;127;5
2025.07.14 23:50;1.16652;1.16658;1.16631;1.16653;208;5
2025.07.15 00:00;1.16631;1.16645;1.16595;1.16620;40;24
2025.07.15 00:10;1.16623;1.16642;1.16616;1.16638;87;24
2025.07.15 00:20;1.16638;1.16648;1.16624;1.16626;55;25
2025.07.15 00:30;1.16625;1.16669;1.16625;1.16657;114;25
2025.07.15 00:40;1.16656;1.16658;1.16630;1.16636;56;24
2025.07.15 00:50;1.16635;1.16635;1.16631;1.16633;31;24
2025.07.15 01:00;1.16643;1.16673;1.16638;1.16663;151;0
2025.07.15 01:10;1.16663;1.16674;1.16644;1.16671;124;0
2025.07.15 01:20;1.16673;1.16677;1.16656;1.16658;161;0
2025.07.15 01:30;1.16661;1.16672;1.16651;1.16664;223;0
2025.07.15 01:40;1.16664;1.16669;1.16655;1.16660;208;0
2025.07.15 01:50;1.16659;1.16679;1.16659;1.16667;155;0
2025.07.15 02:00;1.16667;1.16669;1.16634;1.16654;176;0
2025.07.15 02:10;1.16654;1.16656;1.16623;1.16624;142;0
2025.07.15 02:20;1.16625;1.16625;1.16602;1.16619;191;0
2025.07.15 02:30;1.16619;1.16640;1.16604;1.16634;151;0
2025.07.15 02:40;1.16634;1.16662;1.16628;1.16652;190;0
2025.07.15 02:50;1.16657;1.16671;1.16647;1.16653;230;0
2025.07.15 03:00;1.16653;1.16724;1.16644;1.16722;529;0
2025.07.15 03:10;1.16723;1.16741;1.16704;1.16725;392;0
2025.07.15 03:20;1.16725;1.16773;1.16714;1.16765;315;0
2025.07.15 03:30;1.16766;1.16771;1.16723;1.16748;261;0
2025.07.15 03:40;1.16753;1.16755;1.16726;1.16729;343;0
2025.07.15 03:50;1.16729;1.16747;1.16712;1.16722;494;0
2025.07.15 04:00;1.16724;1.16724;1.16657;1.16678;312;0
2025.07.15 04:10;1.16676;1.16715;1.16674;1.16703;351;0
2025.07.15 04:20;1.16703;1.16719;1.16684;1.16690;307;0
2025.07.15 04:30;1.16690;1.16698;1.16661;1.16692;312;0
2025.07.15 04:40;1.16692;1.16732;1.16679;1.16726;408;0
2025.07.15 04:50;1.16726;1.16747;1.16678;1.16691;447;0
2025.07.15 05:00;1.16694;1.16699;1.16652;1.16681;393;0
2025.07.15 05:10;1.16682;1.16706;1.16669;1.16705;416;0
2025.07.15 05:20;1.16705;1.16732;1.16700;1.16722;292;0
2025.07.15 05:30;1.16722;1.16743;1.16715;1.16734;313;0
2025.07.15 05:40;1.16733;1.16739;1.16702;1.16736;242;0
2025.07.15 05:50;1.16736;1.16751;1.16728;1.16742;277;0
2025.07.15 06:00;1.16742;1.16765;1.16734;1.16742;275;0
2025.07.15 06:10;1.16741;1.16763;1.16730;1.16761;374;0
2025.07.15 06:20;1.16760;1.16778;1.16755;1.16767;224;0
2025.07.15 06:30;1.16765;1.16769;1.16740;1.16753;231;0
2025.07.15 06:40;1.16753;1.16771;1.16753;1.16762;150;0
2025.07.15 06:50;1.16762;1.16769;1.16754;1.16759;191;0
2025.07.15 07:00;1.16760;1.16781;1.16759;1.16779;216;0
2025.07.15 07:10;1.16778;1.16802;1.16753;1.16756;199;0
2025.07.15 07:20;1.16755;1.16772;1.16753;1.16758;210;0
2025.07.15 07:30;1.16757;1.16770;1.16739;1.16741;267;0
2025.07.15 07:40;1.16742;1.16767;1.16737;1.16766;203;0
2025.07.15 07:50;1.16766;1.16772;1.16755;1.16759;202;0
2025.07.15 08:00;1.16759;1.16801;1.16758;1.16801;271;0
2025.07.15 08:10;1.16803;1.16816;1.16795;1.16807;266;0
2025.07.15 08:20;1.16807;1.16827;1.16802;1.16815;244;0
2025.07.15 08:30;1.16815;1.16841;1.16805;1.16841;317;0
2025.07.15 08:40;1.16845;1.16852;1.16829;1.16832;261;0
2025.07.15 08:50;1.16832;1.16863;1.16827;1.16859;301;0
2025.07.15 09:00;1.16857;1.16872;1.16817;1.16858;414;0
2025.07.15 09:10;1.16857;1.16881;1.16840;1.16854;336;0
2025.07.15 09:20;1.16851;1.16865;1.16810;1.16811;370;0
2025.07.15 09:30;1.16814;1.16851;1.16814;1.16834;399;0
2025.07.15 09:40;1.16832;1.16851;1.16815;1.16825;242;0
2025.07.15 09:50;1.16825;1.16831;1.16744;1.16779;422;0
2025.07.15 10:00;1.16779;1.16784;1.16718;1.16723;496;0
2025.07.15 10:10;1.16723;1.16774;1.16721;1.16771;431;0
2025.07.15 10:20;1.16773;1.16862;1.16773;1.16840;529;0
2025.07.15 10:30;1.16840;1.16920;1.16829;1.16913;475;0
2025.07.15 10:40;1.16915;1.16928;1.16857;1.16870;492;0
2025.07.15 10:50;1.16871;1.16905;1.16841;1.16905;494;0
2025.07.15 11:00;1.16903;1.16911;1.16865;1.16881;416;0
2025.07.15 11:10;1.16882;1.16913;1.16881;1.16893;311;0
2025.07.15 11:20;1.16892;1.16904;1.16872;1.16880;359;0
2025.07.15 11:30;1.16877;1.16901;1.16841;1.16841;304;0
2025.07.15 11:40;1.16841;1.16860;1.16818;1.16858;320;0
2025.07.15 11:50;1.16859;1.16889;1.16850;1.16868;302;0
2025.07.15 12:00;1.16868;1.16909;1.16853;1.16894;334;0
2025.07.15 12:10;1.16894;1.16897;1.16846;1.16851;348;0
2025.07.15 12:20;1.16851;1.16852;1.16812;1.16846;288;0
2025.07.15 12:30;1.16847;1.16883;1.16832;1.16882;408;0
2025.07.15 12:40;1.16883;1.16883;1.16819;1.16834;338;0
2025.07.15 12:50;1.16837;1.16857;1.16814;1.16851;415;0
2025.07.15 13:00;1.16851;1.16874;1.16838;1.16850;362;0
2025.07.15 13:10;1.16849;1.16855;1.16799;1.16802;256;0
2025.07.15 13:20;1.16805;1.16818;1.16777;1.16798;328;0
2025.07.15 13:30;1.16798;1.16801;1.16763;1.16765;268;0
2025.07.15 13:40;1.16766;1.16821;1.16762;1.16819;335;0
2025.07.15 13:50;1.16820;1.16844;1.16815;1.16838;289;0
2025.07.15 14:00;1.16837;1.16842;1.16773;1.16782;380;0
2025.07.15 14:10;1.16781;1.16785;1.16745;1.16749;386;0
2025.07.15 14:20;1.16756;1.16763;1.16722;1.16723;320;0
2025.07.15 14:30;1.16719;1.16734;1.16694;1.16702;353;0
2025.07.15 14:40;1.16702;1.16709;1.16675;1.16698;296;0
2025.07.15 14:50;1.16698;1.16720;1.16679;1.16697;414;0
2025.07.15 15:00;1.16697;1.16702;1.16648;1.16651;486;0
2025.07.15 15:10;1.16650;1.16697;1.16647;1.16687;456;0
2025.07.15 15:20;1.16688;1.16714;1.16645;1.16659;486;0
2025.07.15 15:30;1.16658;1.16909;1.16640;1.16640;1403;2
2025.07.15 15:40;1.16639;1.16712;1.16623;1.16707;944;0
2025.07.15 15:50;1.16706;1.16850;1.16697;1.16780;859;0
2025.07.15 16:00;1.16780;1.16794;1.16702;1.16706;772;0
2025.07.15 16:10;1.16704;1.16755;1.16633;1.16645;776;0
2025.07.15 16:20;1.16645;1.16687;1.16615;1.16674;781;0
2025.07.15 16:30;1.16674;1.16679;1.16426;1.16493;1109;0
2025.07.15 16:40;1.16493;1.16516;1.16425;1.16475;1062;0
2025.07.15 16:50;1.16474;1.16476;1.16391;1.16433;965;0
2025.07.15 17:00;1.16431;1.16443;1.16276;1.16345;1205;0
2025.07.15 17:10;1.16344;1.16372;1.16288;1.16347;964;0
2025.07.15 17:20;1.16347;1.16347;1.16216;1.16220;997;0
2025.07.15 17:30;1.16221;1.16248;1.16159;1.16237;854;0
2025.07.15 17:40;1.16237;1.16250;1.16176;1.16194;770;0
2025.07.15 17:50;1.16195;1.16202;1.16154;1.16186;789;0
2025.07.15 18:00;1.16186;1.16186;1.16125;1.16171;699;0
2025.07.15 18:10;1.16171;1.16182;1.16110;1.16123;610;0
2025.07.15 18:20;1.16121;1.16173;1.16100;1.16106;649;0
2025.07.15 18:30;1.16106;1.16109;1.16006;1.16054;696;0
2025.07.15 18:40;1.16054;1.16143;1.16039;1.16134;743;0
2025.07.15 18:50;1.16135;1.16183;1.16098;1.16181;599;0
2025.07.15 19:00;1.16181;1.16204;1.16075;1.16078;605;0
2025.07.15 19:10;1.16078;1.16121;1.16058;1.16090;537;0
2025.07.15 19:20;1.16090;1.16094;1.16028;1.16034;459;0
2025.07.15 19:30;1.16032;1.16038;1.15978;1.15988;546;0
2025.07.15 19:40;1.15989;1.16001;1.15950;1.15970;526;0
2025.07.15 19:50;1.15970;1.15980;1.15937;1.15959;399;0
2025.07.15 20:00;1.15959;1.15972;1.15934;1.15936;424;0
2025.07.15 20:10;1.15936;1.15995;1.15936;1.15987;390;0
2025.07.15 20:20;1.15988;1.16009;1.15930;1.15935;393;0
2025.07.15 20:30;1.15935;1.15957;1.15932;1.15950;301;0
2025.07.15 20:40;1.15950;1.15970;1.15944;1.15950;270;0
2025.07.15 20:50;1.15950;1.15970;1.15929;1.15968;351;0
2025.07.15 21:00;1.15968;1.16004;1.15954;1.16004;344;0
2025.07.15 21:10;1.16000;1.16027;1.15984;1.15989;321;0
2025.07.15 21:20;1.15989;1.16009;1.15978;1.15990;259;0
2025.07.15 21:30;1.15992;1.16013;1.15975;1.16010;323;0
2025.07.15 21:40;1.16011;1.16040;1.16006;1.16032;342;0
2025.07.15 21:50;1.16032;1.16053;1.16018;1.16028;394;0
2025.07.15 22:00;1.16028;1.16035;1.16012;1.16019;311;0
2025.07.15 22:10;1.16019;1.16024;1.15995;1.16018;276;0
2025.07.15 22:20;1.16018;1.16018;1.15992;1.15996;236;0
2025.07.15 22:30;1.15995;1.16020;1.15994;1.16014;152;0
2025.07.15 22:40;1.16013;1.16024;1.15994;1.16000;220;0
2025.07.15 22:50;1.16001;1.16027;1.15991;1.16008;331;0
2025.07.15 23:00;1.16007;1.16037;1.16003;1.16030;209;0
2025.07.15 23:10;1.16030;1.16035;1.16021;1.16033;109;0
2025.07.15 23:20;1.16033;1.16035;1.16019;1.16020;143;0
2025.07.15 23:30;1.16020;1.16027;1.16006;1.16022;222;0
2025.07.15 23:40;1.16020;1.16021;1.15991;1.15995;155;5
2025.07.15 23:50;1.15996;1.16034;1.15994;1.16022;225;5
2025.07.16 00:00;1.15994;1.15994;1.15964;1.15993;25;24
2025.07.16 00:10;1.15992;1.15994;1.15959;1.15994;39;32
2025.07.16 00:20;1.15993;1.16001;1.15965;1.16000;45;28
2025.07.16 00:30;1.16005;1.16007;1.15981;1.15987;47;24
2025.07.16 00:40;1.15986;1.16004;1.15986;1.16003;32;24
2025.07.16 00:50;1.16005;1.16006;1.15989;1.15992;68;24
2025.07.16 01:00;1.15992;1.16016;1.15977;1.16012;192;0
2025.07.16 01:10;1.16011;1.16032;1.16011;1.16028;141;0
2025.07.16 01:20;1.16029;1.16043;1.16022;1.16032;150;0
2025.07.16 01:30;1.16033;1.16039;1.16029;1.16037;159;0
2025.07.16 01:40;1.16037;1.16043;1.16017;1.16031;181;0
2025.07.16 01:50;1.16032;1.16045;1.16029;1.16044;175;0
2025.07.16 02:00;1.16044;1.16045;1.16028;1.16039;135;0
2025.07.16 02:10;1.16040;1.16048;1.16032;1.16047;89;0
2025.07.16 02:20;1.16047;1.16073;1.16046;1.16051;169;0
2025.07.16 02:30;1.16051;1.16060;1.16044;1.16056;134;0
2025.07.16 02:40;1.16060;1.16075;1.16058;1.16072;165;0
2025.07.16 02:50;1.16072;1.16079;1.16066;1.16073;209;0
2025.07.16 03:00;1.16074;1.16089;1.16059;1.16066;460;0
2025.07.16 03:10;1.16066;1.16068;1.16024;1.16037;376;0
2025.07.16 03:20;1.16037;1.16070;1.16022;1.16064;281;0
2025.07.16 03:30;1.16063;1.16113;1.16044;1.16108;398;0
2025.07.16 03:40;1.16107;1.16135;1.16094;1.16094;353;0
2025.07.16 03:50;1.16098;1.16111;1.16071;1.16078;538;0
2025.07.16 04:00;1.16078;1.16096;1.16062;1.16093;456;0
2025.07.16 04:10;1.16092;1.16132;1.16084;1.16126;364;0
2025.07.16 04:20;1.16124;1.16150;1.16115;1.16126;370;0
2025.07.16 04:30;1.16126;1.16153;1.16123;1.16144;447;0
2025.07.16 04:40;1.16145;1.16153;1.16109;1.16136;356;0
2025.07.16 04:50;1.16136;1.16155;1.16128;1.16138;314;0
2025.07.16 05:00;1.16138;1.16138;1.16099;1.16102;316;0
2025.07.16 05:10;1.16102;1.16114;1.16095;1.16108;259;0
2025.07.16 05:20;1.16108;1.16113;1.16080;1.16084;211;0
2025.07.16 05:30;1.16085;1.16097;1.16079;1.16093;263;0
2025.07.16 05:40;1.16093;1.16097;1.16069;1.16087;281;0
2025.07.16 05:50;1.16087;1.16103;1.16083;1.16103;260;0
2025.07.16 06:00;1.16102;1.16130;1.16101;1.16114;237;0
2025.07.16 06:10;1.16115;1.16148;1.16114;1.16148;235;0
2025.07.16 06:20;1.16149;1.16155;1.16141;1.16143;278;0
2025.07.16 06:30;1.16144;1.16150;1.16103;1.16117;260;0
2025.07.16 06:40;1.16116;1.16116;1.16058;1.16075;389;0
2025.07.16 06:50;1.16074;1.16111;1.16072;1.16111;247;0
2025.07.16 07:00;1.16114;1.16134;1.16103;1.16133;244;0
2025.07.16 07:10;1.16132;1.16133;1.16105;1.16127;242;0
2025.07.16 07:20;1.16126;1.16139;1.16112;1.16135;219;0
2025.07.16 07:30;1.16136;1.16161;1.16136;1.16155;303;0
2025.07.16 07:40;1.16156;1.16181;1.16138;1.16175;259;0
2025.07.16 07:50;1.16175;1.16200;1.16166;1.16198;275;0
2025.07.16 08:00;1.16198;1.16199;1.16167;1.16171;308;0
2025.07.16 08:10;1.16170;1.16191;1.16161;1.16180;394;0
2025.07.16 08:20;1.16179;1.16200;1.16164;1.16171;307;0
2025.07.16 08:30;1.16170;1.16183;1.16142;1.16144;336;0
2025.07.16 08:40;1.16145;1.16192;1.16145;1.16191;356;0
2025.07.16 08:50;1.16192;1.16207;1.16181;1.16207;383;0
2025.07.16 09:00;1.16205;1.16238;1.16186;1.16212;584;0
2025.07.16 09:10;1.16212;1.16232;1.16206;1.16229;394;0
2025.07.16 09:20;1.16229;1.16241;1.16201;1.16219;362;0
2025.07.16 09:30;1.16218;1.16238;1.16195;1.16223;369;0
2025.07.16 09:40;1.16222;1.16257;1.16202;1.16203;373;0
2025.07.16 09:50;1.16203;1.16280;1.16198;1.16277;487;0
2025.07.16 10:00;1.16278;1.16285;1.16248;1.16268;552;0
2025.07.16 10:10;1.16266;1.16274;1.16231;1.16272;382;0
2025.07.16 10:20;1.16273;1.16273;1.16229;1.16239;427;0
2025.07.16 10:30;1.16238;1.16243;1.16159;1.16164;494;0
2025.07.16 10:40;1.16165;1.16171;1.16132;1.16138;434;0
2025.07.16 10:50;1.16138;1.16190;1.16126;1.16188;476;0
2025.07.16 11:00;1.16188;1.16224;1.16179;1.16183;539;0
2025.07.16 11:10;1.16183;1.16248;1.16181;1.16205;474;0
2025.07.16 11:20;1.16204;1.16232;1.16199;1.16223;352;0
2025.07.16 11:30;1.16222;1.16226;1.16192;1.16195;386;0
2025.07.16 11:40;1.16195;1.16258;1.16190;1.16221;407;0
2025.07.16 11:50;1.16220;1.16255;1.16218;1.16253;394;0
2025.07.16 12:00;1.16251;1.16263;1.16215;1.16220;466;0
2025.07.16 12:10;1.16221;1.16221;1.16172;1.16194;412;0
2025.07.16 12:20;1.16191;1.16211;1.16178;1.16183;450;0
2025.07.16 12:30;1.16183;1.16183;1.16143;1.16181;420;0
2025.07.16 12:40;1.16181;1.16203;1.16174;1.16176;334;0
2025.07.16 12:50;1.16179;1.16186;1.16131;1.16158;511;0
2025.07.16 13:00;1.16158;1.16170;1.16140;1.16140;421;0
2025.07.16 13:10;1.16139;1.16145;1.16090;1.16103;392;0
2025.07.16 13:20;1.16103;1.16135;1.16093;1.16130;344;0
2025.07.16 13:30;1.16130;1.16183;1.16129;1.16168;329;0
2025.07.16 13:40;1.16168;1.16184;1.16156;1.16176;258;0
2025.07.16 13:50;1.16176;1.16189;1.16168;1.16174;300;0
2025.07.16 14:00;1.16173;1.16209;1.16161;1.16180;339;0
2025.07.16 14:10;1.16180;1.16191;1.16145;1.16148;339;0
2025.07.16 14:20;1.16148;1.16163;1.16099;1.16103;430;0
2025.07.16 14:30;1.16102;1.16128;1.16087;1.16108;366;0
2025.07.16 14:40;1.16108;1.16120;1.16087;1.16099;395;0
2025.07.16 14:50;1.16101;1.16101;1.16009;1.16030;608;0
2025.07.16 15:00;1.16036;1.16062;1.16015;1.16017;559;0
2025.07.16 15:10;1.16017;1.16026;1.15967;1.15980;508;0
2025.07.16 15:20;1.15979;1.15984;1.15927;1.15927;568;0
2025.07.16 15:30;1.15928;1.16138;1.15924;1.16080;1092;0
2025.07.16 15:40;1.16079;1.16129;1.16029;1.16073;737;0
2025.07.16 15:50;1.16072;1.16094;1.15940;1.15986;829;0
2025.07.16 16:00;1.15986;1.16031;1.15982;1.15983;635;0
2025.07.16 16:10;1.15983;1.15983;1.15864;1.15871;672;0
2025.07.16 16:20;1.15873;1.15918;1.15790;1.15814;803;0
2025.07.16 16:30;1.15807;1.15830;1.15727;1.15742;785;0
2025.07.16 16:40;1.15742;1.15817;1.15628;1.15648;852;0
2025.07.16 16:50;1.15648;1.15741;1.15636;1.15724;835;0
2025.07.16 17:00;1.15727;1.15779;1.15724;1.15736;689;0
2025.07.16 17:10;1.15737;1.15738;1.15663;1.15668;553;0
2025.07.16 17:20;1.15667;1.15710;1.15664;1.15698;599;0
2025.07.16 17:30;1.15701;1.15713;1.15622;1.15637;611;0
2025.07.16 17:40;1.15638;1.15734;1.15627;1.15680;523;0
2025.07.16 17:50;1.15680;1.16056;1.15657;1.15929;1332;0
2025.07.16 18:00;1.15924;1.16167;1.15923;1.16118;1247;0
2025.07.16 18:10;1.16117;1.16961;1.16117;1.16679;1552;0
2025.07.16 18:20;1.16681;1.16952;1.16676;1.16855;1788;0
2025.07.16 18:30;1.16848;1.17216;1.16808;1.17021;1812;0
2025.07.16 18:40;1.17029;1.17119;1.16687;1.16812;1597;0
2025.07.16 18:50;1.16822;1.16839;1.16115;1.16296;1800;0
2025.07.16 19:00;1.16293;1.16447;1.16152;1.16393;1678;0
2025.07.16 19:10;1.16391;1.16560;1.16355;1.16383;1253;0
2025.07.16 19:20;1.16382;1.16450;1.16307;1.16361;1134;0
2025.07.16 19:30;1.16361;1.16394;1.16276;1.16313;874;0
2025.07.16 19:40;1.16311;1.16468;1.16275;1.16449;770;0
2025.07.16 19:50;1.16448;1.16468;1.16343;1.16391;726;0
2025.07.16 20:00;1.16391;1.16541;1.16384;1.16503;834;0
2025.07.16 20:10;1.16503;1.16558;1.16474;1.16550;660;0
2025.07.16 20:20;1.16550;1.16584;1.16486;1.16505;751;0
2025.07.16 20:30;1.16513;1.16543;1.16481;1.16515;525;0
2025.07.16 20:40;1.16515;1.16576;1.16481;1.16563;522;0
2025.07.16 20:50;1.16561;1.16562;1.16362;1.16414;648;0
2025.07.16 21:00;1.16416;1.16445;1.16343;1.16361;514;0
2025.07.16 21:10;1.16361;1.16402;1.16344;1.16379;453;0
2025.07.16 21:20;1.16375;1.16392;1.16357;1.16370;349;0
2025.07.16 21:30;1.16368;1.16392;1.16354;1.16367;331;0
2025.07.16 21:40;1.16367;1.16367;1.16336;1.16351;352;0
2025.07.16 21:50;1.16351;1.16353;1.16273;1.16282;440;0
2025.07.16 22:00;1.16285;1.16324;1.16226;1.16276;424;0
2025.07.16 22:10;1.16276;1.16278;1.16200;1.16244;346;0
2025.07.16 22:20;1.16244;1.16298;1.16231;1.16295;374;0
2025.07.16 22:30;1.16295;1.16312;1.16276;1.16299;416;0
2025.07.16 22:40;1.16299;1.16347;1.16289;1.16327;401;0
2025.07.16 22:50;1.16325;1.16372;1.16313;1.16359;314;0
2025.07.16 23:00;1.16357;1.16399;1.16335;1.16381;248;0
2025.07.16 23:10;1.16382;1.16419;1.16372;1.16397;259;0
2025.07.16 23:20;1.16395;1.16404;1.16380;1.16396;186;0
2025.07.16 23:30;1.16396;1.16396;1.16353;1.16368;251;0
2025.07.16 23:40;1.16365;1.16400;1.16364;1.16395;247;5
2025.07.16 23:50;1.16394;1.16424;1.16381;1.16399;294;5
2025.07.17 00:00;1.16338;1.16407;1.16286;1.16341;53;24
2025.07.17 00:10;1.16389;1.16404;1.16341;1.16370;114;24
2025.07.17 00:20;1.16370;1.16370;1.16352;1.16366;70;30
2025.07.17 00:30;1.16367;1.16379;1.16347;1.16377;70;24
2025.07.17 00:40;1.16376;1.16376;1.16361;1.16362;25;24
2025.07.17 00:50;1.16362;1.16372;1.16344;1.16359;229;24
2025.07.17 01:00;1.16362;1.16425;1.16336;1.16390;186;0
2025.07.17 01:10;1.16390;1.16425;1.16387;1.16398;172;0
2025.07.17 01:20;1.16398;1.16398;1.16369;1.16387;190;0
2025.07.17 01:30;1.16388;1.16406;1.16359;1.16367;182;0
2025.07.17 01:40;1.16367;1.16373;1.16350;1.16355;196;0
2025.07.17 01:50;1.16354;1.16370;1.16351;1.16363;133;0
2025.07.17 02:00;1.16364;1.16381;1.16352;1.16374;176;0
2025.07.17 02:10;1.16373;1.16387;1.16361;1.16387;145;0
2025.07.17 02:20;1.16387;1.16400;1.16371;1.16376;136;0
2025.07.17 02:30;1.16374;1.16389;1.16374;1.16381;121;0
2025.07.17 02:40;1.16380;1.16385;1.16348;1.16361;188;0
2025.07.17 02:50;1.16361;1.16361;1.16333;1.16354;296;0
2025.07.17 03:00;1.16354;1.16361;1.16296;1.16311;452;0
2025.07.17 03:10;1.16311;1.16324;1.16283;1.16284;386;0
2025.07.17 03:20;1.16284;1.16300;1.16273;1.16275;246;0
2025.07.17 03:30;1.16275;1.16277;1.16171;1.16191;354;0
2025.07.17 03:40;1.16192;1.16210;1.16180;1.16199;385;0
2025.07.17 03:50;1.16200;1.16240;1.16190;1.16237;532;0
2025.07.17 04:00;1.16238;1.16245;1.16186;1.16201;461;0
2025.07.17 04:10;1.16201;1.16247;1.16195;1.16211;396;0
2025.07.17 04:20;1.16210;1.16216;1.16178;1.16183;239;0
2025.07.17 04:30;1.16182;1.16189;1.16134;1.16186;483;0
2025.07.17 04:40;1.16189;1.16242;1.16180;1.16214;430;0
2025.07.17 04:50;1.16213;1.16290;1.16212;1.16279;415;0
2025.07.17 05:00;1.16279;1.16279;1.16228;1.16230;438;0
2025.07.17 05:10;1.16230;1.16231;1.16204;1.16212;409;0
2025.07.17 05:20;1.16211;1.16238;1.16197;1.16228;356;0
2025.07.17 05:30;1.16227;1.16250;1.16205;1.16221;276;0
2025.07.17 05:40;1.16220;1.16231;1.16185;1.16195;339;0
2025.07.17 05:50;1.16195;1.16208;1.16166;1.16183;339;0
2025.07.17 06:00;1.16184;1.16188;1.16151;1.16159;324;0
2025.07.17 06:10;1.16159;1.16177;1.16152;1.16160;328;0
2025.07.17 06:20;1.16159;1.16193;1.16144;1.16191;338;0
2025.07.17 06:30;1.16192;1.16194;1.16140;1.16160;292;0
2025.07.17 06:40;1.16161;1.16174;1.16142;1.16165;261;0
2025.07.17 06:50;1.16164;1.16195;1.16153;1.16192;352;0
2025.07.17 07:00;1.16192;1.16195;1.16171;1.16174;257;0
2025.07.17 07:10;1.16174;1.16180;1.16159;1.16177;209;0
2025.07.17 07:20;1.16178;1.16190;1.16173;1.16189;174;0
2025.07.17 07:30;1.16189;1.16204;1.16183;1.16203;275;0
2025.07.17 07:40;1.16203;1.16219;1.16197;1.16209;258;0
2025.07.17 07:50;1.16205;1.16247;1.16205;1.16245;291;0
2025.07.17 08:00;1.16245;1.16273;1.16241;1.16249;367;0
2025.07.17 08:10;1.16250;1.16265;1.16247;1.16260;318;0
2025.07.17 08:20;1.16260;1.16274;1.16221;1.16256;252;0
2025.07.17 08:30;1.16256;1.16258;1.16215;1.16218;279;0
2025.07.17 08:40;1.16217;1.16235;1.16214;1.16225;223;0
2025.07.17 08:50;1.16226;1.16239;1.16165;1.16169;400;0
2025.07.17 09:00;1.16168;1.16176;1.16121;1.16147;661;0
2025.07.17 09:10;1.16143;1.16150;1.15981;1.16000;641;0
2025.07.17 09:20;1.16000;1.16002;1.15827;1.15827;746;0
2025.07.17 09:30;1.15827;1.15861;1.15734;1.15831;713;0
2025.07.17 09:40;1.15833;1.15846;1.15770;1.15800;587;0
2025.07.17 09:50;1.15800;1.15851;1.15800;1.15830;624;0
2025.07.17 10:00;1.15830;1.15866;1.15740;1.15841;737;0
2025.07.17 10:10;1.15841;1.15893;1.15840;1.15857;627;0
2025.07.17 10:20;1.15857;1.15919;1.15803;1.15914;559;0
2025.07.17 10:30;1.15914;1.15956;1.15892;1.15909;455;0
2025.07.17 10:40;1.15910;1.15967;1.15881;1.15941;548;0
2025.07.17 10:50;1.15942;1.15945;1.15879;1.15907;512;0
2025.07.17 11:00;1.15907;1.15941;1.15894;1.15926;451;0
2025.07.17 11:10;1.15927;1.15993;1.15926;1.15988;428;0
2025.07.17 11:20;1.15987;1.16043;1.15975;1.16038;435;0
2025.07.17 11:30;1.16037;1.16052;1.15989;1.16003;384;0
2025.07.17 11:40;1.16003;1.16024;1.15975;1.15999;369;0
2025.07.17 11:50;1.15999;1.16025;1.15985;1.16017;372;0
2025.07.17 12:00;1.16017;1.16047;1.15992;1.16001;454;0
2025.07.17 12:10;1.16002;1.16012;1.15979;1.15991;338;0
2025.07.17 12:20;1.15991;1.15998;1.15967;1.15977;345;0
2025.07.17 12:30;1.15978;1.15996;1.15933;1.15971;299;0
2025.07.17 12:40;1.15971;1.15997;1.15932;1.15936;291;0
2025.07.17 12:50;1.15934;1.15937;1.15883;1.15908;372;0
2025.07.17 13:00;1.15907;1.15914;1.15878;1.15894;321;0
2025.07.17 13:10;1.15894;1.15898;1.15831;1.15841;292;0
2025.07.17 13:20;1.15838;1.15900;1.15835;1.15896;373;0
2025.07.17 13:30;1.15898;1.15907;1.15870;1.15901;254;0
2025.07.17 13:40;1.15901;1.15901;1.15859;1.15882;249;0
2025.07.17 13:50;1.15881;1.15881;1.15843;1.15860;314;0
2025.07.17 14:00;1.15861;1.15898;1.15843;1.15877;344;0
2025.07.17 14:10;1.15879;1.15881;1.15846;1.15858;317;0
2025.07.17 14:20;1.15856;1.15857;1.15768;1.15776;374;0
2025.07.17 14:30;1.15776;1.15798;1.15768;1.15776;251;0
2025.07.17 14:40;1.15776;1.15797;1.15722;1.15724;384;0
2025.07.17 14:50;1.15724;1.15758;1.15704;1.15744;470;0
2025.07.17 15:00;1.15742;1.15802;1.15737;1.15786;508;0
2025.07.17 15:10;1.15783;1.15862;1.15783;1.15845;358;0
2025.07.17 15:20;1.15848;1.15850;1.15760;1.15765;433;0
2025.07.17 15:30;1.15732;1.15834;1.15571;1.15799;1179;0
2025.07.17 15:40;1.15800;1.15898;1.15773;1.15897;785;0
2025.07.17 15:50;1.15897;1.15926;1.15854;1.15871;648;0
2025.07.17 16:00;1.15870;1.15987;1.15849;1.15967;739;0
2025.07.17 16:10;1.15965;1.15979;1.15892;1.15892;711;0
2025.07.17 16:20;1.15893;1.15896;1.15843;1.15890;672;0
2025.07.17 16:30;1.15891;1.15904;1.15850;1.15897;729;0
2025.07.17 16:40;1.15898;1.15934;1.15841;1.15857;637;0
2025.07.17 16:50;1.15856;1.15891;1.15801;1.15861;640;0
2025.07.17 17:00;1.15860;1.15896;1.15778;1.15822;630;0
2025.07.17 17:10;1.15822;1.15897;1.15804;1.15895;551;0
2025.07.17 17:20;1.15896;1.15927;1.15872;1.15911;548;0
2025.07.17 17:30;1.15906;1.15911;1.15819;1.15881;538;0
2025.07.17 17:40;1.15880;1.15913;1.15849;1.15891;504;0
2025.07.17 17:50;1.15888;1.15906;1.15838;1.15878;682;0
2025.07.17 18:00;1.15877;1.15888;1.15856;1.15883;484;0
2025.07.17 18:10;1.15883;1.15898;1.15855;1.15869;485;0
2025.07.17 18:20;1.15871;1.15946;1.15859;1.15943;447;0
2025.07.17 18:30;1.15944;1.15951;1.15923;1.15942;492;0
2025.07.17 18:40;1.15943;1.15990;1.15941;1.15966;495;0
2025.07.17 18:50;1.15970;1.16027;1.15938;1.15962;548;0
2025.07.17 19:00;1.15964;1.16006;1.15955;1.16006;340;0
2025.07.17 19:10;1.16005;1.16008;1.15963;1.15978;364;0
2025.07.17 19:20;1.15978;1.16018;1.15974;1.16008;391;0
2025.07.17 19:30;1.16003;1.16011;1.15859;1.15866;397;0
2025.07.17 19:40;1.15861;1.15899;1.15841;1.15881;439;0
2025.07.17 19:50;1.15875;1.15875;1.15834;1.15862;525;0
2025.07.17 20:00;1.15860;1.15902;1.15845;1.15897;440;0
2025.07.17 20:10;1.15896;1.15905;1.15886;1.15899;307;0
2025.07.17 20:20;1.15900;1.15903;1.15864;1.15870;358;0
2025.07.17 20:30;1.15870;1.15889;1.15845;1.15849;331;0
2025.07.17 20:40;1.15849;1.15855;1.15830;1.15845;277;0
2025.07.17 20:50;1.15844;1.15869;1.15822;1.15849;319;0
2025.07.17 21:00;1.15849;1.15879;1.15829;1.15870;376;0
2025.07.17 21:10;1.15870;1.15878;1.15838;1.15838;286;0
2025.07.17 21:20;1.15837;1.15845;1.15797;1.15836;338;0
2025.07.17 21:30;1.15835;1.15880;1.15828;1.15878;183;0
2025.07.17 21:40;1.15877;1.15879;1.15836;1.15844;255;0
2025.07.17 21:50;1.15844;1.15852;1.15818;1.15844;314;0
2025.07.17 22:00;1.15843;1.15905;1.15842;1.15904;258;0
2025.07.17 22:10;1.15907;1.15967;1.15906;1.15957;272;0
2025.07.17 22:20;1.15956;1.15956;1.15932;1.15944;320;0
2025.07.17 22:30;1.15944;1.15986;1.15936;1.15976;306;0
2025.07.17 22:40;1.15976;1.15987;1.15964;1.15976;191;0
2025.07.17 22:50;1.15976;1.15998;1.15973;1.15976;338;0
2025.07.17 23:00;1.15975;1.16003;1.15970;1.15973;267;0
2025.07.17 23:10;1.15973;1.15978;1.15964;1.15976;222;0
2025.07.17 23:20;1.15975;1.15977;1.15945;1.15956;254;0
2025.07.17 23:30;1.15956;1.15963;1.15941;1.15963;180;0
2025.07.17 23:40;1.15960;1.15977;1.15956;1.15959;191;5
2025.07.17 23:50;1.15960;1.15977;1.15948;1.15975;182;5
2025.07.18 00:00;1.15951;1.15951;1.15876;1.15936;19;30
2025.07.18 00:10;1.15936;1.15957;1.15936;1.15955;37;24
2025.07.18 00:20;1.15956;1.15972;1.15938;1.15971;71;24
2025.07.18 00:30;1.15972;1.15982;1.15953;1.15969;131;24
2025.07.18 00:40;1.15969;1.15969;1.15957;1.15961;60;24
2025.07.18 00:50;1.15961;1.15964;1.15953;1.15963;118;24
2025.07.18 01:00;1.15964;1.16015;1.15958;1.16015;238;0
2025.07.18 01:10;1.16015;1.16015;1.16001;1.16009;134;0
2025.07.18 01:20;1.16009;1.16034;1.16001;1.16031;158;0
2025.07.18 01:30;1.16032;1.16151;1.16032;1.16143;331;0
2025.07.18 01:40;1.16144;1.16191;1.16129;1.16175;310;0
2025.07.18 01:50;1.16177;1.16191;1.16158;1.16165;201;0
2025.07.18 02:00;1.16171;1.16188;1.16148;1.16182;248;0
2025.07.18 02:10;1.16182;1.16186;1.16155;1.16177;163;0
2025.07.18 02:20;1.16176;1.16177;1.16158;1.16174;202;0
2025.07.18 02:30;1.16174;1.16197;1.16174;1.16188;156;0
2025.07.18 02:40;1.16187;1.16193;1.16162;1.16168;234;0
2025.07.18 02:50;1.16165;1.16168;1.16143;1.16149;252;0
2025.07.18 03:00;1.16151;1.16210;1.16141;1.16190;529;0
2025.07.18 03:10;1.16190;1.16223;1.16185;1.16217;328;0
2025.07.18 03:20;1.16216;1.16247;1.16201;1.16211;342;0
2025.07.18 03:30;1.16210;1.16263;1.16209;1.16255;352;0
2025.07.18 03:40;1.16256;1.16278;1.16231;1.16244;414;0
2025.07.18 03:50;1.16246;1.16260;1.16207;1.16246;623;0
2025.07.18 04:00;1.16247;1.16274;1.16231;1.16245;483;0
2025.07.18 04:10;1.16244;1.16254;1.16206;1.16228;397;0
2025.07.18 04:20;1.16228;1.16250;1.16208;1.16212;349;0
2025.07.18 04:30;1.16212;1.16237;1.16199;1.16228;318;0
2025.07.18 04:40;1.16229;1.16340;1.16222;1.16334;325;0
2025.07.18 04:50;1.16335;1.16344;1.16282;1.16287;387;0
2025.07.18 05:00;1.16286;1.16299;1.16239;1.16250;454;0
2025.07.18 05:10;1.16249;1.16282;1.16244;1.16281;331;0
2025.07.18 05:20;1.16281;1.16292;1.16259;1.16287;293;0
2025.07.18 05:30;1.16284;1.16296;1.16267;1.16282;297;0
2025.07.18 05:40;1.16283;1.16300;1.16267;1.16289;313;0
2025.07.18 05:50;1.16289;1.16312;1.16286;1.16293;370;0
2025.07.18 06:00;1.16291;1.16307;1.16272;1.16289;302;0
2025.07.18 06:10;1.16289;1.16306;1.16266;1.16273;271;0
2025.07.18 06:20;1.16274;1.16281;1.16260;1.16273;367;0
2025.07.18 06:30;1.16273;1.16318;1.16263;1.16269;349;0
2025.07.18 06:40;1.16269;1.16272;1.16251;1.16258;336;0
2025.07.18 06:50;1.16258;1.16259;1.16218;1.16238;419;0
2025.07.18 07:00;1.16239;1.16240;1.16202;1.16206;330;0
2025.07.18 07:10;1.16206;1.16220;1.16192;1.16200;246;0
2025.07.18 07:20;1.16207;1.16215;1.16191;1.16197;182;0
2025.07.18 07:30;1.16197;1.16199;1.16183;1.16193;167;0
2025.07.18 07:40;1.16193;1.16208;1.16180;1.16207;218;0
2025.07.18 07:50;1.16210;1.16223;1.16190;1.16193;297;0
2025.07.18 08:00;1.16190;1.16206;1.16177;1.16203;266;0
2025.07.18 08:10;1.16202;1.16205;1.16161;1.16164;336;0
2025.07.18 08:20;1.16164;1.16169;1.16145;1.16149;323;0
2025.07.18 08:30;1.16149;1.16153;1.16121;1.16131;291;0
2025.07.18 08:40;1.16132;1.16196;1.16123;1.16190;336;0
2025.07.18 08:50;1.16190;1.16198;1.16162;1.16172;292;0
2025.07.18 09:00;1.16173;1.16181;1.16118;1.16139;456;0
2025.07.18 09:10;1.16139;1.16181;1.16133;1.16178;347;0
2025.07.18 09:20;1.16177;1.16198;1.16138;1.16147;373;0
2025.07.18 09:30;1.16147;1.16220;1.16147;1.16187;385;0
2025.07.18 09:40;1.16187;1.16199;1.16163;1.16185;358;0
2025.07.18 09:50;1.16182;1.16225;1.16171;1.16203;513;0
2025.07.18 10:00;1.16207;1.16312;1.16207;1.16284;530;0
2025.07.18 10:10;1.16283;1.16285;1.16226;1.16237;386;0
2025.07.18 10:20;1.16237;1.16250;1.16199;1.16244;367;0
2025.07.18 10:30;1.16242;1.16274;1.16235;1.16263;364;0
2025.07.18 10:40;1.16264;1.16275;1.16216;1.16232;393;0
2025.07.18 10:50;1.16232;1.16291;1.16215;1.16290;398;0
2025.07.18 11:00;1.16288;1.16390;1.16281;1.16377;551;0
2025.07.18 11:10;1.16375;1.16395;1.16355;1.16377;386;0
2025.07.18 11:20;1.16372;1.16408;1.16349;1.16391;400;0
2025.07.18 11:30;1.16390;1.16441;1.16389;1.16420;492;0
2025.07.18 11:40;1.16420;1.16456;1.16393;1.16438;403;0
2025.07.18 11:50;1.16439;1.16439;1.16348;1.16357;442;0
2025.07.18 12:00;1.16355;1.16411;1.16345;1.16398;463;0
2025.07.18 12:10;1.16397;1.16432;1.16380;1.16388;423;0
2025.07.18 12:20;1.16389;1.16406;1.16364;1.16387;423;0
2025.07.18 12:30;1.16386;1.16394;1.16356;1.16384;350;0
2025.07.18 12:40;1.16384;1.16392;1.16345;1.16350;333;0
2025.07.18 12:50;1.16347;1.16349;1.16332;1.16334;316;0
2025.07.18 13:00;1.16334;1.16356;1.16321;1.16340;413;0
2025.07.18 13:10;1.16342;1.16390;1.16332;1.16368;342;0
2025.07.18 13:20;1.16368;1.16372;1.16330;1.16370;323;0
2025.07.18 13:30;1.16370;1.16405;1.16369;1.16402;314;0
2025.07.18 13:40;1.16402;1.16418;1.16391;1.16402;303;0
2025.07.18 13:50;1.16402;1.16421;1.16353;1.16400;384;0
2025.07.18 14:00;1.16401;1.16460;1.16395;1.16454;360;0
